horodatage,temps_s,AIN0,AIN1,AIN2,AIN3,courant,position,trigger
2026-07-02 16:39:20.447643,0.000005,-3.013416,1.415299,-0.002971,1.418524,-0.002971,-3.013416,0
2026-07-02 16:39:20.456175,0.003548,-3.013416,1.415299,-0.002971,1.418524,-0.002971,-3.013416,0
2026-07-02 16:39:20.462520,0.009071,-3.013416,1.415299,-0.002971,1.413342,-0.002971,-3.013416,0
2026-07-02 16:39:20.470978,0.015363,-3.013416,1.415299,-0.002971,1.413342,-0.002971,-3.013416,0
2026-07-02 16:39:20.475249,0.025262,-3.013416,1.415299,-0.002971,1.413342,-0.002971,-3.013416,0
2026-07-02 16:39:20.481808,0.028127,-3.008235,1.415299,-0.002971,1.413342,-0.002971,-3.008235,0
2026-07-02 16:39:20.485373,0.034632,-3.013416,1.415299,-0.002971,1.418524,-0.002971,-3.013416,0
2026-07-02 16:39:20.490054,0.038918,-3.013416,1.415299,-0.002971,1.413342,-0.002971,-3.013416,0
2026-07-02 16:39:20.490054,0.043023,-3.013416,1.415299,-0.002971,1.418524,-0.002971,-3.013416,0
2026-07-02 16:39:20.495318,0.045954,-3.013416,1.415299,-0.002971,1.418524,-0.002971,-3.013416,0
2026-07-02 16:39:20.495318,0.048956,-3.013416,1.415299,-0.002971,1.418524,-0.002971,-3.013416,0
2026-07-02 16:39:20.495318,0.051667,-3.013416,1.415299,-0.002971,1.413342,-0.002971,-3.013416,0
2026-07-02 16:39:20.503806,0.054206,-3.013416,1.415299,-0.002971,1.413342,-0.002971,-3.013416,0
2026-07-02 16:39:20.503806,0.056756,-3.013416,1.415299,-0.002971,1.413342,-0.002971,-3.013416,0
2026-07-02 16:39:20.503806,0.059238,-3.013416,1.415299,-0.002971,1.413342,-0.002971,-3.013416,0
2026-07-02 16:39:20.503806,0.061906,-3.013416,1.415299,-0.002971,1.418524,-0.002971,-3.013416,0
2026-07-02 16:39:20.513617,0.064759,-3.013416,1.415299,-0.002971,1.418524,-0.002971,-3.013416,0
2026-07-02 16:39:20.513617,0.067112,-3.013416,1.415299,-0.002971,1.418524,-0.002971,-3.013416,0
2026-07-02 16:39:20.513617,0.069639,-3.013416,1.415299,-0.002971,1.418524,-0.002971,-3.013416,0
2026-07-02 16:39:20.523770,0.072076,-3.013416,1.415299,-0.002971,1.418524,-0.002971,-3.013416,0
2026-07-02 16:39:20.560114,0.076763,-3.008235,1.415299,-0.002971,1.413342,-0.002971,-3.008235,0
2026-07-02 16:39:20.570184,0.119009,-3.013416,1.415299,-0.002971,1.413342,-0.002971,-3.013416,0
2026-07-02 16:39:20.570184,0.124011,-3.013416,1.415299,-0.002971,1.413342,-0.002971,-3.013416,0
2026-07-02 16:39:20.580214,0.131296,-3.013416,1.415299,-0.008152,1.418524,-0.008152,-3.013416,0
2026-07-02 16:39:20.580214,0.133626,-3.013416,1.415299,-0.002971,1.413342,-0.002971,-3.013416,0
2026-07-02 16:39:20.590242,0.139659,-3.013416,1.415299,-0.002971,1.418524,-0.002971,-3.013416,0
2026-07-02 16:39:20.590242,0.143254,-3.013416,1.415299,-0.002971,1.413342,-0.002971,-3.013416,0
2026-07-02 16:39:20.600380,0.148213,-3.013416,1.415299,-0.002971,1.413342,-0.002971,-3.013416,0
2026-07-02 16:39:20.671888,0.153478,-3.013416,1.415299,-0.002971,1.418524,-0.002971,-3.013416,0
2026-07-02 16:39:20.675318,0.225284,-3.013416,1.415299,-0.002971,1.413342,-0.002971,-3.013416,0
2026-07-02 16:39:20.678762,0.228609,-3.013416,1.415299,-0.002971,1.413342,-0.002971,-3.013416,0
2026-07-02 16:39:20.738052,0.232331,-3.013416,1.415299,-0.002971,1.413342,-0.002971,-3.013416,0
2026-07-02 16:39:20.740067,0.290892,-3.013416,1.415299,-0.008152,1.413342,-0.008152,-3.013416,0
2026-07-02 16:39:20.742083,0.293350,-3.013416,1.415299,-0.002971,1.413342,-0.002971,-3.013416,0
2026-07-02 16:39:20.747274,0.295575,-3.013416,1.415299,-0.002971,1.413342,-0.002971,-3.013416,0
2026-07-02 16:39:20.749286,0.300255,-3.013416,1.415299,-0.002971,1.413342,-0.002971,-3.013416,0
2026-07-02 16:39:20.755322,0.303095,-3.013416,1.415299,-0.002971,1.413342,-0.002971,-3.013416,0
2026-07-02 16:39:20.757333,0.308695,-3.013416,1.415299,-0.002971,1.413342,-0.002971,-3.013416,0
2026-07-02 16:39:20.763460,0.311628,-3.013416,1.415299,-0.002971,1.418524,-0.002971,-3.013416,0
2026-07-02 16:39:20.769215,0.317313,-3.013416,1.415299,-0.002971,1.413342,-0.002971,-3.013416,0
2026-07-02 16:39:20.770659,0.323039,-3.013416,1.415299,-0.002971,1.413342,-0.002971,-3.013416,0
2026-07-02 16:39:20.774453,0.325248,-3.013416,1.415299,-0.002971,1.418524,-0.002971,-3.013416,0
2026-07-02 16:39:20.776462,0.327444,-3.013416,1.415299,-0.002971,1.413342,-0.002971,-3.013416,0
2026-07-02 16:39:20.778977,0.329638,-3.013416,1.415299,-0.002971,1.413342,-0.002971,-3.013416,0
2026-07-02 16:39:20.780984,0.331856,-3.013416,1.415299,-0.002971,1.418524,-0.002971,-3.013416,0
2026-07-02 16:39:20.782990,0.334152,-3.013416,1.415299,-0.008152,1.418524,-0.008152,-3.013416,0
2026-07-02 16:39:20.783996,0.336293,-3.013416,1.415299,-0.002971,1.413342,-0.002971,-3.013416,0
2026-07-02 16:39:20.788022,0.338497,-3.013416,1.415299,-0.002971,1.413342,-0.002971,-3.013416,0
2026-07-02 16:39:20.790031,0.340742,-3.013416,1.415299,-0.008152,1.413342,-0.008152,-3.013416,0
2026-07-02 16:39:20.792044,0.343027,-3.013416,1.415299,-0.002971,1.418524,-0.002971,-3.013416,0
2026-07-02 16:39:20.794052,0.345224,-3.013416,1.415299,-0.002971,1.413342,-0.002971,-3.013416,0
2026-07-02 16:39:20.795353,0.347545,-3.013416,1.415299,-0.002971,1.413342,-0.002971,-3.013416,0
2026-07-02 16:39:20.797361,0.349786,-3.013416,1.415299,-0.002971,1.413342,-0.002971,-3.013416,0
2026-07-02 16:39:20.801374,0.351996,-3.013416,1.415299,-0.002971,1.413342,-0.002971,-3.013416,0
2026-07-02 16:39:20.803383,0.354220,-3.013416,1.415299,-0.002971,1.418524,-0.002971,-3.013416,0
2026-07-02 16:39:20.804952,0.356517,-3.013416,1.415299,-0.002971,1.413342,-0.002971,-3.013416,0
2026-07-02 16:39:20.806959,0.358748,-3.013416,1.415299,-0.002971,1.413342,-0.002971,-3.013416,0
2026-07-02 16:39:20.808969,0.360923,-3.013416,1.415299,-0.002971,1.413342,-0.002971,-3.013416,0
2026-07-02 16:39:20.812354,0.363094,-3.013416,1.415299,-0.002971,1.418524,-0.002971,-3.013416,0
2026-07-02 16:39:20.815010,0.365338,-3.013416,1.415299,-0.002971,1.418524,-0.002971,-3.013416,0
2026-07-02 16:39:20.817021,0.367733,-3.013416,1.415299,-0.002971,1.413342,-0.002971,-3.013416,0
2026-07-02 16:39:20.819028,0.369928,-3.013416,1.415299,-0.008152,1.413342,-0.008152,-3.013416,0
2026-07-02 16:39:20.821543,0.372092,-3.013416,1.415299,-0.008152,1.418524,-0.008152,-3.013416,0
2026-07-02 16:39:20.823553,0.374313,-3.013416,1.415299,-0.008152,1.413342,-0.008152,-3.013416,0
2026-07-02 16:39:20.827083,0.376706,-3.013416,1.415299,-0.008152,1.418524,-0.008152,-3.013416,0
2026-07-02 16:39:20.830738,0.381588,-3.013416,1.415299,-0.002971,1.413342,-0.002971,-3.013416,0
2026-07-02 16:39:20.830738,0.384027,-3.013416,1.415299,-0.002971,1.413342,-0.002971,-3.013416,0
2026-07-02 16:39:20.834887,0.386444,-3.013416,1.415299,-0.008152,1.418524,-0.008152,-3.013416,0
2026-07-02 16:39:20.837571,0.388828,-3.013416,1.415299,-0.002971,1.413342,-0.002971,-3.013416,0
2026-07-02 16:39:20.837571,0.391176,-3.013416,1.415299,-0.002971,1.413342,-0.002971,-3.013416,0
2026-07-02 16:39:20.837571,0.393563,-3.013416,1.415299,-0.002971,1.413342,-0.002971,-3.013416,0
2026-07-02 16:39:20.846304,0.396483,-3.013416,1.415299,-0.002971,1.413342,-0.002971,-3.013416,0
2026-07-02 16:39:20.850310,0.399196,-3.013416,1.415299,-0.002971,1.413342,-0.002971,-3.013416,0
2026-07-02 16:39:20.853512,0.403516,-3.013416,1.415299,-0.002971,1.413342,-0.002971,-3.013416,0
2026-07-02 16:39:20.853512,0.407104,-3.013416,1.415299,-0.002971,1.418524,-0.002971,-3.013416,0
2026-07-02 16:39:20.853512,0.409357,-3.008235,1.415299,-0.002971,1.413342,-0.002971,-3.008235,0
2026-07-02 16:39:20.861729,0.411608,-3.013416,1.415299,-0.002971,1.418524,-0.002971,-3.013416,0
2026-07-02 16:39:20.864148,0.414989,-3.013416,1.415299,-0.002971,1.413342,-0.002971,-3.013416,0
2026-07-02 16:39:20.864148,0.417281,-3.013416,1.415299,-0.002971,1.413342,-0.002971,-3.013416,0
2026-07-02 16:39:20.864148,0.419636,-3.013416,1.415299,-0.002971,1.413342,-0.002971,-3.013416,0
2026-07-02 16:39:20.864148,0.422096,-3.013416,1.415299,-0.002971,1.418524,-0.002971,-3.013416,0
2026-07-02 16:39:20.875625,0.424546,-3.013416,1.415299,-0.008152,1.418524,-0.008152,-3.013416,0
2026-07-02 16:39:20.880537,0.429925,-3.013416,1.415299,-0.002971,1.418524,-0.002971,-3.013416,0
2026-07-02 16:39:20.883627,0.434272,-3.013416,1.415299,-0.002971,1.413342,-0.002971,-3.013416,0
2026-07-02 16:39:20.883627,0.437191,-3.013416,1.415299,-0.002971,1.413342,-0.002971,-3.013416,0
2026-07-02 16:39:20.883627,0.440255,-3.013416,1.415299,-0.002971,1.413342,-0.002971,-3.013416,0
2026-07-02 16:39:20.883627,0.443407,-3.013416,1.415299,-0.002971,1.413342,-0.002971,-3.013416,0
2026-07-02 16:39:20.893793,0.445852,-3.013416,1.415299,-0.002971,1.413342,-0.002971,-3.013416,0
2026-07-02 16:39:20.893793,0.448319,-3.013416,1.415299,-0.002971,1.413342,-0.002971,-3.013416,0
2026-07-02 16:39:20.893793,0.450669,-3.013416,1.415299,-0.002971,1.413342,-0.002971,-3.013416,0
2026-07-02 16:39:20.893793,0.453771,-3.013416,1.415299,-0.002971,1.418524,-0.002971,-3.013416,0
2026-07-02 16:39:20.904327,0.456535,-3.013416,1.415299,-0.002971,1.413342,-0.002971,-3.013416,0
2026-07-02 16:39:20.904327,0.458906,-3.013416,1.415299,-0.002971,1.413342,-0.002971,-3.013416,0
2026-07-02 16:39:20.904327,0.461473,-3.013416,1.415299,-0.008152,1.418524,-0.008152,-3.013416,0
2026-07-02 16:39:20.904327,0.463930,-3.013416,1.415299,-0.002971,1.413342,-0.002971,-3.013416,0
2026-07-02 16:39:20.914539,0.466388,-3.013416,1.415299,-0.002971,1.418524,-0.002971,-3.013416,0
2026-07-02 16:39:20.914539,0.468676,-3.013416,1.415299,-0.002971,1.413342,-0.002971,-3.013416,0
2026-07-02 16:39:20.914539,0.471138,-3.013416,1.415299,-0.002971,1.413342,-0.002971,-3.013416,0
2026-07-02 16:39:20.914539,0.473495,-3.013416,1.415299,-0.002971,1.418524,-0.002971,-3.013416,0
2026-07-02 16:39:20.925035,0.475811,-3.013416,1.415299,-0.008152,1.413342,-0.008152,-3.013416,0
2026-07-02 16:39:20.925035,0.478207,-3.013416,1.415299,-0.002971,1.418524,-0.002971,-3.013416,0
2026-07-02 16:39:20.930099,0.481013,-3.013416,1.415299,-0.008152,1.413342,-0.008152,-3.013416,0
2026-07-02 16:39:20.930099,0.483598,-3.013416,1.415299,-0.002971,1.413342,-0.002971,-3.013416,0
2026-07-02 16:39:20.935133,0.485899,-3.013416,1.415299,-0.002971,1.413342,-0.002971,-3.013416,0
2026-07-02 16:39:20.935133,0.488264,-3.013416,1.415299,-0.002971,1.418524,-0.002971,-3.013416,0
2026-07-02 16:39:20.935133,0.490611,-3.013416,1.415299,-0.002971,1.413342,-0.002971,-3.013416,0
2026-07-02 16:39:20.935133,0.493188,-3.013416,1.415299,-0.002971,1.413342,-0.002971,-3.013416,0
2026-07-02 16:39:20.935133,0.495543,-3.013416,1.415299,-0.008152,1.418524,-0.008152,-3.013416,0
2026-07-02 16:39:20.945592,0.497871,-3.013416,1.415299,-0.002971,1.413342,-0.002971,-3.013416,0
2026-07-02 16:39:20.948728,0.500150,-3.013416,1.415299,-0.002971,1.413342,-0.002971,-3.013416,0
2026-07-02 16:39:20.948728,0.502496,-3.013416,1.415299,-0.002971,1.418524,-0.002971,-3.013416,0
2026-07-02 16:39:20.948728,0.504846,-3.013416,1.415299,-0.002971,1.413342,-0.002971,-3.013416,0
2026-07-02 16:39:20.955824,0.507215,-3.008235,1.415299,-0.008152,1.413342,-0.008152,-3.008235,0
2026-07-02 16:39:20.955824,0.509712,-3.013416,1.415299,-0.002971,1.413342,-0.002971,-3.013416,0
2026-07-02 16:39:20.955824,0.512083,-3.013416,1.415299,-0.008152,1.413342,-0.008152,-3.013416,0
2026-07-02 16:39:20.955824,0.514899,-3.013416,1.415299,-0.002971,1.413342,-0.002971,-3.013416,0
2026-07-02 16:39:20.965921,0.517286,-3.013416,1.415299,-0.002971,1.413342,-0.002971,-3.013416,0
2026-07-02 16:39:20.965921,0.519678,-3.013416,1.415299,-0.002971,1.413342,-0.002971,-3.013416,0
2026-07-02 16:39:20.965921,0.522067,-3.008235,1.415299,-0.002971,1.413342,-0.002971,-3.008235,0
2026-07-02 16:39:20.965921,0.524416,-3.013416,1.415299,-0.002971,1.413342,-0.002971,-3.013416,0
2026-07-02 16:39:20.975994,0.526765,-3.013416,1.415299,-0.002971,1.413342,-0.002971,-3.013416,0
2026-07-02 16:39:20.982920,0.529045,-3.013416,1.415299,-0.002971,1.413342,-0.002971,-3.013416,0
2026-07-02 16:39:20.988447,0.537555,-3.013416,1.415299,-0.002971,1.413342,-0.002971,-3.013416,0
2026-07-02 16:39:20.990455,0.542005,-3.013416,1.415299,-0.002971,1.418524,-0.002971,-3.013416,0
2026-07-02 16:39:20.992466,0.544373,-3.013416,1.415299,-0.002971,1.413342,-0.002971,-3.013416,0
2026-07-02 16:39:20.994475,0.546626,-3.013416,1.415299,-0.002971,1.418524,-0.002971,-3.013416,0
2026-07-02 16:39:20.998499,0.548931,-3.013416,1.415299,-0.002971,1.413342,-0.002971,-3.013416,0
2026-07-02 16:39:21.000509,0.551289,-3.008235,1.415299,-0.002971,1.413342,-0.002971,-3.008235,0
2026-07-02 16:39:21.002514,0.553496,-3.008235,1.415299,-0.002971,1.413342,-0.002971,-3.008235,0
2026-07-02 16:39:21.005310,0.556878,-3.013416,1.415299,-0.002971,1.413342,-0.002971,-3.013416,0
2026-07-02 16:39:21.019076,0.559334,-3.013416,1.415299,-0.002971,1.413342,-0.002971,-3.013416,0
2026-07-02 16:39:21.021091,0.573748,-3.013416,1.415299,-0.002971,1.413342,-0.002971,-3.013416,0
2026-07-02 16:39:21.021091,0.576385,-3.013416,1.415299,-0.002971,1.418524,-0.002971,-3.013416,0
2026-07-02 16:39:21.027354,0.579071,-3.013416,1.415299,-0.002971,1.413342,-0.002971,-3.013416,0
2026-07-02 16:39:21.030376,0.582168,-3.013416,1.415299,-0.002971,1.413342,-0.002971,-3.013416,0
2026-07-02 16:39:21.034870,0.585193,-3.013416,1.415299,-0.002971,1.413342,-0.002971,-3.013416,0
2026-07-02 16:39:21.039542,0.588846,-3.013416,1.415299,-0.002971,1.413342,-0.002971,-3.013416,0
2026-07-02 16:39:21.041549,0.592735,-3.013416,1.415299,-0.002971,1.413342,-0.002971,-3.013416,0
2026-07-02 16:39:21.044056,0.594974,-3.013416,1.415299,-0.002971,1.418524,-0.002971,-3.013416,0
2026-07-02 16:39:21.046597,0.598162,-3.013416,1.415299,-0.002971,1.413342,-0.002971,-3.013416,0
2026-07-02 16:39:21.048987,0.600567,-3.013416,1.415299,-0.002971,1.413342,-0.002971,-3.013416,0
2026-07-02 16:39:21.051387,0.602834,-3.013416,1.415299,-0.002971,1.413342,-0.002971,-3.013416,0
2026-07-02 16:39:21.053400,0.605052,-3.013416,1.415299,-0.002971,1.413342,-0.002971,-3.013416,0
2026-07-02 16:39:21.062773,0.607360,-3.013416,1.415299,-0.002971,1.418524,-0.002971,-3.013416,0
2026-07-02 16:39:21.062773,0.615890,-3.008235,1.415299,-0.002971,1.413342,-0.002971,-3.008235,0
2026-07-02 16:39:21.067062,0.618367,-3.013416,1.415299,-0.002971,1.413342,-0.002971,-3.013416,0
2026-07-02 16:39:21.067062,0.620831,-3.013416,1.415299,-0.002971,1.418524,-0.002971,-3.013416,0
2026-07-02 16:39:21.067062,0.623378,-3.013416,1.415299,-0.008152,1.413342,-0.008152,-3.013416,0
2026-07-02 16:39:21.067062,0.625777,-3.013416,1.415299,-0.002971,1.413342,-0.002971,-3.013416,0
2026-07-02 16:39:21.077131,0.628192,-3.013416,1.415299,-0.002971,1.413342,-0.002971,-3.013416,0
2026-07-02 16:39:21.077131,0.630583,-3.013416,1.415299,-0.008152,1.413342,-0.008152,-3.013416,0
2026-07-02 16:39:21.077131,0.633191,-3.013416,1.415299,-0.002971,1.413342,-0.002971,-3.013416,0
2026-07-02 16:39:21.077131,0.635641,-3.013416,1.415299,-0.002971,1.418524,-0.002971,-3.013416,0
2026-07-02 16:39:21.087615,0.638006,-3.013416,1.415299,-0.002971,1.413342,-0.002971,-3.013416,0
2026-07-02 16:39:21.087615,0.640551,-3.013416,1.415299,-0.002971,1.418524,-0.002971,-3.013416,0
2026-07-02 16:39:21.087615,0.643018,-3.013416,1.415299,-0.002971,1.413342,-0.002971,-3.013416,0
2026-07-02 16:39:21.087615,0.645407,-3.013416,1.415299,-0.002971,1.413342,-0.002971,-3.013416,0
2026-07-02 16:39:21.087615,0.648132,-3.013416,1.415299,-0.002971,1.418524,-0.002971,-3.013416,0
2026-07-02 16:39:21.097927,0.650509,-3.013416,1.415299,-0.002971,1.413342,-0.002971,-3.013416,0
2026-07-02 16:39:21.097927,0.652930,-3.013416,1.415299,-0.008152,1.413342,-0.008152,-3.013416,0
2026-07-02 16:39:21.097927,0.655188,-3.013416,1.415299,-0.002971,1.413342,-0.002971,-3.013416,0
2026-07-02 16:39:21.097927,0.657461,-3.013416,1.415299,-0.002971,1.413342,-0.002971,-3.013416,0
2026-07-02 16:39:21.108419,0.659790,-3.013416,1.415299,-0.002971,1.413342,-0.002971,-3.013416,0
2026-07-02 16:39:21.108419,0.662194,-3.013416,1.415299,-0.002971,1.418524,-0.002971,-3.013416,0
2026-07-02 16:39:21.108419,0.664940,-3.013416,1.415299,-0.002971,1.413342,-0.002971,-3.013416,0
2026-07-02 16:39:21.108419,0.667328,-3.013416,1.415299,-0.002971,1.418524,-0.002971,-3.013416,0
2026-07-02 16:39:21.118491,0.669687,-3.008235,1.415299,-0.002971,1.413342,-0.002971,-3.008235,0
2026-07-02 16:39:21.118491,0.672179,-3.013416,1.415299,-0.002971,1.418524,-0.002971,-3.013416,0
2026-07-02 16:39:21.118491,0.674854,-3.013416,1.415299,-0.002971,1.413342,-0.002971,-3.013416,0
2026-07-02 16:39:21.118491,0.677140,-3.013416,1.415299,-0.002971,1.413342,-0.002971,-3.013416,0
2026-07-02 16:39:21.128867,0.679392,-3.013416,1.415299,-0.002971,1.418524,-0.002971,-3.013416,0
2026-07-02 16:39:21.130380,0.681808,-3.013416,1.415299,-0.002971,1.418524,-0.002971,-3.013416,0
2026-07-02 16:39:21.130380,0.684166,-3.013416,1.415299,-0.002971,1.413342,-0.002971,-3.013416,0
2026-07-02 16:39:21.130380,0.686524,-3.013416,1.415299,-0.002971,1.413342,-0.002971,-3.013416,0
2026-07-02 16:39:21.130380,0.688899,-3.013416,1.415299,-0.002971,1.413342,-0.002971,-3.013416,0
2026-07-02 16:39:21.138909,0.691262,-3.013416,1.415299,-0.008152,1.413342,-0.008152,-3.013416,0
2026-07-02 16:39:21.138909,0.693629,-3.013416,1.415299,-0.002971,1.413342,-0.002971,-3.013416,0
2026-07-02 16:39:21.138909,0.695990,-3.013416,1.415299,-0.008152,1.413342,-0.008152,-3.013416,0
2026-07-02 16:39:21.138909,0.698402,-3.013416,1.415299,-0.002971,1.418524,-0.002971,-3.013416,0
2026-07-02 16:39:21.149498,0.700823,-3.013416,1.415299,-0.002971,1.413342,-0.002971,-3.013416,0
2026-07-02 16:39:21.151157,0.703132,-3.013416,1.415299,-0.002971,1.413342,-0.002971,-3.013416,0
2026-07-02 16:39:21.151157,0.705360,-3.013416,1.415299,-0.002971,1.418524,-0.002971,-3.013416,0
2026-07-02 16:39:21.157211,0.707826,-3.013416,1.415299,-0.002971,1.418524,-0.002971,-3.013416,0
2026-07-02 16:39:21.159351,0.710203,-3.008235,1.415299,-0.002971,1.413342,-0.002971,-3.008235,0
2026-07-02 16:39:21.161012,0.712444,-3.013416,1.415299,-0.002971,1.413342,-0.002971,-3.013416,0
2026-07-02 16:39:21.162343,0.714857,-3.013416,1.415299,-0.002971,1.413342,-0.002971,-3.013416,0
2026-07-02 16:39:21.166369,0.717011,-3.013416,1.415299,-0.002971,1.413342,-0.002971,-3.013416,0
2026-07-02 16:39:21.167382,0.719146,-3.013416,1.415299,-0.002971,1.413342,-0.002971,-3.013416,0
2026-07-02 16:39:21.169431,0.721534,-3.013416,1.415299,-0.002971,1.418524,-0.002971,-3.013416,0
2026-07-02 16:39:21.169431,0.723802,-3.013416,1.415299,-0.008152,1.413342,-0.008152,-3.013416,0
2026-07-02 16:39:21.169431,0.726014,-3.013416,1.415299,-0.002971,1.413342,-0.002971,-3.013416,0
2026-07-02 16:39:21.177135,0.728238,-3.013416,1.415299,-0.008152,1.418524,-0.008152,-3.013416,0
2026-07-02 16:39:21.179848,0.730444,-3.013416,1.415299,-0.002971,1.413342,-0.002971,-3.013416,0
2026-07-02 16:39:21.179848,0.732748,-3.013416,1.415299,-0.002971,1.413342,-0.002971,-3.013416,0
2026-07-02 16:39:21.179848,0.734997,-3.013416,1.415299,-0.002971,1.413342,-0.002971,-3.013416,0
2026-07-02 16:39:21.179848,0.737234,-3.013416,1.415299,-0.002971,1.418524,-0.002971,-3.013416,0
2026-07-02 16:39:21.189415,0.739657,-3.013416,1.415299,-0.002971,1.413342,-0.002971,-3.013416,0
2026-07-02 16:39:21.189415,0.742268,-3.013416,1.415299,-0.002971,1.413342,-0.002971,-3.013416,0
2026-07-02 16:39:21.189415,0.744591,-3.013416,1.415299,-0.002971,1.418524,-0.002971,-3.013416,0
2026-07-02 16:39:21.189415,0.746864,-3.013416,1.415299,-0.008152,1.413342,-0.008152,-3.013416,0
2026-07-02 16:39:21.197023,0.749190,-3.013416,1.415299,-0.002971,1.413342,-0.002971,-3.013416,0
2026-07-02 16:39:21.199575,0.751458,-3.013416,1.415299,-0.002971,1.418524,-0.002971,-3.013416,0
2026-07-02 16:39:21.202304,0.753721,-3.013416,1.415299,-0.002971,1.413342,-0.002971,-3.013416,0
2026-07-02 16:39:21.202304,0.756564,-3.013416,1.415299,-0.002971,1.413342,-0.002971,-3.013416,0
2026-07-02 16:39:21.206923,0.758961,-3.013416,1.415299,-0.002971,1.413342,-0.002971,-3.013416,0
2026-07-02 16:39:21.209970,0.761416,-3.013416,1.415299,-0.002971,1.418524,-0.002971,-3.013416,0
2026-07-02 16:39:21.213005,0.763853,-3.013416,1.415299,-0.002971,1.413342,-0.002971,-3.013416,0
2026-07-02 16:39:21.213005,0.766274,-3.013416,1.415299,-0.002971,1.413342,-0.002971,-3.013416,0
2026-07-02 16:39:21.217165,0.768758,-3.013416,1.415299,-0.002971,1.413342,-0.002971,-3.013416,0
2026-07-02 16:39:21.220216,0.771244,-3.013416,1.415299,-0.002971,1.413342,-0.002971,-3.013416,0
2026-07-02 16:39:21.220216,0.773747,-3.013416,1.415299,-0.002971,1.413342,-0.002971,-3.013416,0
2026-07-02 16:39:21.220216,0.776219,-3.013416,1.415299,-0.002971,1.413342,-0.002971,-3.013416,0
2026-07-02 16:39:21.227148,0.778695,-3.013416,1.415299,-0.002971,1.413342,-0.002971,-3.013416,0
2026-07-02 16:39:21.230611,0.781595,-3.013416,1.415299,-0.002971,1.413342,-0.002971,-3.013416,0
2026-07-02 16:39:21.230611,0.784116,-3.013416,1.415299,-0.002971,1.413342,-0.002971,-3.013416,0
2026-07-02 16:39:21.230611,0.786544,-3.013416,1.415299,-0.002971,1.413342,-0.002971,-3.013416,0
2026-07-02 16:39:21.237242,0.788941,-3.013416,1.415299,-0.002971,1.418524,-0.002971,-3.013416,0
2026-07-02 16:39:21.240688,0.791384,-3.013416,1.415299,-0.002971,1.413342,-0.002971,-3.013416,0
2026-07-02 16:39:21.240688,0.793809,-3.013416,1.415299,-0.002971,1.413342,-0.002971,-3.013416,0
2026-07-02 16:39:21.240688,0.796109,-3.013416,1.415299,-0.002971,1.413342,-0.002971,-3.013416,0
2026-07-02 16:39:21.247273,0.798391,-3.013416,1.415299,-0.002971,1.413342,-0.002971,-3.013416,0
2026-07-02 16:39:21.249867,0.800701,-3.013416,1.415299,-0.002971,1.418524,-0.002971,-3.013416,0
2026-07-02 16:39:21.250905,0.803038,-3.013416,1.415299,-0.002971,1.413342,-0.002971,-3.013416,0
2026-07-02 16:39:21.250905,0.805423,-3.013416,1.415299,-0.002971,1.413342,-0.002971,-3.013416,0
2026-07-02 16:39:21.257082,0.807802,-3.008235,1.415299,-0.002971,1.413342,-0.002971,-3.008235,0
2026-07-02 16:39:21.257082,0.810310,-3.013416,1.415299,-0.002971,1.418524,-0.002971,-3.013416,0
2026-07-02 16:39:21.263132,0.812813,-3.013416,1.415299,-0.002971,1.413342,-0.002971,-3.013416,0
2026-07-02 16:39:21.265145,0.817242,-3.013416,1.415299,-0.002971,1.418524,-0.002971,-3.013416,0
2026-07-02 16:39:21.267231,0.819476,-3.013416,1.415299,-0.002971,1.413342,-0.002971,-3.013416,0
2026-07-02 16:39:21.271265,0.821835,-3.013416,1.415299,-0.008152,1.418524,-0.008152,-3.013416,0
2026-07-02 16:39:21.271265,0.824274,-3.013416,1.415299,-0.002971,1.418524,-0.002971,-3.013416,0
2026-07-02 16:39:21.271265,0.826540,-3.013416,1.415299,-0.002971,1.413342,-0.002971,-3.013416,0
2026-07-02 16:39:21.277225,0.828778,-3.013416,1.415299,-0.002971,1.413342,-0.002971,-3.013416,0
2026-07-02 16:39:21.277225,0.831526,-3.013416,1.415299,-0.002971,1.413342,-0.002971,-3.013416,0
2026-07-02 16:39:21.283390,0.833953,-3.013416,1.415299,-0.002971,1.413342,-0.002971,-3.013416,0
2026-07-02 16:39:21.285400,0.836419,-3.013416,1.415299,-0.002971,1.413342,-0.002971,-3.013416,0
2026-07-02 16:39:21.286912,0.838635,-3.013416,1.415299,-0.002971,1.413342,-0.002971,-3.013416,0
2026-07-02 16:39:21.286912,0.840871,-3.013416,1.415299,-0.002971,1.413342,-0.002971,-3.013416,0
2026-07-02 16:39:21.294754,0.843198,-3.013416,1.415299,-0.002971,1.418524,-0.002971,-3.013416,0
2026-07-02 16:39:21.298967,0.849683,-3.013416,1.415299,-0.002971,1.413342,-0.002971,-3.013416,0
2026-07-02 16:39:21.300073,0.852012,-3.013416,1.415299,-0.002971,1.418524,-0.002971,-3.013416,0
2026-07-02 16:39:21.303854,0.854420,-3.013416,1.415299,-0.002971,1.418524,-0.002971,-3.013416,0
2026-07-02 16:39:21.305868,0.856874,-3.013416,1.415299,-0.002971,1.418524,-0.002971,-3.013416,0
2026-07-02 16:39:21.308997,0.859315,-3.013416,1.415299,-0.002971,1.413342,-0.002971,-3.013416,0
2026-07-02 16:39:21.311003,0.861724,-3.008235,1.415299,-0.002971,1.418524,-0.002971,-3.008235,0
2026-07-02 16:39:21.313609,0.864152,-3.013416,1.415299,-0.002971,1.413342,-0.002971,-3.013416,0
2026-07-02 16:39:21.313609,0.866495,-3.013416,1.415299,-0.002971,1.413342,-0.002971,-3.013416,0
2026-07-02 16:39:21.317137,0.868831,-3.013416,1.415299,-0.002971,1.413342,-0.002971,-3.013416,0
2026-07-02 16:39:21.320358,0.871258,-3.013416,1.415299,-0.002971,1.413342,-0.002971,-3.013416,0
2026-07-02 16:39:21.323168,0.873735,-3.008235,1.415299,-0.002971,1.413342,-0.002971,-3.008235,0
2026-07-02 16:39:21.325185,0.876171,-3.013416,1.415299,-0.002971,1.413342,-0.002971,-3.013416,0
2026-07-02 16:39:21.327201,0.878573,-3.008235,1.415299,-0.002971,1.413342,-0.002971,-3.008235,0
2026-07-02 16:39:21.329293,0.881338,-3.013416,1.415299,-0.002971,1.413342,-0.002971,-3.013416,0
2026-07-02 16:39:21.332657,0.883795,-3.013416,1.415299,-0.002971,1.413342,-0.002971,-3.013416,0
2026-07-02 16:39:21.333913,0.886152,-3.013416,1.415299,-0.002971,1.413342,-0.002971,-3.013416,0
2026-07-02 16:39:21.337231,0.888692,-3.013416,1.415299,-0.008152,1.418524,-0.008152,-3.013416,0
2026-07-02 16:39:21.337231,0.891053,-3.013416,1.415299,-0.002971,1.413342,-0.002971,-3.013416,0
2026-07-02 16:39:21.342263,0.893409,-3.013416,1.415299,-0.002971,1.418524,-0.002971,-3.013416,0
2026-07-02 16:39:21.342263,0.895717,-3.013416,1.415299,-0.008152,1.418524,-0.008152,-3.013416,0
2026-07-02 16:39:21.347205,0.898293,-3.013416,1.415299,-0.002971,1.418524,-0.002971,-3.013416,0
2026-07-02 16:39:21.350254,0.900794,-3.013416,1.415299,-0.002971,1.413342,-0.002971,-3.013416,0
2026-07-02 16:39:21.352295,0.903269,-3.013416,1.415299,-0.002971,1.413342,-0.002971,-3.013416,0
2026-07-02 16:39:21.352295,0.905520,-3.008235,1.415299,-0.008152,1.418524,-0.008152,-3.008235,0
2026-07-02 16:39:21.357038,0.907861,-3.013416,1.415299,-0.008152,1.418524,-0.008152,-3.013416,0
2026-07-02 16:39:21.357038,0.910287,-3.013416,1.415299,-0.008152,1.413342,-0.008152,-3.013416,0
2026-07-02 16:39:21.357038,0.912784,-3.013416,1.415299,-0.008152,1.413342,-0.008152,-3.013416,0
2026-07-02 16:39:21.362543,0.915159,-3.013416,1.415299,-0.002971,1.413342,-0.002971,-3.013416,0
2026-07-02 16:39:21.366997,0.917613,-3.013416,1.415299,-0.002971,1.413342,-0.002971,-3.013416,0
2026-07-02 16:39:21.366997,0.919802,-3.013416,1.415299,-0.002971,1.413342,-0.002971,-3.013416,0
2026-07-02 16:39:21.366997,0.922114,-3.013416,1.415299,-0.002971,1.413342,-0.002971,-3.013416,0
2026-07-02 16:39:21.372986,0.924534,-3.013416,1.415299,-0.008152,1.418524,-0.008152,-3.013416,0
2026-07-02 16:39:21.372986,0.926884,-3.013416,1.415299,-0.002971,1.413342,-0.002971,-3.013416,0
2026-07-02 16:39:21.377039,0.929179,-3.013416,1.415299,-0.008152,1.413342,-0.008152,-3.013416,0
2026-07-02 16:39:21.377039,0.931452,-3.013416,1.415299,-0.002971,1.418524,-0.002971,-3.013416,0
2026-07-02 16:39:21.384118,0.933959,-3.013416,1.415299,-0.002971,1.418524,-0.002971,-3.013416,0
2026-07-02 16:39:21.386888,0.937282,-3.013416,1.415299,-0.002971,1.418524,-0.002971,-3.013416,0
2026-07-02 16:39:21.387512,0.939862,-3.013416,1.415299,-0.002971,1.418524,-0.002971,-3.013416,0
2026-07-02 16:39:21.391599,0.942289,-3.008235,1.415299,-0.002971,1.413342,-0.002971,-3.008235,0
2026-07-02 16:39:21.391599,0.944656,-3.013416,1.415299,-0.002971,1.418524,-0.002971,-3.013416,0
2026-07-02 16:39:21.395065,0.946957,-3.013416,1.415299,-0.002971,1.413342,-0.002971,-3.013416,0
2026-07-02 16:39:21.397017,0.949341,-3.013416,1.415299,-0.002971,1.413342,-0.002971,-3.013416,0
2026-07-02 16:39:21.397017,0.951806,-3.013416,1.415299,-0.002971,1.413342,-0.002971,-3.013416,0
2026-07-02 16:39:21.404190,0.954300,-3.013416,1.415299,-0.002971,1.413342,-0.002971,-3.013416,0
2026-07-02 16:39:21.404190,0.956971,-3.013416,1.415299,-0.002971,1.418524,-0.002971,-3.013416,0
2026-07-02 16:39:21.406879,0.959573,-3.013416,1.415299,-0.002971,1.418524,-0.002971,-3.013416,0
2026-07-02 16:39:21.406879,0.962024,-3.013416,1.415299,-0.002971,1.413342,-0.002971,-3.013416,0
2026-07-02 16:39:21.411912,0.964384,-3.013416,1.415299,-0.002971,1.413342,-0.002971,-3.013416,0
2026-07-02 16:39:21.411912,0.966812,-3.013416,1.415299,-0.002971,1.413342,-0.002971,-3.013416,0
2026-07-02 16:39:21.417160,0.969219,-3.013416,1.415299,-0.008152,1.413342,-0.008152,-3.013416,0
2026-07-02 16:39:21.420611,0.971478,-3.013416,1.415299,-0.002971,1.418524,-0.002971,-3.013416,0
2026-07-02 16:39:21.422367,0.973793,-3.013416,1.415299,-0.002971,1.413342,-0.002971,-3.013416,0
2026-07-02 16:39:21.422367,0.976037,-3.013416,1.415299,-0.002971,1.413342,-0.002971,-3.013416,0
2026-07-02 16:39:21.427198,0.978358,-3.013416,1.415299,-0.002971,1.418524,-0.002971,-3.013416,0
2026-07-02 16:39:21.427198,0.980689,-3.013416,1.415299,-0.002971,1.413342,-0.002971,-3.013416,0
2026-07-02 16:39:21.432446,0.983052,-3.013416,1.415299,-0.002971,1.413342,-0.002971,-3.013416,0
2026-07-02 16:39:21.432446,0.985445,-3.013416,1.415299,-0.002971,1.413342,-0.002971,-3.013416,0
2026-07-02 16:39:21.437178,0.987803,-3.013416,1.415299,-0.008152,1.418524,-0.008152,-3.013416,0
2026-07-02 16:39:21.437178,0.990081,-3.013416,1.415299,-0.002971,1.418524,-0.002971,-3.013416,0
2026-07-02 16:39:21.437178,0.992397,-3.013416,1.415299,-0.008152,1.413342,-0.008152,-3.013416,0
2026-07-02 16:39:21.442541,0.994688,-3.013416,1.415299,-0.002971,1.418524,-0.002971,-3.013416,0
2026-07-02 16:39:21.445070,0.996996,-3.013416,1.415299,-0.002971,1.413342,-0.002971,-3.013416,0
2026-07-02 16:39:21.446940,0.999330,-3.013416,1.415299,-0.002971,1.413342,-0.002971,-3.013416,0
2026-07-02 16:39:21.450580,1.001760,-3.013416,1.415299,-0.002971,1.413342,-0.002971,-3.013416,0
2026-07-02 16:39:21.452617,1.004159,-3.013416,1.415299,-0.002971,1.413342,-0.002971,-3.013416,0
2026-07-02 16:39:21.452617,1.006495,-3.013416,1.415299,-0.002971,1.418524,-0.002971,-3.013416,0
2026-07-02 16:39:21.457264,1.008842,-3.008235,1.415299,-0.002971,1.418524,-0.002971,-3.008235,0
2026-07-02 16:39:21.457264,1.011178,-3.008235,1.415299,-0.002971,1.413342,-0.002971,-3.008235,0
2026-07-02 16:39:21.463046,1.013719,-3.008235,1.415299,0.002211,1.413342,0.002211,-3.008235,0
2026-07-02 16:39:21.463046,1.015976,-3.003053,1.415299,0.007391,1.413342,0.007391,-3.003053,0
2026-07-02 16:39:21.467175,1.018287,-2.987508,1.415299,0.012572,1.418524,0.012572,-2.987508,0
2026-07-02 16:39:21.467175,1.020570,-2.956418,1.415299,0.007391,1.413342,0.007391,-2.956418,0
2026-07-02 16:39:21.467175,1.022901,-2.909783,1.415299,0.007391,1.413342,0.007391,-2.909783,0
2026-07-02 16:39:21.473166,1.025316,-2.868330,1.415299,0.007391,1.418524,0.007391,-2.868330,0
2026-07-02 16:39:21.475688,1.027581,-2.826876,1.415299,0.007391,1.413342,0.007391,-2.826876,0
2026-07-02 16:39:21.478621,1.029815,-2.785423,1.415299,0.007391,1.413342,0.007391,-2.785423,0
2026-07-02 16:39:21.478621,1.032164,-2.743970,1.415299,0.007391,1.413342,0.007391,-2.743970,0
2026-07-02 16:39:21.486195,1.034572,-2.697335,1.415299,0.007391,1.413342,0.007391,-2.697335,0
2026-07-02 16:39:21.489325,1.039731,-2.598883,1.415299,0.007391,1.418524,0.007391,-2.598883,0
2026-07-02 16:39:21.493577,1.043569,-2.526340,1.415299,0.007391,1.418524,0.007391,-2.526340,0
2026-07-02 16:39:21.496937,1.046868,-2.479705,1.415299,0.007391,1.413342,0.007391,-2.479705,0
2026-07-02 16:39:21.500912,1.050219,-2.422707,1.415299,0.007391,1.413342,0.007391,-2.422707,0
2026-07-02 16:39:21.506196,1.056225,-2.319074,1.415299,0.007391,1.413342,0.007391,-2.319074,0
2026-07-02 16:39:21.512333,1.059585,-2.262075,1.415299,0.007391,1.413342,0.007391,-2.262075,0
2026-07-02 16:39:21.514347,1.065362,-2.163624,1.415299,0.007391,1.413342,0.007391,-2.163624,0
2026-07-02 16:39:21.517418,1.068278,-2.106626,1.415299,0.007391,1.413342,0.007391,-2.106626,0
2026-07-02 16:39:21.524760,1.072267,-2.028901,1.415299,0.007391,1.418524,0.007391,-2.028901,0
2026-07-02 16:39:21.527274,1.078276,-1.940813,1.415299,0.007391,1.418524,0.007391,-1.940813,0
2026-07-02 16:39:21.527274,1.081513,-1.888996,1.415299,0.007391,1.413342,0.007391,-1.888996,0
2026-07-02 16:39:21.534909,1.083786,-1.847543,1.415299,0.007391,1.413342,0.007391,-1.847543,0
2026-07-02 16:39:21.536930,1.088152,-1.764636,1.415299,0.007391,1.413342,0.007391,-1.764636,0
2026-07-02 16:39:21.536930,1.090508,-1.723183,1.415299,0.007391,1.413342,0.007391,-1.723183,0
2026-07-02 16:39:21.536930,1.093325,-1.671367,1.415299,0.007391,1.413342,0.007391,-1.671367,0
2026-07-02 16:39:21.552286,1.096047,-1.629913,1.415299,0.007391,1.418524,0.007391,-1.629913,0
2026-07-02 16:39:21.559580,1.110060,-1.396738,1.410120,0.007391,1.413342,0.007391,-1.396738,0
2026-07-02 16:39:21.569867,1.116368,-1.277560,1.415299,0.007391,1.413342,0.007391,-1.277560,0
2026-07-02 16:39:21.569867,1.127589,-1.085838,1.415299,0.007391,1.413342,0.007391,-1.085838,0
2026-07-02 16:39:21.579975,1.129966,-1.034022,1.415299,0.007391,1.413342,0.007391,-1.034022,0
2026-07-02 16:39:21.579975,1.135083,-0.945934,1.415299,0.007391,1.418524,0.007391,-0.945934,0
2026-07-02 16:39:21.590072,1.138403,-0.894117,1.415299,0.007391,1.413342,0.007391,-0.894117,0
2026-07-02 16:39:21.610243,1.143266,-0.806029,1.415299,0.007391,1.418524,0.007391,-0.806029,0
2026-07-02 16:39:21.630280,1.164683,-0.432950,1.415299,0.007391,1.413342,0.007391,-0.432950,0
2026-07-02 16:39:21.630280,1.184212,-0.085778,1.415299,0.007391,1.418524,0.007391,-0.085778,0
2026-07-02 16:39:21.630280,1.186409,-0.049507,1.415299,0.007391,1.413342,0.007391,-0.049507,0
2026-07-02 16:39:21.630280,1.188568,-0.013235,1.415299,0.007391,1.418524,0.007391,-0.013235,0
2026-07-02 16:39:21.640347,1.190832,0.028218,1.415299,0.007391,1.413342,0.007391,0.028218,0
2026-07-02 16:39:21.640347,1.193506,0.069672,1.415299,0.007391,1.413342,0.007391,0.069672,0
2026-07-02 16:39:21.640347,1.195711,0.111125,1.415299,0.007391,1.413342,0.007391,0.111125,0
2026-07-02 16:39:21.640347,1.198049,0.157760,1.415299,0.007391,1.413342,0.007391,0.157760,0
2026-07-02 16:39:21.640347,1.200284,0.199213,1.415299,0.007391,1.418524,0.007391,0.199213,0
2026-07-02 16:39:21.650442,1.202489,0.230303,1.415299,0.007391,1.413342,0.007391,0.230303,0
2026-07-02 16:39:21.653520,1.204720,0.271756,1.415299,0.007391,1.418524,0.007391,0.271756,0
2026-07-02 16:39:21.653520,1.206994,0.318391,1.415299,0.007391,1.413342,0.007391,0.318391,0
2026-07-02 16:39:21.657546,1.209247,0.354663,1.415299,0.007391,1.413342,0.007391,0.354663,0
2026-07-02 16:39:21.660576,1.211469,0.390934,1.415299,0.007391,1.413342,0.007391,0.390934,0
2026-07-02 16:39:21.660576,1.213659,0.427206,1.415299,0.007391,1.413342,0.007391,0.427206,0
2026-07-02 16:39:21.660576,1.215964,0.468659,1.415299,0.007391,1.418524,0.007391,0.468659,0
2026-07-02 16:39:21.670725,1.218247,0.510113,1.415299,0.007391,1.418524,0.007391,0.510113,0
2026-07-02 16:39:21.700948,1.232238,0.758832,1.415299,0.007391,1.418524,0.007391,0.758832,0
2026-07-02 16:39:21.707081,1.254680,1.147456,1.415299,0.007391,1.418524,0.007391,1.147456,0
2026-07-02 16:39:21.709095,1.260623,1.245908,1.415299,0.007391,1.418524,0.007391,1.245908,0
2026-07-02 16:39:21.712006,1.262829,1.292542,1.415299,0.007391,1.413342,0.007391,1.292542,0
2026-07-02 16:39:21.714302,1.265189,1.328815,1.415299,0.007391,1.418524,0.007391,1.328815,0
2026-07-02 16:39:21.716112,1.267379,1.370268,1.415299,0.007391,1.418524,0.007391,1.370268,0
2026-07-02 16:39:21.718119,1.269547,1.401358,1.415299,0.007391,1.413342,0.007391,1.401358,0
2026-07-02 16:39:21.720701,1.271695,1.442811,1.415299,0.007391,1.413342,0.007391,1.442811,0
2026-07-02 16:39:21.722972,1.273864,1.479083,1.415299,0.007391,1.413342,0.007391,1.479083,0
2026-07-02 16:39:21.725475,1.276077,1.525718,1.415299,0.007391,1.413342,0.007391,1.525718,0
2026-07-02 16:39:21.727455,1.278271,1.551626,1.415299,0.007391,1.413342,0.007391,1.551626,0
2026-07-02 16:39:21.729787,1.280408,1.593080,1.415299,0.007391,1.413342,0.007391,1.593080,0
2026-07-02 16:39:21.731679,1.282704,1.644896,1.415299,0.007391,1.413342,0.007391,1.644896,0
2026-07-02 16:39:21.734030,1.284897,1.675985,1.415299,0.007391,1.413342,0.007391,1.675985,0
2026-07-02 16:39:21.736959,1.287112,1.712257,1.415299,0.007391,1.413342,0.007391,1.712257,0
2026-07-02 16:39:21.752496,1.289736,1.758892,1.415299,0.007391,1.413342,0.007391,1.758892,0
2026-07-02 16:39:21.763740,1.305542,2.054247,1.415299,0.007391,1.413342,0.007391,2.054247,1
2026-07-02 16:39:21.772803,1.318247,2.308148,1.415299,0.007391,1.418524,0.007391,2.308148,0
2026-07-02 16:39:21.778904,1.326072,2.401418,1.415299,0.007391,1.413342,0.007391,2.401418,0
2026-07-02 16:39:21.782271,1.331710,2.489507,1.415299,0.007391,1.418524,0.007391,2.489507,0
2026-07-02 16:39:21.782271,1.337446,2.593140,1.415299,0.007391,1.413342,0.007391,2.593140,0
2026-07-02 16:39:21.782271,1.339872,2.644956,1.415299,0.007391,1.413342,0.007391,2.644956,0
2026-07-02 16:39:21.791526,1.342288,2.681228,1.415299,0.007391,1.418524,0.007391,2.681228,0
2026-07-02 16:39:21.791526,1.345169,2.727862,1.415299,0.007391,1.413342,0.007391,2.727862,0
2026-07-02 16:39:21.791526,1.347571,2.774498,1.415299,0.007391,1.413342,0.007391,2.774498,0
2026-07-02 16:39:21.791526,1.350063,2.810769,1.415299,0.007391,1.413342,0.007391,2.810769,0
2026-07-02 16:39:21.801595,1.352432,2.857404,1.415299,0.007391,1.413342,0.007391,2.857404,0
2026-07-02 16:39:21.801595,1.355036,2.898857,1.415299,0.007391,1.413342,0.007391,2.898857,0
2026-07-02 16:39:21.801595,1.357410,2.945493,1.415299,0.007391,1.413342,0.007391,2.945493,0
2026-07-02 16:39:21.801595,1.359769,2.981764,1.415299,0.007391,1.418524,0.007391,2.981764,0
2026-07-02 16:39:21.811653,1.362149,3.033581,1.415299,0.007391,1.413342,0.007391,3.033581,0
2026-07-02 16:39:21.811653,1.364983,3.075034,1.415299,0.007391,1.413342,0.007391,3.075034,0
2026-07-02 16:39:21.811653,1.367375,3.116488,1.415299,0.007391,1.413342,0.007391,3.116488,0
2026-07-02 16:39:21.811653,1.369741,3.157940,1.415299,0.007391,1.413342,0.007391,3.157940,0
2026-07-02 16:39:21.821711,1.372097,3.209757,1.415299,0.007391,1.413342,0.007391,3.209757,0
2026-07-02 16:39:21.821711,1.374975,3.251210,1.415299,0.007391,1.413342,0.007391,3.251210,0
2026-07-02 16:39:21.821711,1.377369,3.292664,1.415299,0.007391,1.413342,0.007391,3.292664,0
2026-07-02 16:39:21.821711,1.379720,3.334117,1.415299,0.007391,1.413342,0.007391,3.334117,0
2026-07-02 16:39:21.821711,1.382067,3.375570,1.415299,0.007391,1.413342,0.007391,3.375570,0
2026-07-02 16:39:21.831890,1.384586,3.417024,1.415299,0.007391,1.413342,0.007391,3.417024,0
2026-07-02 16:39:21.831890,1.387454,3.468840,1.415299,0.007391,1.413342,0.007391,3.468840,0
2026-07-02 16:39:21.831890,1.389908,3.510293,1.415299,0.007391,1.413342,0.007391,3.510293,0
2026-07-02 16:39:21.841953,1.392300,3.551746,1.415299,0.007391,1.413342,0.007391,3.551746,0
2026-07-02 16:39:21.841953,1.394714,3.598381,1.415299,0.007391,1.418524,0.007391,3.598381,0
2026-07-02 16:39:21.841953,1.397100,3.639834,1.415299,0.007391,1.413342,0.007391,3.639834,0
2026-07-02 16:39:21.841953,1.399485,3.681288,1.415299,0.007391,1.413342,0.007391,3.681288,0
2026-07-02 16:39:21.841953,1.401862,3.722741,1.415299,0.007391,1.413342,0.007391,3.722741,0
2026-07-02 16:39:21.889270,1.404224,3.759013,1.415299,0.007391,1.413342,0.007391,3.759013,0
2026-07-02 16:39:21.892841,1.443693,4.448174,1.415299,0.007391,1.413342,0.007391,4.448174,0
2026-07-02 16:39:21.900887,1.446002,4.484446,1.415299,0.007391,1.418524,0.007391,4.484446,0
2026-07-02 16:39:21.903090,1.453799,4.629532,1.415299,0.007391,1.418524,0.007391,4.629532,0
2026-07-02 16:39:21.904411,1.456906,4.681348,1.415299,0.007391,1.413342,0.007391,4.681348,0
2026-07-02 16:39:21.904411,1.459483,4.722801,1.415299,0.007391,1.413342,0.007391,4.722801,0
2026-07-02 16:39:21.904411,1.461931,4.769437,1.415299,0.007391,1.413342,0.007391,4.769437,0
2026-07-02 16:39:21.919226,1.465101,4.821253,1.415299,0.007391,1.413342,0.007391,4.821253,0
2026-07-02 16:39:21.923323,1.474898,5.002611,1.415299,0.007391,1.418524,0.007391,5.002611,0
2026-07-02 16:39:21.923323,1.477442,5.044065,1.415299,0.007391,1.413342,0.007391,5.044065,0
2026-07-02 16:39:21.929393,1.479755,5.075154,1.415299,0.007391,1.418524,0.007391,5.075154,0
2026-07-02 16:39:21.929393,1.482142,5.111426,1.415299,0.007391,1.413342,0.007391,5.111426,0
2026-07-02 16:39:21.929393,1.484568,5.163242,1.415299,0.007391,1.418524,0.007391,5.163242,0
2026-07-02 16:39:21.929393,1.486791,5.199514,1.415299,0.007391,1.413342,0.007391,5.199514,0
2026-07-02 16:39:21.936857,1.489017,5.240968,1.415299,0.007391,1.413342,0.007391,5.240968,0
2026-07-02 16:39:21.939494,1.491281,5.282421,1.415299,0.007391,1.413342,0.007391,5.282421,0
2026-07-02 16:39:21.941406,1.493532,5.313511,1.415299,0.007391,1.418524,0.007391,5.313511,0
2026-07-02 16:39:21.945422,1.495910,5.360146,1.415299,0.007391,1.418524,0.007391,5.360146,0
2026-07-02 16:39:21.945422,1.498416,5.401599,1.415299,0.007391,1.413342,0.007391,5.401599,0
2026-07-02 16:39:21.949730,1.501192,5.448234,1.415299,0.007391,1.413342,0.007391,5.448234,0
2026-07-02 16:39:21.953222,1.503750,5.494869,1.415299,0.007391,1.418524,0.007391,5.494869,0
2026-07-02 16:39:21.955575,1.506373,5.541504,1.415299,0.007391,1.413342,0.007391,5.541504,0
2026-07-02 16:39:21.957589,1.508676,5.577776,1.415299,0.007391,1.413342,0.007391,5.577776,0
2026-07-02 16:39:21.960137,1.511219,5.624411,1.415299,0.007391,1.413342,0.007391,5.624411,0
2026-07-02 16:39:21.960137,1.513646,5.671045,1.415299,0.007391,1.413342,0.007391,5.671045,0
2026-07-02 16:39:21.960137,1.516086,5.707317,1.415299,0.007391,1.413342,0.007391,5.707317,0
2026-07-02 16:39:21.960137,1.518496,5.748770,1.415299,0.007391,1.413342,0.007391,5.748770,0
2026-07-02 16:39:21.970236,1.520927,5.795404,1.415299,0.007391,1.418524,0.007391,5.795404,0
2026-07-02 16:39:21.970236,1.523200,5.836859,1.415299,0.007391,1.413342,0.007391,5.836859,0
2026-07-02 16:39:21.970236,1.525461,5.873131,1.415299,0.007391,1.413342,0.007391,5.873131,0
2026-07-02 16:39:21.970236,1.527695,5.914583,1.415299,0.007391,1.413342,0.007391,5.914583,0
2026-07-02 16:39:21.970236,1.529903,5.956036,1.415299,0.007391,1.413342,0.007391,5.956036,0
2026-07-02 16:39:21.981284,1.532207,5.997490,1.415299,0.007391,1.413342,0.007391,5.997490,0
2026-07-02 16:39:21.983299,1.534810,6.033762,1.415299,0.007391,1.413342,0.007391,6.033762,0
2026-07-02 16:39:21.985314,1.537043,6.075214,1.415299,0.007391,1.413342,0.007391,6.075214,0
2026-07-02 16:39:21.985314,1.539313,6.111486,1.415299,0.007391,1.413342,0.007391,6.111486,0
2026-07-02 16:39:21.990949,1.541688,6.158121,1.415299,0.007391,1.413342,0.007391,6.158121,0
2026-07-02 16:39:21.991678,1.544296,6.199574,1.415299,0.007391,1.413342,0.007391,6.199574,0
2026-07-02 16:39:21.991678,1.546653,6.241028,1.415299,0.007391,1.413342,0.007391,6.241028,0
2026-07-02 16:39:21.991678,1.548916,6.287663,1.415299,0.007391,1.413342,0.007391,6.287663,0
2026-07-02 16:39:21.991678,1.551132,6.318752,1.415299,0.007391,1.413342,0.007391,6.318752,0
2026-07-02 16:39:22.001272,1.553337,6.360207,1.415299,0.007391,1.413342,0.007391,6.360207,0
2026-07-02 16:39:22.004879,1.555632,6.401659,1.415299,0.007391,1.418524,0.007391,6.401659,0
2026-07-02 16:39:22.006889,1.558014,6.437931,1.415299,0.007391,1.418524,0.007391,6.437931,0
2026-07-02 16:39:22.006889,1.560319,6.479383,1.415299,0.007391,1.418524,0.007391,6.479383,0
2026-07-02 16:39:22.011743,1.562582,6.520838,1.415299,0.007391,1.418524,0.007391,6.520838,0
2026-07-02 16:39:22.012924,1.564849,6.562290,1.415299,0.007391,1.413342,0.007391,6.562290,0
2026-07-02 16:39:22.016950,1.567350,6.603745,1.415299,0.007391,1.413342,0.007391,6.603745,0
2026-07-02 16:39:22.016950,1.569683,6.645197,1.415299,0.007391,1.413342,0.007391,6.645197,0
2026-07-02 16:39:22.016950,1.571977,6.686651,1.415299,0.007391,1.413342,0.007391,6.686651,0
2026-07-02 16:39:22.021800,1.574292,6.722921,1.415299,0.007391,1.413342,0.007391,6.722921,0
2026-07-02 16:39:22.021800,1.576637,6.764376,1.415299,0.007391,1.413342,0.007391,6.764376,0
2026-07-02 16:39:22.021800,1.578969,6.805828,1.415299,0.007391,1.413342,0.007391,6.805828,0
2026-07-02 16:39:22.021800,1.581496,6.852463,1.415299,0.007391,1.413342,0.007391,6.852463,0
2026-07-02 16:39:22.032241,1.583933,6.893917,1.415299,0.007391,1.413342,0.007391,6.893917,0
2026-07-02 16:39:22.032241,1.586229,6.935369,1.415299,0.007391,1.418524,0.007391,6.935369,0
2026-07-02 16:39:22.032241,1.588560,6.976824,1.415299,0.007391,1.418524,0.007391,6.976824,0
2026-07-02 16:39:22.032241,1.590877,7.018276,1.415299,0.007391,1.413342,0.007391,7.018276,0
2026-07-02 16:39:22.042571,1.593188,7.059731,1.415299,0.007391,1.413342,0.007391,7.059731,0
2026-07-02 16:39:22.048617,1.595559,7.101183,1.415299,0.007391,1.413342,0.007391,7.101183,0
2026-07-02 16:39:22.050625,1.601942,7.209997,1.415299,0.007391,1.413342,0.007391,7.209997,0
2026-07-02 16:39:22.054650,1.604147,7.251451,1.415299,0.007391,1.418524,0.007391,7.251451,0
2026-07-02 16:39:22.057682,1.608417,7.334358,1.415299,0.007391,1.418524,0.007391,7.334358,0
2026-07-02 16:39:22.057682,1.610721,7.370630,1.415299,0.007391,1.413342,0.007391,7.370630,0
2026-07-02 16:39:22.063054,1.613213,7.412083,1.415299,0.007391,1.418524,0.007391,7.412083,0
2026-07-02 16:39:22.065069,1.615964,7.458717,1.415299,0.007391,1.413342,0.007391,7.458717,0
2026-07-02 16:39:22.065069,1.618737,7.510534,1.415299,-0.008152,1.413342,-0.008152,7.510534,0
2026-07-02 16:39:22.070604,1.621231,7.531261,1.415299,0.002211,1.413342,0.002211,7.531261,0
2026-07-02 16:39:22.084945,1.623782,7.541624,1.415299,0.007391,1.413342,0.007391,7.541624,0
2026-07-02 16:39:22.086957,1.638264,7.318813,1.415299,-0.002971,1.413342,-0.002971,7.318813,0
2026-07-02 16:39:22.089980,1.640665,7.287724,1.415299,-0.002971,1.413342,-0.002971,7.287724,0
2026-07-02 16:39:22.092499,1.643212,7.256634,1.415299,-0.002971,1.413342,-0.002971,7.256634,0
2026-07-02 16:39:22.093938,1.645735,7.215179,1.415299,-0.002971,1.413342,-0.002971,7.215179,0
2026-07-02 16:39:22.097438,1.647959,7.189272,1.415299,-0.002971,1.413342,-0.002971,7.189272,0
2026-07-02 16:39:22.099445,1.650406,7.147818,1.415299,0.002211,1.418524,0.002211,7.147818,0
2026-07-02 16:39:22.101451,1.652778,7.111546,1.415299,-0.008152,1.413342,-0.008152,7.111546,0
2026-07-02 16:39:22.102957,1.655156,7.080456,1.415299,-0.002971,1.413342,-0.002971,7.080456,0
2026-07-02 16:39:22.102957,1.657434,7.049366,1.415299,-0.002971,1.413342,-0.002971,7.049366,0
2026-07-02 16:39:22.102957,1.659653,7.013096,1.415299,-0.002971,1.413342,-0.002971,7.013096,0
2026-07-02 16:39:22.110939,1.662004,6.971642,1.415299,-0.002971,1.418524,-0.002971,6.971642,0
2026-07-02 16:39:22.113653,1.664401,6.935369,1.415299,-0.002971,1.418524,-0.002971,6.935369,0
2026-07-02 16:39:22.116181,1.666720,6.893917,1.415299,-0.002971,1.413342,-0.002971,6.893917,0
2026-07-02 16:39:22.118197,1.669019,6.868008,1.415299,-0.002971,1.413342,-0.002971,6.868008,0
2026-07-02 16:39:22.120733,1.671651,6.831738,1.415299,-0.002971,1.413342,-0.002971,6.831738,0
2026-07-02 16:39:22.123465,1.673884,6.800648,1.415299,-0.002971,1.413342,-0.002971,6.800648,0
2026-07-02 16:39:22.124130,1.676236,6.774738,1.415299,-0.002971,1.413342,-0.002971,6.774738,0
2026-07-02 16:39:22.127148,1.678571,6.733286,1.415299,-0.002971,1.413342,-0.002971,6.733286,0
2026-07-02 16:39:22.129230,1.681215,6.691832,1.415299,-0.002971,1.413342,-0.002971,6.691832,0
2026-07-02 16:39:22.131770,1.683619,6.655560,1.415299,-0.002971,1.418524,-0.002971,6.655560,0
2026-07-02 16:39:22.133517,1.686080,6.614107,1.410120,-0.002971,1.413342,-0.002971,6.614107,0
2026-07-02 16:39:22.137322,1.688330,6.593380,1.415299,-0.002971,1.413342,-0.002971,6.593380,0
2026-07-02 16:39:22.137322,1.690695,6.546745,1.415299,-0.008152,1.413342,-0.008152,6.546745,0
2026-07-02 16:39:22.137322,1.693221,6.510473,1.420479,-0.008152,1.418524,-0.008152,6.510473,0
2026-07-02 16:39:22.143619,1.695557,6.469021,1.415299,-0.002971,1.413342,-0.002971,6.469021,0
2026-07-02 16:39:22.147426,1.698036,6.427567,1.415299,-0.002971,1.413342,-0.002971,6.427567,0
2026-07-02 16:39:22.148688,1.700295,6.396477,1.415299,-0.002971,1.413342,-0.002971,6.396477,0
2026-07-02 16:39:22.148688,1.702536,6.375751,1.415299,-0.002971,1.413342,-0.002971,6.375751,0
2026-07-02 16:39:22.154374,1.704887,6.334297,1.415299,-0.002971,1.413342,-0.002971,6.334297,0
2026-07-02 16:39:22.156893,1.707467,6.292845,1.415299,-0.002971,1.413342,-0.002971,6.292845,0
2026-07-02 16:39:22.156893,1.709770,6.256573,1.415299,-0.002971,1.413342,-0.002971,6.256573,0
2026-07-02 16:39:22.156893,1.712316,6.215120,1.410120,-0.002971,1.413342,-0.002971,6.215120,0
2026-07-02 16:39:22.164093,1.714721,6.184029,1.415299,-0.002971,1.413342,-0.002971,6.184029,0
2026-07-02 16:39:22.164744,1.717224,6.147758,1.415299,-0.002971,1.418524,-0.002971,6.147758,0
2026-07-02 16:39:22.167259,1.719740,6.101124,1.415299,-0.002971,1.413342,-0.002971,6.101124,0
2026-07-02 16:39:22.167259,1.722052,6.070032,1.415299,-0.002971,1.413342,-0.002971,6.070032,0
2026-07-02 16:39:22.174373,1.724887,6.038942,1.415299,-0.002971,1.418524,-0.002971,6.038942,0
2026-07-02 16:39:22.176902,1.727463,5.997490,1.415299,-0.002971,1.418524,-0.002971,5.997490,0
2026-07-02 16:39:22.179000,1.730499,5.961218,1.415299,-0.002971,1.418524,-0.002971,5.961218,0
2026-07-02 16:39:22.181008,1.732899,5.909401,1.415299,-0.002971,1.413342,-0.002971,5.909401,0
2026-07-02 16:39:22.184563,1.735192,5.878311,1.415299,-0.002971,1.418524,-0.002971,5.878311,0
2026-07-02 16:39:22.186583,1.737462,5.862766,1.415299,-0.002971,1.413342,-0.002971,5.862766,0
2026-07-02 16:39:22.187592,1.739707,5.821314,1.415299,-0.002971,1.413342,-0.002971,5.821314,0
2026-07-02 16:39:22.189620,1.741983,5.785042,1.415299,0.002211,1.413342,0.002211,5.785042,0
2026-07-02 16:39:22.193141,1.744188,5.753952,1.415299,-0.002971,1.418524,-0.002971,5.753952,0
2026-07-02 16:39:22.195338,1.746474,5.712498,1.415299,-0.002971,1.418524,-0.002971,5.712498,0
2026-07-02 16:39:22.196853,1.748682,5.681408,1.415299,-0.002971,1.418524,-0.002971,5.681408,0
2026-07-02 16:39:22.198867,1.750974,5.650318,1.415299,-0.002971,1.413342,-0.002971,5.650318,0
2026-07-02 16:39:22.200879,1.753226,5.614046,1.415299,-0.002971,1.413342,-0.002971,5.614046,0
2026-07-02 16:39:22.204601,1.755490,5.577776,1.415299,-0.002971,1.413342,-0.002971,5.577776,0
2026-07-02 16:39:22.206614,1.757743,5.551867,1.415299,-0.002971,1.418524,-0.002971,5.551867,0
2026-07-02 16:39:22.207896,1.760008,5.515594,1.415299,0.002211,1.418524,0.002211,5.515594,0
2026-07-02 16:39:22.211916,1.762362,5.479324,1.415299,-0.002971,1.413342,-0.002971,5.479324,0
2026-07-02 16:39:22.213925,1.764701,5.443052,1.415299,0.002211,1.413342,0.002211,5.443052,0
2026-07-02 16:39:22.214639,1.766911,5.406780,1.415299,-0.002971,1.413342,-0.002971,5.406780,0
2026-07-02 16:39:22.216646,1.769118,5.386054,1.415299,-0.002971,1.413342,-0.002971,5.386054,0
2026-07-02 16:39:22.220660,1.771308,5.339419,1.415299,-0.002971,1.418524,-0.002971,5.339419,0
2026-07-02 16:39:22.222666,1.773536,5.313511,1.415299,-0.002971,1.413342,-0.002971,5.313511,0
2026-07-02 16:39:22.225059,1.775737,5.277239,1.415299,-0.002971,1.413342,-0.002971,5.277239,0
2026-07-02 16:39:22.227074,1.777921,5.235785,1.415299,-0.002971,1.413342,-0.002971,5.235785,0
2026-07-02 16:39:22.229090,1.780103,5.215059,1.415299,0.002211,1.413342,0.002211,5.215059,0
2026-07-02 16:39:22.229090,1.782345,5.173606,1.415299,-0.008152,1.413342,-0.008152,5.173606,0
2026-07-02 16:39:22.229090,1.784571,5.142516,1.415299,-0.002971,1.413342,-0.002971,5.142516,0
2026-07-02 16:39:22.234489,1.786762,5.111426,1.415299,-0.002971,1.418524,-0.002971,5.111426,0
2026-07-02 16:39:22.236498,1.789068,5.080336,1.415299,-0.002971,1.413342,-0.002971,5.080336,0
2026-07-02 16:39:22.236498,1.791410,5.038882,1.415299,-0.002971,1.413342,-0.002971,5.038882,0
2026-07-02 16:39:22.236498,1.793703,5.002611,1.415299,-0.002971,1.418524,-0.002971,5.002611,0
2026-07-02 16:39:22.244943,1.796093,4.961158,1.415299,-0.002971,1.413342,-0.002971,4.961158,0
2026-07-02 16:39:22.244943,1.798435,4.950794,1.415299,-0.002971,1.413342,-0.002971,4.950794,0
2026-07-02 16:39:22.244943,1.801023,4.904160,1.415299,-0.002971,1.418524,-0.002971,4.904160,0
2026-07-02 16:39:22.244943,1.803473,4.857525,1.415299,-0.002971,1.418524,-0.002971,4.857525,0
2026-07-02 16:39:22.255261,1.805871,4.826435,1.415299,-0.002971,1.418524,-0.002971,4.826435,0
2026-07-02 16:39:22.257275,1.808606,4.790163,1.415299,-0.002971,1.413342,-0.002971,4.790163,0
2026-07-02 16:39:22.259289,1.811012,4.743528,1.415299,-0.002971,1.413342,-0.002971,4.743528,0
2026-07-02 16:39:22.262414,1.813418,4.712439,1.415299,-0.002971,1.413342,-0.002971,4.712439,0
2026-07-02 16:39:22.265306,1.815781,4.676167,1.415299,-0.002971,1.413342,-0.002971,4.676167,0
2026-07-02 16:39:22.266262,1.818187,4.645077,1.415299,-0.002971,1.413342,-0.002971,4.645077,0
2026-07-02 16:39:22.266262,1.820484,4.613987,1.420479,-0.002971,1.413342,-0.002971,4.613987,0
2026-07-02 16:39:22.266262,1.822670,4.577715,1.415299,-0.002971,1.413342,-0.002971,4.577715,0
2026-07-02 16:39:22.266262,1.824978,4.556989,1.415299,-0.002971,1.418524,-0.002971,4.556989,0
2026-07-02 16:39:22.275320,1.827381,4.510353,1.415299,0.002211,1.413342,0.002211,4.510353,0
2026-07-02 16:39:22.275320,1.829773,4.474082,1.415299,-0.002971,1.413342,-0.002971,4.474082,0
2026-07-02 16:39:22.275320,1.831960,4.442992,1.415299,-0.002971,1.413342,-0.002971,4.442992,0
2026-07-02 16:39:22.275320,1.834228,4.406720,1.415299,-0.002971,1.413342,-0.002971,4.406720,0
2026-07-02 16:39:22.285790,1.836467,4.375630,1.415299,-0.002971,1.413342,-0.002971,4.375630,0
2026-07-02 16:39:22.285790,1.838823,4.344541,1.415299,-0.002971,1.418524,-0.002971,4.344541,0
2026-07-02 16:39:22.285790,1.841164,4.313451,1.415299,-0.002971,1.413342,-0.002971,4.313451,0
2026-07-02 16:39:22.285790,1.843458,4.287542,1.415299,-0.002971,1.413342,-0.002971,4.287542,0
2026-07-02 16:39:22.293642,1.845776,4.246089,1.415299,-0.002971,1.413342,-0.002971,4.246089,0
2026-07-02 16:39:22.295981,1.848180,4.204636,1.415299,-0.002971,1.413342,-0.002971,4.204636,0
2026-07-02 16:39:22.295981,1.850476,4.183908,1.415299,-0.002971,1.418524,-0.002971,4.183908,0
2026-07-02 16:39:22.295981,1.852735,4.137274,1.415299,-0.002971,1.418524,-0.002971,4.137274,0
2026-07-02 16:39:22.295981,1.854939,4.116548,1.415299,-0.002971,1.413342,-0.002971,4.116548,0
2026-07-02 16:39:22.306484,1.857147,4.075094,1.415299,-0.002971,1.413342,-0.002971,4.075094,0
2026-07-02 16:39:22.308043,1.859663,4.028460,1.415299,-0.002971,1.418524,-0.002971,4.028460,0
2026-07-02 16:39:22.310052,1.862209,3.987006,1.415299,-0.002971,1.413342,-0.002971,3.987006,0
2026-07-02 16:39:22.310052,1.864612,3.966279,1.415299,-0.002971,1.413342,-0.002971,3.966279,0
2026-07-02 16:39:22.310052,1.867008,3.930008,1.415299,-0.002971,1.413342,-0.002971,3.930008,0
2026-07-02 16:39:22.317601,1.869515,3.883372,1.415299,-0.002971,1.418524,-0.002971,3.883372,0
2026-07-02 16:39:22.320575,1.871840,3.847101,1.415299,-0.002971,1.413342,-0.002971,3.847101,0
2026-07-02 16:39:22.321874,1.874294,3.805648,1.415299,-0.002971,1.418524,-0.002971,3.805648,0
2026-07-02 16:39:22.324926,1.876518,3.790103,1.415299,-0.002971,1.413342,-0.002971,3.790103,0
2026-07-02 16:39:22.327465,1.878771,3.743468,1.415299,-0.002971,1.413342,-0.002971,3.743468,0
2026-07-02 16:39:22.328853,1.881043,3.717560,1.415299,-0.002971,1.413342,-0.002971,3.717560,0
2026-07-02 16:39:22.328853,1.883389,3.670924,1.410120,-0.002971,1.418524,-0.002971,3.670924,0
2026-07-02 16:39:22.328853,1.885632,3.639834,1.415299,-0.002971,1.413342,-0.002971,3.639834,0
2026-07-02 16:39:22.328853,1.887963,3.613926,1.415299,-0.002971,1.413342,-0.002971,3.613926,0
2026-07-02 16:39:22.338526,1.890133,3.572474,1.415299,-0.002971,1.418524,-0.002971,3.572474,0
2026-07-02 16:39:22.338526,1.892430,3.541383,1.415299,-0.002971,1.418524,-0.002971,3.541383,0
2026-07-02 16:39:22.344076,1.894639,3.510293,1.415299,-0.002971,1.418524,-0.002971,3.510293,0
2026-07-02 16:39:22.344076,1.896850,3.468840,1.415299,-0.002971,1.418524,-0.002971,3.468840,0
2026-07-02 16:39:22.347637,1.899101,3.442931,1.415299,-0.002971,1.413342,-0.002971,3.442931,0
2026-07-02 16:39:22.347637,1.901420,3.401479,1.415299,-0.002971,1.413342,-0.002971,3.401479,0
2026-07-02 16:39:22.347637,1.903857,3.375570,1.415299,-0.002971,1.413342,-0.002971,3.375570,0
2026-07-02 16:39:22.354752,1.906204,3.328935,1.415299,-0.002971,1.418524,-0.002971,3.328935,0
2026-07-02 16:39:22.357663,1.908493,3.303027,1.415299,-0.002971,1.418524,-0.002971,3.303027,0
2026-07-02 16:39:22.357663,1.910804,3.271936,1.415299,0.002211,1.413342,0.002211,3.271936,0
2026-07-02 16:39:22.357663,1.913213,3.230484,1.415299,0.002211,1.413342,0.002211,3.230484,0
2026-07-02 16:39:22.357663,1.915617,3.209757,1.415299,-0.002971,1.413342,-0.002971,3.209757,0
2026-07-02 16:39:22.357663,1.917995,3.157940,1.415299,-0.002971,1.418524,-0.002971,3.157940,0
2026-07-02 16:39:22.367833,1.920321,3.132032,1.415299,-0.002971,1.413342,-0.002971,3.132032,0
2026-07-02 16:39:22.367833,1.922588,3.095760,1.415299,-0.002971,1.413342,-0.002971,3.095760,0
2026-07-02 16:39:22.367833,1.924855,3.059489,1.415299,-0.002971,1.413342,-0.002971,3.059489,0
2026-07-02 16:39:22.367833,1.927066,3.028399,1.415299,-0.002971,1.418524,-0.002971,3.028399,0
2026-07-02 16:39:22.378973,1.929394,2.992127,1.415299,-0.002971,1.413342,-0.002971,2.992127,0
2026-07-02 16:39:22.380494,1.931990,2.961038,1.415299,0.002211,1.413342,0.002211,2.961038,0
2026-07-02 16:39:22.382507,1.934242,2.919584,1.415299,-0.002971,1.413342,-0.002971,2.919584,0
2026-07-02 16:39:22.384543,1.936481,2.893676,1.415299,-0.002971,1.418524,-0.002971,2.893676,0
2026-07-02 16:39:22.384543,1.938692,2.867767,1.420479,-0.002971,1.418524,-0.002971,2.867767,0
2026-07-02 16:39:22.388615,1.940867,2.826314,1.415299,-0.002971,1.413342,-0.002971,2.826314,0
2026-07-02 16:39:22.388615,1.943130,2.784861,1.415299,-0.002971,1.418524,-0.002971,2.784861,0
2026-07-02 16:39:22.394283,1.945362,2.753771,1.415299,-0.002971,1.418524,-0.002971,2.753771,0
2026-07-02 16:39:22.394283,1.947539,2.727862,1.415299,0.002211,1.418524,0.002211,2.727862,0
2026-07-02 16:39:22.398729,1.949798,2.691591,1.415299,-0.008152,1.418524,-0.008152,2.691591,0
2026-07-02 16:39:22.398729,1.951968,2.650138,1.415299,-0.002971,1.413342,-0.002971,2.650138,0
2026-07-02 16:39:22.398729,1.954301,2.624229,1.415299,-0.002971,1.418524,-0.002971,2.624229,0
2026-07-02 16:39:22.398729,1.956599,2.587957,1.415299,0.002211,1.413342,0.002211,2.587957,0
2026-07-02 16:39:22.398729,1.958895,2.556868,1.415299,-0.002971,1.413342,-0.002971,2.556868,0
2026-07-02 16:39:22.409934,1.961160,2.525778,1.415299,0.002211,1.413342,0.002211,2.525778,0
2026-07-02 16:39:22.409934,1.963526,2.484324,1.410120,-0.002971,1.413342,-0.002971,2.484324,0
2026-07-02 16:39:22.409934,1.965946,2.453235,1.415299,-0.002971,1.413342,-0.002971,2.453235,0
2026-07-02 16:39:22.409934,1.968415,2.422145,1.415299,-0.002971,1.413342,-0.002971,2.422145,0
2026-07-02 16:39:22.421088,1.970728,2.380692,1.415299,-0.002971,1.413342,-0.002971,2.380692,0
2026-07-02 16:39:22.425647,1.974885,2.313330,1.415299,-0.002971,1.413342,-0.002971,2.313330,0
2026-07-02 16:39:22.429791,1.979016,2.256331,1.415299,-0.002971,1.413342,-0.002971,2.256331,0
2026-07-02 16:39:22.430585,1.982584,2.214878,1.415299,-0.002971,1.413342,-0.002971,2.214878,0
2026-07-02 16:39:22.430585,1.985287,2.173425,1.415299,-0.002971,1.413342,-0.002971,2.173425,0
2026-07-02 16:39:22.437358,1.988029,2.137154,1.415299,-0.002971,1.413342,-0.002971,2.137154,0
2026-07-02 16:39:22.441960,1.990667,2.090519,1.415299,-0.002971,1.413342,-0.002971,2.090519,0
2026-07-02 16:39:22.445553,1.994938,2.023157,1.415299,-0.002971,1.418524,-0.002971,2.023157,0
2026-07-02 16:39:22.447565,1.998837,1.976522,1.415299,-0.002971,1.418524,-0.002971,1.976522,0
2026-07-02 16:39:22.447565,2.001530,1.924706,1.415299,0.002211,1.413342,0.002211,1.924706,0
2026-07-02 16:39:22.453447,2.004286,1.898797,1.415299,-0.002971,1.413342,-0.002971,1.898797,0
2026-07-02 16:39:22.459887,2.007002,1.846980,1.415299,-0.002971,1.418524,-0.002971,1.846980,0
2026-07-02 16:39:22.462446,2.012983,1.748528,1.415299,-0.002971,1.418524,-0.002971,1.748528,0
2026-07-02 16:39:22.463978,2.015577,1.712257,1.415299,-0.002971,1.418524,-0.002971,1.712257,0
2026-07-02 16:39:22.465734,2.018166,1.696712,1.415299,-0.002971,1.413342,-0.002971,1.696712,0
2026-07-02 16:39:22.465734,2.020932,1.650078,1.415299,-0.002971,1.418524,-0.002971,1.650078,0
2026-07-02 16:39:22.465734,2.023728,1.598261,1.415299,-0.002971,1.413342,-0.002971,1.598261,0
2026-07-02 16:39:22.475817,2.026489,1.567171,1.415299,0.002211,1.418524,0.002211,1.567171,0
2026-07-02 16:39:22.475817,2.029105,1.525718,1.415299,-0.002971,1.413342,-0.002971,1.525718,0
2026-07-02 16:39:22.479091,2.031680,1.489446,1.415299,-0.002971,1.413342,-0.002971,1.489446,0
2026-07-02 16:39:22.479091,2.034448,1.453175,1.420479,-0.002971,1.413342,-0.002971,1.453175,0
2026-07-02 16:39:22.486099,2.037278,1.401358,1.415299,-0.002971,1.413342,-0.002971,1.401358,0
2026-07-02 16:39:22.486099,2.039955,1.365087,1.415299,-0.002971,1.418524,-0.002971,1.365087,0
2026-07-02 16:39:22.486099,2.042719,1.318451,1.415299,-0.002971,1.413342,-0.002971,1.318451,0
2026-07-02 16:39:22.494884,2.045526,1.292542,1.415299,-0.002971,1.413342,-0.002971,1.292542,0
2026-07-02 16:39:22.495743,2.048071,1.245908,1.415299,-0.002971,1.413342,-0.002971,1.245908,0
2026-07-02 16:39:22.495743,2.050821,1.214818,1.415299,-0.002971,1.418524,-0.002971,1.214818,0
2026-07-02 16:39:22.495743,2.053598,1.163001,1.415299,-0.002971,1.413342,-0.002971,1.163001,0
2026-07-02 16:39:22.506221,2.056319,1.121548,1.415299,-0.002971,1.413342,-0.002971,1.121548,0
2026-07-02 16:39:22.510757,2.059494,1.080095,1.415299,-0.002971,1.413342,-0.002971,1.080095,0
2026-07-02 16:39:22.510757,2.064945,0.986825,1.415299,-0.002971,1.418524,-0.002971,0.986825,0
2026-07-02 16:39:22.516596,2.067778,0.945372,1.415299,-0.002971,1.413342,-0.002971,0.945372,0
2026-07-02 16:39:22.516596,2.070517,0.914282,1.415299,-0.002971,1.413342,-0.002971,0.914282,0
2026-07-02 16:39:22.516596,2.073397,0.867647,1.415299,-0.002971,1.418524,-0.002971,0.867647,0
2026-07-02 16:39:22.516596,2.076155,0.821012,1.415299,-0.002971,1.413342,-0.002971,0.821012,0
2026-07-02 16:39:22.527841,2.078940,0.789922,1.415299,-0.002971,1.418524,-0.002971,0.789922,0
2026-07-02 16:39:22.529026,2.081603,0.743287,1.415299,-0.002971,1.413342,-0.002971,0.743287,0
2026-07-02 16:39:22.529026,2.084388,0.707015,1.415299,-0.002971,1.413342,-0.002971,0.707015,0
2026-07-02 16:39:22.529026,2.087205,0.655199,1.415299,-0.008152,1.413342,-0.008152,0.655199,0
2026-07-02 16:39:22.542421,2.089708,0.624109,1.415299,-0.002971,1.413342,-0.002971,0.624109,0
2026-07-02 16:39:22.543677,2.095227,0.546384,1.415299,-0.002971,1.413342,-0.002971,0.546384,0
2026-07-02 16:39:22.547614,2.098270,0.494567,1.415299,0.002211,1.413342,0.002211,0.494567,0
2026-07-02 16:39:22.547614,2.100900,0.463477,1.415299,-0.002971,1.418524,-0.002971,0.463477,0
2026-07-02 16:39:22.547614,2.103621,0.422024,1.415299,-0.002971,1.413342,-0.002971,0.422024,0
2026-07-02 16:39:22.547614,2.106430,0.390934,1.415299,-0.002971,1.413342,-0.002971,0.390934,0
2026-07-02 16:39:22.558092,2.109208,0.339118,1.415299,-0.002971,1.413342,-0.002971,0.339118,0
2026-07-02 16:39:22.558092,2.111975,0.308027,1.415299,-0.002971,1.413342,-0.002971,0.308027,0
2026-07-02 16:39:22.563569,2.114655,0.256211,1.415299,-0.002971,1.413342,-0.002971,0.256211,0
2026-07-02 16:39:22.563569,2.117303,0.225121,1.415299,-0.002971,1.413342,-0.002971,0.225121,0
2026-07-02 16:39:22.571232,2.120045,0.188849,1.415299,-0.002971,1.418524,-0.002971,0.188849,0
2026-07-02 16:39:22.571232,2.123972,0.137033,1.415299,-0.002971,1.413342,-0.002971,0.137033,0
2026-07-02 16:39:22.571232,2.126672,0.090398,1.415299,-0.002971,1.413342,-0.002971,0.090398,0
2026-07-02 16:39:22.583408,2.129430,0.043763,1.415299,-0.002971,1.413342,-0.002971,0.043763,0
2026-07-02 16:39:22.590426,2.136302,-0.054688,1.415299,-0.002971,1.413342,-0.002971,-0.054688,0
2026-07-02 16:39:22.590426,2.144283,-0.184230,1.415299,0.002211,1.413342,0.002211,-0.184230,0
2026-07-02 16:39:22.595431,2.147024,-0.220502,1.415299,-0.002971,1.413342,-0.002971,-0.220502,0
2026-07-02 16:39:22.602195,2.149742,-0.256773,1.415299,-0.002971,1.418524,-0.002971,-0.256773,0
2026-07-02 16:39:22.604420,2.155104,-0.339680,1.415299,-0.002971,1.413342,-0.002971,-0.339680,0
2026-07-02 16:39:22.604420,2.158163,-0.386314,1.415299,-0.002971,1.418524,-0.002971,-0.386314,0
2026-07-02 16:39:22.609681,2.160868,-0.417405,1.415299,-0.002971,1.413342,-0.002971,-0.417405,0
2026-07-02 16:39:22.611722,2.163475,-0.464040,1.415299,-0.002971,1.413342,-0.002971,-0.464040,0
2026-07-02 16:39:22.611722,2.166128,-0.505493,1.415299,-0.002971,1.413342,-0.002971,-0.505493,0
2026-07-02 16:39:22.611722,2.168878,-0.541764,1.415299,-0.002971,1.418524,-0.002971,-0.541764,0
2026-07-02 16:39:22.620889,2.171712,-0.588400,1.415299,-0.002971,1.413342,-0.002971,-0.588400,0
2026-07-02 16:39:22.622803,2.174388,-0.619490,1.415299,-0.002971,1.418524,-0.002971,-0.619490,0
2026-07-02 16:39:22.624814,2.176949,-0.655761,1.415299,-0.002971,1.413342,-0.002971,-0.655761,0
2026-07-02 16:39:22.629526,2.179634,-0.692033,1.415299,-0.002971,1.418524,-0.002971,-0.692033,0
2026-07-02 16:39:22.633467,2.182351,-0.743849,1.415299,-0.002971,1.413342,-0.002971,-0.743849,0
2026-07-02 16:39:22.635078,2.187108,-0.816393,1.415299,-0.002971,1.413342,-0.002971,-0.816393,0
2026-07-02 16:39:22.640585,2.190165,-0.863028,1.415299,-0.002971,1.413342,-0.002971,-0.863028,0
2026-07-02 16:39:22.642601,2.194158,-0.914844,1.420479,-0.002971,1.418524,-0.002971,-0.914844,0
2026-07-02 16:39:22.644613,2.196706,-0.956297,1.415299,0.002211,1.413342,0.002211,-0.956297,0
2026-07-02 16:39:22.644613,2.199352,-0.997750,1.415299,-0.008152,1.413342,-0.008152,-0.997750,0
2026-07-02 16:39:22.654797,2.202128,-1.034022,1.415299,0.002211,1.413342,0.002211,-1.034022,0
2026-07-02 16:39:22.670389,2.208833,-1.132474,1.415299,-0.002971,1.418524,-0.002971,-1.132474,0
2026-07-02 16:39:22.682462,2.223357,-1.334558,1.415299,-0.002971,1.413342,-0.002971,-1.334558,0
2026-07-02 16:39:22.684731,2.235625,-1.526279,1.415299,-0.002971,1.413342,-0.002971,-1.526279,0
2026-07-02 16:39:22.687356,2.239114,-1.583278,1.415299,-0.002971,1.413342,-0.002971,-1.583278,0
2026-07-02 16:39:22.690875,2.241482,-1.614368,1.415299,-0.002971,1.413342,-0.002971,-1.614368,0
2026-07-02 16:39:22.695918,2.244249,-1.650640,1.415299,-0.002971,1.413342,-0.002971,-1.650640,0
2026-07-02 16:39:22.697930,2.250042,-1.743910,1.415299,-0.002971,1.418524,-0.002971,-1.743910,0
2026-07-02 16:39:22.701667,2.252465,-1.775000,1.415299,-0.002971,1.413342,-0.002971,-1.775000,0
2026-07-02 16:39:22.704182,2.254791,-1.806089,1.415299,-0.002971,1.413342,-0.002971,-1.806089,0
2026-07-02 16:39:22.706192,2.257188,-1.852724,1.415299,-0.002971,1.413342,-0.002971,-1.852724,0
2026-07-02 16:39:22.708199,2.259605,-1.883815,1.415299,-0.002971,1.413342,-0.002971,-1.883815,0
2026-07-02 16:39:22.711212,2.262008,-1.914905,1.415299,-0.002971,1.413342,-0.002971,-1.914905,0
2026-07-02 16:39:22.714228,2.264816,-1.951176,1.415299,-0.002971,1.413342,-0.002971,-1.951176,0
2026-07-02 16:39:22.716240,2.267218,-1.992629,1.415299,0.002211,1.413342,0.002211,-1.992629,0
2026-07-02 16:39:22.718247,2.269603,-2.023719,1.415299,-0.002971,1.413342,-0.002971,-2.023719,0
2026-07-02 16:39:22.721261,2.272107,-2.054810,1.420479,-0.002971,1.413342,-0.002971,-2.054810,0
2026-07-02 16:39:22.723277,2.274506,-2.096262,1.415299,-0.002971,1.413342,-0.002971,-2.096262,0
2026-07-02 16:39:22.725287,2.276892,-2.132534,1.415299,-0.002971,1.413342,-0.002971,-2.132534,0
2026-07-02 16:39:22.728299,2.279295,-2.168806,1.415299,-0.002971,1.413342,-0.002971,-2.168806,0
2026-07-02 16:39:22.728299,2.281696,-2.199896,1.415299,-0.002971,1.413342,-0.002971,-2.199896,0
2026-07-02 16:39:22.733672,2.284108,-2.241349,1.415299,-0.002971,1.418524,-0.002971,-2.241349,0
2026-07-02 16:39:22.735681,2.286591,-2.272439,1.415299,-0.002971,1.413342,-0.002971,-2.272439,0
2026-07-02 16:39:22.735681,2.289010,-2.308710,1.415299,-0.002971,1.413342,-0.002971,-2.308710,0
2026-07-02 16:39:22.735681,2.291505,-2.339801,1.420479,-0.002971,1.418524,-0.002971,-2.339801,0
2026-07-02 16:39:22.742693,2.293914,-2.386436,1.415299,-0.002971,1.413342,-0.002971,-2.386436,0
2026-07-02 16:39:22.742693,2.296327,-2.417525,1.415299,-0.008152,1.413342,-0.008152,-2.417525,0
2026-07-02 16:39:22.742693,2.298736,-2.453797,1.415299,-0.002971,1.413342,-0.002971,-2.453797,0
2026-07-02 16:39:22.742693,2.301134,-2.495250,1.415299,-0.002971,1.413342,-0.002971,-2.495250,0
2026-07-02 16:39:22.753576,2.303472,-2.510796,1.415299,-0.002971,1.413342,-0.002971,-2.510796,0
2026-07-02 16:39:22.753576,2.306483,-2.567793,1.415299,-0.002971,1.413342,-0.002971,-2.567793,0
2026-07-02 16:39:22.753576,2.308855,-2.588520,1.415299,-0.002971,1.413342,-0.002971,-2.588520,0
2026-07-02 16:39:22.753576,2.311061,-2.619610,1.415299,-0.002971,1.413342,-0.002971,-2.619610,0
2026-07-02 16:39:22.763275,2.313273,-2.655881,1.415299,-0.002971,1.413342,-0.002971,-2.655881,0
2026-07-02 16:39:22.766769,2.316676,-2.702517,1.415299,-0.002971,1.413342,-0.002971,-2.702517,0
2026-07-02 16:39:22.768465,2.320227,-2.754333,1.415299,-0.002971,1.413342,-0.002971,-2.754333,0
2026-07-02 16:39:22.774937,2.322985,-2.806150,1.415299,-0.002971,1.413342,-0.002971,-2.806150,0
2026-07-02 16:39:22.774937,2.327708,-2.863148,1.415299,-0.002971,1.413342,-0.002971,-2.863148,0
2026-07-02 16:39:22.774937,2.329961,-2.899420,1.415299,-0.002971,1.418524,-0.002971,-2.899420,0
2026-07-02 16:39:22.774937,2.332319,-2.930510,1.415299,-0.002971,1.413342,-0.002971,-2.930510,0
2026-07-02 16:39:22.782504,2.334615,-2.966781,1.415299,-0.002971,1.418524,-0.002971,-2.966781,0
2026-07-02 16:39:22.782504,2.336931,-2.997871,1.415299,-0.002971,1.413342,-0.002971,-2.997871,0
2026-07-02 16:39:22.782504,2.339187,-3.028961,1.415299,-0.002971,1.413342,-0.002971,-3.028961,0
2026-07-02 16:39:22.782504,2.341562,-3.075596,1.415299,-0.002971,1.413342,-0.002971,-3.075596,0
2026-07-02 16:39:22.792886,2.343938,-3.096323,1.415299,-0.002971,1.413342,-0.002971,-3.096323,0
2026-07-02 16:39:22.792886,2.347041,-3.148139,1.415299,-0.002971,1.413342,-0.002971,-3.148139,0
2026-07-02 16:39:22.797764,2.349464,-3.184411,1.415299,-0.002971,1.413342,-0.002971,-3.184411,0
2026-07-02 16:39:22.797764,2.351915,-3.220683,1.415299,-0.002971,1.418524,-0.002971,-3.220683,0
2026-07-02 16:39:22.803193,2.354325,-3.246591,1.415299,-0.002971,1.413342,-0.002971,-3.246591,0
2026-07-02 16:39:22.803193,2.356644,-3.277681,1.415299,-0.002971,1.418524,-0.002971,-3.277681,0
2026-07-02 16:39:22.803193,2.358885,-3.313952,1.415299,-0.002971,1.413342,-0.002971,-3.313952,0
2026-07-02 16:39:22.803193,2.361116,-3.339860,1.415299,-0.002971,1.418524,-0.002971,-3.339860,0
2026-07-02 16:39:22.803193,2.363334,-3.376132,1.415299,-0.002971,1.413342,-0.002971,-3.376132,0
2026-07-02 16:39:22.813384,2.365566,-3.402040,1.415299,-0.002971,1.418524,-0.002971,-3.402040,0
2026-07-02 16:39:22.813384,2.367831,-3.438312,1.415299,-0.002971,1.413342,-0.002971,-3.438312,0
2026-07-02 16:39:22.813384,2.370061,-3.469402,1.415299,-0.002971,1.413342,-0.002971,-3.469402,0
2026-07-02 16:39:22.820379,2.372277,-3.505674,1.415299,-0.002971,1.418524,-0.002971,-3.505674,0
2026-07-02 16:39:22.823654,2.374630,-3.526401,1.415299,-0.002971,1.413342,-0.002971,-3.526401,0
2026-07-02 16:39:22.828691,2.377934,-3.583399,1.415299,-0.002971,1.418524,-0.002971,-3.583399,0
2026-07-02 16:39:22.829209,2.381852,-3.635215,1.415299,-0.002971,1.413342,-0.002971,-3.635215,0
2026-07-02 16:39:22.833693,2.384147,-3.671487,1.415299,-0.002971,1.413342,-0.002971,-3.671487,0
2026-07-02 16:39:22.833693,2.387649,-3.718122,1.415299,-0.002971,1.413342,-0.002971,-3.718122,0
2026-07-02 16:39:22.833693,2.390040,-3.754394,1.415299,-0.002971,1.413342,-0.002971,-3.754394,0
2026-07-02 16:39:22.833693,2.392433,-3.775120,1.415299,-0.002971,1.413342,-0.002971,-3.775120,0
2026-07-02 16:39:22.844168,2.394787,-3.816573,1.415299,-0.002971,1.413342,-0.002971,-3.816573,0
2026-07-02 16:39:22.844168,2.397292,-3.847663,1.415299,-0.002971,1.418524,-0.002971,-3.847663,0
2026-07-02 16:39:22.844168,2.399713,-3.899480,1.415299,-0.002971,1.413342,-0.002971,-3.899480,0
2026-07-02 16:39:22.844168,2.402119,-3.920207,1.415299,-0.002971,1.413342,-0.002971,-3.920207,0
2026-07-02 16:39:22.844168,2.404391,-3.946115,1.415299,-0.002971,1.413342,-0.002971,-3.946115,0
2026-07-02 16:39:22.854570,2.406705,-3.987568,1.415299,-0.002971,1.413342,-0.002971,-3.987568,0
2026-07-02 16:39:22.854570,2.409091,-4.018658,1.415299,-0.002971,1.418524,-0.002971,-4.018658,0
2026-07-02 16:39:22.854570,2.411404,-4.054930,1.415299,-0.002971,1.418524,-0.002971,-4.054930,0
2026-07-02 16:39:22.854570,2.413676,-4.080838,1.420479,-0.002971,1.418524,-0.002971,-4.080838,0
2026-07-02 16:39:22.865013,2.416123,-4.122291,1.415299,-0.002971,1.413342,-0.002971,-4.122291,0
2026-07-02 16:39:22.865013,2.418395,-4.163744,1.415299,-0.002971,1.413342,-0.002971,-4.163744,0
2026-07-02 16:39:22.865013,2.420789,-4.189653,1.415299,-0.002971,1.413342,-0.002971,-4.189653,0
2026-07-02 16:39:22.865013,2.423227,-4.231106,1.415299,-0.002971,1.413342,-0.002971,-4.231106,0
2026-07-02 16:39:22.865013,2.425624,-4.251832,1.415299,-0.002971,1.413342,-0.002971,-4.251832,0
2026-07-02 16:39:22.875406,2.427981,-4.298468,1.415299,-0.002971,1.413342,-0.002971,-4.298468,0
2026-07-02 16:39:22.875406,2.430566,-4.334739,1.415299,-0.002971,1.413342,-0.002971,-4.334739,0
2026-07-02 16:39:22.875406,2.432954,-4.371011,1.415299,-0.002971,1.418524,-0.002971,-4.371011,0
2026-07-02 16:39:22.875406,2.435401,-4.402101,1.415299,0.002211,1.413342,0.002211,-4.402101,0
2026-07-02 16:39:22.885627,2.437767,-4.433191,1.415299,-0.002971,1.413342,-0.002971,-4.433191,0
2026-07-02 16:39:22.885627,2.440096,-4.469462,1.415299,0.002211,1.413342,0.002211,-4.469462,0
2026-07-02 16:39:22.885627,2.442420,-4.500552,1.415299,-0.002971,1.413342,-0.002971,-4.500552,0
2026-07-02 16:39:22.885627,2.444696,-4.536824,1.415299,0.002211,1.413342,0.002211,-4.536824,0
2026-07-02 16:39:22.895789,2.446902,-4.567914,1.415299,-0.002971,1.413342,-0.002971,-4.567914,0
2026-07-02 16:39:22.898436,2.449357,-4.593822,1.415299,-0.002971,1.413342,-0.002971,-4.593822,0
2026-07-02 16:39:22.898436,2.451612,-4.630094,1.415299,-0.002971,1.418524,-0.002971,-4.630094,0
2026-07-02 16:39:22.898436,2.453948,-4.661184,1.415299,-0.002971,1.418524,-0.002971,-4.661184,0
2026-07-02 16:39:22.905858,2.456697,-4.707819,1.415299,-0.002971,1.413342,-0.002971,-4.707819,0
2026-07-02 16:39:22.906826,2.459291,-4.733727,1.415299,-0.002971,1.413342,-0.002971,-4.733727,0
2026-07-02 16:39:22.906826,2.461791,-4.775180,1.415299,0.002211,1.413342,0.002211,-4.775180,0
2026-07-02 16:39:22.906826,2.464322,-4.816634,1.415299,-0.002971,1.413342,-0.002971,-4.816634,0
2026-07-02 16:39:22.914500,2.466620,-4.837360,1.415299,-0.002971,1.418524,-0.002971,-4.837360,0
2026-07-02 16:39:22.916383,2.468922,-4.878814,1.415299,-0.002971,1.413342,-0.002971,-4.878814,0
2026-07-02 16:39:22.916383,2.471284,-4.915085,1.415299,-0.002971,1.413342,-0.002971,-4.915085,0
2026-07-02 16:39:22.916383,2.473678,-4.940993,1.415299,-0.002971,1.413342,-0.002971,-4.940993,0
2026-07-02 16:39:22.916383,2.476066,-4.977265,1.415299,-0.002971,1.418524,-0.002971,-4.977265,0
2026-07-02 16:39:22.926780,2.478453,-5.008355,1.415299,-0.002971,1.413342,-0.002971,-5.008355,0
2026-07-02 16:39:22.928826,2.481437,-5.060172,1.415299,0.002211,1.413342,0.002211,-5.060172,0
2026-07-02 16:39:22.928826,2.483901,-5.086080,1.415299,-0.002971,1.418524,-0.002971,-5.086080,0
2026-07-02 16:39:22.928826,2.486350,-5.122352,1.415299,-0.002971,1.418524,-0.002971,-5.122352,0
2026-07-02 16:39:22.937181,2.488817,-5.158623,1.415299,-0.002971,1.413342,-0.002971,-5.158623,0
2026-07-02 16:39:22.937181,2.491209,-5.194895,1.415299,-0.002971,1.418524,-0.002971,-5.194895,0
2026-07-02 16:39:22.937181,2.493467,-5.231166,1.415299,-0.002971,1.413342,-0.002971,-5.231166,0
2026-07-02 16:39:22.943639,2.495789,-5.251893,1.415299,-0.002971,1.413342,-0.002971,-5.251893,0
2026-07-02 16:39:22.947327,2.498031,-5.288165,1.415299,-0.002971,1.418524,-0.002971,-5.288165,0
2026-07-02 16:39:22.948844,2.500289,-5.319254,1.415299,-0.002971,1.413342,-0.002971,-5.319254,0
2026-07-02 16:39:22.948844,2.502689,-5.355526,1.415299,-0.002971,1.413342,-0.002971,-5.355526,0
2026-07-02 16:39:22.948844,2.505000,-5.391798,1.415299,-0.002971,1.418524,-0.002971,-5.391798,0
2026-07-02 16:39:22.948844,2.507318,-5.417706,1.415299,-0.002971,1.413342,-0.002971,-5.417706,0
2026-07-02 16:39:22.960262,2.509646,-5.453978,1.415299,-0.002971,1.413342,-0.002971,-5.453978,0
2026-07-02 16:39:22.960262,2.513377,-5.510976,1.415299,-0.002971,1.418524,-0.002971,-5.510976,0
2026-07-02 16:39:22.960262,2.515802,-5.536884,1.415299,-0.002971,1.413342,-0.002971,-5.536884,0
2026-07-02 16:39:22.968278,2.518230,-5.578338,1.415299,-0.002971,1.418524,-0.002971,-5.578338,0
2026-07-02 16:39:22.970657,2.521022,-5.619791,1.415299,-0.002971,1.413342,-0.002971,-5.619791,0
2026-07-02 16:39:22.970657,2.523464,-5.656063,1.415299,-0.002971,1.413342,-0.002971,-5.656063,0
2026-07-02 16:39:22.970657,2.525906,-5.692334,1.415299,-0.002971,1.413342,-0.002971,-5.692334,0
2026-07-02 16:39:22.977664,2.528324,-5.728606,1.415299,-0.002971,1.413342,-0.002971,-5.728606,0
2026-07-02 16:39:22.978729,2.531517,-5.775240,1.415299,-0.002971,1.413342,-0.002971,-5.775240,0
2026-07-02 16:39:22.978729,2.533969,-5.816694,1.415299,-0.002971,1.418524,-0.002971,-5.816694,0
2026-07-02 16:39:22.985698,2.536392,-5.842602,1.415299,-0.002971,1.413342,-0.002971,-5.842602,0
2026-07-02 16:39:22.986822,2.538602,-5.878874,1.415299,-0.002971,1.418524,-0.002971,-5.878874,0
2026-07-02 16:39:22.986822,2.540959,-5.909964,1.415299,-0.002971,1.413342,-0.002971,-5.909964,0
2026-07-02 16:39:22.986822,2.543393,-5.935872,1.415299,-0.002971,1.413342,-0.002971,-5.935872,0
2026-07-02 16:39:22.986822,2.545768,-5.972144,1.415299,-0.002971,1.413342,-0.002971,-5.972144,0
2026-07-02 16:39:22.997993,2.548078,-6.008415,1.415299,-0.002971,1.413342,-0.002971,-6.008415,0
2026-07-02 16:39:23.000539,2.551359,-6.060232,1.415299,0.002211,1.413342,0.002211,-6.060232,0
2026-07-02 16:39:23.000539,2.553726,-6.091322,1.415299,-0.002971,1.413342,-0.002971,-6.091322,0
2026-07-02 16:39:23.000539,2.556074,-6.127594,1.415299,-0.002971,1.413342,-0.002971,-6.127594,0
2026-07-02 16:39:23.006285,2.558429,-6.163865,1.415299,-0.002971,1.413342,-0.002971,-6.163865,0
2026-07-02 16:39:23.006285,2.560755,-6.200137,1.415299,-0.002971,1.413342,-0.002971,-6.200137,0
2026-07-02 16:39:23.006285,2.563077,-6.226045,1.415299,-0.002971,1.413342,-0.002971,-6.226045,0
2026-07-02 16:39:23.006285,2.565378,-6.257135,1.415299,-0.002971,1.413342,-0.002971,-6.257135,0
2026-07-02 16:39:23.016531,2.567682,-6.293406,1.415299,-0.002971,1.413342,-0.002971,-6.293406,0
2026-07-02 16:39:23.017763,2.570393,-6.329678,1.415299,0.002211,1.413342,0.002211,-6.329678,0
2026-07-02 16:39:23.017763,2.572611,-6.365950,1.415299,0.002211,1.413342,0.002211,-6.365950,0
2026-07-02 16:39:23.017763,2.575046,-6.402221,1.415299,-0.002971,1.413342,-0.002971,-6.402221,0
2026-07-02 16:39:23.026694,2.577377,-6.433311,1.415299,-0.002971,1.413342,-0.002971,-6.433311,0
2026-07-02 16:39:23.028380,2.579826,-6.474765,1.415299,-0.002971,1.413342,-0.002971,-6.474765,0
2026-07-02 16:39:23.028380,2.582153,-6.495492,1.415299,-0.002971,1.413342,-0.002971,-6.495492,0
2026-07-02 16:39:23.028380,2.584583,-6.536944,1.415299,-0.002971,1.413342,-0.002971,-6.536944,0
2026-07-02 16:39:23.028380,2.587018,-6.573216,1.415299,-0.002971,1.413342,-0.002971,-6.573216,0
2026-07-02 16:39:23.039214,2.589441,-6.599124,1.415299,-0.002971,1.413342,-0.002971,-6.599124,0
2026-07-02 16:39:23.041224,2.592639,-6.640578,1.415299,-0.002971,1.413342,-0.002971,-6.640578,0
2026-07-02 16:39:23.045246,2.595257,-6.687213,1.415299,-0.002971,1.413342,-0.002971,-6.687213,0
2026-07-02 16:39:23.047256,2.598393,-6.728666,1.415299,-0.002971,1.413342,-0.002971,-6.728666,0
2026-07-02 16:39:23.047256,2.601817,-6.775301,1.415299,-0.002971,1.413342,-0.002971,-6.775301,0
2026-07-02 16:39:23.047256,2.604180,-6.821936,1.415299,-0.002971,1.413342,-0.002971,-6.821936,0
2026-07-02 16:39:23.047256,2.606542,-6.853025,1.415299,-0.002971,1.413342,-0.002971,-6.853025,0
2026-07-02 16:39:23.057748,2.608926,-6.889297,1.415299,-0.002971,1.413342,-0.002971,-6.889297,0
2026-07-02 16:39:23.059027,2.611258,-6.920387,1.415299,-0.002971,1.418524,-0.002971,-6.920387,0
2026-07-02 16:39:23.061692,2.613573,-6.951477,1.415299,-0.002971,1.418524,-0.002971,-6.951477,0
2026-07-02 16:39:23.061692,2.615959,-6.982567,1.415299,-0.002971,1.413342,-0.002971,-6.982567,0
2026-07-02 16:39:23.067789,2.618394,-7.029202,1.415299,-0.002971,1.413342,-0.002971,-7.029202,0
2026-07-02 16:39:23.067789,2.620730,-7.065474,1.415299,-0.002971,1.418524,-0.002971,-7.065474,0
2026-07-02 16:39:23.067789,2.623037,-7.091382,1.415299,-0.002971,1.413342,-0.002971,-7.091382,0
2026-07-02 16:39:23.067789,2.625400,-7.132835,1.415299,0.002211,1.413342,0.002211,-7.132835,0
2026-07-02 16:39:23.067789,2.627834,-7.158744,1.415299,-0.002971,1.413342,-0.002971,-7.158744,0
2026-07-02 16:39:23.078035,2.630183,-7.200197,1.415299,-0.002971,1.413342,-0.002971,-7.200197,0
2026-07-02 16:39:23.078035,2.632579,-7.231287,1.415299,-0.002971,1.413342,-0.002971,-7.231287,0
2026-07-02 16:39:23.078035,2.634929,-7.267559,1.415299,-0.002971,1.418524,-0.002971,-7.267559,0
2026-07-02 16:39:23.078035,2.637540,-7.303830,1.415299,-0.002971,1.418524,-0.002971,-7.303830,0
2026-07-02 16:39:23.088254,2.639844,-7.334920,1.415299,-0.002971,1.413342,-0.002971,-7.334920,0
2026-07-02 16:39:23.093040,2.642460,-7.376373,1.415299,-0.002971,1.413342,-0.002971,-7.376373,0
2026-07-02 16:39:23.095053,2.646051,-7.423008,1.415299,-0.002971,1.413342,-0.002971,-7.423008,0
2026-07-02 16:39:23.096095,2.648370,-7.459280,1.415299,-0.002971,1.413342,-0.002971,-7.459280,0
2026-07-02 16:39:23.101401,2.650726,-7.490370,1.415299,-0.002971,1.413342,-0.002971,-7.490370,0
2026-07-02 16:39:23.103408,2.654673,-7.547368,1.415299,-0.002971,1.418524,-0.002971,-7.547368,0
2026-07-02 16:39:23.106908,2.657012,-7.573277,1.415299,-0.002971,1.418524,-0.002971,-7.573277,0
2026-07-02 16:39:23.108660,2.659597,-7.619911,1.415299,-0.002971,1.418524,-0.002971,-7.619911,0
2026-07-02 16:39:23.110049,2.661881,-7.651001,1.415299,-0.002971,1.413342,-0.002971,-7.651001,0
2026-07-02 16:39:23.112630,2.664360,-7.687273,1.415299,0.002211,1.418524,0.002211,-7.687273,0
2026-07-02 16:39:23.112630,2.666751,-7.718363,1.415299,-0.002971,1.413342,-0.002971,-7.718363,0
2026-07-02 16:39:23.112630,2.669156,-7.754635,1.415299,-0.002971,1.418524,-0.002971,-7.754635,0
2026-07-02 16:39:23.120706,2.671645,-7.796088,1.415299,0.002211,1.418524,0.002211,-7.796088,0
2026-07-02 16:39:23.122723,2.674100,-7.816814,1.415299,0.007391,1.413342,0.007391,-7.816814,0
2026-07-02 16:39:23.124740,2.676605,-7.827178,1.415299,0.007391,1.418524,0.007391,-7.827178,0
2026-07-02 16:39:23.124740,2.678997,-7.832359,1.415299,0.012572,1.418524,0.012572,-7.832359,0
2026-07-02 16:39:23.129243,2.681268,-7.801270,1.415299,0.007391,1.418524,0.007391,-7.801270,0
2026-07-02 16:39:23.133253,2.683906,-7.749453,1.415299,0.007391,1.413342,0.007391,-7.749453,0
2026-07-02 16:39:23.135262,2.686354,-7.697637,1.415299,-0.008152,1.413342,-0.008152,-7.697637,0
2026-07-02 16:39:23.137270,2.688832,-7.640638,1.415299,0.002211,1.418524,0.002211,-7.640638,0
2026-07-02 16:39:23.139016,2.691265,-7.578458,1.415299,0.007391,1.413342,0.007391,-7.578458,0
2026-07-02 16:39:23.139016,2.693652,-7.542187,1.415299,0.007391,1.418524,0.007391,-7.542187,0
2026-07-02 16:39:23.139016,2.696072,-7.485188,1.415299,0.007391,1.413342,0.007391,-7.485188,0
2026-07-02 16:39:23.139016,2.698470,-7.443735,1.415299,0.007391,1.413342,0.007391,-7.443735,0
2026-07-02 16:39:23.149967,2.700969,-7.381555,1.415299,0.007391,1.413342,0.007391,-7.381555,0
2026-07-02 16:39:23.151982,2.703383,-7.334920,1.415299,0.002211,1.413342,0.002211,-7.334920,0
2026-07-02 16:39:23.151982,2.705923,-7.293467,1.415299,0.007391,1.413342,0.007391,-7.293467,0
2026-07-02 16:39:23.151982,2.708341,-7.241651,1.415299,0.007391,1.418524,0.007391,-7.241651,0
2026-07-02 16:39:23.159641,2.710744,-7.205379,1.410120,0.007391,1.413342,0.007391,-7.205379,0
2026-07-02 16:39:23.161653,2.713160,-7.148380,1.415299,0.007391,1.418524,0.007391,-7.148380,0
2026-07-02 16:39:23.163662,2.715566,-7.096564,1.415299,0.007391,1.413342,0.007391,-7.096564,0
2026-07-02 16:39:23.165674,2.718110,-7.060292,1.415299,0.007391,1.413342,0.007391,-7.060292,0
2026-07-02 16:39:23.169784,2.720876,-6.998112,1.415299,0.007391,1.418524,0.007391,-6.998112,0
2026-07-02 16:39:23.169784,2.723587,-6.941114,1.415299,0.007391,1.418524,0.007391,-6.941114,0
2026-07-02 16:39:23.169784,2.726346,-6.884116,1.410120,0.007391,1.413342,0.007391,-6.884116,0
2026-07-02 16:39:23.179006,2.729147,-6.821936,1.415299,0.007391,1.413342,0.007391,-6.821936,0
2026-07-02 16:39:23.182089,2.731781,-6.775301,1.415299,0.007391,1.413342,0.007391,-6.775301,0
2026-07-02 16:39:23.185927,2.735522,-6.697576,1.415299,0.007391,1.413342,0.007391,-6.697576,0
2026-07-02 16:39:23.187387,2.739360,-6.619851,1.415299,0.007391,1.413342,0.007391,-6.619851,0
2026-07-02 16:39:23.191222,2.742076,-6.562853,1.415299,0.007391,1.413342,0.007391,-6.562853,0
2026-07-02 16:39:23.194537,2.744669,-6.511036,1.415299,0.007391,1.413342,0.007391,-6.511036,0
2026-07-02 16:39:23.196254,2.747865,-6.448856,1.415299,0.007391,1.418524,0.007391,-6.448856,0
2026-07-02 16:39:23.199801,2.750493,-6.412585,1.415299,0.007391,1.418524,0.007391,-6.412585,0
2026-07-02 16:39:23.202907,2.753092,-6.345223,1.415299,0.007391,1.413342,0.007391,-6.345223,0
2026-07-02 16:39:23.203955,2.756171,-6.288225,1.415299,0.007391,1.413342,0.007391,-6.288225,0
2026-07-02 16:39:23.203955,2.758927,-6.231226,1.415299,0.007391,1.418524,0.007391,-6.231226,0
2026-07-02 16:39:23.212348,2.761677,-6.179410,1.415299,0.007391,1.413342,0.007391,-6.179410,0
2026-07-02 16:39:23.216073,2.765170,-6.101685,1.415299,0.007391,1.418524,0.007391,-6.101685,0
2026-07-02 16:39:23.216073,2.769192,-6.023960,1.415299,0.007391,1.413342,0.007391,-6.023960,0
2026-07-02 16:39:23.222376,2.772009,-5.972144,1.415299,0.007391,1.413342,0.007391,-5.972144,0
2026-07-02 16:39:23.223111,2.775362,-5.894419,1.415299,0.007391,1.413342,0.007391,-5.894419,0
2026-07-02 16:39:23.223111,2.778083,-5.847784,1.420479,0.007391,1.413342,0.007391,-5.847784,0
2026-07-02 16:39:23.228742,2.781432,-5.785604,1.415299,0.007391,1.413342,0.007391,-5.785604,0
2026-07-02 16:39:23.231524,2.784337,-5.733788,1.415299,0.007391,1.413342,0.007391,-5.733788,0
2026-07-02 16:39:23.231524,2.787087,-5.666426,1.415299,0.007391,1.418524,0.007391,-5.666426,0
2026-07-02 16:39:23.231524,2.789755,-5.624972,1.415299,0.007391,1.413342,0.007391,-5.624972,0
2026-07-02 16:39:23.242942,2.792499,-5.557611,1.415299,0.007391,1.413342,0.007391,-5.557611,0
2026-07-02 16:39:23.245291,2.795951,-5.495431,1.415299,0.007391,1.413342,0.007391,-5.495431,0
2026-07-02 16:39:23.249364,2.799607,-5.417706,1.415299,0.002211,1.418524,0.002211,-5.417706,0
2026-07-02 16:39:23.251947,2.802347,-5.371071,1.415299,0.007391,1.413342,0.007391,-5.371071,0
2026-07-02 16:39:23.251947,2.805150,-5.319254,1.415299,0.007391,1.413342,0.007391,-5.319254,0
2026-07-02 16:39:23.251947,2.807867,-5.246711,1.415299,0.007391,1.418524,0.007391,-5.246711,0
2026-07-02 16:39:23.251947,2.810600,-5.200077,1.415299,0.007391,1.413342,0.007391,-5.200077,0
2026-07-02 16:39:23.262992,2.813457,-5.143078,1.415299,0.007391,1.413342,0.007391,-5.143078,0
2026-07-02 16:39:23.262992,2.815973,-5.086080,1.415299,0.007391,1.413342,0.007391,-5.086080,0
2026-07-02 16:39:23.262992,2.818725,-5.044627,1.415299,0.007391,1.418524,0.007391,-5.044627,0
2026-07-02 16:39:23.270676,2.821532,-4.987628,1.415299,0.007391,1.413342,0.007391,-4.987628,0
2026-07-02 16:39:23.275955,2.824470,-4.920267,1.415299,0.007391,1.413342,0.007391,-4.920267,0
2026-07-02 16:39:23.277980,2.829487,-4.826997,1.415299,0.002211,1.418524,0.002211,-4.826997,0
2026-07-02 16:39:23.277980,2.832127,-4.764817,1.415299,0.007391,1.418524,0.007391,-4.764817,0
2026-07-02 16:39:23.284848,2.834883,-4.718182,1.415299,0.007391,1.413342,0.007391,-4.718182,0
2026-07-02 16:39:23.287390,2.837585,-4.671547,1.415299,0.007391,1.413342,0.007391,-4.671547,0
2026-07-02 16:39:23.287390,2.840138,-4.614549,1.415299,0.007391,1.413342,0.007391,-4.614549,0
2026-07-02 16:39:23.292981,2.842896,-4.557550,1.415299,0.007391,1.418524,0.007391,-4.557550,0
2026-07-02 16:39:23.293833,2.845852,-4.510916,1.415299,0.007391,1.418524,0.007391,-4.510916,0
2026-07-02 16:39:23.293833,2.848479,-4.443554,1.415299,0.007391,1.413342,0.007391,-4.443554,0
2026-07-02 16:39:23.300148,2.851213,-4.396919,1.415299,0.002211,1.413342,0.002211,-4.396919,0
2026-07-02 16:39:23.306016,2.853981,-4.345103,1.415299,0.007391,1.413342,0.007391,-4.345103,0
2026-07-02 16:39:23.309228,2.858852,-4.236288,1.415299,0.007391,1.418524,0.007391,-4.236288,0
2026-07-02 16:39:23.309228,2.862453,-4.168926,1.415299,0.007391,1.413342,0.007391,-4.168926,0
2026-07-02 16:39:23.314478,2.865172,-4.106746,1.415299,0.007391,1.418524,0.007391,-4.106746,0
2026-07-02 16:39:23.315914,2.867835,-4.075656,1.415299,0.007391,1.413342,0.007391,-4.075656,0
2026-07-02 16:39:23.315914,2.870553,-4.008295,1.415299,0.007391,1.418524,0.007391,-4.008295,0
2026-07-02 16:39:23.315914,2.873201,-3.961660,1.415299,0.007391,1.413342,0.007391,-3.961660,0
2026-07-02 16:39:23.324628,2.876060,-3.894298,1.415299,0.007391,1.418524,0.007391,-3.894298,0
2026-07-02 16:39:23.327388,2.878834,-3.842482,1.415299,0.007391,1.413342,0.007391,-3.842482,0
2026-07-02 16:39:23.330160,2.881660,-3.785483,1.415299,0.007391,1.418524,0.007391,-3.785483,0
2026-07-02 16:39:23.334220,2.884334,-3.749212,1.415299,-0.002971,1.413342,-0.002971,-3.749212,0
2026-07-02 16:39:23.338961,2.887872,-3.676669,1.415299,-0.002971,1.413342,-0.002971,-3.676669,0
2026-07-02 16:39:23.340771,2.892258,-3.619670,1.415299,-0.002971,1.413342,-0.002971,-3.619670,0
2026-07-02 16:39:23.344336,2.895000,-3.588580,1.415299,-0.008152,1.413342,-0.008152,-3.588580,0
2026-07-02 16:39:23.345893,2.898266,-3.547127,1.415299,-0.008152,1.413342,-0.008152,-3.547127,0
2026-07-02 16:39:23.345893,2.901003,-3.521219,1.415299,-0.002971,1.418524,-0.002971,-3.521219,0
2026-07-02 16:39:23.345893,2.903646,-3.510855,1.415299,-0.002971,1.413342,-0.002971,-3.510855,0
2026-07-02 16:39:23.355202,2.906340,-3.490129,1.415299,-0.008152,1.413342,-0.008152,-3.490129,0
2026-07-02 16:39:23.357743,2.908943,-3.453857,1.415299,0.007391,1.418524,0.007391,-3.453857,0
2026-07-02 16:39:23.357743,2.911722,-3.422767,1.415299,0.007391,1.413342,0.007391,-3.422767,0
2026-07-02 16:39:23.365108,2.914707,-3.427949,1.415299,0.002211,1.418524,0.002211,-3.427949,0
2026-07-02 16:39:23.369145,2.919129,-3.402040,1.415299,0.002211,1.413342,0.002211,-3.402040,0
2026-07-02 16:39:23.371719,2.922970,-3.396859,1.415299,0.007391,1.413342,0.007391,-3.396859,0
2026-07-02 16:39:23.374509,2.925672,-3.396859,1.410120,0.007391,1.413342,0.007391,-3.396859,0
2026-07-02 16:39:23.374509,2.928356,-3.381314,1.415299,0.007391,1.418524,0.007391,-3.381314,0
2026-07-02 16:39:23.379157,2.931398,-3.365769,1.415299,0.007391,1.413342,0.007391,-3.365769,0
2026-07-02 16:39:23.379157,2.934034,-3.365769,1.415299,0.007391,1.418524,0.007391,-3.365769,0
2026-07-02 16:39:23.384582,2.936652,-3.360587,1.415299,0.007391,1.418524,0.007391,-3.360587,0
2026-07-02 16:39:23.388141,2.939778,-3.355406,1.415299,0.007391,1.413342,0.007391,-3.355406,0
2026-07-02 16:39:23.388141,2.942431,-3.370951,1.415299,0.007391,1.413342,0.007391,-3.370951,0
2026-07-02 16:39:23.396136,2.945089,-3.360587,1.415299,0.007391,1.418524,0.007391,-3.360587,0
2026-07-02 16:39:23.401693,2.949403,-3.360587,1.415299,0.007391,1.413342,0.007391,-3.360587,0
2026-07-02 16:39:23.402904,2.954447,-3.339860,1.415299,0.007391,1.413342,0.007391,-3.339860,0
2026-07-02 16:39:23.404978,2.957083,-3.350224,1.415299,0.007391,1.413342,0.007391,-3.350224,0
2026-07-02 16:39:23.404978,2.959785,-3.345042,1.415299,0.007391,1.418524,0.007391,-3.345042,0
2026-07-02 16:39:23.404978,2.962435,-3.339860,1.415299,0.007391,1.413342,0.007391,-3.339860,0
2026-07-02 16:39:23.413405,2.965000,-3.350224,1.415299,0.007391,1.413342,0.007391,-3.350224,0
2026-07-02 16:39:23.415968,2.967558,-3.345042,1.415299,0.007391,1.418524,0.007391,-3.345042,0
2026-07-02 16:39:23.417985,2.970146,-3.350224,1.415299,0.007391,1.418524,0.007391,-3.350224,0
2026-07-02 16:39:23.420821,2.973048,-3.339860,1.415299,0.007391,1.413342,0.007391,-3.339860,0
2026-07-02 16:39:23.426091,2.975681,-3.339860,1.415299,0.007391,1.418524,0.007391,-3.339860,0
2026-07-02 16:39:23.429686,2.979460,-3.339860,1.415299,0.007391,1.418524,0.007391,-3.339860,0
2026-07-02 16:39:23.431128,2.982686,-3.329497,1.415299,0.007391,1.418524,0.007391,-3.329497,0
2026-07-02 16:39:23.433150,2.985349,-3.334679,1.415299,0.007391,1.418524,0.007391,-3.334679,0
2026-07-02 16:39:23.437361,2.988004,-3.324316,1.415299,0.007391,1.418524,0.007391,-3.324316,0
2026-07-02 16:39:23.437361,2.990850,-3.324316,1.415299,0.007391,1.413342,0.007391,-3.324316,0
2026-07-02 16:39:23.437361,2.993587,-3.324316,1.415299,0.007391,1.413342,0.007391,-3.324316,0
2026-07-02 16:39:23.445754,2.996247,-3.324316,1.415299,0.007391,1.418524,0.007391,-3.324316,0
2026-07-02 16:39:23.445754,2.998779,-3.329497,1.415299,0.007391,1.418524,0.007391,-3.329497,0
2026-07-02 16:39:23.445754,3.001379,-3.329497,1.415299,0.007391,1.413342,0.007391,-3.329497,0
2026-07-02 16:39:23.445754,3.004011,-3.319134,1.415299,0.007391,1.413342,0.007391,-3.319134,0
2026-07-02 16:39:23.457455,3.006571,-3.329497,1.415299,0.007391,1.413342,0.007391,-3.329497,0
2026-07-02 16:39:23.460903,3.010386,-3.324316,1.415299,0.007391,1.413342,0.007391,-3.324316,0
2026-07-02 16:39:23.463437,3.014674,-3.319134,1.415299,0.007391,1.418524,0.007391,-3.319134,0
2026-07-02 16:39:23.466477,3.017301,-3.324316,1.415299,0.007391,1.413342,0.007391,-3.324316,0
2026-07-02 16:39:23.466477,3.019979,-3.319134,1.415299,0.007391,1.413342,0.007391,-3.319134,0
2026-07-02 16:39:23.466477,3.023078,-3.319134,1.415299,0.007391,1.413342,0.007391,-3.319134,0
2026-07-02 16:39:23.466477,3.025723,-3.324316,1.415299,0.007391,1.413342,0.007391,-3.324316,0
2026-07-02 16:39:23.476756,3.028326,-3.319134,1.415299,0.007391,1.413342,0.007391,-3.319134,0
2026-07-02 16:39:23.476756,3.031295,-3.319134,1.415299,0.007391,1.413342,0.007391,-3.319134,0
2026-07-02 16:39:23.476756,3.033938,-3.319134,1.415299,0.002211,1.418524,0.002211,-3.319134,0
2026-07-02 16:39:23.476756,3.036549,-3.324316,1.415299,0.002211,1.418524,0.002211,-3.324316,0
2026-07-02 16:39:23.489710,3.039208,-3.324316,1.415299,0.007391,1.413342,0.007391,-3.324316,0
2026-07-02 16:39:23.492956,3.042572,-3.319134,1.415299,0.007391,1.413342,0.007391,-3.319134,0
2026-07-02 16:39:23.492956,3.046265,-3.319134,1.415299,0.007391,1.413342,0.007391,-3.319134,0
2026-07-02 16:39:23.499640,3.048892,-3.319134,1.415299,0.007391,1.413342,0.007391,-3.319134,0
2026-07-02 16:39:23.501670,3.052582,-3.324316,1.415299,0.002211,1.418524,0.002211,-3.324316,0
2026-07-02 16:39:23.503747,3.055184,-3.313952,1.415299,0.007391,1.413342,0.007391,-3.313952,0
2026-07-02 16:39:23.505514,3.057866,-3.319134,1.415299,0.002211,1.413342,0.002211,-3.319134,0
2026-07-02 16:39:23.505514,3.060556,-3.319134,1.415299,0.002211,1.413342,0.002211,-3.319134,0
2026-07-02 16:39:23.512414,3.063192,-3.319134,1.415299,0.002211,1.413342,0.002211,-3.319134,0
2026-07-02 16:39:23.512414,3.065863,-3.319134,1.415299,0.002211,1.413342,0.002211,-3.319134,0
2026-07-02 16:39:23.520561,3.068493,-3.319134,1.415299,0.002211,1.413342,0.002211,-3.319134,0
2026-07-02 16:39:23.522581,3.073616,-3.319134,1.415299,0.002211,1.413342,0.002211,-3.319134,0
2026-07-02 16:39:23.527091,3.076168,-3.319134,1.415299,0.002211,1.413342,0.002211,-3.319134,0
2026-07-02 16:39:23.534972,3.081367,-3.319134,1.415299,0.002211,1.413342,0.002211,-3.319134,0
2026-07-02 16:39:23.554096,3.087777,-3.308771,1.415299,0.002211,1.418524,0.002211,-3.308771,0
2026-07-02 16:39:23.555371,3.106994,-3.313952,1.415299,-0.002971,1.418524,-0.002971,-3.313952,0
2026-07-02 16:39:23.558395,3.109482,-3.308771,1.415299,0.002211,1.413342,0.002211,-3.308771,0
2026-07-02 16:39:23.560908,3.111836,-3.308771,1.415299,0.002211,1.413342,0.002211,-3.308771,0
2026-07-02 16:39:23.562647,3.114182,-3.313952,1.415299,0.002211,1.413342,0.002211,-3.313952,0
2026-07-02 16:39:23.564666,3.116469,-3.313952,1.415299,-0.002971,1.418524,-0.002971,-3.313952,0
2026-07-02 16:39:23.570278,3.118803,-3.313952,1.415299,-0.002971,1.413342,-0.002971,-3.313952,0
2026-07-02 16:39:23.573559,3.123410,-3.303589,1.415299,0.002211,1.413342,0.002211,-3.303589,0
2026-07-02 16:39:23.575572,3.126334,-3.303589,1.415299,-0.002971,1.413342,-0.002971,-3.303589,0
2026-07-02 16:39:23.577965,3.128703,-3.303589,1.415299,-0.002971,1.413342,-0.002971,-3.303589,0
2026-07-02 16:39:23.581144,3.131402,-3.308771,1.415299,-0.002971,1.413342,-0.002971,-3.308771,0
2026-07-02 16:39:23.585167,3.134719,-3.303589,1.415299,-0.002971,1.418524,-0.002971,-3.303589,0
2026-07-02 16:39:23.587176,3.138745,-3.303589,1.415299,-0.002971,1.418524,-0.002971,-3.303589,0
2026-07-02 16:39:23.589303,3.141104,-3.303589,1.415299,-0.002971,1.413342,-0.002971,-3.303589,0
2026-07-02 16:39:23.591819,3.143449,-3.303589,1.415299,-0.002971,1.418524,-0.002971,-3.303589,0
2026-07-02 16:39:23.595273,3.145764,-3.303589,1.415299,-0.002971,1.418524,-0.002971,-3.303589,0
2026-07-02 16:39:23.598748,3.148616,-3.303589,1.415299,-0.002971,1.418524,-0.002971,-3.303589,0
2026-07-02 16:39:23.600762,3.152280,-3.303589,1.415299,-0.002971,1.418524,-0.002971,-3.303589,0
2026-07-02 16:39:23.604143,3.154626,-3.308771,1.415299,-0.002971,1.413342,-0.002971,-3.308771,0
2026-07-02 16:39:23.604885,3.157101,-3.303589,1.415299,-0.002971,1.413342,-0.002971,-3.303589,0
2026-07-02 16:39:23.607562,3.159384,-3.303589,1.415299,-0.002971,1.413342,-0.002971,-3.303589,0
2026-07-02 16:39:23.610079,3.161668,-3.303589,1.415299,-0.002971,1.418524,-0.002971,-3.303589,0
2026-07-02 16:39:23.612765,3.164020,-3.298408,1.415299,-0.002971,1.413342,-0.002971,-3.298408,0
2026-07-02 16:39:23.615279,3.167134,-3.303589,1.415299,-0.002971,1.413342,-0.002971,-3.303589,0
2026-07-02 16:39:23.617837,3.169403,-3.303589,1.415299,-0.002971,1.418524,-0.002971,-3.303589,0
2026-07-02 16:39:23.620987,3.171771,-3.303589,1.415299,-0.002971,1.418524,-0.002971,-3.303589,0
2026-07-02 16:39:23.622527,3.174227,-3.303589,1.415299,-0.002971,1.413342,-0.002971,-3.303589,0
2026-07-02 16:39:23.625038,3.176692,-3.303589,1.415299,-0.008152,1.418524,-0.008152,-3.303589,0
2026-07-02 16:39:23.629151,3.179091,-3.303589,1.415299,-0.008152,1.413342,-0.008152,-3.303589,0
2026-07-02 16:39:23.631871,3.181848,-3.303589,1.415299,-0.002971,1.418524,-0.002971,-3.303589,0
2026-07-02 16:39:23.632781,3.184617,-3.303589,1.415299,-0.002971,1.413342,-0.002971,-3.303589,0
2026-07-02 16:39:23.641853,3.187110,-3.303589,1.415299,-0.002971,1.413342,-0.002971,-3.303589,0
2026-07-02 16:39:23.647803,3.195660,-3.303589,1.415299,-0.002971,1.413342,-0.002971,-3.303589,0
2026-07-02 16:39:23.649296,3.200904,-3.303589,1.415299,-0.008152,1.413342,-0.008152,-3.303589,0
2026-07-02 16:39:23.651822,3.203429,-3.303589,1.415299,-0.002971,1.413342,-0.002971,-3.303589,0
2026-07-02 16:39:23.655148,3.206890,-3.303589,1.415299,-0.002971,1.418524,-0.002971,-3.303589,0
2026-07-02 16:39:23.658248,3.209354,-3.298408,1.415299,-0.002971,1.413342,-0.002971,-3.298408,0
2026-07-02 16:39:23.660076,3.211686,-3.298408,1.415299,-0.002971,1.413342,-0.002971,-3.298408,0
2026-07-02 16:39:23.662723,3.214041,-3.298408,1.415299,-0.008152,1.413342,-0.008152,-3.298408,0
2026-07-02 16:39:23.664738,3.216349,-3.298408,1.415299,-0.002971,1.413342,-0.002971,-3.298408,0
2026-07-02 16:39:23.668154,3.218670,-3.298408,1.415299,-0.008152,1.413342,-0.008152,-3.298408,0
2026-07-02 16:39:23.670298,3.221392,-3.298408,1.415299,-0.008152,1.418524,-0.008152,-3.298408,0
2026-07-02 16:39:23.671907,3.223737,-3.298408,1.415299,-0.008152,1.413342,-0.008152,-3.298408,0
2026-07-02 16:39:23.674431,3.226091,-3.298408,1.415299,-0.008152,1.413342,-0.008152,-3.298408,0
2026-07-02 16:39:23.676588,3.228438,-3.298408,1.415299,-0.008152,1.413342,-0.008152,-3.298408,0
2026-07-02 16:39:23.679394,3.230795,-3.298408,1.415299,-0.008152,1.413342,-0.008152,-3.298408,0
2026-07-02 16:39:23.681997,3.233778,-3.298408,1.415299,-0.008152,1.418524,-0.008152,-3.298408,0
2026-07-02 16:39:23.687198,3.236583,-3.298408,1.415299,-0.008152,1.418524,-0.008152,-3.298408,0
2026-07-02 16:39:23.691562,3.240191,-3.298408,1.415299,-0.008152,1.418524,-0.008152,-3.298408,0
2026-07-02 16:39:23.696596,3.245758,-3.288044,1.415299,-0.008152,1.418524,-0.008152,-3.288044,0
2026-07-02 16:39:23.700537,3.249698,-3.288044,1.415299,-0.002971,1.413342,-0.002971,-3.288044,0
2026-07-02 16:39:23.708102,3.255217,-3.282862,1.415299,-0.008152,1.413342,-0.008152,-3.282862,0
2026-07-02 16:39:23.716141,3.261788,-3.288044,1.415299,-0.002971,1.413342,-0.002971,-3.288044,0
2026-07-02 16:39:23.720996,3.269345,-3.288044,1.415299,-0.008152,1.413342,-0.008152,-3.288044,0
2026-07-02 16:39:23.724503,3.274496,-3.288044,1.415299,-0.008152,1.418524,-0.008152,-3.288044,0
2026-07-02 16:39:23.727666,3.277671,-3.288044,1.415299,-0.008152,1.418524,-0.008152,-3.288044,0
2026-07-02 16:39:23.732454,3.281753,-3.288044,1.415299,-0.008152,1.413342,-0.008152,-3.288044,0
2026-07-02 16:39:23.748200,3.287285,-3.288044,1.415299,-0.002971,1.413342,-0.002971,-3.288044,0
2026-07-02 16:39:23.758280,3.301767,-3.282862,1.415299,-0.008152,1.413342,-0.008152,-3.282862,0
2026-07-02 16:39:23.760806,3.312560,-3.282862,1.415299,-0.008152,1.413342,-0.008152,-3.282862,0
2026-07-02 16:39:23.764833,3.315165,-3.282862,1.415299,-0.002971,1.418524,-0.002971,-3.282862,0
2026-07-02 16:39:23.766850,3.317532,-3.282862,1.415299,-0.008152,1.413342,-0.008152,-3.282862,0
2026-07-02 16:39:23.769455,3.319890,-3.282862,1.415299,-0.002971,1.413342,-0.002971,-3.282862,0
2026-07-02 16:39:23.771915,3.322538,-3.282862,1.415299,-0.002971,1.418524,-0.002971,-3.282862,0
2026-07-02 16:39:23.772911,3.324884,-3.282862,1.415299,-0.008152,1.413342,-0.008152,-3.282862,0
2026-07-02 16:39:23.775506,3.327270,-3.282862,1.415299,-0.002971,1.413342,-0.002971,-3.282862,0
2026-07-02 16:39:23.779026,3.329675,-3.282862,1.415299,-0.008152,1.413342,-0.008152,-3.282862,0
2026-07-02 16:39:23.781670,3.332147,-3.282862,1.415299,-0.002971,1.413342,-0.002971,-3.282862,0
2026-07-02 16:39:23.783682,3.334596,-3.282862,1.415299,-0.002971,1.413342,-0.002971,-3.282862,0
2026-07-02 16:39:23.787700,3.337119,-3.282862,1.415299,-0.002971,1.413342,-0.002971,-3.282862,0
2026-07-02 16:39:23.790548,3.341123,-3.282862,1.415299,-0.002971,1.413342,-0.002971,-3.282862,0
2026-07-02 16:39:23.791720,3.343763,-3.282862,1.415299,-0.008152,1.413342,-0.008152,-3.282862,0
2026-07-02 16:39:23.795762,3.346190,-3.282862,1.415299,-0.008152,1.418524,-0.008152,-3.282862,0
2026-07-02 16:39:23.797779,3.348559,-3.277681,1.415299,-0.008152,1.418524,-0.008152,-3.277681,0
2026-07-02 16:39:23.799801,3.350989,-3.282862,1.415299,-0.008152,1.413342,-0.008152,-3.282862,0
2026-07-02 16:39:23.801813,3.353574,-3.277681,1.415299,-0.002971,1.418524,-0.002971,-3.277681,0
2026-07-02 16:39:23.804329,3.356076,-3.282862,1.415299,-0.002971,1.413342,-0.002971,-3.282862,0
2026-07-02 16:39:23.808346,3.358629,-3.282862,1.415299,-0.002971,1.418524,-0.002971,-3.282862,0
2026-07-02 16:39:23.809353,3.361061,-3.277681,1.415299,-0.008152,1.413342,-0.008152,-3.277681,0
2026-07-02 16:39:23.811358,3.363474,-3.277681,1.415299,-0.008152,1.418524,-0.008152,-3.277681,0
2026-07-02 16:39:23.815377,3.365907,-3.282862,1.415299,-0.002971,1.413342,-0.002971,-3.282862,0
2026-07-02 16:39:23.817385,3.368334,-3.277681,1.415299,-0.002971,1.418524,-0.002971,-3.277681,0
2026-07-02 16:39:23.819393,3.370739,-3.277681,1.415299,-0.008152,1.418524,-0.008152,-3.277681,0
2026-07-02 16:39:23.822588,3.373056,-3.282862,1.415299,-0.002971,1.413342,-0.002971,-3.282862,0
2026-07-02 16:39:23.824584,3.375711,-3.282862,1.415299,-0.008152,1.418524,-0.008152,-3.282862,0
2026-07-02 16:39:23.827104,3.378146,-3.282862,1.415299,-0.008152,1.418524,-0.008152,-3.282862,0
2026-07-02 16:39:23.829125,3.380563,-3.282862,1.415299,-0.008152,1.413342,-0.008152,-3.282862,0
2026-07-02 16:39:23.831226,3.382907,-3.277681,1.415299,-0.002971,1.413342,-0.002971,-3.277681,0
2026-07-02 16:39:23.833403,3.385230,-3.282862,1.415299,-0.002971,1.413342,-0.002971,-3.282862,0
2026-07-02 16:39:23.835921,3.387537,-3.282862,1.415299,-0.008152,1.413342,-0.008152,-3.282862,0
2026-07-02 16:39:23.839557,3.390000,-3.282862,1.415299,-0.008152,1.413342,-0.008152,-3.282862,0
2026-07-02 16:39:23.840687,3.392402,-3.282862,1.415299,-0.002971,1.413342,-0.002971,-3.282862,0
2026-07-02 16:39:23.843206,3.394718,-3.277681,1.415299,-0.008152,1.413342,-0.008152,-3.277681,0
2026-07-02 16:39:23.845855,3.397023,-3.282862,1.415299,-0.008152,1.413342,-0.008152,-3.282862,0
2026-07-02 16:39:23.847138,3.399387,-3.272499,1.415299,-0.002971,1.418524,-0.002971,-3.272499,0
2026-07-02 16:39:23.849763,3.401796,-3.277681,1.415299,-0.002971,1.418524,-0.002971,-3.277681,0
2026-07-02 16:39:23.853596,3.404216,-3.272499,1.415299,-0.008152,1.413342,-0.008152,-3.272499,0
2026-07-02 16:39:23.856262,3.406569,-3.277681,1.415299,-0.008152,1.418524,-0.008152,-3.277681,0
2026-07-02 16:39:23.857255,3.408995,-3.272499,1.415299,-0.002971,1.413342,-0.002971,-3.272499,0
2026-07-02 16:39:23.860275,3.411426,-3.272499,1.415299,-0.002971,1.413342,-0.002971,-3.272499,0
2026-07-02 16:39:23.862495,3.414089,-3.277681,1.415299,-0.002971,1.413342,-0.002971,-3.277681,0
2026-07-02 16:39:23.864746,3.416510,-3.277681,1.415299,-0.008152,1.418524,-0.008152,-3.277681,0
2026-07-02 16:39:23.866753,3.418972,-3.277681,1.415299,-0.008152,1.413342,-0.008152,-3.277681,0
2026-07-02 16:39:23.870935,3.421378,-3.277681,1.415299,-0.002971,1.413342,-0.002971,-3.277681,0
2026-07-02 16:39:23.872418,3.423708,-3.272499,1.415299,-0.008152,1.413342,-0.008152,-3.272499,0
2026-07-02 16:39:23.874934,3.426049,-3.277681,1.415299,-0.002971,1.413342,-0.002971,-3.277681,0
2026-07-02 16:39:23.877450,3.428355,-3.272499,1.415299,-0.002971,1.413342,-0.002971,-3.272499,0
2026-07-02 16:39:23.880726,3.430659,-3.277681,1.415299,-0.008152,1.413342,-0.008152,-3.277681,0
2026-07-02 16:39:23.882736,3.433467,-3.277681,1.415299,-0.002971,1.413342,-0.002971,-3.277681,0
2026-07-02 16:39:23.884702,3.436072,-3.272499,1.415299,-0.002971,1.413342,-0.002971,-3.272499,0
2026-07-02 16:39:23.884702,3.438428,-3.272499,1.415299,-0.008152,1.418524,-0.008152,-3.272499,0
2026-07-02 16:39:23.889744,3.440786,-3.277681,1.415299,-0.002971,1.413342,-0.002971,-3.277681,0
2026-07-02 16:39:23.892547,3.443261,-3.272499,1.415299,-0.008152,1.418524,-0.008152,-3.272499,0
2026-07-02 16:39:23.894944,3.445611,-3.277681,1.415299,-0.008152,1.413342,-0.008152,-3.277681,0
2026-07-02 16:39:23.896173,3.448023,-3.272499,1.415299,-0.008152,1.418524,-0.008152,-3.272499,0
2026-07-02 16:39:23.899935,3.450436,-3.277681,1.415299,-0.002971,1.413342,-0.002971,-3.277681,0
2026-07-02 16:39:23.899935,3.452895,-3.272499,1.415299,-0.002971,1.413342,-0.002971,-3.272499,0
2026-07-02 16:39:23.904422,3.455244,-3.267317,1.415299,-0.002971,1.413342,-0.002971,-3.267317,0
2026-07-02 16:39:23.907018,3.457467,-3.262136,1.415299,-0.002971,1.413342,-0.002971,-3.262136,0
2026-07-02 16:39:23.907018,3.459952,-3.267317,1.415299,-0.002971,1.413342,-0.002971,-3.267317,0
2026-07-02 16:39:23.910117,3.462339,-3.262136,1.415299,-0.002971,1.413342,-0.002971,-3.262136,0
2026-07-02 16:39:23.913231,3.464678,-3.262136,1.415299,-0.008152,1.413342,-0.008152,-3.262136,0
2026-07-02 16:39:23.916659,3.467050,-3.267317,1.415299,-0.008152,1.413342,-0.008152,-3.267317,0
2026-07-02 16:39:23.916659,3.469631,-3.262136,1.415299,-0.008152,1.413342,-0.008152,-3.262136,0
2026-07-02 16:39:23.920298,3.471964,-3.262136,1.415299,-0.008152,1.418524,-0.008152,-3.262136,0
2026-07-02 16:39:23.920298,3.474350,-3.267317,1.415299,-0.008152,1.413342,-0.008152,-3.267317,0
2026-07-02 16:39:23.920298,3.476784,-3.262136,1.415299,-0.008152,1.418524,-0.008152,-3.262136,0
2026-07-02 16:39:23.920298,3.479094,-3.262136,1.415299,-0.008152,1.418524,-0.008152,-3.262136,0
2026-07-02 16:39:23.930733,3.481461,-3.262136,1.415299,-0.002971,1.413342,-0.002971,-3.262136,0
2026-07-02 16:39:23.930733,3.483707,-3.262136,1.415299,-0.002971,1.418524,-0.002971,-3.262136,0
2026-07-02 16:39:23.930733,3.486002,-3.267317,1.415299,-0.002971,1.413342,-0.002971,-3.267317,0
2026-07-02 16:39:23.930733,3.488360,-3.262136,1.415299,-0.008152,1.413342,-0.008152,-3.262136,0
2026-07-02 16:39:23.930733,3.490791,-3.262136,1.415299,-0.002971,1.418524,-0.002971,-3.262136,0
2026-07-02 16:39:23.941923,3.493068,-3.262136,1.415299,-0.008152,1.418524,-0.008152,-3.262136,0
2026-07-02 16:39:23.945171,3.495386,-3.262136,1.415299,-0.002971,1.413342,-0.002971,-3.262136,0
2026-07-02 16:39:23.947607,3.498329,-3.267317,1.415299,-0.002971,1.413342,-0.002971,-3.267317,0
2026-07-02 16:39:23.948756,3.500679,-3.262136,1.415299,-0.008152,1.413342,-0.008152,-3.262136,0
2026-07-02 16:39:23.952069,3.502956,-3.267317,1.415299,-0.002971,1.418524,-0.002971,-3.267317,0
2026-07-02 16:39:23.953332,3.505245,-3.262136,1.415299,-0.008152,1.418524,-0.008152,-3.262136,0
2026-07-02 16:39:23.955485,3.507419,-3.267317,1.415299,-0.008152,1.413342,-0.008152,-3.267317,0
2026-07-02 16:39:23.957997,3.509660,-3.262136,1.415299,-0.008152,1.413342,-0.008152,-3.262136,0
2026-07-02 16:39:23.960054,3.511879,-3.262136,1.415299,-0.008152,1.413342,-0.008152,-3.262136,0
2026-07-02 16:39:23.961806,3.514171,-3.267317,1.415299,-0.008152,1.413342,-0.008152,-3.267317,0
2026-07-02 16:39:23.964522,3.516440,-3.262136,1.415299,-0.002971,1.413342,-0.002971,-3.262136,0
2026-07-02 16:39:23.966738,3.518680,-3.262136,1.415299,-0.008152,1.413342,-0.008152,-3.262136,0
2026-07-02 16:39:23.968950,3.520903,-3.262136,1.415299,-0.008152,1.413342,-0.008152,-3.262136,0
2026-07-02 16:39:23.971856,3.523144,-3.262136,1.415299,-0.002971,1.413342,-0.002971,-3.262136,0
2026-07-02 16:39:23.971856,3.525644,-3.262136,1.415299,-0.008152,1.413342,-0.008152,-3.262136,0
2026-07-02 16:39:23.971856,3.527984,-3.262136,1.415299,-0.008152,1.413342,-0.008152,-3.262136,0
2026-07-02 16:39:23.971856,3.530324,-3.262136,1.415299,-0.002971,1.413342,-0.002971,-3.262136,0
2026-07-02 16:39:23.981980,3.532609,-3.262136,1.415299,-0.002971,1.413342,-0.002971,-3.262136,0
2026-07-02 16:39:23.984701,3.535145,-3.262136,1.415299,-0.008152,1.418524,-0.008152,-3.262136,0
2026-07-02 16:39:23.986709,3.538371,-3.262136,1.415299,-0.008152,1.413342,-0.008152,-3.262136,0
2026-07-02 16:39:23.992478,3.541214,-3.262136,1.415299,-0.002971,1.413342,-0.002971,-3.262136,0
2026-07-02 16:39:23.992478,3.545500,-3.267317,1.415299,-0.002971,1.413342,-0.002971,-3.267317,0
2026-07-02 16:39:23.996960,3.547710,-3.262136,1.415299,-0.008152,1.418524,-0.008152,-3.262136,0
2026-07-02 16:39:23.996960,3.549991,-3.262136,1.415299,-0.008152,1.418524,-0.008152,-3.262136,0
2026-07-02 16:39:23.996960,3.552333,-3.262136,1.415299,-0.002971,1.413342,-0.002971,-3.262136,0
2026-07-02 16:39:24.004147,3.554573,-3.262136,1.415299,-0.002971,1.413342,-0.002971,-3.262136,0
2026-07-02 16:39:24.005163,3.556894,-3.262136,1.415299,-0.008152,1.418524,-0.008152,-3.262136,0
2026-07-02 16:39:24.007176,3.559355,-3.262136,1.415299,-0.002971,1.413342,-0.002971,-3.262136,0
2026-07-02 16:39:24.009191,3.561776,-3.262136,1.415299,-0.002971,1.413342,-0.002971,-3.262136,0
2026-07-02 16:39:24.013915,3.564185,-3.262136,1.415299,-0.002971,1.413342,-0.002971,-3.262136,0
2026-07-02 16:39:24.015923,3.566613,-3.262136,1.415299,-0.008152,1.418524,-0.008152,-3.262136,0
2026-07-02 16:39:24.017930,3.569022,-3.256954,1.415299,-0.002971,1.413342,-0.002971,-3.256954,0
2026-07-02 16:39:24.019937,3.571433,-3.262136,1.415299,-0.002971,1.418524,-0.002971,-3.262136,0
2026-07-02 16:39:24.023452,3.573850,-3.262136,1.415299,-0.002971,1.413342,-0.002971,-3.262136,0
2026-07-02 16:39:24.023452,3.576248,-3.262136,1.415299,-0.008152,1.413342,-0.008152,-3.262136,0
2026-07-02 16:39:24.023452,3.578675,-3.262136,1.415299,-0.002971,1.413342,-0.002971,-3.262136,0
2026-07-02 16:39:24.029431,3.581017,-3.256954,1.415299,-0.002971,1.413342,-0.002971,-3.256954,0
2026-07-02 16:39:24.029431,3.583565,-3.256954,1.410120,-0.002971,1.413342,-0.002971,-3.256954,0
2026-07-02 16:39:24.035836,3.585958,-3.256954,1.415299,-0.002971,1.413342,-0.002971,-3.256954,0
2026-07-02 16:39:24.037843,3.589636,-3.256954,1.415299,-0.008152,1.418524,-0.008152,-3.256954,0
2026-07-02 16:39:24.039852,3.591904,-3.256954,1.415299,-0.002971,1.413342,-0.002971,-3.256954,0
2026-07-02 16:39:24.042258,3.594141,-3.256954,1.415299,-0.008152,1.413342,-0.008152,-3.256954,0
2026-07-02 16:39:24.045621,3.596369,-3.256954,1.415299,-0.008152,1.413342,-0.008152,-3.256954,0
2026-07-02 16:39:24.045621,3.598765,-3.256954,1.415299,-0.002971,1.413342,-0.002971,-3.256954,0
2026-07-02 16:39:24.050355,3.601000,-3.256954,1.415299,-0.002971,1.413342,-0.002971,-3.256954,0
2026-07-02 16:39:24.053429,3.603681,-3.256954,1.415299,-0.002971,1.413342,-0.002971,-3.256954,0
2026-07-02 16:39:24.053429,3.606621,-3.256954,1.415299,-0.008152,1.413342,-0.008152,-3.256954,0
2026-07-02 16:39:24.053429,3.609058,-3.256954,1.415299,-0.008152,1.413342,-0.008152,-3.256954,0
2026-07-02 16:39:24.060788,3.611462,-3.256954,1.415299,-0.008152,1.413342,-0.008152,-3.256954,0
2026-07-02 16:39:24.060788,3.613904,-3.262136,1.415299,-0.002971,1.413342,-0.002971,-3.262136,0
2026-07-02 16:39:24.060788,3.616394,-3.256954,1.415299,-0.008152,1.413342,-0.008152,-3.256954,0
2026-07-02 16:39:24.060788,3.618997,-3.256954,1.415299,-0.008152,1.418524,-0.008152,-3.256954,0
2026-07-02 16:39:24.073879,3.621375,-3.262136,1.415299,-0.008152,1.413342,-0.008152,-3.262136,0
2026-07-02 16:39:24.076280,3.626847,-3.256954,1.415299,-0.002971,1.413342,-0.002971,-3.256954,0
2026-07-02 16:39:24.076280,3.629413,-3.256954,1.415299,-0.002971,1.418524,-0.002971,-3.256954,0
2026-07-02 16:39:24.081158,3.631787,-3.262136,1.415299,-0.002971,1.413342,-0.002971,-3.262136,0
2026-07-02 16:39:24.081158,3.634143,-3.262136,1.415299,-0.008152,1.413342,-0.008152,-3.262136,0
2026-07-02 16:39:24.081158,3.636465,-3.256954,1.415299,-0.008152,1.413342,-0.008152,-3.256954,0
2026-07-02 16:39:24.081158,3.638697,-3.256954,1.415299,-0.002971,1.418524,-0.002971,-3.256954,0
2026-07-02 16:39:24.081158,3.640913,-3.262136,1.415299,-0.002971,1.413342,-0.002971,-3.262136,0
2026-07-02 16:39:24.091492,3.643183,-3.256954,1.415299,-0.002971,1.418524,-0.002971,-3.256954,0
2026-07-02 16:39:24.091492,3.645512,-3.251772,1.415299,-0.002971,1.418524,-0.002971,-3.251772,0
2026-07-02 16:39:24.091492,3.647919,-3.251772,1.415299,-0.008152,1.413342,-0.008152,-3.251772,0
2026-07-02 16:39:24.091492,3.650140,-3.246591,1.415299,-0.008152,1.413342,-0.008152,-3.246591,0
2026-07-02 16:39:24.101785,3.652334,-3.246591,1.415299,-0.008152,1.413342,-0.008152,-3.246591,0
2026-07-02 16:39:24.104176,3.654627,-3.246591,1.415299,-0.008152,1.413342,-0.008152,-3.246591,0
2026-07-02 16:39:24.106028,3.656940,-3.241409,1.415299,-0.008152,1.418524,-0.008152,-3.241409,0
2026-07-02 16:39:24.106783,3.659189,-3.251772,1.415299,-0.008152,1.418524,-0.008152,-3.251772,0
2026-07-02 16:39:24.106783,3.661603,-3.246591,1.415299,-0.008152,1.413342,-0.008152,-3.246591,0
2026-07-02 16:39:24.112023,3.664365,-3.246591,1.415299,-0.008152,1.413342,-0.008152,-3.246591,0
2026-07-02 16:39:24.112023,3.666610,-3.246591,1.415299,-0.002971,1.413342,-0.002971,-3.246591,0
2026-07-02 16:39:24.112023,3.668844,-3.246591,1.415299,-0.002971,1.413342,-0.002971,-3.246591,0
2026-07-02 16:39:24.112023,3.671061,-3.246591,1.415299,-0.002971,1.413342,-0.002971,-3.246591,0
2026-07-02 16:39:24.122332,3.673258,-3.246591,1.415299,-0.002971,1.418524,-0.002971,-3.246591,0
2026-07-02 16:39:24.122332,3.675529,-3.246591,1.415299,-0.002971,1.413342,-0.002971,-3.246591,0
2026-07-02 16:39:24.122332,3.677964,-3.246591,1.415299,-0.002971,1.418524,-0.002971,-3.246591,0
2026-07-02 16:39:24.129769,3.680378,-3.246591,1.415299,-0.002971,1.413342,-0.002971,-3.246591,0
2026-07-02 16:39:24.129769,3.682732,-3.251772,1.415299,-0.008152,1.418524,-0.008152,-3.251772,0
2026-07-02 16:39:24.132535,3.685126,-3.246591,1.415299,-0.008152,1.413342,-0.008152,-3.246591,0
2026-07-02 16:39:24.132535,3.687653,-3.251772,1.415299,-0.002971,1.413342,-0.002971,-3.251772,0
2026-07-02 16:39:24.132535,3.690050,-3.246591,1.415299,-0.008152,1.418524,-0.008152,-3.246591,0
2026-07-02 16:39:24.132535,3.692502,-3.246591,1.415299,-0.002971,1.413342,-0.002971,-3.246591,0
2026-07-02 16:39:24.142670,3.694751,-3.246591,1.415299,-0.008152,1.413342,-0.008152,-3.246591,0
2026-07-02 16:39:24.142670,3.697196,-3.246591,1.415299,-0.002971,1.418524,-0.002971,-3.246591,0
2026-07-02 16:39:24.142670,3.699618,-3.251772,1.415299,-0.008152,1.413342,-0.008152,-3.251772,0
2026-07-02 16:39:24.149385,3.701922,-3.251772,1.415299,-0.002971,1.418524,-0.002971,-3.251772,0
2026-07-02 16:39:24.153586,3.704160,-3.251772,1.415299,-0.008152,1.413342,-0.008152,-3.251772,0
2026-07-02 16:39:24.153586,3.706592,-3.251772,1.415299,-0.008152,1.418524,-0.008152,-3.251772,0
2026-07-02 16:39:24.153586,3.709027,-3.246591,1.415299,-0.008152,1.413342,-0.008152,-3.246591,0
2026-07-02 16:39:24.153586,3.711433,-3.241409,1.415299,-0.002971,1.413342,-0.002971,-3.241409,0
2026-07-02 16:39:24.163067,3.713795,-3.241409,1.415299,-0.008152,1.413342,-0.008152,-3.241409,0
2026-07-02 16:39:24.163884,3.716059,-3.241409,1.415299,-0.008152,1.413342,-0.008152,-3.241409,0
2026-07-02 16:39:24.165895,3.718320,-3.241409,1.415299,-0.008152,1.413342,-0.008152,-3.241409,0
2026-07-02 16:39:24.165895,3.720652,-3.241409,1.415299,-0.008152,1.413342,-0.008152,-3.241409,0
2026-07-02 16:39:24.165895,3.722936,-3.241409,1.415299,-0.008152,1.413342,-0.008152,-3.241409,0
2026-07-02 16:39:24.173314,3.725276,-3.246591,1.415299,-0.008152,1.418524,-0.008152,-3.246591,0
2026-07-02 16:39:24.173314,3.727667,-3.241409,1.415299,-0.002971,1.413342,-0.002971,-3.241409,0
2026-07-02 16:39:24.173314,3.729972,-3.241409,1.415299,-0.002971,1.418524,-0.002971,-3.241409,0
2026-07-02 16:39:24.173314,3.732296,-3.241409,1.415299,-0.008152,1.418524,-0.008152,-3.241409,0
2026-07-02 16:39:24.183429,3.734598,-3.241409,1.415299,-0.008152,1.413342,-0.008152,-3.241409,0
2026-07-02 16:39:24.183429,3.736855,-3.246591,1.415299,-0.002971,1.413342,-0.002971,-3.246591,0
2026-07-02 16:39:24.183429,3.739231,-3.241409,1.415299,-0.002971,1.413342,-0.002971,-3.241409,0
2026-07-02 16:39:24.183429,3.741555,-3.241409,1.415299,-0.002971,1.413342,-0.002971,-3.241409,0
2026-07-02 16:39:24.183429,3.743848,-3.241409,1.415299,-0.008152,1.413342,-0.008152,-3.241409,0
2026-07-02 16:39:24.194423,3.746120,-3.241409,1.415299,-0.008152,1.418524,-0.008152,-3.241409,0
2026-07-02 16:39:24.194423,3.748456,-3.241409,1.415299,-0.008152,1.418524,-0.008152,-3.241409,0
2026-07-02 16:39:24.194423,3.750884,-3.241409,1.415299,-0.008152,1.413342,-0.008152,-3.241409,0
2026-07-02 16:39:24.194423,3.753434,-3.241409,1.415299,-0.008152,1.413342,-0.008152,-3.241409,0
2026-07-02 16:39:24.204135,3.755832,-3.241409,1.415299,-0.008152,1.413342,-0.008152,-3.241409,0
2026-07-02 16:39:24.206438,3.758163,-3.241409,1.415299,-0.008152,1.418524,-0.008152,-3.241409,0
2026-07-02 16:39:24.206438,3.760579,-3.241409,1.415299,-0.002971,1.418524,-0.002971,-3.241409,0
2026-07-02 16:39:24.206438,3.762961,-3.246591,1.415299,-0.002971,1.418524,-0.002971,-3.246591,0
2026-07-02 16:39:24.217217,3.765280,-3.241409,1.415299,-0.002971,1.413342,-0.002971,-3.241409,0
2026-07-02 16:39:24.220578,3.771098,-3.241409,1.415299,-0.002971,1.413342,-0.002971,-3.241409,0
2026-07-02 16:39:24.220578,3.773726,-3.246591,1.415299,-0.008152,1.413342,-0.008152,-3.246591,0
2026-07-02 16:39:24.226927,3.776459,-3.241409,1.415299,-0.008152,1.413342,-0.008152,-3.241409,0
2026-07-02 16:39:24.229756,3.780608,-3.246591,1.415299,-0.002971,1.418524,-0.002971,-3.246591,0
2026-07-02 16:39:24.229756,3.784078,-3.241409,1.415299,-0.008152,1.413342,-0.008152,-3.241409,0
2026-07-02 16:39:24.237251,3.786887,-3.246591,1.415299,-0.002971,1.413342,-0.002971,-3.246591,0
2026-07-02 16:39:24.237251,3.790191,-3.241409,1.415299,-0.002971,1.418524,-0.002971,-3.241409,0
2026-07-02 16:39:24.237251,3.792990,-3.241409,1.415299,-0.008152,1.413342,-0.008152,-3.241409,0
2026-07-02 16:39:24.237251,3.795751,-3.241409,1.415299,-0.008152,1.413342,-0.008152,-3.241409,0
2026-07-02 16:39:24.250264,3.799014,-3.241409,1.415299,-0.008152,1.413342,-0.008152,-3.241409,0
2026-07-02 16:39:24.252277,3.803380,-3.241409,1.415299,-0.002971,1.413342,-0.002971,-3.241409,0
2026-07-02 16:39:24.255934,3.806548,-3.241409,1.415299,-0.008152,1.413342,-0.008152,-3.241409,0
2026-07-02 16:39:24.257003,3.809175,-3.241409,1.415299,-0.008152,1.418524,-0.008152,-3.241409,0
2026-07-02 16:39:24.259490,3.811729,-3.241409,1.415299,-0.002971,1.413342,-0.002971,-3.241409,0
2026-07-02 16:39:24.262575,3.814800,-3.241409,1.415299,-0.002971,1.413342,-0.002971,-3.241409,0
2026-07-02 16:39:24.266262,3.817503,-3.241409,1.415299,-0.002971,1.418524,-0.002971,-3.241409,0
2026-07-02 16:39:24.266262,3.820145,-3.241409,1.415299,-0.008152,1.418524,-0.008152,-3.241409,0
2026-07-02 16:39:24.270759,3.822967,-3.241409,1.415299,-0.002971,1.413342,-0.002971,-3.241409,0
2026-07-02 16:39:24.270759,3.825685,-3.241409,1.415299,-0.002971,1.413342,-0.002971,-3.241409,0
2026-07-02 16:39:24.281467,3.828453,-3.241409,1.415299,-0.008152,1.413342,-0.008152,-3.241409,0
2026-07-02 16:39:24.281467,3.835444,-3.241409,1.415299,-0.002971,1.418524,-0.002971,-3.241409,0
2026-07-02 16:39:24.287374,3.838197,-3.241409,1.415299,-0.008152,1.413342,-0.008152,-3.241409,0
2026-07-02 16:39:24.287374,3.841157,-3.241409,1.415299,-0.008152,1.413342,-0.008152,-3.241409,0
2026-07-02 16:39:24.287374,3.843971,-3.241409,1.415299,-0.008152,1.413342,-0.008152,-3.241409,0
2026-07-02 16:39:24.298918,3.846758,-3.241409,1.415299,-0.002971,1.413342,-0.002971,-3.241409,0
2026-07-02 16:39:24.302965,3.851697,-3.241409,1.415299,-0.002971,1.413342,-0.002971,-3.241409,0
2026-07-02 16:39:24.311648,3.856307,-3.241409,1.415299,-0.002971,1.413342,-0.002971,-3.241409,0
2026-07-02 16:39:24.311648,3.864701,-3.241409,1.415299,-0.002971,1.413342,-0.002971,-3.241409,0
2026-07-02 16:39:24.317098,3.867515,-3.241409,1.415299,-0.008152,1.413342,-0.008152,-3.241409,0
2026-07-02 16:39:24.317098,3.870232,-3.241409,1.415299,-0.002971,1.418524,-0.002971,-3.241409,0
2026-07-02 16:39:24.317098,3.873265,-3.241409,1.415299,-0.002971,1.413342,-0.002971,-3.241409,0
2026-07-02 16:39:24.317098,3.876113,-3.241409,1.415299,-0.008152,1.418524,-0.008152,-3.241409,0
2026-07-02 16:39:24.328048,3.878867,-3.241409,1.415299,-0.002971,1.413342,-0.002971,-3.241409,0
2026-07-02 16:39:24.330063,3.881790,-3.241409,1.415299,-0.008152,1.418524,-0.008152,-3.241409,0
2026-07-02 16:39:24.333669,3.884457,-3.241409,1.415299,-0.002971,1.413342,-0.002971,-3.241409,0
2026-07-02 16:39:24.338216,3.887207,-3.241409,1.415299,-0.008152,1.413342,-0.008152,-3.241409,0
2026-07-02 16:39:24.342294,3.892507,-3.241409,1.415299,-0.002971,1.418524,-0.002971,-3.241409,0
2026-07-02 16:39:24.344229,3.895653,-3.241409,1.415299,-0.002971,1.413342,-0.002971,-3.241409,0
2026-07-02 16:39:24.347256,3.898472,-3.241409,1.415299,-0.008152,1.413342,-0.008152,-3.241409,0
2026-07-02 16:39:24.347256,3.901058,-3.241409,1.415299,-0.002971,1.413342,-0.002971,-3.241409,0
2026-07-02 16:39:24.347256,3.903830,-3.241409,1.415299,-0.002971,1.413342,-0.002971,-3.241409,0
2026-07-02 16:39:24.347256,3.906481,-3.241409,1.415299,-0.002971,1.413342,-0.002971,-3.241409,0
2026-07-02 16:39:24.358274,3.909254,-3.241409,1.415299,-0.008152,1.413342,-0.008152,-3.241409,0
2026-07-02 16:39:24.360299,3.911949,-3.241409,1.415299,-0.002971,1.418524,-0.002971,-3.241409,0
2026-07-02 16:39:24.364217,3.914637,-3.236228,1.415299,-0.008152,1.413342,-0.008152,-3.236228,0
2026-07-02 16:39:24.364217,3.917354,-3.241409,1.415299,-0.008152,1.413342,-0.008152,-3.241409,0
2026-07-02 16:39:24.370660,3.920193,-3.241409,1.415299,-0.008152,1.418524,-0.008152,-3.241409,0
2026-07-02 16:39:24.373196,3.924639,-3.241409,1.415299,-0.002971,1.413342,-0.002971,-3.241409,0
2026-07-02 16:39:24.377000,3.927411,-3.241409,1.415299,-0.008152,1.413342,-0.008152,-3.241409,0
2026-07-02 16:39:24.378976,3.930093,-3.236228,1.415299,-0.008152,1.413342,-0.008152,-3.236228,0
2026-07-02 16:39:24.381204,3.932675,-3.241409,1.415299,-0.002971,1.413342,-0.002971,-3.241409,0
2026-07-02 16:39:24.381204,3.935414,-3.241409,1.415299,-0.002971,1.413342,-0.002971,-3.241409,0
2026-07-02 16:39:24.387450,3.938169,-3.236228,1.415299,-0.002971,1.413342,-0.002971,-3.236228,0
2026-07-02 16:39:24.388485,3.940850,-3.236228,1.415299,-0.002971,1.413342,-0.002971,-3.236228,0
2026-07-02 16:39:24.388485,3.943610,-3.241409,1.415299,-0.002971,1.413342,-0.002971,-3.241409,0
2026-07-02 16:39:24.395684,3.946352,-3.241409,1.415299,-0.002971,1.413342,-0.002971,-3.241409,0
2026-07-02 16:39:24.399669,3.948986,-3.241409,1.415299,-0.008152,1.413342,-0.008152,-3.241409,0
2026-07-02 16:39:24.403978,3.952613,-3.241409,1.415299,-0.002971,1.413342,-0.002971,-3.241409,0
2026-07-02 16:39:24.408534,3.958685,-3.241409,1.415299,-0.002971,1.413342,-0.002971,-3.241409,0
2026-07-02 16:39:24.409278,3.961791,-3.241409,1.415299,-0.002971,1.413342,-0.002971,-3.241409,0
2026-07-02 16:39:24.409278,3.964680,-3.241409,1.415299,-0.008152,1.413342,-0.008152,-3.241409,0
2026-07-02 16:39:24.409278,3.967408,-3.236228,1.415299,-0.002971,1.413342,-0.002971,-3.236228,0
2026-07-02 16:39:24.418989,3.970060,-3.241409,1.415299,-0.008152,1.413342,-0.008152,-3.241409,0
2026-07-02 16:39:24.421448,3.973069,-3.241409,1.415299,-0.002971,1.413342,-0.002971,-3.241409,0
2026-07-02 16:39:24.425060,3.975657,-3.241409,1.415299,-0.008152,1.413342,-0.008152,-3.241409,0
2026-07-02 16:39:24.426036,3.978211,-3.241409,1.415299,-0.002971,1.413342,-0.002971,-3.241409,0
2026-07-02 16:39:24.433606,3.981260,-3.241409,1.415299,-0.002971,1.413342,-0.002971,-3.241409,0
2026-07-02 16:39:24.433606,3.986405,-3.236228,1.415299,-0.008152,1.413342,-0.008152,-3.236228,0
2026-07-02 16:39:24.439409,3.989784,-3.241409,1.415299,-0.008152,1.413342,-0.008152,-3.241409,0
2026-07-02 16:39:24.439409,3.992537,-3.236228,1.415299,-0.002971,1.413342,-0.002971,-3.236228,0
2026-07-02 16:39:24.439409,3.995166,-3.241409,1.415299,-0.008152,1.418524,-0.008152,-3.241409,0
2026-07-02 16:39:24.445605,3.998106,-3.241409,1.415299,-0.008152,1.413342,-0.008152,-3.241409,0
2026-07-02 16:39:24.449703,4.000827,-3.241409,1.415299,-0.002971,1.418524,-0.002971,-3.241409,0
2026-07-02 16:39:24.449703,4.003469,-3.241409,1.415299,-0.008152,1.413342,-0.008152,-3.241409,0
2026-07-02 16:39:24.453879,4.006391,-3.241409,1.415299,-0.008152,1.413342,-0.008152,-3.241409,0
2026-07-02 16:39:24.453879,4.009244,-3.241409,1.415299,-0.008152,1.413342,-0.008152,-3.241409,0
2026-07-02 16:39:24.462470,4.011837,-3.241409,1.415299,-0.008152,1.413342,-0.008152,-3.241409,0
2026-07-02 16:39:24.465529,4.016995,-3.241409,1.415299,-0.008152,1.413342,-0.008152,-3.241409,0
2026-07-02 16:39:24.468081,4.019672,-3.241409,1.415299,-0.002971,1.413342,-0.002971,-3.241409,0
2026-07-02 16:39:24.471005,4.022268,-3.241409,1.415299,-0.008152,1.418524,-0.008152,-3.241409,0
2026-07-02 16:39:24.473020,4.025159,-3.236228,1.415299,-0.008152,1.413342,-0.008152,-3.236228,0
2026-07-02 16:39:24.473020,4.027802,-3.241409,1.415299,-0.008152,1.413342,-0.008152,-3.241409,0
2026-07-02 16:39:24.480303,4.030450,-3.241409,1.415299,-0.008152,1.418524,-0.008152,-3.241409,0
2026-07-02 16:39:24.482164,4.033202,-3.241409,1.415299,-0.008152,1.413342,-0.008152,-3.241409,0
2026-07-02 16:39:24.482164,4.035815,-3.236228,1.415299,-0.008152,1.418524,-0.008152,-3.236228,0
2026-07-02 16:39:24.487373,4.038554,-3.241409,1.415299,-0.002971,1.413342,-0.002971,-3.241409,0
2026-07-02 16:39:24.494755,4.041187,-3.236228,1.415299,-0.008152,1.413342,-0.008152,-3.236228,0
2026-07-02 16:39:24.496400,4.047858,-3.241409,1.415299,-0.002971,1.418524,-0.002971,-3.241409,0
2026-07-02 16:39:24.496400,4.050586,-3.236228,1.415299,-0.002971,1.413342,-0.002971,-3.236228,0
2026-07-02 16:39:24.503209,4.053226,-3.241409,1.415299,-0.002971,1.413342,-0.002971,-3.241409,0
2026-07-02 16:39:24.504709,4.056230,-3.236228,1.415299,-0.002971,1.413342,-0.002971,-3.236228,0
2026-07-02 16:39:24.508256,4.058808,-3.241409,1.415299,-0.002971,1.413342,-0.002971,-3.241409,0
2026-07-02 16:39:24.508256,4.061363,-3.241409,1.415299,-0.008152,1.413342,-0.008152,-3.241409,0
2026-07-02 16:39:24.512083,4.063993,-3.236228,1.415299,-0.002971,1.413342,-0.002971,-3.236228,0
2026-07-02 16:39:24.512083,4.067436,-3.241409,1.415299,-0.008152,1.413342,-0.008152,-3.241409,0
2026-07-02 16:39:24.512083,4.070139,-3.241409,1.415299,-0.008152,1.418524,-0.008152,-3.241409,0
2026-07-02 16:39:24.525759,4.073503,-3.241409,1.415299,-0.002971,1.418524,-0.002971,-3.241409,0
2026-07-02 16:39:24.527797,4.078624,-3.241409,1.415299,-0.008152,1.413342,-0.008152,-3.241409,0
2026-07-02 16:39:24.530128,4.081290,-3.241409,1.415299,-0.002971,1.413342,-0.002971,-3.241409,0
2026-07-02 16:39:24.531895,4.083881,-3.241409,1.415299,-0.008152,1.413342,-0.008152,-3.241409,0
2026-07-02 16:39:24.531895,4.086586,-3.241409,1.415299,-0.002971,1.413342,-0.002971,-3.241409,0
2026-07-02 16:39:24.538069,4.089655,-3.241409,1.415299,-0.008152,1.418524,-0.008152,-3.241409,0
2026-07-02 16:39:24.542111,4.092273,-3.241409,1.415299,-0.002971,1.413342,-0.002971,-3.241409,0
2026-07-02 16:39:24.543685,4.095024,-3.241409,1.415299,-0.008152,1.418524,-0.008152,-3.241409,0
2026-07-02 16:39:24.545892,4.098124,-3.241409,1.415299,-0.008152,1.413342,-0.008152,-3.241409,0
2026-07-02 16:39:24.545892,4.100781,-3.236228,1.415299,-0.002971,1.413342,-0.002971,-3.236228,0
2026-07-02 16:39:24.555604,4.103756,-3.236228,1.415299,-0.008152,1.418524,-0.008152,-3.236228,0
2026-07-02 16:39:24.557618,4.108787,-3.241409,1.415299,-0.008152,1.413342,-0.008152,-3.241409,0
2026-07-02 16:39:24.557618,4.111466,-3.236228,1.415299,-0.002971,1.418524,-0.002971,-3.236228,0
2026-07-02 16:39:24.564972,4.114351,-3.241409,1.415299,-0.002971,1.413342,-0.002971,-3.241409,0
2026-07-02 16:39:24.564972,4.118563,-3.236228,1.415299,-0.008152,1.413342,-0.008152,-3.236228,0
2026-07-02 16:39:24.570379,4.121310,-3.236228,1.410120,-0.002971,1.418524,-0.002971,-3.236228,0
2026-07-02 16:39:24.570379,4.123917,-3.236228,1.415299,-0.002971,1.418524,-0.002971,-3.236228,0
2026-07-02 16:39:24.570379,4.126558,-3.236228,1.415299,-0.008152,1.413342,-0.008152,-3.236228,0
2026-07-02 16:39:24.578398,4.129167,-3.236228,1.415299,-0.002971,1.413342,-0.002971,-3.236228,0
2026-07-02 16:39:24.580424,4.131898,-3.236228,1.415299,-0.008152,1.413342,-0.008152,-3.236228,0
2026-07-02 16:39:24.580424,4.134747,-3.236228,1.415299,-0.008152,1.413342,-0.008152,-3.236228,0
2026-07-02 16:39:24.587324,4.137465,-3.236228,1.415299,-0.002971,1.413342,-0.002971,-3.236228,0
2026-07-02 16:39:24.587857,4.140031,-3.236228,1.415299,-0.008152,1.413342,-0.008152,-3.236228,0
2026-07-02 16:39:24.598859,4.142691,-3.236228,1.415299,-0.002971,1.413342,-0.002971,-3.236228,0
2026-07-02 16:39:24.600948,4.152311,-3.236228,1.415299,-0.008152,1.413342,-0.008152,-3.236228,0
2026-07-02 16:39:24.600948,4.155015,-3.236228,1.415299,-0.002971,1.413342,-0.002971,-3.236228,0
2026-07-02 16:39:24.600948,4.157627,-3.236228,1.415299,-0.002971,1.413342,-0.002971,-3.236228,0
2026-07-02 16:39:24.608733,4.160275,-3.236228,1.415299,-0.002971,1.413342,-0.002971,-3.236228,0
2026-07-02 16:39:24.611349,4.163010,-3.236228,1.415299,-0.002971,1.413342,-0.002971,-3.236228,0
2026-07-02 16:39:24.611349,4.165653,-3.236228,1.415299,-0.002971,1.413342,-0.002971,-3.236228,0
2026-07-02 16:39:24.611349,4.168306,-3.236228,1.415299,-0.008152,1.418524,-0.008152,-3.236228,0
2026-07-02 16:39:24.621871,4.170906,-3.236228,1.415299,-0.008152,1.413342,-0.008152,-3.236228,0
2026-07-02 16:39:24.624254,4.174630,-3.236228,1.415299,-0.008152,1.418524,-0.008152,-3.236228,0
2026-07-02 16:39:24.630125,4.177360,-3.236228,1.415299,-0.002971,1.413342,-0.002971,-3.236228,0
2026-07-02 16:39:24.634290,4.182966,-3.236228,1.415299,-0.008152,1.418524,-0.008152,-3.236228,0
2026-07-02 16:39:24.635747,4.187441,-3.241409,1.415299,-0.008152,1.418524,-0.008152,-3.241409,0
2026-07-02 16:39:24.637782,4.189703,-3.236228,1.415299,-0.002971,1.413342,-0.002971,-3.236228,0
2026-07-02 16:39:24.641368,4.191974,-3.236228,1.415299,-0.002971,1.413342,-0.002971,-3.236228,0
2026-07-02 16:39:24.642016,4.194547,-3.236228,1.415299,-0.002971,1.413342,-0.002971,-3.236228,0
2026-07-02 16:39:24.646492,4.196952,-3.236228,1.415299,-0.002971,1.413342,-0.002971,-3.236228,0
2026-07-02 16:39:24.646492,4.199358,-3.236228,1.415299,-0.008152,1.413342,-0.008152,-3.236228,0
2026-07-02 16:39:24.646492,4.201730,-3.236228,1.415299,-0.008152,1.413342,-0.008152,-3.236228,0
2026-07-02 16:39:24.653265,4.203933,-3.241409,1.415299,-0.002971,1.413342,-0.002971,-3.241409,0
2026-07-02 16:39:24.655278,4.206966,-3.236228,1.415299,-0.008152,1.413342,-0.008152,-3.236228,0
2026-07-02 16:39:24.657468,4.209267,-3.236228,1.415299,-0.008152,1.413342,-0.008152,-3.236228,0
2026-07-02 16:39:24.660492,4.211609,-3.241409,1.415299,-0.002971,1.413342,-0.002971,-3.241409,0
2026-07-02 16:39:24.662885,4.214001,-3.236228,1.415299,-0.008152,1.413342,-0.008152,-3.236228,0
2026-07-02 16:39:24.664849,4.216585,-3.236228,1.415299,-0.008152,1.413342,-0.008152,-3.236228,0
2026-07-02 16:39:24.667364,4.219030,-3.236228,1.415299,-0.008152,1.413342,-0.008152,-3.236228,0
2026-07-02 16:39:24.669879,4.221417,-3.236228,1.415299,-0.002971,1.413342,-0.002971,-3.236228,0
2026-07-02 16:39:24.673195,4.223769,-3.236228,1.415299,-0.008152,1.418524,-0.008152,-3.236228,0
2026-07-02 16:39:24.673195,4.226137,-3.241409,1.415299,-0.008152,1.418524,-0.008152,-3.241409,0
2026-07-02 16:39:24.676774,4.228501,-3.236228,1.415299,-0.008152,1.413342,-0.008152,-3.236228,0
2026-07-02 16:39:24.679401,4.230931,-3.236228,1.415299,-0.002971,1.413342,-0.002971,-3.236228,0
2026-07-02 16:39:24.681495,4.233402,-3.236228,1.415299,-0.002971,1.418524,-0.002971,-3.236228,0
2026-07-02 16:39:24.683754,4.235660,-3.236228,1.415299,-0.002971,1.413342,-0.002971,-3.236228,0
2026-07-02 16:39:24.685970,4.237911,-3.236228,1.415299,-0.008152,1.413342,-0.008152,-3.236228,0
2026-07-02 16:39:24.687949,4.240165,-3.236228,1.415299,-0.008152,1.413342,-0.008152,-3.236228,0
2026-07-02 16:39:24.690551,4.242431,-3.236228,1.415299,-0.008152,1.413342,-0.008152,-3.236228,0
2026-07-02 16:39:24.693505,4.244725,-3.236228,1.415299,-0.008152,1.413342,-0.008152,-3.236228,0
2026-07-02 16:39:24.695914,4.247165,-3.236228,1.415299,-0.002971,1.418524,-0.002971,-3.236228,0
2026-07-02 16:39:24.697783,4.249500,-3.236228,1.415299,-0.008152,1.413342,-0.008152,-3.236228,0
2026-07-02 16:39:24.699797,4.251782,-3.236228,1.415299,-0.008152,1.413342,-0.008152,-3.236228,0
2026-07-02 16:39:24.702911,4.254139,-3.236228,1.415299,-0.002971,1.413342,-0.002971,-3.236228,0
2026-07-02 16:39:24.704373,4.256313,-3.236228,1.415299,-0.002971,1.413342,-0.002971,-3.236228,0
2026-07-02 16:39:24.706381,4.258674,-3.236228,1.415299,-0.002971,1.413342,-0.002971,-3.236228,0
2026-07-02 16:39:24.709504,4.261005,-3.236228,1.415299,-0.008152,1.413342,-0.008152,-3.236228,0
2026-07-02 16:39:24.711625,4.263370,-3.236228,1.415299,-0.008152,1.418524,-0.008152,-3.236228,0
2026-07-02 16:39:24.714084,4.265740,-3.236228,1.415299,-0.008152,1.413342,-0.008152,-3.236228,0
2026-07-02 16:39:24.716416,4.268154,-3.241409,1.415299,-0.008152,1.418524,-0.008152,-3.241409,0
2026-07-02 16:39:24.718425,4.270575,-3.236228,1.415299,-0.002971,1.413342,-0.002971,-3.236228,0
2026-07-02 16:39:24.722414,4.272898,-3.236228,1.415299,-0.002971,1.413342,-0.002971,-3.236228,0
2026-07-02 16:39:24.724435,4.275496,-3.236228,1.415299,-0.002971,1.413342,-0.002971,-3.236228,0
2026-07-02 16:39:24.725604,4.277844,-3.236228,1.415299,-0.002971,1.413342,-0.002971,-3.236228,0
2026-07-02 16:39:24.729115,4.280200,-3.236228,1.415299,-0.002971,1.418524,-0.002971,-3.236228,0
2026-07-02 16:39:24.730130,4.282564,-3.236228,1.415299,-0.008152,1.413342,-0.008152,-3.236228,0
2026-07-02 16:39:24.733446,4.284866,-3.236228,1.415299,-0.008152,1.413342,-0.008152,-3.236228,0
2026-07-02 16:39:24.735747,4.287118,-3.236228,1.415299,-0.002971,1.413342,-0.002971,-3.236228,0
2026-07-02 16:39:24.737150,4.289343,-3.236228,1.415299,-0.008152,1.413342,-0.008152,-3.236228,0
2026-07-02 16:39:24.740393,4.291624,-3.236228,1.415299,-0.002971,1.413342,-0.002971,-3.236228,0
2026-07-02 16:39:24.742398,4.294022,-3.236228,1.415299,-0.008152,1.413342,-0.008152,-3.236228,0
2026-07-02 16:39:24.744595,4.296441,-3.236228,1.415299,-0.008152,1.413342,-0.008152,-3.236228,0
2026-07-02 16:39:24.747149,4.298794,-3.236228,1.415299,-0.008152,1.413342,-0.008152,-3.236228,0
2026-07-02 16:39:24.749664,4.301316,-3.236228,1.415299,-0.002971,1.413342,-0.002971,-3.236228,0
2026-07-02 16:39:24.753143,4.303657,-3.236228,1.415299,-0.002971,1.413342,-0.002971,-3.236228,0
2026-07-02 16:39:24.755493,4.307421,-3.236228,1.415299,-0.002971,1.413342,-0.002971,-3.236228,0
2026-07-02 16:39:24.758012,4.309719,-3.236228,1.415299,-0.008152,1.413342,-0.008152,-3.236228,0
2026-07-02 16:39:24.760101,4.312016,-3.236228,1.415299,-0.008152,1.413342,-0.008152,-3.236228,0
2026-07-02 16:39:24.762119,4.314355,-3.236228,1.415299,-0.002971,1.413342,-0.002971,-3.236228,0
2026-07-02 16:39:24.765258,4.316573,-3.236228,1.415299,-0.002971,1.413342,-0.002971,-3.236228,0
2026-07-02 16:39:24.766999,4.318837,-3.236228,1.415299,-0.008152,1.418524,-0.008152,-3.236228,0
2026-07-02 16:39:24.769513,4.321186,-3.236228,1.415299,-0.008152,1.413342,-0.008152,-3.236228,0
2026-07-02 16:39:24.769513,4.323501,-3.236228,1.415299,-0.008152,1.413342,-0.008152,-3.236228,0
2026-07-02 16:39:24.774981,4.325832,-3.236228,1.415299,-0.002971,1.413342,-0.002971,-3.236228,0
2026-07-02 16:39:24.777661,4.328145,-3.236228,1.415299,-0.002971,1.413342,-0.002971,-3.236228,0
2026-07-02 16:39:24.781676,4.332027,-3.236228,1.415299,-0.008152,1.413342,-0.008152,-3.236228,0
2026-07-02 16:39:24.788896,4.334965,-3.236228,1.415299,-0.002971,1.418524,-0.002971,-3.236228,0
2026-07-02 16:39:24.790442,4.342041,-3.236228,1.415299,-0.002971,1.418524,-0.002971,-3.236228,0
2026-07-02 16:39:24.792956,4.344249,-3.236228,1.415299,-0.008152,1.413342,-0.008152,-3.236228,0
2026-07-02 16:39:24.795810,4.346413,-3.236228,1.415299,-0.008152,1.413342,-0.008152,-3.236228,0
2026-07-02 16:39:24.796566,4.348594,-3.236228,1.415299,-0.002971,1.413342,-0.002971,-3.236228,0
2026-07-02 16:39:24.798794,4.350747,-3.236228,1.415299,-0.008152,1.418524,-0.008152,-3.236228,0
2026-07-02 16:39:24.801538,4.352904,-3.236228,1.415299,-0.008152,1.413342,-0.008152,-3.236228,0
2026-07-02 16:39:24.804183,4.355064,-3.236228,1.415299,-0.002971,1.413342,-0.002971,-3.236228,0
2026-07-02 16:39:24.806254,4.357247,-3.236228,1.415299,-0.002971,1.418524,-0.002971,-3.236228,0
2026-07-02 16:39:24.807386,4.359418,-3.236228,1.415299,-0.002971,1.413342,-0.002971,-3.236228,0
2026-07-02 16:39:24.810887,4.361575,-3.236228,1.415299,-0.002971,1.413342,-0.002971,-3.236228,0
2026-07-02 16:39:24.812297,4.363735,-3.236228,1.415299,-0.008152,1.413342,-0.008152,-3.236228,0
2026-07-02 16:39:24.823387,4.366770,-3.236228,1.415299,-0.002971,1.418524,-0.002971,-3.236228,0
2026-07-02 16:39:24.825999,4.377932,-3.236228,1.415299,-0.002971,1.413342,-0.002971,-3.236228,0
2026-07-02 16:39:24.829204,4.380295,-3.236228,1.415299,-0.002971,1.413342,-0.002971,-3.236228,0
2026-07-02 16:39:24.830720,4.382896,-3.236228,1.415299,-0.008152,1.413342,-0.008152,-3.236228,0
2026-07-02 16:39:24.834736,4.385352,-3.241409,1.415299,-0.008152,1.413342,-0.008152,-3.241409,0
2026-07-02 16:39:24.837025,4.387784,-3.236228,1.415299,-0.008152,1.413342,-0.008152,-3.236228,0
2026-07-02 16:39:24.839997,4.390240,-3.236228,1.415299,-0.002971,1.418524,-0.002971,-3.236228,0
2026-07-02 16:39:24.840960,4.392708,-3.236228,1.415299,-0.008152,1.413342,-0.008152,-3.236228,0
2026-07-02 16:39:24.843473,4.395112,-3.236228,1.415299,-0.002971,1.418524,-0.002971,-3.236228,0
2026-07-02 16:39:24.846499,4.397586,-3.236228,1.415299,-0.008152,1.413342,-0.008152,-3.236228,0
2026-07-02 16:39:24.848507,4.400124,-3.231046,1.415299,-0.008152,1.413342,-0.008152,-3.231046,0
2026-07-02 16:39:24.850510,4.402541,-3.231046,1.415299,-0.002971,1.413342,-0.002971,-3.231046,0
2026-07-02 16:39:24.854528,4.404960,-3.231046,1.415299,-0.008152,1.418524,-0.008152,-3.231046,0
2026-07-02 16:39:24.855533,4.407413,-3.231046,1.415299,-0.008152,1.418524,-0.008152,-3.231046,0
2026-07-02 16:39:24.858561,4.409770,-3.231046,1.415299,-0.002971,1.413342,-0.002971,-3.231046,0
2026-07-02 16:39:24.861081,4.412163,-3.225864,1.415299,-0.008152,1.413342,-0.008152,-3.225864,0
2026-07-02 16:39:24.863093,4.414651,-3.225864,1.415299,-0.002971,1.413342,-0.002971,-3.225864,0
2026-07-02 16:39:24.866033,4.416909,-3.225864,1.415299,-0.008152,1.413342,-0.008152,-3.225864,0
2026-07-02 16:39:24.867298,4.419193,-3.231046,1.415299,-0.008152,1.413342,-0.008152,-3.231046,0
2026-07-02 16:39:24.870705,4.421720,-3.231046,1.415299,-0.008152,1.413342,-0.008152,-3.231046,0
2026-07-02 16:39:24.872407,4.424150,-3.225864,1.415299,-0.008152,1.413342,-0.008152,-3.225864,0
2026-07-02 16:39:24.875561,4.426565,-3.231046,1.415299,-0.008152,1.413342,-0.008152,-3.231046,0
2026-07-02 16:39:24.877577,4.428934,-3.225864,1.415299,-0.008152,1.413342,-0.008152,-3.225864,0
2026-07-02 16:39:24.879591,4.431442,-3.225864,1.415299,-0.002971,1.413342,-0.002971,-3.225864,0
2026-07-02 16:39:24.883617,4.433845,-3.231046,1.415299,-0.008152,1.413342,-0.008152,-3.231046,0
2026-07-02 16:39:24.885232,4.436366,-3.225864,1.415299,-0.008152,1.413342,-0.008152,-3.225864,0
2026-07-02 16:39:24.887238,4.438807,-3.231046,1.415299,-0.008152,1.413342,-0.008152,-3.231046,0
2026-07-02 16:39:24.889246,4.441236,-3.225864,1.415299,-0.002971,1.418524,-0.002971,-3.225864,0
2026-07-02 16:39:24.891895,4.443649,-3.225864,1.415299,-0.002971,1.413342,-0.002971,-3.225864,0
2026-07-02 16:39:24.894946,4.446067,-3.231046,1.415299,-0.002971,1.418524,-0.002971,-3.231046,0
2026-07-02 16:39:24.896808,4.448480,-3.225864,1.415299,-0.002971,1.418524,-0.002971,-3.225864,0
2026-07-02 16:39:24.899321,4.450966,-3.220683,1.415299,-0.002971,1.413342,-0.002971,-3.220683,0
2026-07-02 16:39:24.901326,4.453409,-3.231046,1.415299,-0.008152,1.418524,-0.008152,-3.231046,0
2026-07-02 16:39:24.905363,4.455852,-3.225864,1.415299,-0.008152,1.413342,-0.008152,-3.225864,0
2026-07-02 16:39:24.905363,4.458383,-3.225864,1.415299,-0.002971,1.418524,-0.002971,-3.225864,0
2026-07-02 16:39:24.910388,4.460820,-3.225864,1.415299,-0.008152,1.418524,-0.008152,-3.225864,0
2026-07-02 16:39:24.910388,4.463258,-3.231046,1.415299,-0.008152,1.413342,-0.008152,-3.231046,0
2026-07-02 16:39:24.914969,4.465662,-3.231046,1.415299,-0.008152,1.413342,-0.008152,-3.231046,0
2026-07-02 16:39:24.914969,4.468008,-3.225864,1.415299,-0.002971,1.413342,-0.002971,-3.225864,0
2026-07-02 16:39:24.914969,4.470396,-3.225864,1.415299,-0.008152,1.413342,-0.008152,-3.225864,0
2026-07-02 16:39:24.920434,4.472784,-3.225864,1.415299,-0.002971,1.413342,-0.002971,-3.225864,0
2026-07-02 16:39:24.920434,4.475199,-3.225864,1.415299,-0.008152,1.413342,-0.008152,-3.225864,0
2026-07-02 16:39:24.925474,4.477567,-3.225864,1.415299,-0.002971,1.413342,-0.002971,-3.225864,0
2026-07-02 16:39:24.929031,4.480142,-3.231046,1.415299,-0.002971,1.413342,-0.002971,-3.231046,0
2026-07-02 16:39:24.932507,4.483119,-3.225864,1.415299,-0.008152,1.413342,-0.008152,-3.225864,0
2026-07-02 16:39:24.932507,4.485445,-3.231046,1.415299,-0.002971,1.413342,-0.002971,-3.231046,0
2026-07-02 16:39:24.935768,4.487865,-3.231046,1.415299,-0.008152,1.418524,-0.008152,-3.231046,0
2026-07-02 16:39:24.935768,4.490111,-3.225864,1.415299,-0.008152,1.413342,-0.008152,-3.225864,0
2026-07-02 16:39:24.935768,4.492448,-3.225864,1.415299,-0.008152,1.413342,-0.008152,-3.225864,0
2026-07-02 16:39:24.935768,4.494814,-3.225864,1.415299,-0.008152,1.418524,-0.008152,-3.225864,0
2026-07-02 16:39:24.946058,4.497181,-3.225864,1.415299,-0.002971,1.413342,-0.002971,-3.225864,0
2026-07-02 16:39:24.946058,4.499475,-3.231046,1.415299,-0.008152,1.418524,-0.008152,-3.231046,0
2026-07-02 16:39:24.946058,4.501696,-3.225864,1.415299,-0.008152,1.413342,-0.008152,-3.225864,0
2026-07-02 16:39:24.946058,4.503905,-3.225864,1.415299,-0.002971,1.413342,-0.002971,-3.225864,0
2026-07-02 16:39:24.946058,4.506142,-3.231046,1.415299,-0.002971,1.413342,-0.002971,-3.231046,0
2026-07-02 16:39:24.956241,4.508364,-3.225864,1.415299,-0.008152,1.418524,-0.008152,-3.225864,0
2026-07-02 16:39:24.958761,4.510617,-3.225864,1.415299,-0.008152,1.413342,-0.008152,-3.225864,0
2026-07-02 16:39:24.962054,4.512850,-3.225864,1.415299,-0.002971,1.418524,-0.002971,-3.225864,0
2026-07-02 16:39:24.962054,4.515065,-3.225864,1.415299,-0.002971,1.413342,-0.002971,-3.225864,0
2026-07-02 16:39:24.966730,4.517351,-3.225864,1.415299,-0.008152,1.413342,-0.008152,-3.225864,0
2026-07-02 16:39:24.966730,4.519713,-3.231046,1.415299,-0.002971,1.413342,-0.002971,-3.231046,0
2026-07-02 16:39:24.966730,4.522110,-3.225864,1.415299,-0.002971,1.413342,-0.002971,-3.225864,0
2026-07-02 16:39:24.966730,4.524566,-3.225864,1.415299,-0.008152,1.413342,-0.008152,-3.225864,0
2026-07-02 16:39:24.966730,4.527050,-3.231046,1.415299,-0.002971,1.413342,-0.002971,-3.231046,0
2026-07-02 16:39:24.976922,4.529515,-3.225864,1.410120,-0.008152,1.413342,-0.008152,-3.225864,0
2026-07-02 16:39:24.976922,4.532028,-3.225864,1.415299,-0.008152,1.418524,-0.008152,-3.225864,0
2026-07-02 16:39:24.976922,4.534355,-3.225864,1.415299,-0.008152,1.413342,-0.008152,-3.225864,0
2026-07-02 16:39:24.976922,4.536633,-3.225864,1.415299,-0.008152,1.418524,-0.008152,-3.225864,0
2026-07-02 16:39:24.987263,4.538920,-3.225864,1.415299,-0.002971,1.418524,-0.002971,-3.225864,0
2026-07-02 16:39:24.987263,4.541189,-3.225864,1.415299,-0.002971,1.413342,-0.002971,-3.225864,0
2026-07-02 16:39:24.987263,4.543647,-3.225864,1.415299,-0.008152,1.418524,-0.008152,-3.225864,0
2026-07-02 16:39:24.987263,4.546150,-3.225864,1.415299,-0.002971,1.413342,-0.002971,-3.225864,0
2026-07-02 16:39:24.998118,4.548560,-3.225864,1.415299,-0.002971,1.413342,-0.002971,-3.225864,0
2026-07-02 16:39:24.998118,4.551230,-3.225864,1.415299,-0.002971,1.413342,-0.002971,-3.225864,0
2026-07-02 16:39:24.998118,4.553990,-3.225864,1.415299,-0.008152,1.413342,-0.008152,-3.225864,0
2026-07-02 16:39:25.004117,4.556648,-3.225864,1.415299,-0.008152,1.413342,-0.008152,-3.225864,0
2026-07-02 16:39:25.009872,4.559442,-3.231046,1.415299,-0.008152,1.418524,-0.008152,-3.231046,0
2026-07-02 16:39:25.012051,4.563292,-3.225864,1.415299,-0.008152,1.413342,-0.008152,-3.225864,0
2026-07-02 16:39:25.014072,4.566482,-3.231046,1.415299,-0.008152,1.413342,-0.008152,-3.231046,0
2026-07-02 16:39:25.017978,4.569169,-3.225864,1.415299,-0.008152,1.413342,-0.008152,-3.225864,0
2026-07-02 16:39:25.017978,4.571910,-3.225864,1.415299,-0.008152,1.413342,-0.008152,-3.225864,0
2026-07-02 16:39:25.017978,4.574655,-3.225864,1.415299,-0.002971,1.413342,-0.002971,-3.225864,0
2026-07-02 16:39:25.017978,4.577401,-3.225864,1.415299,-0.008152,1.418524,-0.008152,-3.225864,0
2026-07-02 16:39:25.032545,4.580143,-3.231046,1.415299,-0.002971,1.413342,-0.002971,-3.231046,0
2026-07-02 16:39:25.044561,4.588941,-3.225864,1.415299,-0.008152,1.413342,-0.008152,-3.225864,0
2026-07-02 16:39:25.044561,4.598011,-3.225864,1.415299,-0.008152,1.418524,-0.008152,-3.225864,0
2026-07-02 16:39:25.048641,4.600725,-3.231046,1.415299,-0.002971,1.418524,-0.002971,-3.231046,0
2026-07-02 16:39:25.048641,4.603589,-3.225864,1.415299,-0.008152,1.418524,-0.008152,-3.225864,0
2026-07-02 16:39:25.048641,4.606384,-3.225864,1.415299,-0.002971,1.413342,-0.002971,-3.225864,0
2026-07-02 16:39:25.048641,4.609028,-3.225864,1.415299,-0.002971,1.413342,-0.002971,-3.225864,0
2026-07-02 16:39:25.064447,4.611973,-3.225864,1.415299,-0.002971,1.418524,-0.002971,-3.225864,0
2026-07-02 16:39:25.064962,4.617507,-3.231046,1.415299,-0.002971,1.413342,-0.002971,-3.231046,0
2026-07-02 16:39:25.069522,4.620219,-3.231046,1.415299,-0.002971,1.418524,-0.002971,-3.231046,0
2026-07-02 16:39:25.070721,4.622909,-3.231046,1.415299,-0.008152,1.413342,-0.008152,-3.231046,0
2026-07-02 16:39:25.070721,4.625606,-3.225864,1.415299,-0.002971,1.418524,-0.002971,-3.225864,0
2026-07-02 16:39:25.070721,4.628357,-3.225864,1.415299,-0.008152,1.413342,-0.008152,-3.225864,0
2026-07-02 16:39:25.080045,4.631434,-3.231046,1.415299,-0.002971,1.418524,-0.002971,-3.231046,0
2026-07-02 16:39:25.082060,4.634097,-3.225864,1.415299,-0.008152,1.413342,-0.008152,-3.225864,0
2026-07-02 16:39:25.082060,4.636850,-3.225864,1.415299,-0.008152,1.418524,-0.008152,-3.225864,0
2026-07-02 16:39:25.088533,4.639613,-3.231046,1.415299,-0.008152,1.418524,-0.008152,-3.231046,0
2026-07-02 16:39:25.096075,4.642276,-3.225864,1.415299,-0.008152,1.413342,-0.008152,-3.225864,0
2026-07-02 16:39:25.098365,4.648895,-3.220683,1.415299,-0.002971,1.413342,-0.002971,-3.220683,0
2026-07-02 16:39:25.099265,4.651436,-3.220683,1.415299,-0.002971,1.413342,-0.002971,-3.220683,0
2026-07-02 16:39:25.103484,4.654176,-3.225864,1.415299,-0.002971,1.413342,-0.002971,-3.225864,0
2026-07-02 16:39:25.103484,4.656895,-3.225864,1.415299,-0.002971,1.413342,-0.002971,-3.225864,0
2026-07-02 16:39:25.110094,4.659713,-3.231046,1.415299,-0.002971,1.413342,-0.002971,-3.231046,0
2026-07-02 16:39:25.112572,4.664209,-3.225864,1.415299,-0.002971,1.418524,-0.002971,-3.225864,0
2026-07-02 16:39:25.112572,4.667177,-3.225864,1.415299,-0.008152,1.413342,-0.008152,-3.225864,0
2026-07-02 16:39:25.122353,4.669918,-3.225864,1.415299,-0.008152,1.418524,-0.008152,-3.225864,0
2026-07-02 16:39:25.123622,4.675148,-3.225864,1.415299,-0.002971,1.418524,-0.002971,-3.225864,0
2026-07-02 16:39:25.125636,4.677775,-3.225864,1.415299,-0.002971,1.413342,-0.002971,-3.225864,0
2026-07-02 16:39:25.130292,4.680465,-3.231046,1.415299,-0.008152,1.418524,-0.008152,-3.231046,0
2026-07-02 16:39:25.131589,4.683075,-3.225864,1.415299,-0.008152,1.418524,-0.008152,-3.225864,0
2026-07-02 16:39:25.131589,4.685912,-3.231046,1.415299,-0.008152,1.413342,-0.008152,-3.231046,0
2026-07-02 16:39:25.137494,4.688731,-3.225864,1.415299,-0.008152,1.418524,-0.008152,-3.225864,0
2026-07-02 16:39:25.140017,4.691345,-3.225864,1.415299,-0.008152,1.418524,-0.008152,-3.225864,0
2026-07-02 16:39:25.140017,4.693909,-3.225864,1.415299,-0.008152,1.413342,-0.008152,-3.225864,0
2026-07-02 16:39:25.146164,4.696595,-3.225864,1.415299,-0.008152,1.413342,-0.008152,-3.225864,0
2026-07-02 16:39:25.146164,4.699260,-3.231046,1.415299,-0.002971,1.413342,-0.002971,-3.231046,0
2026-07-02 16:39:25.153998,4.701983,-3.231046,1.415299,-0.008152,1.418524,-0.008152,-3.231046,0
2026-07-02 16:39:25.158056,4.708131,-3.225864,1.415299,-0.008152,1.418524,-0.008152,-3.225864,0
2026-07-02 16:39:25.160075,4.710887,-3.225864,1.415299,-0.002971,1.413342,-0.002971,-3.225864,0
2026-07-02 16:39:25.160075,4.713597,-3.225864,1.415299,-0.008152,1.413342,-0.008152,-3.225864,0
2026-07-02 16:39:25.160075,4.716201,-3.225864,1.415299,-0.002971,1.413342,-0.002971,-3.225864,0
2026-07-02 16:39:25.160075,4.718849,-3.225864,1.415299,-0.002971,1.413342,-0.002971,-3.225864,0
2026-07-02 16:39:25.170411,4.721440,-3.225864,1.415299,-0.008152,1.418524,-0.008152,-3.225864,0
2026-07-02 16:39:25.170411,4.723874,-3.225864,1.415299,-0.008152,1.413342,-0.008152,-3.225864,0
2026-07-02 16:39:25.170411,4.726457,-3.231046,1.415299,-0.002971,1.413342,-0.002971,-3.231046,0
2026-07-02 16:39:25.170411,4.729068,-3.225864,1.415299,-0.008152,1.418524,-0.008152,-3.225864,0
2026-07-02 16:39:25.182143,4.731759,-3.225864,1.415299,-0.008152,1.418524,-0.008152,-3.225864,0
2026-07-02 16:39:25.184188,4.736501,-3.225864,1.415299,-0.002971,1.413342,-0.002971,-3.225864,0
2026-07-02 16:39:25.184188,4.739304,-3.231046,1.415299,-0.008152,1.418524,-0.008152,-3.231046,0
2026-07-02 16:39:25.190917,4.741939,-3.225864,1.415299,-0.008152,1.413342,-0.008152,-3.225864,0
2026-07-02 16:39:25.190917,4.744640,-3.225864,1.415299,-0.008152,1.413342,-0.008152,-3.225864,0
2026-07-02 16:39:25.190917,4.747299,-3.225864,1.415299,-0.008152,1.413342,-0.008152,-3.225864,0
2026-07-02 16:39:25.190917,4.750597,-3.225864,1.415299,-0.008152,1.413342,-0.008152,-3.225864,0
2026-07-02 16:39:25.203282,4.753319,-3.225864,1.415299,-0.008152,1.413342,-0.008152,-3.225864,0
2026-07-02 16:39:25.204118,4.756348,-3.220683,1.415299,-0.002971,1.413342,-0.002971,-3.220683,0
2026-07-02 16:39:25.204118,4.758986,-3.225864,1.415299,-0.002971,1.413342,-0.002971,-3.225864,0
2026-07-02 16:39:25.204118,4.761651,-3.225864,1.415299,-0.002971,1.413342,-0.002971,-3.225864,0
2026-07-02 16:39:25.216517,4.764683,-3.225864,1.415299,-0.008152,1.413342,-0.008152,-3.225864,0
2026-07-02 16:39:25.218547,4.770206,-3.225864,1.415299,-0.002971,1.413342,-0.002971,-3.225864,0
2026-07-02 16:39:25.223685,4.773290,-3.225864,1.415299,-0.002971,1.413342,-0.002971,-3.225864,0
2026-07-02 16:39:25.223685,4.776392,-3.225864,1.415299,-0.008152,1.413342,-0.008152,-3.225864,0
2026-07-02 16:39:25.223685,4.779063,-3.225864,1.415299,-0.002971,1.413342,-0.002971,-3.225864,0
2026-07-02 16:39:25.231129,4.781688,-3.231046,1.415299,-0.008152,1.413342,-0.008152,-3.231046,0
2026-07-02 16:39:25.232646,4.784342,-3.225864,1.415299,-0.008152,1.418524,-0.008152,-3.225864,0
2026-07-02 16:39:25.234666,4.787040,-3.231046,1.415299,-0.002971,1.413342,-0.002971,-3.231046,0
2026-07-02 16:39:25.237475,4.789702,-3.225864,1.415299,-0.002971,1.413342,-0.002971,-3.225864,0
2026-07-02 16:39:25.237475,4.792356,-3.225864,1.415299,-0.002971,1.413342,-0.002971,-3.225864,0
2026-07-02 16:39:25.244936,4.794965,-3.225864,1.415299,-0.008152,1.418524,-0.008152,-3.225864,0
2026-07-02 16:39:25.248195,4.797889,-3.225864,1.415299,-0.008152,1.413342,-0.008152,-3.225864,0
2026-07-02 16:39:25.250208,4.801635,-3.231046,1.415299,-0.002971,1.413342,-0.002971,-3.231046,0
2026-07-02 16:39:25.253484,4.804218,-3.225864,1.415299,-0.008152,1.413342,-0.008152,-3.225864,0
2026-07-02 16:39:25.253484,4.807011,-3.231046,1.415299,-0.002971,1.413342,-0.002971,-3.231046,0
2026-07-02 16:39:25.253484,4.809674,-3.225864,1.415299,-0.002971,1.413342,-0.002971,-3.225864,0
2026-07-02 16:39:25.253484,4.812307,-3.225864,1.415299,-0.002971,1.413342,-0.002971,-3.225864,0
2026-07-02 16:39:25.262876,4.814944,-3.225864,1.415299,-0.008152,1.413342,-0.008152,-3.225864,0
2026-07-02 16:39:25.262876,4.817669,-3.225864,1.415299,-0.008152,1.413342,-0.008152,-3.225864,0
2026-07-02 16:39:25.262876,4.820334,-3.231046,1.415299,-0.008152,1.413342,-0.008152,-3.231046,0
2026-07-02 16:39:25.262876,4.823072,-3.225864,1.415299,-0.008152,1.413342,-0.008152,-3.225864,0
2026-07-02 16:39:25.278446,4.825736,-3.225864,1.415299,-0.002971,1.413342,-0.002971,-3.225864,0
2026-07-02 16:39:25.279061,4.831304,-3.225864,1.415299,-0.002971,1.413342,-0.002971,-3.225864,0
2026-07-02 16:39:25.283270,4.833958,-3.225864,1.415299,-0.002971,1.413342,-0.002971,-3.225864,0
2026-07-02 16:39:25.284450,4.836622,-3.225864,1.415299,-0.002971,1.413342,-0.002971,-3.225864,0
2026-07-02 16:39:25.284450,4.839867,-3.220683,1.415299,-0.002971,1.413342,-0.002971,-3.220683,0
2026-07-02 16:39:25.291973,4.842689,-3.220683,1.415299,-0.002971,1.413342,-0.002971,-3.220683,0
2026-07-02 16:39:25.293742,4.845326,-3.225864,1.415299,-0.008152,1.413342,-0.008152,-3.225864,0
2026-07-02 16:39:25.295763,4.847979,-3.220683,1.415299,-0.002971,1.413342,-0.002971,-3.220683,0
2026-07-02 16:39:25.295763,4.850611,-3.220683,1.415299,-0.002971,1.413342,-0.002971,-3.220683,0
2026-07-02 16:39:25.302514,4.853225,-3.220683,1.415299,-0.008152,1.413342,-0.008152,-3.220683,0
2026-07-02 16:39:25.307286,4.856696,-3.220683,1.415299,-0.008152,1.418524,-0.008152,-3.220683,0
2026-07-02 16:39:25.307286,4.860665,-3.220683,1.415299,-0.002971,1.413342,-0.002971,-3.220683,0
2026-07-02 16:39:25.312685,4.863244,-3.220683,1.415299,-0.008152,1.413342,-0.008152,-3.220683,0
2026-07-02 16:39:25.312685,4.865737,-3.220683,1.415299,-0.008152,1.418524,-0.008152,-3.220683,0
2026-07-02 16:39:25.318265,4.868352,-3.220683,1.415299,-0.008152,1.413342,-0.008152,-3.220683,0
2026-07-02 16:39:25.320315,4.871073,-3.220683,1.415299,-0.008152,1.418524,-0.008152,-3.220683,0
2026-07-02 16:39:25.320315,4.873587,-3.220683,1.415299,-0.002971,1.413342,-0.002971,-3.220683,0
2026-07-02 16:39:25.320315,4.876171,-3.220683,1.415299,-0.002971,1.413342,-0.002971,-3.220683,0
2026-07-02 16:39:25.327225,4.878763,-3.220683,1.415299,-0.008152,1.418524,-0.008152,-3.220683,0
2026-07-02 16:39:25.327225,4.881278,-3.220683,1.415299,-0.002971,1.413342,-0.002971,-3.220683,0
2026-07-02 16:39:25.331283,4.883883,-3.220683,1.415299,-0.008152,1.413342,-0.008152,-3.220683,0
2026-07-02 16:39:25.335503,4.886598,-3.220683,1.415299,-0.002971,1.413342,-0.002971,-3.220683,0
2026-07-02 16:39:25.343650,4.889649,-3.220683,1.415299,-0.008152,1.418524,-0.008152,-3.220683,0
2026-07-02 16:39:25.350486,4.897889,-3.220683,1.415299,-0.008152,1.413342,-0.008152,-3.220683,0
2026-07-02 16:39:25.353404,4.903383,-3.220683,1.415299,-0.002971,1.413342,-0.002971,-3.220683,0
2026-07-02 16:39:25.354390,4.906588,-3.220683,1.415299,-0.008152,1.413342,-0.008152,-3.220683,0
2026-07-02 16:39:25.358444,4.909019,-3.220683,1.415299,-0.002971,1.413342,-0.002971,-3.220683,0
2026-07-02 16:39:25.358444,4.911300,-3.220683,1.415299,-0.008152,1.413342,-0.008152,-3.220683,0
2026-07-02 16:39:25.358444,4.913576,-3.220683,1.415299,-0.008152,1.413342,-0.008152,-3.220683,0
2026-07-02 16:39:25.358444,4.915848,-3.220683,1.415299,-0.008152,1.413342,-0.008152,-3.220683,0
2026-07-02 16:39:25.358444,4.918063,-3.220683,1.415299,-0.002971,1.413342,-0.002971,-3.220683,0
2026-07-02 16:39:25.370136,4.920275,-3.220683,1.415299,-0.002971,1.413342,-0.002971,-3.220683,0
2026-07-02 16:39:25.371164,4.923186,-3.220683,1.415299,-0.002971,1.413342,-0.002971,-3.220683,0
2026-07-02 16:39:25.373746,4.925484,-3.220683,1.415299,-0.008152,1.413342,-0.008152,-3.220683,0
2026-07-02 16:39:25.373746,4.927856,-3.220683,1.415299,-0.002971,1.418524,-0.002971,-3.220683,0
2026-07-02 16:39:25.379635,4.930124,-3.220683,1.415299,-0.008152,1.418524,-0.008152,-3.220683,0
2026-07-02 16:39:25.379635,4.932404,-3.220683,1.415299,-0.008152,1.413342,-0.008152,-3.220683,0
2026-07-02 16:39:25.379635,4.934719,-3.220683,1.415299,-0.002971,1.413342,-0.002971,-3.220683,0
2026-07-02 16:39:25.384766,4.936927,-3.220683,1.415299,-0.002971,1.418524,-0.002971,-3.220683,0
2026-07-02 16:39:25.388766,4.939181,-3.220683,1.415299,-0.002971,1.413342,-0.002971,-3.220683,0
2026-07-02 16:39:25.389698,4.941651,-3.220683,1.415299,-0.002971,1.418524,-0.002971,-3.220683,0
2026-07-02 16:39:25.389698,4.943918,-3.220683,1.415299,-0.002971,1.413342,-0.002971,-3.220683,0
2026-07-02 16:39:25.389698,4.946356,-3.220683,1.415299,-0.002971,1.418524,-0.002971,-3.220683,0
2026-07-02 16:39:25.389698,4.948562,-3.220683,1.415299,-0.002971,1.413342,-0.002971,-3.220683,0
2026-07-02 16:39:25.400175,4.950783,-3.220683,1.415299,-0.002971,1.418524,-0.002971,-3.220683,0
2026-07-02 16:39:25.400175,4.953119,-3.220683,1.415299,-0.002971,1.413342,-0.002971,-3.220683,0
2026-07-02 16:39:25.400175,4.955518,-3.215501,1.415299,-0.008152,1.413342,-0.008152,-3.215501,0
2026-07-02 16:39:25.406100,4.957865,-3.220683,1.415299,-0.002971,1.413342,-0.002971,-3.220683,0
2026-07-02 16:39:25.409310,4.960288,-3.220683,1.415299,-0.008152,1.413342,-0.008152,-3.220683,0
2026-07-02 16:39:25.409310,4.962621,-3.220683,1.415299,-0.008152,1.418524,-0.008152,-3.220683,0
2026-07-02 16:39:25.412973,4.964991,-3.220683,1.415299,-0.002971,1.413342,-0.002971,-3.220683,0
2026-07-02 16:39:25.416237,4.967378,-3.220683,1.415299,-0.002971,1.418524,-0.002971,-3.220683,0
2026-07-02 16:39:25.416237,4.969719,-3.220683,1.415299,-0.008152,1.413342,-0.008152,-3.220683,0
2026-07-02 16:39:25.419487,4.972008,-3.220683,1.415299,-0.008152,1.413342,-0.008152,-3.220683,0
2026-07-02 16:39:25.419487,4.974315,-3.220683,1.415299,-0.008152,1.413342,-0.008152,-3.220683,0
2026-07-02 16:39:25.425962,4.976613,-3.220683,1.415299,-0.008152,1.413342,-0.008152,-3.220683,0
2026-07-02 16:39:25.426603,4.978791,-3.220683,1.415299,-0.002971,1.413342,-0.002971,-3.220683,0
2026-07-02 16:39:25.429650,4.981022,-3.220683,1.415299,-0.008152,1.413342,-0.008152,-3.220683,0
2026-07-02 16:39:25.431159,4.983457,-3.220683,1.415299,-0.008152,1.413342,-0.008152,-3.220683,0
2026-07-02 16:39:25.431159,4.985910,-3.220683,1.415299,-0.002971,1.413342,-0.002971,-3.220683,0
2026-07-02 16:39:25.431159,4.988333,-3.220683,1.415299,-0.002971,1.413342,-0.002971,-3.220683,0
2026-07-02 16:39:25.439747,4.990680,-3.220683,1.415299,-0.008152,1.413342,-0.008152,-3.220683,0
2026-07-02 16:39:25.439747,4.992862,-3.220683,1.415299,-0.002971,1.413342,-0.002971,-3.220683,0
2026-07-02 16:39:25.439747,4.995183,-3.220683,1.415299,-0.008152,1.413342,-0.008152,-3.220683,0
2026-07-02 16:39:25.439747,4.997479,-3.220683,1.415299,-0.002971,1.418524,-0.002971,-3.220683,0
2026-07-02 16:39:25.439747,4.999871,-3.220683,1.415299,-0.002971,1.413342,-0.002971,-3.220683,0
