horodatage,temps_s,AIN0,AIN1,AIN2,AIN3,courant,position,trigger
2026-07-02 15:42:56.904352,0.000001,-2.205077,1.415299,-0.002971,1.413342,-0.002971,-2.205077,0
2026-07-02 15:42:56.911426,0.002982,-2.194714,1.415299,-0.008152,1.413342,-0.008152,-2.194714,0
2026-07-02 15:42:56.911426,0.005606,-2.199896,1.415299,-0.002971,1.413342,-0.002971,-2.199896,0
2026-07-02 15:42:56.916378,0.008102,-2.194714,1.415299,-0.002971,1.418524,-0.002971,-2.194714,0
2026-07-02 15:42:56.916378,0.010722,-2.205077,1.415299,-0.008152,1.418524,-0.008152,-2.205077,0
2026-07-02 15:42:56.921842,0.013680,-2.194714,1.415299,-0.002971,1.413342,-0.002971,-2.194714,0
2026-07-02 15:42:56.922855,0.016132,-2.210258,1.415299,-0.002971,1.418524,-0.002971,-2.210258,0
2026-07-02 15:42:56.924865,0.018798,-2.199896,1.415299,-0.002971,1.413342,-0.002971,-2.199896,0
2026-07-02 15:42:56.929885,0.021350,-2.210258,1.415299,-0.002971,1.413342,-0.002971,-2.210258,0
2026-07-02 15:42:56.933113,0.024073,-2.199896,1.415299,-0.002971,1.413342,-0.002971,-2.199896,0
2026-07-02 15:42:56.933998,0.028199,-2.194714,1.415299,-0.002971,1.418524,-0.002971,-2.194714,0
2026-07-02 15:42:56.933998,0.030938,-2.194714,1.415299,-0.002971,1.413342,-0.002971,-2.194714,0
2026-07-02 15:42:56.942718,0.033539,-2.199896,1.415299,-0.002971,1.413342,-0.002971,-2.199896,0
2026-07-02 15:42:56.943975,0.036620,-2.199896,1.415299,-0.002971,1.413342,-0.002971,-2.199896,0
2026-07-02 15:42:56.943975,0.039256,-2.194714,1.415299,-0.002971,1.413342,-0.002971,-2.194714,0
2026-07-02 15:42:56.950303,0.041796,-2.205077,1.415299,-0.008152,1.418524,-0.008152,-2.205077,0
2026-07-02 15:42:56.950303,0.044466,-2.194714,1.415299,-0.008152,1.413342,-0.008152,-2.194714,0
2026-07-02 15:42:56.950303,0.047170,-2.194714,1.415299,-0.008152,1.413342,-0.008152,-2.194714,0
2026-07-02 15:42:56.958361,0.049742,-2.199896,1.415299,-0.002971,1.418524,-0.002971,-2.199896,0
2026-07-02 15:42:56.960819,0.052395,-2.189532,1.415299,-0.008152,1.418524,-0.008152,-2.189532,0
2026-07-02 15:42:56.960819,0.055087,-2.194714,1.415299,-0.002971,1.413342,-0.002971,-2.194714,0
2026-07-02 15:42:56.960819,0.057719,-2.199896,1.410120,0.002211,1.418524,0.002211,-2.199896,0
2026-07-02 15:42:56.968443,0.060258,-2.205077,1.415299,-0.002971,1.413342,-0.002971,-2.205077,0
2026-07-02 15:42:56.968443,0.062834,-2.189532,1.415299,-0.002971,1.413342,-0.002971,-2.189532,0
2026-07-02 15:42:56.968443,0.065539,-2.194714,1.415299,-0.008152,1.413342,-0.008152,-2.194714,0
2026-07-02 15:42:56.968443,0.068139,-2.199896,1.415299,-0.002971,1.413342,-0.002971,-2.199896,0
2026-07-02 15:42:56.978898,0.070698,-2.199896,1.415299,-0.002971,1.413342,-0.002971,-2.199896,0
2026-07-02 15:42:56.981844,0.073354,-2.205077,1.415299,-0.002971,1.418524,-0.002971,-2.205077,0
2026-07-02 15:42:56.983856,0.075927,-2.210258,1.415299,-0.002971,1.413342,-0.002971,-2.210258,0
2026-07-02 15:42:56.983856,0.078551,-2.199896,1.415299,-0.008152,1.418524,-0.008152,-2.199896,0
2026-07-02 15:42:56.989118,0.081234,-2.194714,1.415299,-0.002971,1.413342,-0.002971,-2.194714,0
2026-07-02 15:42:56.992054,0.083715,-2.199896,1.415299,-0.002971,1.413342,-0.002971,-2.199896,0
2026-07-02 15:42:56.994071,0.086272,-2.205077,1.415299,-0.002971,1.413342,-0.002971,-2.205077,0
2026-07-02 15:42:56.997502,0.088935,-2.189532,1.415299,-0.002971,1.413342,-0.002971,-2.189532,0
2026-07-02 15:42:56.999288,0.091448,-2.194714,1.415299,-0.008152,1.413342,-0.008152,-2.194714,0
2026-07-02 15:42:57.002173,0.093893,-2.194714,1.415299,-0.002971,1.418524,-0.002971,-2.194714,0
2026-07-02 15:42:57.003363,0.096461,-2.199896,1.415299,-0.002971,1.413342,-0.002971,-2.199896,0
2026-07-02 15:42:57.007162,0.099178,-2.199896,1.415299,-0.002971,1.413342,-0.002971,-2.199896,0
2026-07-02 15:42:57.010169,0.101918,-2.199896,1.415299,-0.002971,1.418524,-0.002971,-2.199896,0
2026-07-02 15:42:57.011664,0.105056,-2.205077,1.415299,-0.002971,1.413342,-0.002971,-2.205077,0
2026-07-02 15:42:57.016979,0.107818,-2.194714,1.415299,-0.002971,1.418524,-0.002971,-2.194714,0
2026-07-02 15:42:57.019013,0.111106,-2.194714,1.415299,-0.008152,1.413342,-0.008152,-2.194714,0
2026-07-02 15:42:57.020616,0.113675,-2.194714,1.415299,-0.008152,1.418524,-0.008152,-2.194714,0
2026-07-02 15:42:57.023983,0.116248,-2.194714,1.415299,-0.008152,1.418524,-0.008152,-2.194714,0
2026-07-02 15:42:57.023983,0.119094,-2.205077,1.410120,-0.002971,1.413342,-0.002971,-2.205077,0
2026-07-02 15:42:57.029254,0.121669,-2.199896,1.415299,-0.002971,1.413342,-0.002971,-2.199896,0
2026-07-02 15:42:57.029254,0.124179,-2.210258,1.415299,-0.002971,1.418524,-0.002971,-2.210258,0
2026-07-02 15:42:57.033288,0.126861,-2.194714,1.415299,-0.002971,1.418524,-0.002971,-2.194714,0
2026-07-02 15:42:57.033288,0.129324,-2.194714,1.415299,-0.008152,1.413342,-0.008152,-2.194714,0
2026-07-02 15:42:57.039338,0.131569,-2.205077,1.415299,-0.002971,1.418524,-0.002971,-2.205077,0
2026-07-02 15:42:57.041353,0.135039,-2.210258,1.415299,-0.002971,1.413342,-0.002971,-2.210258,0
2026-07-02 15:42:57.046328,0.138084,-2.199896,1.415299,-0.002971,1.418524,-0.002971,-2.199896,0
2026-07-02 15:42:57.048861,0.140533,-2.205077,1.415299,-0.002971,1.413342,-0.002971,-2.205077,0
2026-07-02 15:42:57.050869,0.143022,-2.210258,1.415299,-0.002971,1.418524,-0.002971,-2.210258,0
2026-07-02 15:42:57.052876,0.145438,-2.189532,1.415299,-0.008152,1.413342,-0.008152,-2.189532,0
2026-07-02 15:42:57.054881,0.147924,-2.194714,1.415299,-0.008152,1.413342,-0.008152,-2.194714,0
2026-07-02 15:42:57.058891,0.150436,-2.199896,1.415299,-0.002971,1.413342,-0.002971,-2.199896,0
2026-07-02 15:42:57.060902,0.153468,-2.205077,1.415299,-0.002971,1.413342,-0.002971,-2.205077,0
2026-07-02 15:42:57.062907,0.156002,-2.199896,1.415299,-0.002971,1.418524,-0.002971,-2.199896,0
2026-07-02 15:42:57.066919,0.158519,-2.194714,1.415299,-0.008152,1.418524,-0.008152,-2.194714,0
2026-07-02 15:42:57.068924,0.161595,-2.210258,1.415299,-0.002971,1.413342,-0.002971,-2.210258,0
2026-07-02 15:42:57.068924,0.164047,-2.199896,1.415299,-0.008152,1.413342,-0.008152,-2.199896,0
2026-07-02 15:42:57.068924,0.166368,-2.199896,1.415299,-0.002971,1.418524,-0.002971,-2.199896,0
2026-07-02 15:42:57.068924,0.168597,-2.210258,1.415299,-0.002971,1.413342,-0.002971,-2.210258,0
2026-07-02 15:42:57.079046,0.170962,-2.194714,1.415299,-0.002971,1.413342,-0.002971,-2.194714,0
2026-07-02 15:42:57.079046,0.173249,-2.189532,1.415299,-0.008152,1.418524,-0.008152,-2.189532,0
2026-07-02 15:42:57.079046,0.175490,-2.189532,1.415299,-0.008152,1.413342,-0.008152,-2.189532,0
2026-07-02 15:42:57.084446,0.177883,-2.194714,1.415299,-0.008152,1.413342,-0.008152,-2.194714,0
2026-07-02 15:42:57.084446,0.180272,-2.194714,1.415299,-0.002971,1.413342,-0.002971,-2.194714,0
2026-07-02 15:42:57.089256,0.182487,-2.205077,1.415299,-0.002971,1.418524,-0.002971,-2.205077,0
2026-07-02 15:42:57.089256,0.184758,-2.199896,1.415299,-0.002971,1.418524,-0.002971,-2.199896,0
2026-07-02 15:42:57.089256,0.187047,-2.199896,1.415299,-0.008152,1.413342,-0.008152,-2.199896,0
2026-07-02 15:42:57.089256,0.189294,-2.205077,1.415299,-0.008152,1.418524,-0.008152,-2.205077,0
2026-07-02 15:42:57.099384,0.191506,-2.194714,1.415299,-0.008152,1.418524,-0.008152,-2.194714,0
2026-07-02 15:42:57.099384,0.193823,-2.194714,1.415299,-0.008152,1.418524,-0.008152,-2.194714,0
2026-07-02 15:42:57.099384,0.196140,-2.194714,1.415299,-0.008152,1.413342,-0.008152,-2.194714,0
2026-07-02 15:42:57.099384,0.198429,-2.194714,1.415299,-0.008152,1.418524,-0.008152,-2.194714,0
2026-07-02 15:42:57.099384,0.200667,-2.199896,1.415299,-0.002971,1.413342,-0.002971,-2.199896,0
2026-07-02 15:42:57.109633,0.202969,-2.194714,1.415299,-0.002971,1.418524,-0.002971,-2.194714,0
2026-07-02 15:42:57.109633,0.205343,-2.210258,1.415299,-0.002971,1.418524,-0.002971,-2.210258,0
2026-07-02 15:42:57.109633,0.207624,-2.189532,1.415299,-0.008152,1.413342,-0.008152,-2.189532,0
2026-07-02 15:42:57.109633,0.209831,-2.199896,1.415299,-0.002971,1.418524,-0.002971,-2.199896,0
2026-07-02 15:42:57.119820,0.212116,-2.199896,1.415299,-0.002971,1.413342,-0.002971,-2.199896,0
2026-07-02 15:42:57.119820,0.214418,-2.199896,1.415299,-0.002971,1.418524,-0.002971,-2.199896,0
2026-07-02 15:42:57.119820,0.216700,-2.199896,1.415299,-0.002971,1.413342,-0.002971,-2.199896,0
2026-07-02 15:42:57.119820,0.219045,-2.210258,1.415299,-0.002971,1.418524,-0.002971,-2.210258,0
2026-07-02 15:42:57.129859,0.221788,-2.194714,1.415299,-0.002971,1.413342,-0.002971,-2.194714,0
2026-07-02 15:42:57.129859,0.224308,-2.199896,1.415299,-0.002971,1.413342,-0.002971,-2.199896,0
2026-07-02 15:42:57.129859,0.226784,-2.199896,1.410120,-0.002971,1.413342,-0.002971,-2.199896,0
2026-07-02 15:42:57.129859,0.229256,-2.194714,1.415299,-0.002971,1.413342,-0.002971,-2.194714,0
2026-07-02 15:42:57.129859,0.231726,-2.194714,1.415299,-0.008152,1.413342,-0.008152,-2.194714,0
2026-07-02 15:42:57.140333,0.234155,-2.205077,1.410120,-0.002971,1.413342,-0.002971,-2.205077,0
2026-07-02 15:42:57.140333,0.237051,-2.194714,1.415299,-0.002971,1.413342,-0.002971,-2.194714,0
2026-07-02 15:42:57.140333,0.239656,-2.194714,1.415299,-0.002971,1.413342,-0.002971,-2.194714,0
2026-07-02 15:42:57.150439,0.241918,-2.199896,1.415299,-0.002971,1.418524,-0.002971,-2.199896,0
2026-07-02 15:42:57.150439,0.245365,-2.205077,1.415299,-0.002971,1.418524,-0.002971,-2.205077,0
2026-07-02 15:42:57.150439,0.247847,-2.205077,1.415299,-0.002971,1.418524,-0.002971,-2.205077,0
2026-07-02 15:42:57.150439,0.250298,-2.205077,1.415299,-0.002971,1.413342,-0.002971,-2.205077,0
2026-07-02 15:42:57.161057,0.253421,-2.194714,1.415299,-0.008152,1.413342,-0.008152,-2.194714,0
2026-07-02 15:42:57.161057,0.255778,-2.194714,1.415299,-0.008152,1.413342,-0.008152,-2.194714,0
2026-07-02 15:42:57.161057,0.258085,-2.199896,1.415299,-0.002971,1.413342,-0.002971,-2.199896,0
2026-07-02 15:42:57.161057,0.260590,-2.194714,1.415299,-0.002971,1.413342,-0.002971,-2.194714,0
2026-07-02 15:42:57.171506,0.263002,-2.194714,1.415299,-0.008152,1.413342,-0.008152,-2.194714,0
2026-07-02 15:42:57.171506,0.265551,-2.199896,1.415299,-0.002971,1.413342,-0.002971,-2.199896,0
2026-07-02 15:42:57.171506,0.267854,-2.194714,1.415299,-0.002971,1.413342,-0.002971,-2.194714,0
2026-07-02 15:42:57.171506,0.270287,-2.194714,1.415299,-0.002971,1.413342,-0.002971,-2.194714,0
2026-07-02 15:42:57.171506,0.272774,-2.189532,1.415299,-0.008152,1.413342,-0.008152,-2.189532,0
2026-07-02 15:42:57.185006,0.275186,-2.194714,1.415299,-0.002971,1.413342,-0.002971,-2.194714,0
2026-07-02 15:42:57.185006,0.280961,-2.199896,1.410120,-0.002971,1.413342,-0.002971,-2.199896,0
2026-07-02 15:42:57.185006,0.283474,-2.194714,1.415299,-0.002971,1.418524,-0.002971,-2.194714,0
2026-07-02 15:42:57.192109,0.285804,-2.194714,1.415299,-0.008152,1.413342,-0.008152,-2.194714,0
2026-07-02 15:42:57.192109,0.288146,-2.199896,1.415299,-0.002971,1.418524,-0.002971,-2.199896,0
2026-07-02 15:42:57.192109,0.290399,-2.194714,1.415299,-0.008152,1.413342,-0.008152,-2.194714,0
2026-07-02 15:42:57.192109,0.292644,-2.194714,1.415299,-0.008152,1.418524,-0.008152,-2.194714,0
2026-07-02 15:42:57.202195,0.295254,-2.194714,1.415299,-0.002971,1.413342,-0.002971,-2.194714,0
2026-07-02 15:42:57.202195,0.297585,-2.210258,1.415299,-0.002971,1.413342,-0.002971,-2.210258,0
2026-07-02 15:42:57.202195,0.299919,-2.205077,1.415299,-0.002971,1.413342,-0.002971,-2.205077,0
2026-07-02 15:42:57.202195,0.302143,-2.205077,1.415299,-0.002971,1.413342,-0.002971,-2.205077,0
2026-07-02 15:42:57.212326,0.304354,-2.194714,1.415299,-0.002971,1.418524,-0.002971,-2.194714,0
2026-07-02 15:42:57.214352,0.306647,-2.199896,1.415299,-0.002971,1.413342,-0.002971,-2.199896,0
2026-07-02 15:42:57.214352,0.309041,-2.194714,1.415299,-0.008152,1.413342,-0.008152,-2.194714,0
2026-07-02 15:42:57.218526,0.311448,-2.194714,1.415299,-0.008152,1.418524,-0.008152,-2.194714,0
2026-07-02 15:42:57.220532,0.313890,-2.199896,1.415299,-0.008152,1.413342,-0.008152,-2.199896,0
2026-07-02 15:42:57.224542,0.316207,-2.210258,1.415299,-0.002971,1.413342,-0.002971,-2.210258,0
2026-07-02 15:42:57.224542,0.318596,-2.199896,1.415299,-0.002971,1.418524,-0.002971,-2.199896,0
2026-07-02 15:42:57.228948,0.321226,-2.205077,1.415299,-0.002971,1.413342,-0.002971,-2.205077,0
2026-07-02 15:42:57.232023,0.323689,-2.210258,1.415299,-0.002971,1.413342,-0.002971,-2.210258,0
2026-07-02 15:42:57.233029,0.326036,-2.194714,1.415299,-0.002971,1.418524,-0.002971,-2.194714,0
2026-07-02 15:42:57.236254,0.328523,-2.199896,1.415299,-0.002971,1.413342,-0.002971,-2.199896,0
2026-07-02 15:42:57.238259,0.331069,-2.199896,1.415299,-0.002971,1.413342,-0.002971,-2.199896,0
2026-07-02 15:42:57.240265,0.333473,-2.194714,1.415299,-0.008152,1.418524,-0.008152,-2.194714,0
2026-07-02 15:42:57.245420,0.336469,-2.205077,1.415299,-0.002971,1.418524,-0.002971,-2.205077,0
2026-07-02 15:42:57.249440,0.341124,-2.194714,1.415299,-0.002971,1.413342,-0.002971,-2.194714,0
2026-07-02 15:42:57.249440,0.343445,-2.210258,1.410120,-0.002971,1.413342,-0.002971,-2.210258,0
2026-07-02 15:42:57.252885,0.345646,-2.194714,1.415299,-0.008152,1.413342,-0.008152,-2.194714,0
2026-07-02 15:42:57.254892,0.348017,-2.199896,1.415299,-0.002971,1.418524,-0.002971,-2.199896,0
2026-07-02 15:42:57.258293,0.350570,-2.199896,1.415299,-0.002971,1.418524,-0.002971,-2.199896,0
2026-07-02 15:42:57.261305,0.352872,-2.194714,1.415299,-0.002971,1.418524,-0.002971,-2.194714,0
2026-07-02 15:42:57.263054,0.355265,-2.194714,1.415299,-0.002971,1.413342,-0.002971,-2.194714,0
2026-07-02 15:42:57.263054,0.357630,-2.210258,1.415299,-0.002971,1.413342,-0.002971,-2.210258,0
2026-07-02 15:42:57.267867,0.360141,-2.199896,1.415299,-0.002971,1.413342,-0.002971,-2.199896,0
2026-07-02 15:42:57.269446,0.362579,-2.194714,1.415299,-0.008152,1.418524,-0.008152,-2.194714,0
2026-07-02 15:42:57.273186,0.364998,-2.210258,1.415299,-0.002971,1.418524,-0.002971,-2.210258,0
2026-07-02 15:42:57.273186,0.367276,-2.199896,1.410120,-0.002971,1.418524,-0.002971,-2.199896,0
2026-07-02 15:42:57.273186,0.369663,-2.210258,1.415299,-0.002971,1.413342,-0.002971,-2.210258,0
2026-07-02 15:42:57.273186,0.372160,-2.199896,1.415299,-0.002971,1.413342,-0.002971,-2.199896,0
2026-07-02 15:42:57.273186,0.374559,-2.199896,1.415299,-0.008152,1.418524,-0.008152,-2.199896,0
2026-07-02 15:42:57.283235,0.376960,-2.199896,1.415299,-0.002971,1.413342,-0.002971,-2.199896,0
2026-07-02 15:42:57.285744,0.379533,-2.194714,1.415299,-0.002971,1.413342,-0.002971,-2.194714,0
2026-07-02 15:42:57.285744,0.382042,-2.199896,1.415299,-0.002971,1.418524,-0.002971,-2.199896,0
2026-07-02 15:42:57.285744,0.384547,-2.199896,1.415299,-0.002971,1.413342,-0.002971,-2.199896,0
2026-07-02 15:42:57.293336,0.387041,-2.199896,1.410120,-0.002971,1.413342,-0.002971,-2.199896,0
2026-07-02 15:42:57.293336,0.389473,-2.194714,1.415299,-0.008152,1.413342,-0.008152,-2.194714,0
2026-07-02 15:42:57.293336,0.391891,-2.194714,1.415299,-0.008152,1.418524,-0.008152,-2.194714,0
2026-07-02 15:42:57.293336,0.394353,-2.205077,1.415299,-0.002971,1.418524,-0.002971,-2.205077,0
2026-07-02 15:42:57.303473,0.396786,-2.194714,1.415299,-0.002971,1.418524,-0.002971,-2.194714,0
2026-07-02 15:42:57.303473,0.399218,-2.205077,1.415299,-0.008152,1.413342,-0.008152,-2.205077,0
2026-07-02 15:42:57.303473,0.401694,-2.194714,1.420479,-0.002971,1.413342,-0.002971,-2.194714,0
2026-07-02 15:42:57.303473,0.404192,-2.205077,1.415299,-0.002971,1.413342,-0.002971,-2.205077,0
2026-07-02 15:42:57.313978,0.406588,-2.205077,1.415299,-0.002971,1.418524,-0.002971,-2.205077,0
2026-07-02 15:42:57.313978,0.408918,-2.194714,1.415299,-0.002971,1.413342,-0.002971,-2.194714,0
2026-07-02 15:42:57.313978,0.411395,-2.210258,1.415299,-0.002971,1.413342,-0.002971,-2.210258,0
2026-07-02 15:42:57.313978,0.413736,-2.194714,1.415299,-0.002971,1.413342,-0.002971,-2.194714,0
2026-07-02 15:42:57.324099,0.416083,-2.194714,1.415299,-0.002971,1.413342,-0.002971,-2.194714,0
2026-07-02 15:42:57.324099,0.418502,-2.199896,1.415299,-0.002971,1.418524,-0.002971,-2.199896,0
2026-07-02 15:42:57.324099,0.420819,-2.205077,1.415299,-0.002971,1.418524,-0.002971,-2.205077,0
2026-07-02 15:42:57.324099,0.423102,-2.194714,1.415299,-0.002971,1.413342,-0.002971,-2.194714,0
2026-07-02 15:42:57.324099,0.425428,-2.194714,1.415299,-0.008152,1.413342,-0.008152,-2.194714,0
2026-07-02 15:42:57.334186,0.428159,-2.210258,1.415299,-0.002971,1.418524,-0.002971,-2.210258,0
2026-07-02 15:42:57.334186,0.430597,-2.199896,1.415299,-0.002971,1.413342,-0.002971,-2.199896,0
2026-07-02 15:42:57.334186,0.433020,-2.194714,1.415299,-0.002971,1.418524,-0.002971,-2.194714,0
2026-07-02 15:42:57.334186,0.435614,-2.199896,1.415299,-0.002971,1.413342,-0.002971,-2.199896,0
2026-07-02 15:42:57.344298,0.437979,-2.194714,1.415299,-0.002971,1.418524,-0.002971,-2.194714,0
2026-07-02 15:42:57.344298,0.440351,-2.199896,1.415299,-0.002971,1.413342,-0.002971,-2.199896,0
2026-07-02 15:42:57.344298,0.442689,-2.199896,1.415299,-0.002971,1.413342,-0.002971,-2.199896,0
2026-07-02 15:42:57.344298,0.445029,-2.205077,1.415299,-0.002971,1.413342,-0.002971,-2.205077,0
2026-07-02 15:42:57.354373,0.447362,-2.199896,1.415299,-0.002971,1.418524,-0.002971,-2.199896,0
2026-07-02 15:42:57.354373,0.449729,-2.194714,1.415299,-0.002971,1.418524,-0.002971,-2.194714,0
2026-07-02 15:42:57.354373,0.452120,-2.199896,1.410120,-0.002971,1.413342,-0.002971,-2.199896,0
2026-07-02 15:42:57.361436,0.454486,-2.194714,1.410120,-0.002971,1.418524,-0.002971,-2.194714,0
2026-07-02 15:42:57.364715,0.456816,-2.194714,1.415299,-0.002971,1.413342,-0.002971,-2.194714,0
2026-07-02 15:42:57.364715,0.459170,-2.194714,1.420479,-0.008152,1.413342,-0.008152,-2.194714,0
2026-07-02 15:42:57.364715,0.461618,-2.199896,1.415299,-0.002971,1.418524,-0.002971,-2.199896,0
2026-07-02 15:42:57.364715,0.464042,-2.199896,1.415299,-0.002971,1.418524,-0.002971,-2.199896,0
2026-07-02 15:42:57.374832,0.466472,-2.189532,1.415299,-0.008152,1.413342,-0.008152,-2.189532,0
2026-07-02 15:42:57.374832,0.469676,-2.199896,1.415299,-0.002971,1.413342,-0.002971,-2.199896,0
2026-07-02 15:42:57.374832,0.472062,-2.205077,1.415299,-0.002971,1.413342,-0.002971,-2.205077,0
2026-07-02 15:42:57.374832,0.474482,-2.205077,1.415299,-0.002971,1.413342,-0.002971,-2.205077,0
2026-07-02 15:42:57.385269,0.476790,-2.199896,1.415299,-0.002971,1.413342,-0.002971,-2.199896,0
2026-07-02 15:42:57.386290,0.479375,-2.210258,1.415299,-0.002971,1.418524,-0.002971,-2.210258,0
2026-07-02 15:42:57.386290,0.481787,-2.199896,1.415299,-0.002971,1.413342,-0.002971,-2.199896,0
2026-07-02 15:42:57.386290,0.484156,-2.194714,1.415299,-0.008152,1.418524,-0.008152,-2.194714,0
2026-07-02 15:42:57.386290,0.486510,-2.205077,1.415299,-0.002971,1.413342,-0.002971,-2.205077,0
2026-07-02 15:42:57.395634,0.488930,-2.194714,1.415299,-0.008152,1.413342,-0.008152,-2.194714,0
2026-07-02 15:42:57.395634,0.491386,-2.194714,1.415299,-0.002971,1.413342,-0.002971,-2.194714,0
2026-07-02 15:42:57.401751,0.494586,-2.194714,1.415299,-0.002971,1.413342,-0.002971,-2.194714,0
2026-07-02 15:42:57.401751,0.497047,-2.199896,1.415299,-0.002971,1.418524,-0.002971,-2.199896,0
2026-07-02 15:42:57.405793,0.499417,-2.194714,1.420479,-0.002971,1.418524,-0.002971,-2.194714,0
2026-07-02 15:42:57.405793,0.503027,-2.194714,1.415299,-0.002971,1.413342,-0.002971,-2.194714,0
2026-07-02 15:42:57.405793,0.506350,-2.194714,1.415299,-0.002971,1.418524,-0.002971,-2.194714,0
2026-07-02 15:42:57.415879,0.508539,-2.194714,1.415299,-0.008152,1.418524,-0.008152,-2.194714,0
2026-07-02 15:42:57.415879,0.511352,-2.194714,1.415299,-0.002971,1.418524,-0.002971,-2.194714,0
2026-07-02 15:42:57.415879,0.513592,-2.199896,1.415299,-0.002971,1.418524,-0.002971,-2.199896,0
2026-07-02 15:42:57.415879,0.515945,-2.205077,1.415299,-0.002971,1.418524,-0.002971,-2.205077,0
2026-07-02 15:42:57.429972,0.518183,-2.199896,1.415299,-0.002971,1.413342,-0.002971,-2.199896,0
2026-07-02 15:42:57.435987,0.526249,-2.205077,1.415299,-0.008152,1.418524,-0.008152,-2.205077,0
2026-07-02 15:42:57.437991,0.530237,-2.199896,1.415299,-0.002971,1.413342,-0.002971,-2.199896,0
2026-07-02 15:42:57.439995,0.532547,-2.210258,1.415299,-0.002971,1.413342,-0.002971,-2.210258,0
2026-07-02 15:42:57.442000,0.534888,-2.189532,1.415299,-0.002971,1.413342,-0.002971,-2.189532,0
2026-07-02 15:42:57.444004,0.537210,-2.199896,1.415299,-0.002971,1.413342,-0.002971,-2.199896,0
2026-07-02 15:42:57.448017,0.539606,-2.194714,1.415299,-0.002971,1.413342,-0.002971,-2.194714,0
2026-07-02 15:42:57.450024,0.541954,-2.199896,1.415299,-0.002971,1.418524,-0.002971,-2.199896,0
2026-07-02 15:42:57.451028,0.544391,-2.199896,1.415299,-0.002971,1.418524,-0.002971,-2.199896,0
2026-07-02 15:42:57.453038,0.546633,-2.189532,1.415299,-0.008152,1.413342,-0.008152,-2.189532,0
2026-07-02 15:42:57.456806,0.549099,-2.194714,1.415299,-0.002971,1.413342,-0.002971,-2.194714,0
2026-07-02 15:42:57.459264,0.551373,-2.210258,1.415299,-0.002971,1.418524,-0.002971,-2.210258,0
2026-07-02 15:42:57.461546,0.553610,-2.194714,1.415299,-0.008152,1.413342,-0.008152,-2.194714,0
2026-07-02 15:42:57.463555,0.555817,-2.199896,1.415299,-0.002971,1.413342,-0.002971,-2.199896,0
2026-07-02 15:42:57.466270,0.558125,-2.194714,1.415299,-0.008152,1.413342,-0.008152,-2.194714,0
2026-07-02 15:42:57.466270,0.560666,-2.199896,1.415299,-0.002971,1.413342,-0.002971,-2.199896,0
2026-07-02 15:42:57.466270,0.563168,-2.199896,1.415299,-0.002971,1.413342,-0.002971,-2.199896,0
2026-07-02 15:42:57.466270,0.565673,-2.194714,1.415299,-0.008152,1.413342,-0.008152,-2.194714,0
2026-07-02 15:42:57.476445,0.568276,-2.210258,1.415299,-0.002971,1.413342,-0.002971,-2.210258,0
2026-07-02 15:42:57.476445,0.570637,-2.194714,1.415299,-0.008152,1.413342,-0.008152,-2.194714,0
2026-07-02 15:42:57.476445,0.573072,-2.205077,1.415299,-0.008152,1.413342,-0.008152,-2.205077,0
2026-07-02 15:42:57.476445,0.575589,-2.194714,1.415299,-0.002971,1.413342,-0.002971,-2.194714,0
2026-07-02 15:42:57.476445,0.578011,-2.194714,1.415299,-0.002971,1.418524,-0.002971,-2.194714,0
2026-07-02 15:42:57.486898,0.580556,-2.199896,1.415299,-0.002971,1.418524,-0.002971,-2.199896,0
2026-07-02 15:42:57.486898,0.583431,-2.199896,1.415299,-0.002971,1.413342,-0.002971,-2.199896,0
2026-07-02 15:42:57.486898,0.586455,-2.194714,1.415299,-0.008152,1.413342,-0.008152,-2.194714,0
2026-07-02 15:42:57.497028,0.588899,-2.199896,1.415299,-0.002971,1.413342,-0.002971,-2.199896,0
2026-07-02 15:42:57.519030,0.598509,-2.199896,1.415299,-0.002971,1.413342,-0.002971,-2.199896,0
2026-07-02 15:42:57.520784,0.613059,-2.194714,1.415299,-0.002971,1.418524,-0.002971,-2.194714,0
2026-07-02 15:42:57.523631,0.615662,-2.199896,1.415299,-0.002971,1.418524,-0.002971,-2.199896,0
2026-07-02 15:42:57.527368,0.618287,-2.194714,1.415299,-0.002971,1.413342,-0.002971,-2.194714,0
2026-07-02 15:42:57.528927,0.621520,-2.210258,1.415299,-0.002971,1.418524,-0.002971,-2.210258,0
2026-07-02 15:42:57.531005,0.624038,-2.194714,1.415299,-0.002971,1.413342,-0.002971,-2.194714,0
2026-07-02 15:42:57.533602,0.626462,-2.199896,1.415299,-0.008152,1.418524,-0.008152,-2.199896,0
2026-07-02 15:42:57.545278,0.628899,-2.194714,1.415299,-0.002971,1.413342,-0.002971,-2.194714,0
2026-07-02 15:42:57.549297,0.641065,-2.199896,1.415299,-0.002971,1.413342,-0.002971,-2.199896,0
2026-07-02 15:42:57.552591,0.644237,-2.194714,1.415299,-0.008152,1.413342,-0.008152,-2.194714,0
2026-07-02 15:42:57.556052,0.647091,-2.194714,1.415299,-0.002971,1.413342,-0.002971,-2.194714,0
2026-07-02 15:42:57.558577,0.650806,-2.194714,1.415299,-0.002971,1.413342,-0.002971,-2.194714,0
2026-07-02 15:42:57.572824,0.653234,-2.194714,1.410120,-0.002971,1.413342,-0.002971,-2.194714,0
2026-07-02 15:42:57.576843,0.667718,-2.199896,1.415299,-0.002971,1.413342,-0.002971,-2.199896,0
2026-07-02 15:42:57.580857,0.672763,-2.210258,1.415299,-0.002971,1.413342,-0.002971,-2.210258,0
2026-07-02 15:42:57.585135,0.675890,-2.194714,1.415299,-0.002971,1.413342,-0.002971,-2.194714,0
2026-07-02 15:42:57.587891,0.680274,-2.205077,1.415299,-0.002971,1.418524,-0.002971,-2.205077,0
2026-07-02 15:42:57.587891,0.682861,-2.194714,1.415299,-0.002971,1.413342,-0.002971,-2.194714,0
2026-07-02 15:42:57.592754,0.685300,-2.210258,1.415299,-0.002971,1.413342,-0.002971,-2.210258,0
2026-07-02 15:42:57.595428,0.687670,-2.194714,1.415299,-0.008152,1.418524,-0.008152,-2.194714,0
2026-07-02 15:42:57.597164,0.690046,-2.199896,1.415299,-0.002971,1.413342,-0.002971,-2.199896,0
2026-07-02 15:42:57.600999,0.692528,-2.199896,1.415299,-0.002971,1.413342,-0.002971,-2.199896,0
2026-07-02 15:42:57.600999,0.695431,-2.205077,1.415299,-0.008152,1.418524,-0.008152,-2.205077,0
2026-07-02 15:42:57.600999,0.697738,-2.199896,1.415299,-0.002971,1.418524,-0.002971,-2.199896,0
2026-07-02 15:42:57.609358,0.700202,-2.189532,1.415299,-0.002971,1.418524,-0.002971,-2.189532,0
2026-07-02 15:42:57.609358,0.704162,-2.194714,1.415299,-0.008152,1.418524,-0.008152,-2.194714,0
2026-07-02 15:42:57.609358,0.706593,-2.194714,1.415299,-0.002971,1.413342,-0.002971,-2.194714,0
2026-07-02 15:42:57.619581,0.709259,-2.194714,1.415299,-0.008152,1.413342,-0.008152,-2.194714,0
2026-07-02 15:42:57.619581,0.714435,-2.210258,1.415299,-0.002971,1.418524,-0.002971,-2.210258,0
2026-07-02 15:42:57.626147,0.716874,-2.205077,1.415299,-0.002971,1.413342,-0.002971,-2.205077,0
2026-07-02 15:42:57.630165,0.721896,-2.199896,1.415299,-0.002971,1.418524,-0.002971,-2.199896,0
2026-07-02 15:42:57.634087,0.725272,-2.199896,1.415299,-0.002971,1.413342,-0.002971,-2.199896,0
2026-07-02 15:42:57.636095,0.728152,-2.205077,1.420479,-0.002971,1.413342,-0.002971,-2.205077,0
2026-07-02 15:42:57.638101,0.730954,-2.205077,1.415299,-0.002971,1.413342,-0.002971,-2.205077,0
2026-07-02 15:42:57.641814,0.733272,-2.205077,1.415299,-0.002971,1.413342,-0.002971,-2.205077,0
2026-07-02 15:42:57.644840,0.736463,-2.210258,1.415299,-0.002971,1.413342,-0.002971,-2.210258,0
2026-07-02 15:42:57.644840,0.738833,-2.210258,1.415299,-0.002971,1.418524,-0.002971,-2.210258,0
2026-07-02 15:42:57.644840,0.741163,-2.199896,1.415299,-0.002971,1.413342,-0.002971,-2.199896,0
2026-07-02 15:42:57.651886,0.743426,-2.194714,1.415299,-0.002971,1.413342,-0.002971,-2.194714,0
2026-07-02 15:42:57.651886,0.745760,-2.194714,1.415299,-0.002971,1.413342,-0.002971,-2.194714,0
2026-07-02 15:42:57.654931,0.748210,-2.199896,1.415299,-0.002971,1.418524,-0.002971,-2.199896,0
2026-07-02 15:42:57.661182,0.750587,-2.205077,1.415299,-0.002971,1.413342,-0.002971,-2.205077,0
2026-07-02 15:42:57.661689,0.755539,-2.210258,1.415299,-0.002971,1.413342,-0.002971,-2.210258,0
2026-07-02 15:42:57.661689,0.757876,-2.199896,1.415299,-0.002971,1.413342,-0.002971,-2.199896,0
2026-07-02 15:42:57.668084,0.760086,-2.194714,1.415299,-0.002971,1.413342,-0.002971,-2.194714,0
2026-07-02 15:42:57.668084,0.762364,-2.194714,1.415299,-0.008152,1.418524,-0.008152,-2.194714,0
2026-07-02 15:42:57.668084,0.764912,-2.194714,1.415299,-0.002971,1.418524,-0.002971,-2.194714,0
2026-07-02 15:42:57.677253,0.767231,-2.194714,1.415299,-0.008152,1.418524,-0.008152,-2.194714,0
2026-07-02 15:42:57.679649,0.771477,-2.194714,1.415299,-0.008152,1.418524,-0.008152,-2.194714,0
2026-07-02 15:42:57.681658,0.774388,-2.194714,1.415299,-0.002971,1.413342,-0.002971,-2.194714,0
2026-07-02 15:42:57.688395,0.776636,-2.194714,1.415299,-0.002971,1.413342,-0.002971,-2.194714,0
2026-07-02 15:42:57.693917,0.782601,-2.189532,1.415299,-0.008152,1.418524,-0.008152,-2.189532,0
2026-07-02 15:42:57.695924,0.789210,-2.199896,1.415299,-0.002971,1.413342,-0.002971,-2.199896,0
2026-07-02 15:42:57.700271,0.791559,-2.194714,1.415299,-0.002971,1.413342,-0.002971,-2.194714,0
2026-07-02 15:42:57.702495,0.794560,-2.194714,1.420479,-0.002971,1.413342,-0.002971,-2.194714,0
2026-07-02 15:42:57.712669,0.797602,-2.194714,1.415299,-0.008152,1.418524,-0.008152,-2.194714,0
2026-07-02 15:42:57.718895,0.806636,-2.194714,1.415299,-0.002971,1.413342,-0.002971,-2.194714,0
2026-07-02 15:42:57.722906,0.814180,-2.199896,1.415299,-0.002971,1.413342,-0.002971,-2.199896,0
2026-07-02 15:42:57.729290,0.817293,-2.205077,1.415299,-0.002971,1.418524,-0.002971,-2.205077,0
2026-07-02 15:42:57.733448,0.825994,-2.189532,1.415299,-0.002971,1.413342,-0.002971,-2.189532,0
2026-07-02 15:42:57.735550,0.828392,-2.189532,1.415299,-0.008152,1.418524,-0.008152,-2.189532,0
2026-07-02 15:42:57.737559,0.830718,-2.210258,1.415299,-0.002971,1.413342,-0.002971,-2.210258,0
2026-07-02 15:42:57.741313,0.833064,-2.199896,1.415299,-0.002971,1.413342,-0.002971,-2.199896,0
2026-07-02 15:42:57.741829,0.835332,-2.194714,1.415299,-0.002971,1.413342,-0.002971,-2.194714,0
2026-07-02 15:42:57.741829,0.837702,-2.194714,1.415299,-0.002971,1.418524,-0.002971,-2.194714,0
2026-07-02 15:42:57.741829,0.839936,-2.210258,1.415299,-0.002971,1.418524,-0.002971,-2.210258,0
2026-07-02 15:42:57.750064,0.842122,-2.199896,1.410120,-0.002971,1.418524,-0.002971,-2.199896,0
2026-07-02 15:42:57.752250,0.845063,-2.210258,1.415299,-0.002971,1.413342,-0.002971,-2.210258,0
2026-07-02 15:42:57.754256,0.847293,-2.199896,1.415299,-0.002971,1.418524,-0.002971,-2.199896,0
2026-07-02 15:42:57.757766,0.849502,-2.205077,1.415299,-0.002971,1.413342,-0.002971,-2.205077,0
2026-07-02 15:42:57.758477,0.851858,-2.189532,1.415299,-0.008152,1.413342,-0.008152,-2.189532,0
2026-07-02 15:42:57.761562,0.854143,-2.189532,1.415299,-0.002971,1.413342,-0.002971,-2.189532,0
2026-07-02 15:42:57.763566,0.856359,-2.199896,1.415299,-0.002971,1.418524,-0.002971,-2.199896,0
2026-07-02 15:42:57.766908,0.858560,-2.210258,1.415299,-0.002971,1.413342,-0.002971,-2.210258,0
2026-07-02 15:42:57.766908,0.860918,-2.199896,1.415299,-0.002971,1.413342,-0.002971,-2.199896,0
2026-07-02 15:42:57.771542,0.863230,-2.194714,1.415299,-0.008152,1.418524,-0.008152,-2.194714,0
2026-07-02 15:42:57.773551,0.865576,-2.199896,1.415299,-0.002971,1.418524,-0.002971,-2.199896,0
2026-07-02 15:42:57.775183,0.868561,-2.210258,1.415299,-0.002971,1.418524,-0.002971,-2.210258,0
2026-07-02 15:42:57.779263,0.870784,-2.199896,1.415299,-0.002971,1.418524,-0.002971,-2.199896,0
2026-07-02 15:42:57.781268,0.873741,-2.199896,1.415299,-0.002971,1.413342,-0.002971,-2.199896,0
2026-07-02 15:42:57.783611,0.876263,-2.205077,1.415299,-0.002971,1.413342,-0.002971,-2.205077,0
2026-07-02 15:42:57.785704,0.878787,-2.205077,1.415299,-0.002971,1.413342,-0.002971,-2.205077,0
2026-07-02 15:42:57.788578,0.881037,-2.199896,1.410120,-0.002971,1.418524,-0.002971,-2.199896,0
2026-07-02 15:42:57.791602,0.883339,-2.194714,1.415299,-0.008152,1.413342,-0.008152,-2.194714,0
2026-07-02 15:42:57.794402,0.885706,-2.210258,1.415299,-0.002971,1.413342,-0.002971,-2.210258,0
2026-07-02 15:42:57.796412,0.888504,-2.194714,1.415299,-0.002971,1.413342,-0.002971,-2.194714,0
2026-07-02 15:42:57.798882,0.890785,-2.194714,1.415299,-0.002971,1.413342,-0.002971,-2.194714,0
2026-07-02 15:42:57.814594,0.893056,-2.194714,1.415299,-0.008152,1.418524,-0.008152,-2.194714,0
2026-07-02 15:42:57.816343,0.908809,-2.205077,1.415299,-0.008152,1.413342,-0.008152,-2.205077,0
2026-07-02 15:42:57.821051,0.912312,-2.199896,1.415299,-0.002971,1.413342,-0.002971,-2.199896,0
2026-07-02 15:42:57.825064,0.916647,-2.189532,1.415299,-0.002971,1.418524,-0.002971,-2.189532,0
2026-07-02 15:42:57.826813,0.919124,-2.210258,1.415299,-0.002971,1.413342,-0.002971,-2.210258,0
2026-07-02 15:42:57.828818,0.921547,-2.205077,1.415299,-0.002971,1.413342,-0.002971,-2.205077,0
2026-07-02 15:42:57.830825,0.923893,-2.205077,1.415299,-0.002971,1.418524,-0.002971,-2.205077,0
2026-07-02 15:42:57.832835,0.926222,-2.194714,1.415299,-0.008152,1.418524,-0.008152,-2.194714,0
2026-07-02 15:42:57.836087,0.928469,-2.189532,1.415299,-0.002971,1.418524,-0.002971,-2.189532,0
2026-07-02 15:42:57.837094,0.930736,-2.194714,1.415299,-0.002971,1.413342,-0.002971,-2.194714,0
2026-07-02 15:42:57.839605,0.932978,-2.194714,1.410120,-0.002971,1.413342,-0.002971,-2.194714,0
2026-07-02 15:42:57.843620,0.935217,-2.199896,1.415299,-0.002971,1.418524,-0.002971,-2.199896,0
2026-07-02 15:42:57.845630,0.937497,-2.199896,1.415299,-0.002971,1.413342,-0.002971,-2.199896,0
2026-07-02 15:42:57.847380,0.939786,-2.194714,1.415299,-0.008152,1.413342,-0.008152,-2.194714,0
2026-07-02 15:42:57.849390,0.942002,-2.194714,1.415299,-0.002971,1.413342,-0.002971,-2.194714,0
2026-07-02 15:42:57.851396,0.944249,-2.189532,1.415299,-0.002971,1.413342,-0.002971,-2.189532,0
2026-07-02 15:42:57.853401,0.946533,-2.194714,1.415299,-0.002971,1.413342,-0.002971,-2.194714,0
2026-07-02 15:42:57.853401,0.948848,-2.189532,1.415299,-0.008152,1.413342,-0.008152,-2.189532,0
2026-07-02 15:42:57.857444,0.951298,-2.199896,1.410120,-0.002971,1.413342,-0.002971,-2.199896,0
2026-07-02 15:42:57.861777,0.953646,-2.194714,1.415299,-0.002971,1.413342,-0.002971,-2.194714,0
2026-07-02 15:42:57.861777,0.956134,-2.189532,1.415299,-0.008152,1.418524,-0.008152,-2.189532,0
2026-07-02 15:42:57.861777,0.958588,-2.210258,1.415299,-0.002971,1.418524,-0.002971,-2.210258,0
2026-07-02 15:42:57.867628,0.960919,-2.205077,1.415299,-0.002971,1.413342,-0.002971,-2.205077,0
2026-07-02 15:42:57.871647,0.963312,-2.194714,1.415299,-0.002971,1.413342,-0.002971,-2.194714,0
2026-07-02 15:42:57.873656,0.965765,-2.199896,1.415299,-0.002971,1.413342,-0.002971,-2.199896,0
2026-07-02 15:42:57.875664,0.968133,-2.199896,1.415299,-0.008152,1.413342,-0.008152,-2.199896,0
2026-07-02 15:42:57.877669,0.970554,-2.194714,1.415299,-0.002971,1.418524,-0.002971,-2.194714,0
2026-07-02 15:42:57.877669,0.972847,-2.199896,1.415299,-0.008152,1.413342,-0.008152,-2.199896,0
2026-07-02 15:42:57.877669,0.975197,-2.210258,1.415299,-0.002971,1.418524,-0.002971,-2.210258,0
2026-07-02 15:42:57.877669,0.977636,-2.210258,1.415299,-0.002971,1.418524,-0.002971,-2.210258,0
2026-07-02 15:42:57.888055,0.980008,-2.205077,1.415299,-0.002971,1.418524,-0.002971,-2.205077,0
2026-07-02 15:42:57.889062,0.982279,-2.199896,1.415299,-0.002971,1.418524,-0.002971,-2.199896,0
2026-07-02 15:42:57.891072,0.984593,-2.205077,1.415299,-0.002971,1.413342,-0.002971,-2.205077,0
2026-07-02 15:42:57.891072,0.987084,-2.194714,1.410120,-0.002971,1.413342,-0.002971,-2.194714,0
2026-07-02 15:42:57.891072,0.989336,-2.194714,1.415299,-0.002971,1.413342,-0.002971,-2.194714,0
2026-07-02 15:42:57.898283,0.991631,-2.194714,1.415299,-0.002971,1.418524,-0.002971,-2.194714,0
2026-07-02 15:42:57.900290,0.993947,-2.199896,1.415299,-0.002971,1.413342,-0.002971,-2.199896,0
2026-07-02 15:42:57.900290,0.996404,-2.194714,1.415299,-0.002971,1.413342,-0.002971,-2.194714,0
2026-07-02 15:42:57.900290,0.998685,-2.210258,1.415299,-0.002971,1.418524,-0.002971,-2.210258,0
2026-07-02 15:42:57.908762,1.001015,-2.205077,1.415299,-0.002971,1.413342,-0.002971,-2.205077,0
2026-07-02 15:42:57.911085,1.003305,-2.199896,1.415299,-0.008152,1.418524,-0.008152,-2.199896,0
2026-07-02 15:42:57.913094,1.005617,-2.210258,1.415299,-0.002971,1.413342,-0.002971,-2.210258,0
2026-07-02 15:42:57.915104,1.007851,-2.194714,1.415299,-0.002971,1.413342,-0.002971,-2.194714,0
2026-07-02 15:42:57.918453,1.010092,-2.194714,1.415299,-0.008152,1.413342,-0.008152,-2.194714,0
2026-07-02 15:42:57.920463,1.012407,-2.199896,1.415299,-0.002971,1.413342,-0.002971,-2.199896,0
2026-07-02 15:42:57.922472,1.014871,-2.194714,1.415299,-0.008152,1.413342,-0.008152,-2.194714,0
2026-07-02 15:42:57.922472,1.017201,-2.199896,1.415299,-0.002971,1.413342,-0.002971,-2.199896,0
2026-07-02 15:42:57.922472,1.019494,-2.205077,1.415299,-0.002971,1.418524,-0.002971,-2.205077,0
2026-07-02 15:42:57.928479,1.021818,-2.194714,1.415299,-0.002971,1.413342,-0.002971,-2.194714,0
2026-07-02 15:42:57.932493,1.024274,-2.210258,1.415299,-0.002971,1.418524,-0.002971,-2.210258,0
2026-07-02 15:42:57.938514,1.026651,-2.189532,1.415299,-0.008152,1.418524,-0.008152,-2.189532,0
2026-07-02 15:42:57.940521,1.033051,-2.194714,1.415299,-0.008152,1.413342,-0.008152,-2.194714,0
2026-07-02 15:42:57.944535,1.036308,-2.205077,1.415299,-0.002971,1.418524,-0.002971,-2.205077,0
2026-07-02 15:42:57.946541,1.038731,-2.194714,1.415299,-0.002971,1.418524,-0.002971,-2.194714,0
2026-07-02 15:42:57.952564,1.041009,-2.210258,1.415299,-0.008152,1.418524,-0.008152,-2.210258,0
2026-07-02 15:42:57.954571,1.046964,-2.210258,1.415299,-0.002971,1.413342,-0.002971,-2.210258,0
2026-07-02 15:42:57.956578,1.049377,-2.205077,1.415299,-0.002971,1.413342,-0.002971,-2.205077,0
2026-07-02 15:42:57.961964,1.051917,-2.194714,1.415299,-0.002971,1.413342,-0.002971,-2.194714,0
2026-07-02 15:42:57.963971,1.055897,-2.205077,1.415299,-0.002971,1.418524,-0.002971,-2.205077,0
2026-07-02 15:42:57.964808,1.058171,-2.194714,1.415299,-0.002971,1.413342,-0.002971,-2.194714,0
2026-07-02 15:42:57.968736,1.060562,-2.205077,1.415299,-0.002971,1.413342,-0.002971,-2.205077,0
2026-07-02 15:42:57.968736,1.062910,-2.199896,1.415299,-0.002971,1.418524,-0.002971,-2.199896,0
2026-07-02 15:42:57.968736,1.065230,-2.199896,1.415299,-0.002971,1.418524,-0.002971,-2.199896,0
2026-07-02 15:42:57.968736,1.067434,-2.199896,1.420479,-0.008152,1.413342,-0.008152,-2.199896,0
2026-07-02 15:42:57.968736,1.069660,-2.199896,1.415299,-0.002971,1.413342,-0.002971,-2.199896,0
2026-07-02 15:42:57.979160,1.071913,-2.199896,1.415299,-0.002971,1.413342,-0.002971,-2.199896,0
2026-07-02 15:42:57.979160,1.074297,-2.199896,1.410120,-0.002971,1.418524,-0.002971,-2.199896,0
2026-07-02 15:42:57.984713,1.076902,-2.210258,1.415299,-0.002971,1.418524,-0.002971,-2.210258,0
2026-07-02 15:42:57.984713,1.079644,-2.210258,1.415299,-0.002971,1.413342,-0.002971,-2.210258,0
2026-07-02 15:42:57.989856,1.081940,-2.205077,1.415299,-0.002971,1.418524,-0.002971,-2.205077,0
2026-07-02 15:42:57.991865,1.084230,-2.205077,1.415299,-0.008152,1.413342,-0.008152,-2.205077,0
2026-07-02 15:42:57.994466,1.086449,-2.199896,1.415299,-0.002971,1.413342,-0.002971,-2.199896,0
2026-07-02 15:42:57.996478,1.088735,-2.194714,1.415299,-0.002971,1.413342,-0.002971,-2.194714,0
2026-07-02 15:42:58.000242,1.091370,-2.199896,1.415299,-0.002971,1.413342,-0.002971,-2.199896,0
2026-07-02 15:42:58.003468,1.094386,-2.194714,1.415299,-0.002971,1.418524,-0.002971,-2.194714,0
2026-07-02 15:42:58.007458,1.098975,-2.194714,1.415299,-0.008152,1.413342,-0.008152,-2.194714,0
2026-07-02 15:42:58.012621,1.101749,-2.210258,1.415299,-0.002971,1.418524,-0.002971,-2.210258,0
2026-07-02 15:42:58.014631,1.107469,-2.199896,1.415299,-0.008152,1.413342,-0.008152,-2.199896,0
2026-07-02 15:42:58.020002,1.110233,-2.205077,1.415299,-0.002971,1.413342,-0.002971,-2.205077,0
2026-07-02 15:42:58.025688,1.114143,-2.205077,1.415299,-0.002971,1.413342,-0.002971,-2.205077,0
2026-07-02 15:42:58.029705,1.120176,-2.199896,1.415299,-0.002971,1.418524,-0.002971,-2.199896,0
2026-07-02 15:42:58.031457,1.124335,-2.199896,1.415299,-0.002971,1.413342,-0.002971,-2.199896,0
2026-07-02 15:42:58.033464,1.126808,-2.205077,1.420479,-0.008152,1.413342,-0.008152,-2.205077,0
2026-07-02 15:42:58.047365,1.129168,-2.210258,1.415299,-0.002971,1.418524,-0.002971,-2.210258,0
2026-07-02 15:42:58.055402,1.142993,-2.189532,1.415299,-0.002971,1.418524,-0.002971,-2.189532,0
2026-07-02 15:42:58.069503,1.149429,-2.194714,1.415299,-0.002971,1.413342,-0.002971,-2.194714,0
2026-07-02 15:42:58.073519,1.163952,-2.199896,1.415299,-0.002971,1.413342,-0.002971,-2.199896,0
2026-07-02 15:42:58.096263,1.168211,-2.189532,1.415299,-0.008152,1.413342,-0.008152,-2.189532,0
2026-07-02 15:42:58.098269,1.191283,-2.205077,1.415299,-0.008152,1.418524,-0.008152,-2.205077,0
2026-07-02 15:42:58.104568,1.193727,-2.194714,1.415299,-0.002971,1.413342,-0.002971,-2.194714,0
2026-07-02 15:42:58.111124,1.200355,-2.199896,1.415299,-0.002971,1.413342,-0.002971,-2.199896,0
2026-07-02 15:42:58.113135,1.205925,-2.194714,1.415299,-0.008152,1.418524,-0.008152,-2.194714,0
2026-07-02 15:42:58.120006,1.208779,-2.205077,1.415299,-0.002971,1.418524,-0.002971,-2.205077,0
2026-07-02 15:42:58.122014,1.214450,-2.189532,1.415299,-0.008152,1.418524,-0.008152,-2.189532,0
2026-07-02 15:42:58.125186,1.216804,-2.199896,1.410120,-0.002971,1.418524,-0.002971,-2.199896,0
2026-07-02 15:42:58.125799,1.219250,-2.194714,1.415299,-0.008152,1.413342,-0.008152,-2.194714,0
2026-07-02 15:42:58.125799,1.221578,-2.210258,1.415299,-0.002971,1.418524,-0.002971,-2.210258,0
2026-07-02 15:42:58.131141,1.223924,-2.205077,1.415299,-0.008152,1.413342,-0.008152,-2.205077,0
2026-07-02 15:42:58.134271,1.226272,-2.210258,1.415299,-0.002971,1.418524,-0.002971,-2.210258,0
2026-07-02 15:42:58.134271,1.228580,-2.199896,1.410120,-0.002971,1.418524,-0.002971,-2.199896,0
2026-07-02 15:42:58.138273,1.230966,-2.199896,1.415299,-0.002971,1.418524,-0.002971,-2.199896,0
2026-07-02 15:42:58.142268,1.233327,-2.205077,1.415299,-0.002971,1.413342,-0.002971,-2.205077,0
2026-07-02 15:42:58.146287,1.237877,-2.205077,1.410120,-0.002971,1.413342,-0.002971,-2.205077,0
2026-07-02 15:42:58.148293,1.240167,-2.194714,1.415299,-0.008152,1.418524,-0.008152,-2.194714,0
2026-07-02 15:42:58.150774,1.242524,-2.194714,1.415299,-0.002971,1.413342,-0.002971,-2.194714,0
2026-07-02 15:42:58.150774,1.244913,-2.199896,1.415299,-0.002971,1.413342,-0.002971,-2.199896,0
2026-07-02 15:42:58.150774,1.247224,-2.194714,1.415299,-0.002971,1.418524,-0.002971,-2.194714,0
2026-07-02 15:42:58.161269,1.249484,-2.194714,1.415299,-0.002971,1.413342,-0.002971,-2.194714,0
2026-07-02 15:42:58.164285,1.255635,-2.199896,1.415299,-0.002971,1.413342,-0.002971,-2.199896,0
2026-07-02 15:42:58.167584,1.259485,-2.194714,1.415299,-0.002971,1.413342,-0.002971,-2.194714,0
2026-07-02 15:42:58.169590,1.262305,-2.199896,1.415299,-0.002971,1.413342,-0.002971,-2.199896,0
2026-07-02 15:42:58.172475,1.264649,-2.199896,1.415299,-0.002971,1.413342,-0.002971,-2.199896,0
2026-07-02 15:42:58.175294,1.266949,-2.194714,1.415299,-0.008152,1.413342,-0.008152,-2.194714,0
2026-07-02 15:42:58.176062,1.269383,-2.194714,1.415299,-0.008152,1.413342,-0.008152,-2.194714,0
2026-07-02 15:42:58.176062,1.271718,-2.194714,1.415299,-0.008152,1.418524,-0.008152,-2.194714,0
2026-07-02 15:42:58.176062,1.274005,-2.194714,1.415299,-0.008152,1.413342,-0.008152,-2.194714,0
2026-07-02 15:42:58.184044,1.276233,-2.199896,1.415299,-0.002971,1.413342,-0.002971,-2.199896,0
2026-07-02 15:42:58.186053,1.278969,-2.210258,1.415299,-0.002971,1.418524,-0.002971,-2.210258,0
2026-07-02 15:42:58.186053,1.281261,-2.194714,1.415299,-0.008152,1.413342,-0.008152,-2.194714,0
2026-07-02 15:42:58.192527,1.283504,-2.199896,1.415299,-0.002971,1.413342,-0.002971,-2.199896,0
2026-07-02 15:42:58.196544,1.288306,-2.199896,1.415299,-0.002971,1.413342,-0.002971,-2.199896,0
2026-07-02 15:42:58.198553,1.290624,-2.194714,1.415299,-0.002971,1.418524,-0.002971,-2.194714,0
2026-07-02 15:42:58.200833,1.292881,-2.194714,1.415299,-0.002971,1.413342,-0.002971,-2.194714,0
2026-07-02 15:42:58.202840,1.295396,-2.199896,1.415299,-0.008152,1.418524,-0.008152,-2.199896,0
2026-07-02 15:42:58.202840,1.298017,-2.194714,1.415299,-0.008152,1.418524,-0.008152,-2.194714,0
2026-07-02 15:42:58.208574,1.300306,-2.199896,1.415299,-0.008152,1.413342,-0.008152,-2.199896,0
2026-07-02 15:42:58.209170,1.302551,-2.199896,1.415299,-0.002971,1.413342,-0.002971,-2.199896,0
2026-07-02 15:42:58.209170,1.304825,-2.199896,1.415299,-0.002971,1.413342,-0.002971,-2.199896,0
2026-07-02 15:42:58.209170,1.307148,-2.199896,1.415299,-0.002971,1.413342,-0.002971,-2.199896,0
2026-07-02 15:42:58.217469,1.309545,-2.194714,1.415299,-0.008152,1.413342,-0.008152,-2.194714,0
2026-07-02 15:42:58.221486,1.312898,-2.210258,1.415299,-0.002971,1.413342,-0.002971,-2.210258,0
2026-07-02 15:42:58.223692,1.315487,-2.194714,1.415299,-0.008152,1.413342,-0.008152,-2.194714,0
2026-07-02 15:42:58.225612,1.317763,-2.199896,1.415299,-0.002971,1.413342,-0.002971,-2.199896,0
2026-07-02 15:42:58.225612,1.320287,-2.210258,1.415299,-0.002971,1.413342,-0.002971,-2.210258,0
2026-07-02 15:42:58.225612,1.322609,-2.199896,1.415299,-0.002971,1.413342,-0.002971,-2.199896,0
2026-07-02 15:42:58.232180,1.324910,-2.199896,1.415299,-0.002971,1.413342,-0.002971,-2.199896,0
2026-07-02 15:42:58.235123,1.327134,-2.205077,1.415299,-0.002971,1.413342,-0.002971,-2.205077,0
2026-07-02 15:42:58.235123,1.329584,-2.210258,1.415299,-0.002971,1.418524,-0.002971,-2.210258,0
2026-07-02 15:42:58.235123,1.332096,-2.194714,1.415299,-0.008152,1.413342,-0.008152,-2.194714,0
2026-07-02 15:42:58.242234,1.334382,-2.189532,1.415299,-0.008152,1.418524,-0.008152,-2.189532,0
2026-07-02 15:42:58.242234,1.337014,-2.210258,1.415299,-0.002971,1.413342,-0.002971,-2.210258,0
2026-07-02 15:42:58.242234,1.339307,-2.210258,1.415299,-0.008152,1.413342,-0.008152,-2.210258,0
2026-07-02 15:42:58.242234,1.341541,-2.205077,1.415299,-0.002971,1.413342,-0.002971,-2.205077,0
2026-07-02 15:42:58.250778,1.343939,-2.205077,1.415299,-0.002971,1.413342,-0.002971,-2.205077,0
2026-07-02 15:42:58.253378,1.346371,-2.194714,1.415299,-0.002971,1.413342,-0.002971,-2.194714,0
2026-07-02 15:42:58.256514,1.348750,-2.189532,1.415299,-0.008152,1.418524,-0.008152,-2.189532,0
2026-07-02 15:42:58.258512,1.351089,-2.194714,1.415299,-0.002971,1.413342,-0.002971,-2.194714,0
2026-07-02 15:42:58.260675,1.353384,-2.199896,1.415299,-0.002971,1.413342,-0.002971,-2.199896,0
2026-07-02 15:42:58.262183,1.355666,-2.194714,1.415299,-0.008152,1.413342,-0.008152,-2.194714,0
2026-07-02 15:42:58.265387,1.357919,-2.210258,1.415299,-0.002971,1.418524,-0.002971,-2.210258,0
2026-07-02 15:42:58.267510,1.360208,-2.194714,1.415299,-0.002971,1.418524,-0.002971,-2.194714,0
2026-07-02 15:42:58.267510,1.362516,-2.189532,1.415299,-0.008152,1.413342,-0.008152,-2.189532,0
2026-07-02 15:42:58.267510,1.364920,-2.210258,1.415299,-0.008152,1.418524,-0.008152,-2.210258,0
2026-07-02 15:42:58.275521,1.367387,-2.194714,1.415299,-0.008152,1.413342,-0.008152,-2.194714,0
2026-07-02 15:42:58.275521,1.369632,-2.205077,1.415299,-0.008152,1.413342,-0.008152,-2.205077,0
2026-07-02 15:42:58.275521,1.371895,-2.194714,1.415299,-0.008152,1.413342,-0.008152,-2.194714,0
2026-07-02 15:42:58.275521,1.374309,-2.194714,1.415299,-0.002971,1.413342,-0.002971,-2.194714,0
2026-07-02 15:42:58.283515,1.376640,-2.210258,1.415299,-0.002971,1.418524,-0.002971,-2.210258,0
2026-07-02 15:42:58.285348,1.378924,-2.205077,1.415299,-0.002971,1.418524,-0.002971,-2.205077,0
2026-07-02 15:42:58.285348,1.381374,-2.194714,1.415299,-0.002971,1.413342,-0.002971,-2.194714,0
2026-07-02 15:42:58.291534,1.383644,-2.199896,1.415299,-0.002971,1.413342,-0.002971,-2.199896,0
2026-07-02 15:42:58.292273,1.385953,-2.205077,1.415299,-0.002971,1.413342,-0.002971,-2.205077,0
2026-07-02 15:42:58.295955,1.388342,-2.194714,1.415299,-0.008152,1.413342,-0.008152,-2.194714,0
2026-07-02 15:42:58.295955,1.390697,-2.199896,1.415299,-0.002971,1.413342,-0.002971,-2.199896,0
2026-07-02 15:42:58.300699,1.392933,-2.194714,1.415299,-0.002971,1.413342,-0.002971,-2.194714,0
2026-07-02 15:42:58.300699,1.395544,-2.194714,1.415299,-0.002971,1.413342,-0.002971,-2.194714,0
2026-07-02 15:42:58.300699,1.397934,-2.210258,1.415299,-0.002971,1.418524,-0.002971,-2.210258,0
2026-07-02 15:42:58.308501,1.400212,-2.199896,1.415299,-0.002971,1.418524,-0.002971,-2.199896,0
2026-07-02 15:42:58.308501,1.402484,-2.194714,1.415299,-0.002971,1.413342,-0.002971,-2.194714,0
2026-07-02 15:42:58.312328,1.404888,-2.199896,1.415299,-0.002971,1.413342,-0.002971,-2.199896,0
2026-07-02 15:42:58.314339,1.407321,-2.199896,1.415299,-0.002971,1.418524,-0.002971,-2.199896,0
2026-07-02 15:42:58.317668,1.409619,-2.194714,1.415299,-0.002971,1.413342,-0.002971,-2.194714,0
2026-07-02 15:42:58.319678,1.413046,-2.199896,1.415299,-0.002971,1.418524,-0.002971,-2.199896,0
2026-07-02 15:42:58.319678,1.415530,-2.189532,1.415299,-0.008152,1.413342,-0.008152,-2.189532,0
2026-07-02 15:42:58.325371,1.417867,-2.199896,1.415299,-0.008152,1.413342,-0.008152,-2.199896,0
2026-07-02 15:42:58.326483,1.420335,-2.199896,1.415299,-0.002971,1.413342,-0.002971,-2.199896,0
2026-07-02 15:42:58.330073,1.422712,-2.199896,1.415299,-0.002971,1.413342,-0.002971,-2.199896,0
2026-07-02 15:42:58.334506,1.425217,-2.210258,1.410120,-0.002971,1.413342,-0.002971,-2.210258,0
2026-07-02 15:42:58.338401,1.429172,-2.205077,1.420479,-0.008152,1.413342,-0.008152,-2.205077,0
2026-07-02 15:42:58.342018,1.432472,-2.205077,1.415299,-0.002971,1.418524,-0.002971,-2.205077,0
2026-07-02 15:42:58.343758,1.437091,-2.194714,1.415299,-0.002971,1.413342,-0.002971,-2.194714,0
2026-07-02 15:42:58.343758,1.439583,-2.199896,1.415299,-0.002971,1.418524,-0.002971,-2.199896,0
2026-07-02 15:42:58.348620,1.441853,-2.199896,1.415299,-0.002971,1.413342,-0.002971,-2.199896,0
2026-07-02 15:42:58.348620,1.445174,-2.194714,1.415299,-0.002971,1.413342,-0.002971,-2.194714,0
2026-07-02 15:42:58.353837,1.447756,-2.189532,1.415299,-0.002971,1.413342,-0.002971,-2.189532,0
2026-07-02 15:42:58.357624,1.450554,-2.194714,1.415299,-0.002971,1.418524,-0.002971,-2.194714,0
2026-07-02 15:42:58.362515,1.453220,-2.199896,1.415299,-0.002971,1.418524,-0.002971,-2.199896,0
2026-07-02 15:42:58.364269,1.456505,-2.199896,1.415299,-0.002971,1.418524,-0.002971,-2.199896,0
2026-07-02 15:42:58.366639,1.459009,-2.205077,1.415299,-0.002971,1.418524,-0.002971,-2.205077,0
2026-07-02 15:42:58.369625,1.461581,-2.205077,1.415299,-0.002971,1.413342,-0.002971,-2.205077,0
2026-07-02 15:42:58.369625,1.463961,-2.194714,1.415299,-0.008152,1.413342,-0.008152,-2.194714,0
2026-07-02 15:42:58.374692,1.466284,-2.205077,1.415299,-0.002971,1.413342,-0.002971,-2.205077,0
2026-07-02 15:42:58.374692,1.468602,-2.199896,1.415299,-0.002971,1.418524,-0.002971,-2.199896,0
2026-07-02 15:42:58.377291,1.471170,-2.194714,1.415299,-0.002971,1.413342,-0.002971,-2.194714,0
2026-07-02 15:42:58.377291,1.473586,-2.210258,1.415299,-0.002971,1.413342,-0.002971,-2.210258,0
2026-07-02 15:42:58.386165,1.475855,-2.194714,1.415299,-0.002971,1.413342,-0.002971,-2.194714,0
2026-07-02 15:42:58.386165,1.480124,-2.189532,1.415299,-0.008152,1.418524,-0.008152,-2.189532,0
2026-07-02 15:42:58.386165,1.482526,-2.189532,1.415299,-0.002971,1.413342,-0.002971,-2.189532,0
2026-07-02 15:42:58.391937,1.484772,-2.205077,1.415299,-0.002971,1.418524,-0.002971,-2.205077,0
2026-07-02 15:42:58.391937,1.487140,-2.210258,1.415299,-0.002971,1.418524,-0.002971,-2.210258,0
2026-07-02 15:42:58.391937,1.489486,-2.194714,1.415299,-0.008152,1.413342,-0.008152,-2.194714,0
2026-07-02 15:42:58.391937,1.491763,-2.194714,1.415299,-0.008152,1.413342,-0.008152,-2.194714,0
2026-07-02 15:42:58.402189,1.494071,-2.194714,1.415299,-0.002971,1.413342,-0.002971,-2.194714,0
2026-07-02 15:42:58.402189,1.496542,-2.205077,1.415299,-0.002971,1.413342,-0.002971,-2.205077,0
2026-07-02 15:42:58.402189,1.498856,-2.210258,1.415299,-0.002971,1.418524,-0.002971,-2.210258,0
2026-07-02 15:42:58.402189,1.501076,-2.194714,1.415299,-0.008152,1.418524,-0.008152,-2.194714,0
2026-07-02 15:42:58.402189,1.503649,-2.210258,1.415299,-0.002971,1.418524,-0.002971,-2.210258,0
2026-07-02 15:42:58.413418,1.506026,-2.199896,1.415299,-0.002971,1.413342,-0.002971,-2.199896,0
2026-07-02 15:42:58.413418,1.508323,-2.194714,1.415299,-0.002971,1.413342,-0.002971,-2.194714,0
2026-07-02 15:42:58.419048,1.510586,-2.199896,1.415299,-0.008152,1.413342,-0.008152,-2.199896,0
2026-07-02 15:42:58.419048,1.513167,-2.205077,1.415299,-0.002971,1.413342,-0.002971,-2.205077,0
2026-07-02 15:42:58.422671,1.515426,-2.205077,1.415299,-0.002971,1.413342,-0.002971,-2.205077,0
2026-07-02 15:42:58.422671,1.517666,-2.194714,1.415299,-0.002971,1.418524,-0.002971,-2.194714,0
2026-07-02 15:42:58.422671,1.519951,-2.199896,1.415299,-0.002971,1.413342,-0.002971,-2.199896,0
2026-07-02 15:42:58.422671,1.522325,-2.194714,1.415299,-0.002971,1.413342,-0.002971,-2.194714,0
2026-07-02 15:42:58.432953,1.524624,-2.205077,1.415299,-0.002971,1.418524,-0.002971,-2.205077,0
2026-07-02 15:42:58.434044,1.526956,-2.199896,1.415299,-0.002971,1.413342,-0.002971,-2.199896,0
2026-07-02 15:42:58.436561,1.529871,-2.194714,1.415299,-0.002971,1.413342,-0.002971,-2.194714,0
2026-07-02 15:42:58.436561,1.532399,-2.194714,1.415299,-0.002971,1.413342,-0.002971,-2.194714,0
2026-07-02 15:42:58.442993,1.534788,-2.194714,1.415299,-0.008152,1.418524,-0.008152,-2.194714,0
2026-07-02 15:42:58.442993,1.537959,-2.210258,1.415299,-0.002971,1.418524,-0.002971,-2.210258,0
2026-07-02 15:42:58.442993,1.540491,-2.210258,1.410120,-0.002971,1.418524,-0.002971,-2.210258,0
2026-07-02 15:42:58.442993,1.543023,-2.210258,1.415299,-0.002971,1.418524,-0.002971,-2.210258,0
2026-07-02 15:42:58.453126,1.545402,-2.199896,1.415299,-0.002971,1.413342,-0.002971,-2.199896,0
2026-07-02 15:42:58.453126,1.547963,-2.194714,1.415299,-0.002971,1.418524,-0.002971,-2.194714,0
2026-07-02 15:42:58.453126,1.550522,-2.194714,1.415299,-0.008152,1.413342,-0.008152,-2.194714,0
2026-07-02 15:42:58.453126,1.553045,-2.199896,1.415299,-0.002971,1.413342,-0.002971,-2.199896,0
2026-07-02 15:42:58.463708,1.555498,-2.189532,1.415299,-0.002971,1.413342,-0.002971,-2.189532,0
2026-07-02 15:42:58.463708,1.557931,-2.194714,1.415299,-0.008152,1.413342,-0.008152,-2.194714,0
2026-07-02 15:42:58.468256,1.560425,-2.199896,1.415299,-0.002971,1.413342,-0.002971,-2.199896,0
2026-07-02 15:42:58.468256,1.563153,-2.199896,1.415299,-0.002971,1.413342,-0.002971,-2.199896,0
2026-07-02 15:42:58.472958,1.565643,-2.199896,1.410120,-0.002971,1.413342,-0.002971,-2.199896,0
2026-07-02 15:42:58.472958,1.568104,-2.199896,1.415299,-0.002971,1.413342,-0.002971,-2.199896,0
2026-07-02 15:42:58.472958,1.570401,-2.205077,1.415299,-0.002971,1.413342,-0.002971,-2.205077,0
2026-07-02 15:42:58.472958,1.572924,-2.205077,1.415299,-0.002971,1.413342,-0.002971,-2.205077,0
2026-07-02 15:42:58.482984,1.575298,-2.205077,1.415299,-0.008152,1.413342,-0.008152,-2.205077,0
2026-07-02 15:42:58.485035,1.577586,-2.194714,1.415299,-0.008152,1.413342,-0.008152,-2.194714,0
2026-07-02 15:42:58.485035,1.579896,-2.199896,1.415299,-0.002971,1.413342,-0.002971,-2.199896,0
2026-07-02 15:42:58.485035,1.582199,-2.210258,1.415299,-0.002971,1.413342,-0.002971,-2.210258,0
2026-07-02 15:42:58.492603,1.584455,-2.199896,1.415299,-0.002971,1.413342,-0.002971,-2.199896,0
2026-07-02 15:42:58.492603,1.586989,-2.210258,1.415299,-0.002971,1.413342,-0.002971,-2.210258,0
2026-07-02 15:42:58.492603,1.589382,-2.210258,1.415299,-0.002971,1.418524,-0.002971,-2.210258,0
2026-07-02 15:42:58.492603,1.591706,-2.194714,1.415299,-0.008152,1.413342,-0.008152,-2.194714,0
2026-07-02 15:42:58.501963,1.593930,-2.189532,1.415299,-0.008152,1.413342,-0.008152,-2.189532,0
2026-07-02 15:42:58.503970,1.596309,-2.199896,1.415299,-0.002971,1.418524,-0.002971,-2.199896,0
2026-07-02 15:42:58.505976,1.598615,-2.194714,1.410120,-0.002971,1.413342,-0.002971,-2.194714,0
2026-07-02 15:42:58.507980,1.600957,-2.210258,1.415299,-0.002971,1.418524,-0.002971,-2.210258,0
2026-07-02 15:42:58.511499,1.603258,-2.210258,1.415299,-0.002971,1.418524,-0.002971,-2.210258,0
2026-07-02 15:42:58.513503,1.605734,-2.199896,1.415299,-0.002971,1.413342,-0.002971,-2.199896,0
2026-07-02 15:42:58.515511,1.607962,-2.189532,1.415299,-0.002971,1.413342,-0.002971,-2.189532,0
2026-07-02 15:42:58.517514,1.610353,-2.199896,1.415299,-0.002971,1.413342,-0.002971,-2.199896,0
2026-07-02 15:42:58.519517,1.612985,-2.194714,1.415299,-0.002971,1.413342,-0.002971,-2.194714,0
2026-07-02 15:42:58.521524,1.615272,-2.194714,1.415299,-0.002971,1.418524,-0.002971,-2.194714,0
2026-07-02 15:42:58.521524,1.617714,-2.194714,1.415299,-0.008152,1.413342,-0.008152,-2.194714,0
2026-07-02 15:42:58.521524,1.620441,-2.194714,1.415299,-0.008152,1.413342,-0.008152,-2.194714,0
2026-07-02 15:42:58.521524,1.622761,-2.210258,1.415299,-0.002971,1.418524,-0.002971,-2.210258,0
2026-07-02 15:42:58.531730,1.624996,-2.199896,1.415299,-0.002971,1.413342,-0.002971,-2.199896,0
2026-07-02 15:42:58.531730,1.627271,-2.205077,1.415299,-0.002971,1.418524,-0.002971,-2.205077,0
2026-07-02 15:42:58.531730,1.629596,-2.210258,1.415299,-0.002971,1.418524,-0.002971,-2.210258,0
2026-07-02 15:42:58.531730,1.631904,-2.199896,1.415299,-0.002971,1.413342,-0.002971,-2.199896,0
2026-07-02 15:42:58.542526,1.634177,-2.189532,1.415299,-0.008152,1.413342,-0.008152,-2.189532,0
2026-07-02 15:42:58.544769,1.637223,-2.210258,1.415299,-0.002971,1.413342,-0.002971,-2.210258,0
2026-07-02 15:42:58.544769,1.639572,-2.194714,1.415299,-0.002971,1.413342,-0.002971,-2.194714,0
2026-07-02 15:42:58.544769,1.641820,-2.189532,1.415299,-0.008152,1.413342,-0.008152,-2.189532,0
2026-07-02 15:42:58.552246,1.644094,-2.194714,1.415299,-0.002971,1.413342,-0.002971,-2.194714,0
2026-07-02 15:42:58.552246,1.646461,-2.189532,1.415299,-0.002971,1.418524,-0.002971,-2.189532,0
2026-07-02 15:42:58.552246,1.648725,-2.189532,1.415299,-0.002971,1.418524,-0.002971,-2.189532,0
2026-07-02 15:42:58.552246,1.650933,-2.189532,1.415299,-0.008152,1.413342,-0.008152,-2.189532,0
2026-07-02 15:42:58.552246,1.653833,-2.205077,1.415299,-0.008152,1.418524,-0.008152,-2.205077,0
2026-07-02 15:42:58.563172,1.656186,-2.194714,1.415299,-0.002971,1.418524,-0.002971,-2.194714,0
2026-07-02 15:42:58.566985,1.658757,-2.194714,1.415299,-0.008152,1.413342,-0.008152,-2.194714,0
2026-07-02 15:42:58.566985,1.661170,-2.205077,1.415299,-0.002971,1.413342,-0.002971,-2.205077,0
2026-07-02 15:42:58.566985,1.663481,-2.199896,1.415299,-0.008152,1.418524,-0.008152,-2.199896,0
2026-07-02 15:42:58.573439,1.665765,-2.199896,1.415299,-0.002971,1.413342,-0.002971,-2.199896,0
2026-07-02 15:42:58.576227,1.668025,-2.199896,1.415299,-0.008152,1.413342,-0.008152,-2.199896,0
2026-07-02 15:42:58.576227,1.670335,-2.199896,1.415299,-0.008152,1.413342,-0.008152,-2.199896,0
2026-07-02 15:42:58.576227,1.672874,-2.199896,1.415299,-0.002971,1.418524,-0.002971,-2.199896,0
2026-07-02 15:42:58.583692,1.675261,-2.205077,1.415299,-0.002971,1.418524,-0.002971,-2.205077,0
2026-07-02 15:42:58.584162,1.677670,-2.205077,1.415299,-0.002971,1.413342,-0.002971,-2.205077,0
2026-07-02 15:42:58.584162,1.680220,-2.194714,1.415299,-0.008152,1.413342,-0.008152,-2.194714,0
2026-07-02 15:42:58.584162,1.682755,-2.205077,1.415299,-0.002971,1.418524,-0.002971,-2.205077,0
2026-07-02 15:42:58.593188,1.685224,-2.199896,1.415299,-0.002971,1.413342,-0.002971,-2.199896,0
2026-07-02 15:42:58.593188,1.687668,-2.189532,1.415299,-0.008152,1.413342,-0.008152,-2.189532,0
2026-07-02 15:42:58.593188,1.690088,-2.194714,1.415299,-0.002971,1.418524,-0.002971,-2.194714,0
2026-07-02 15:42:58.600438,1.692392,-2.205077,1.415299,-0.008152,1.413342,-0.008152,-2.205077,0
2026-07-02 15:42:58.602034,1.695323,-2.189532,1.415299,-0.002971,1.413342,-0.002971,-2.189532,0
2026-07-02 15:42:58.605094,1.697602,-2.194714,1.415299,-0.002971,1.413342,-0.002971,-2.194714,0
2026-07-02 15:42:58.608823,1.699977,-2.199896,1.415299,-0.002971,1.418524,-0.002971,-2.199896,0
2026-07-02 15:42:58.611549,1.703851,-2.194714,1.415299,-0.008152,1.418524,-0.008152,-2.194714,0
2026-07-02 15:42:58.613635,1.706263,-2.210258,1.415299,-0.002971,1.413342,-0.002971,-2.210258,0
2026-07-02 15:42:58.615289,1.708534,-2.189532,1.415299,-0.002971,1.418524,-0.002971,-2.189532,0
2026-07-02 15:42:58.619349,1.710762,-2.199896,1.415299,-0.002971,1.413342,-0.002971,-2.199896,0
2026-07-02 15:42:58.619912,1.713232,-2.194714,1.415299,-0.002971,1.413342,-0.002971,-2.194714,0
2026-07-02 15:42:58.619912,1.715655,-2.199896,1.415299,-0.002971,1.418524,-0.002971,-2.199896,0
2026-07-02 15:42:58.619912,1.718071,-2.205077,1.415299,-0.002971,1.413342,-0.002971,-2.205077,0
2026-07-02 15:42:58.629279,1.721263,-2.194714,1.415299,-0.002971,1.413342,-0.002971,-2.194714,0
2026-07-02 15:42:58.629279,1.723650,-2.210258,1.415299,-0.002971,1.413342,-0.002971,-2.210258,0
2026-07-02 15:42:58.629279,1.725930,-2.210258,1.415299,-0.002971,1.413342,-0.002971,-2.210258,0
2026-07-02 15:42:58.635668,1.728269,-2.194714,1.415299,-0.002971,1.418524,-0.002971,-2.194714,0
2026-07-02 15:42:58.635668,1.730664,-2.210258,1.415299,-0.002971,1.418524,-0.002971,-2.210258,0
2026-07-02 15:42:58.639447,1.732952,-2.205077,1.415299,-0.002971,1.418524,-0.002971,-2.205077,0
2026-07-02 15:42:58.642012,1.735271,-2.189532,1.415299,-0.008152,1.413342,-0.008152,-2.189532,0
2026-07-02 15:42:58.642012,1.737605,-2.194714,1.415299,-0.002971,1.413342,-0.002971,-2.194714,0
2026-07-02 15:42:58.642012,1.739936,-2.189532,1.415299,-0.002971,1.413342,-0.002971,-2.189532,0
2026-07-02 15:42:58.649514,1.742224,-2.205077,1.415299,-0.002971,1.413342,-0.002971,-2.205077,0
2026-07-02 15:42:58.649514,1.744503,-2.199896,1.415299,-0.002971,1.413342,-0.002971,-2.199896,0
2026-07-02 15:42:58.649514,1.747521,-2.189532,1.415299,-0.008152,1.413342,-0.008152,-2.189532,0
2026-07-02 15:42:58.649514,1.749789,-2.205077,1.410120,-0.002971,1.418524,-0.002971,-2.205077,0
2026-07-02 15:42:58.658788,1.752014,-2.189532,1.415299,-0.008152,1.413342,-0.008152,-2.189532,0
2026-07-02 15:42:58.658788,1.754443,-2.194714,1.415299,-0.002971,1.413342,-0.002971,-2.194714,0
2026-07-02 15:42:58.663345,1.756793,-2.199896,1.415299,-0.002971,1.413342,-0.002971,-2.199896,0
2026-07-02 15:42:58.663345,1.759032,-2.199896,1.410120,-0.002971,1.418524,-0.002971,-2.199896,0
2026-07-02 15:42:58.668415,1.761408,-2.194714,1.415299,-0.002971,1.413342,-0.002971,-2.194714,0
2026-07-02 15:42:58.668415,1.763763,-2.194714,1.415299,-0.002971,1.413342,-0.002971,-2.194714,0
2026-07-02 15:42:58.668415,1.766154,-2.194714,1.415299,-0.002971,1.413342,-0.002971,-2.194714,0
2026-07-02 15:42:58.675346,1.768362,-2.199896,1.415299,-0.002971,1.418524,-0.002971,-2.199896,0
2026-07-02 15:42:58.678652,1.770662,-2.199896,1.415299,-0.002971,1.418524,-0.002971,-2.199896,0
2026-07-02 15:42:58.678652,1.773062,-2.194714,1.415299,-0.008152,1.418524,-0.008152,-2.194714,0
2026-07-02 15:42:58.678652,1.775464,-2.194714,1.415299,-0.002971,1.413342,-0.002971,-2.194714,0
2026-07-02 15:42:58.678652,1.777939,-2.205077,1.415299,-0.008152,1.413342,-0.008152,-2.205077,0
2026-07-02 15:42:58.688730,1.780514,-2.210258,1.415299,-0.002971,1.413342,-0.002971,-2.210258,0
2026-07-02 15:42:58.688730,1.782884,-2.194714,1.415299,-0.002971,1.418524,-0.002971,-2.194714,0
2026-07-02 15:42:58.692072,1.785153,-2.194714,1.415299,-0.008152,1.413342,-0.008152,-2.194714,0
2026-07-02 15:42:58.694192,1.787491,-2.205077,1.415299,-0.002971,1.413342,-0.002971,-2.205077,0
2026-07-02 15:42:58.694192,1.789849,-2.199896,1.415299,-0.002971,1.418524,-0.002971,-2.199896,0
2026-07-02 15:42:58.698995,1.792151,-2.199896,1.415299,-0.002971,1.413342,-0.002971,-2.199896,0
2026-07-02 15:42:58.698995,1.795140,-2.194714,1.415299,-0.008152,1.413342,-0.008152,-2.194714,0
2026-07-02 15:42:58.698995,1.797472,-2.199896,1.415299,-0.008152,1.418524,-0.008152,-2.199896,0
2026-07-02 15:42:58.698995,1.799757,-2.194714,1.415299,-0.002971,1.413342,-0.002971,-2.194714,0
2026-07-02 15:42:58.709298,1.801944,-2.189532,1.415299,-0.002971,1.413342,-0.002971,-2.189532,0
2026-07-02 15:42:58.709298,1.804220,-2.210258,1.415299,-0.002971,1.418524,-0.002971,-2.210258,0
2026-07-02 15:42:58.709298,1.806489,-2.199896,1.415299,-0.002971,1.413342,-0.002971,-2.199896,0
2026-07-02 15:42:58.709298,1.808678,-2.194714,1.415299,-0.008152,1.413342,-0.008152,-2.194714,0
2026-07-02 15:42:58.719761,1.811194,-2.194714,1.415299,-0.002971,1.418524,-0.002971,-2.194714,0
2026-07-02 15:42:58.719761,1.813852,-2.199896,1.415299,-0.008152,1.418524,-0.008152,-2.199896,0
2026-07-02 15:42:58.719761,1.816300,-2.199896,1.415299,-0.002971,1.413342,-0.002971,-2.199896,0
2026-07-02 15:42:58.726438,1.818696,-2.210258,1.415299,-0.002971,1.413342,-0.002971,-2.210258,0
2026-07-02 15:42:58.729806,1.821405,-2.210258,1.415299,-0.008152,1.413342,-0.008152,-2.210258,0
2026-07-02 15:42:58.729806,1.823848,-2.194714,1.415299,-0.008152,1.418524,-0.008152,-2.194714,0
2026-07-02 15:42:58.729806,1.826260,-2.189532,1.415299,-0.008152,1.413342,-0.008152,-2.189532,0
2026-07-02 15:42:58.729806,1.828684,-2.194714,1.415299,-0.008152,1.413342,-0.008152,-2.194714,0
2026-07-02 15:42:58.739907,1.831243,-2.194714,1.415299,-0.002971,1.413342,-0.002971,-2.194714,0
2026-07-02 15:42:58.739907,1.833776,-2.199896,1.415299,-0.002971,1.413342,-0.002971,-2.199896,0
2026-07-02 15:42:58.742848,1.836067,-2.194714,1.415299,-0.002971,1.418524,-0.002971,-2.194714,0
2026-07-02 15:42:58.742848,1.838599,-2.199896,1.415299,-0.002971,1.413342,-0.002971,-2.199896,0
2026-07-02 15:42:58.742848,1.841072,-2.199896,1.415299,-0.002971,1.413342,-0.002971,-2.199896,0
2026-07-02 15:42:58.750240,1.843507,-2.205077,1.420479,-0.008152,1.413342,-0.008152,-2.205077,0
2026-07-02 15:42:58.750240,1.845978,-2.210258,1.415299,-0.008152,1.413342,-0.008152,-2.210258,0
2026-07-02 15:42:58.750240,1.848404,-2.194714,1.415299,-0.002971,1.413342,-0.002971,-2.194714,0
2026-07-02 15:42:58.750240,1.850802,-2.194714,1.415299,-0.002971,1.413342,-0.002971,-2.194714,0
2026-07-02 15:42:58.760459,1.853508,-2.194714,1.415299,-0.008152,1.418524,-0.008152,-2.194714,0
2026-07-02 15:42:58.763621,1.855964,-2.194714,1.415299,-0.002971,1.413342,-0.002971,-2.194714,0
2026-07-02 15:42:58.763621,1.858472,-2.194714,1.415299,-0.002971,1.418524,-0.002971,-2.194714,0
2026-07-02 15:42:58.763621,1.860809,-2.199896,1.420479,-0.002971,1.418524,-0.002971,-2.199896,0
2026-07-02 15:42:58.770573,1.863549,-2.194714,1.415299,-0.008152,1.413342,-0.008152,-2.194714,0
2026-07-02 15:42:58.770573,1.866125,-2.194714,1.415299,-0.002971,1.413342,-0.002971,-2.194714,0
2026-07-02 15:42:58.775450,1.868583,-2.199896,1.415299,-0.002971,1.413342,-0.002971,-2.199896,0
2026-07-02 15:42:58.775450,1.871014,-2.194714,1.415299,-0.008152,1.413342,-0.008152,-2.194714,0
2026-07-02 15:42:58.780694,1.873447,-2.194714,1.415299,-0.008152,1.413342,-0.008152,-2.194714,0
2026-07-02 15:42:58.780694,1.875840,-2.205077,1.415299,-0.002971,1.413342,-0.002971,-2.205077,0
2026-07-02 15:42:58.780694,1.878176,-2.199896,1.415299,-0.002971,1.418524,-0.002971,-2.199896,0
2026-07-02 15:42:58.780694,1.880684,-2.199896,1.415299,-0.008152,1.413342,-0.008152,-2.199896,0
2026-07-02 15:42:58.790926,1.883268,-2.199896,1.415299,-0.002971,1.413342,-0.002971,-2.199896,0
2026-07-02 15:42:58.790926,1.885681,-2.194714,1.415299,-0.002971,1.418524,-0.002971,-2.194714,0
2026-07-02 15:42:58.794510,1.888173,-2.205077,1.415299,-0.002971,1.418524,-0.002971,-2.205077,0
2026-07-02 15:42:58.794510,1.890698,-2.194714,1.410120,-0.002971,1.418524,-0.002971,-2.194714,0
2026-07-02 15:42:58.801405,1.893190,-2.199896,1.415299,-0.002971,1.413342,-0.002971,-2.199896,0
2026-07-02 15:42:58.801405,1.895655,-2.189532,1.415299,-0.008152,1.418524,-0.008152,-2.189532,0
2026-07-02 15:42:58.801405,1.898193,-2.199896,1.415299,-0.002971,1.413342,-0.002971,-2.199896,0
2026-07-02 15:42:58.801405,1.900702,-2.210258,1.415299,-0.002971,1.418524,-0.002971,-2.210258,0
2026-07-02 15:42:58.801405,1.903022,-2.194714,1.415299,-0.008152,1.413342,-0.008152,-2.194714,0
2026-07-02 15:42:58.811482,1.905331,-2.199896,1.415299,-0.002971,1.413342,-0.002971,-2.199896,0
2026-07-02 15:42:58.811482,1.907983,-2.205077,1.415299,-0.002971,1.413342,-0.002971,-2.205077,0
2026-07-02 15:42:58.811482,1.910384,-2.210258,1.415299,-0.002971,1.413342,-0.002971,-2.210258,0
2026-07-02 15:42:58.811482,1.912797,-2.199896,1.410120,-0.002971,1.413342,-0.002971,-2.199896,0
2026-07-02 15:42:58.821570,1.915218,-2.199896,1.410120,-0.002971,1.418524,-0.002971,-2.199896,0
2026-07-02 15:42:58.821570,1.917627,-2.194714,1.415299,-0.002971,1.418524,-0.002971,-2.194714,0
2026-07-02 15:42:58.821570,1.919929,-2.199896,1.415299,-0.002971,1.413342,-0.002971,-2.199896,0
2026-07-02 15:42:58.821570,1.922498,-2.194714,1.415299,-0.002971,1.418524,-0.002971,-2.194714,0
2026-07-02 15:42:58.831643,1.924994,-2.194714,1.415299,-0.002971,1.413342,-0.002971,-2.194714,0
2026-07-02 15:42:58.834895,1.927415,-2.205077,1.415299,-0.002971,1.413342,-0.002971,-2.205077,0
2026-07-02 15:42:58.834895,1.929775,-2.210258,1.415299,-0.002971,1.413342,-0.002971,-2.210258,0
2026-07-02 15:42:58.834895,1.932329,-2.194714,1.415299,-0.002971,1.418524,-0.002971,-2.194714,0
2026-07-02 15:42:58.842676,1.934846,-2.194714,1.415299,-0.002971,1.413342,-0.002971,-2.194714,0
2026-07-02 15:42:58.842676,1.937201,-2.199896,1.415299,-0.002971,1.413342,-0.002971,-2.199896,0
2026-07-02 15:42:58.842676,1.939748,-2.210258,1.415299,-0.002971,1.418524,-0.002971,-2.210258,0
2026-07-02 15:42:58.850381,1.942240,-2.205077,1.415299,-0.002971,1.413342,-0.002971,-2.205077,0
2026-07-02 15:42:58.851379,1.944551,-2.199896,1.415299,-0.002971,1.418524,-0.002971,-2.199896,0
2026-07-02 15:42:58.851379,1.947075,-2.199896,1.415299,-0.002971,1.413342,-0.002971,-2.199896,0
2026-07-02 15:42:58.851379,1.949613,-2.199896,1.415299,-0.008152,1.413342,-0.008152,-2.199896,0
2026-07-02 15:42:58.859303,1.952109,-2.199896,1.415299,-0.002971,1.413342,-0.002971,-2.199896,0
2026-07-02 15:42:58.859303,1.954534,-2.189532,1.415299,-0.008152,1.418524,-0.008152,-2.189532,0
2026-07-02 15:42:58.863732,1.956952,-2.194714,1.415299,-0.008152,1.418524,-0.008152,-2.194714,0
2026-07-02 15:42:58.867689,1.959372,-2.199896,1.415299,-0.002971,1.413342,-0.002971,-2.199896,0
2026-07-02 15:42:58.869983,1.961718,-2.194714,1.415299,-0.002971,1.413342,-0.002971,-2.194714,0
2026-07-02 15:42:58.872638,1.964131,-2.199896,1.415299,-0.002971,1.413342,-0.002971,-2.199896,0
2026-07-02 15:42:58.876568,1.966570,-2.189532,1.415299,-0.008152,1.418524,-0.008152,-2.189532,0
2026-07-02 15:42:58.876568,1.970671,-2.205077,1.415299,-0.002971,1.413342,-0.002971,-2.205077,0
2026-07-02 15:42:58.876568,1.973171,-2.199896,1.415299,-0.002971,1.418524,-0.002971,-2.199896,0
2026-07-02 15:42:58.883817,1.975611,-2.194714,1.415299,-0.008152,1.413342,-0.008152,-2.194714,0
2026-07-02 15:42:58.883817,1.977955,-2.194714,1.415299,-0.008152,1.413342,-0.008152,-2.194714,0
2026-07-02 15:42:58.883817,1.980380,-2.194714,1.415299,-0.002971,1.418524,-0.002971,-2.194714,0
2026-07-02 15:42:58.883817,1.982816,-2.194714,1.415299,-0.008152,1.418524,-0.008152,-2.194714,0
2026-07-02 15:42:58.892358,1.985221,-2.210258,1.415299,-0.002971,1.418524,-0.002971,-2.210258,0
2026-07-02 15:42:58.895006,1.987643,-2.210258,1.415299,-0.002971,1.413342,-0.002971,-2.210258,0
2026-07-02 15:42:58.895006,1.990071,-2.194714,1.415299,-0.002971,1.413342,-0.002971,-2.194714,0
2026-07-02 15:42:58.900263,1.992500,-2.194714,1.415299,-0.002971,1.413342,-0.002971,-2.194714,0
2026-07-02 15:42:58.900263,1.994914,-2.189532,1.415299,-0.008152,1.413342,-0.008152,-2.189532,0
2026-07-02 15:42:58.900263,1.997382,-2.189532,1.415299,-0.002971,1.418524,-0.002971,-2.189532,0
2026-07-02 15:42:58.900263,1.999776,-2.194714,1.415299,-0.002971,1.413342,-0.002971,-2.194714,0
2026-07-02 15:42:58.908483,2.002179,-2.199896,1.415299,-0.002971,1.413342,-0.002971,-2.199896,0
2026-07-02 15:42:58.908483,2.004619,-2.194714,1.415299,-0.002971,1.418524,-0.002971,-2.194714,0
2026-07-02 15:42:58.908483,2.007030,-2.194714,1.415299,-0.002971,1.413342,-0.002971,-2.194714,0
2026-07-02 15:42:58.908483,2.009442,-2.194714,1.415299,-0.002971,1.418524,-0.002971,-2.194714,0
2026-07-02 15:42:58.918596,2.011827,-2.199896,1.415299,-0.008152,1.418524,-0.008152,-2.199896,0
2026-07-02 15:42:58.918596,2.014244,-2.194714,1.415299,-0.002971,1.413342,-0.002971,-2.194714,0
2026-07-02 15:42:58.918596,2.016674,-2.205077,1.410120,-0.002971,1.413342,-0.002971,-2.205077,0
2026-07-02 15:42:58.918596,2.019087,-2.194714,1.415299,-0.002971,1.418524,-0.002971,-2.194714,0
2026-07-02 15:42:58.928896,2.021494,-2.199896,1.415299,-0.002971,1.413342,-0.002971,-2.199896,0
2026-07-02 15:42:58.928896,2.023750,-2.205077,1.415299,-0.002971,1.413342,-0.002971,-2.205077,0
2026-07-02 15:42:58.928896,2.026149,-2.210258,1.415299,-0.002971,1.418524,-0.002971,-2.210258,0
2026-07-02 15:42:58.928896,2.028521,-2.205077,1.415299,-0.002971,1.418524,-0.002971,-2.205077,0
2026-07-02 15:42:58.939416,2.030930,-2.199896,1.415299,-0.002971,1.413342,-0.002971,-2.199896,0
2026-07-02 15:42:58.939416,2.033586,-2.189532,1.415299,-0.002971,1.418524,-0.002971,-2.189532,0
2026-07-02 15:42:58.939416,2.036671,-2.210258,1.415299,-0.002971,1.418524,-0.002971,-2.210258,0
2026-07-02 15:42:58.939416,2.039067,-2.199896,1.415299,-0.002971,1.413342,-0.002971,-2.199896,0
2026-07-02 15:42:58.949495,2.041514,-2.194714,1.415299,-0.002971,1.413342,-0.002971,-2.194714,0
2026-07-02 15:42:58.959588,2.049330,-2.205077,1.415299,-0.002971,1.418524,-0.002971,-2.205077,0
2026-07-02 15:42:58.963717,2.056777,-2.199896,1.415299,-0.008152,1.413342,-0.008152,-2.199896,0
2026-07-02 15:42:58.969755,2.059199,-2.199896,1.415299,-0.002971,1.418524,-0.002971,-2.199896,0
2026-07-02 15:42:59.020260,2.073164,-2.205077,1.415299,-0.008152,1.413342,-0.008152,-2.205077,0
2026-07-02 15:42:59.020260,2.116324,-2.199896,1.415299,-0.002971,1.413342,-0.002971,-2.199896,0
2026-07-02 15:42:59.020260,2.118869,-2.194714,1.415299,-0.008152,1.418524,-0.008152,-2.194714,0
2026-07-02 15:42:59.020260,2.121299,-2.194714,1.415299,-0.002971,1.413342,-0.002971,-2.194714,0
2026-07-02 15:42:59.030481,2.123692,-2.205077,1.415299,-0.002971,1.418524,-0.002971,-2.205077,0
2026-07-02 15:42:59.030481,2.126113,-2.199896,1.415299,-0.002971,1.413342,-0.002971,-2.199896,0
2026-07-02 15:42:59.030481,2.128433,-2.205077,1.415299,-0.002971,1.413342,-0.002971,-2.205077,0
2026-07-02 15:42:59.030481,2.130813,-2.199896,1.415299,-0.002971,1.418524,-0.002971,-2.199896,0
2026-07-02 15:42:59.040865,2.133265,-2.199896,1.415299,-0.002971,1.413342,-0.002971,-2.199896,0
2026-07-02 15:42:59.046449,2.136279,-2.199896,1.415299,-0.002971,1.418524,-0.002971,-2.199896,0
2026-07-02 15:42:59.050462,2.140765,-2.210258,1.415299,-0.002971,1.418524,-0.002971,-2.210258,0
2026-07-02 15:42:59.054478,2.144727,-2.194714,1.415299,-0.002971,1.418524,-0.002971,-2.194714,0
2026-07-02 15:42:59.056483,2.149071,-2.199896,1.415299,-0.002971,1.413342,-0.002971,-2.199896,0
2026-07-02 15:42:59.060493,2.151462,-2.194714,1.415299,-0.002971,1.413342,-0.002971,-2.194714,0
2026-07-02 15:42:59.064006,2.155225,-2.194714,1.415299,-0.008152,1.418524,-0.008152,-2.194714,0
2026-07-02 15:42:59.068019,2.159538,-2.199896,1.415299,-0.002971,1.413342,-0.002971,-2.199896,0
2026-07-02 15:42:59.074036,2.163743,-2.205077,1.410120,-0.002971,1.418524,-0.002971,-2.205077,0
2026-07-02 15:42:59.078046,2.169386,-2.199896,1.415299,-0.008152,1.413342,-0.008152,-2.199896,0
2026-07-02 15:42:59.080056,2.172523,-2.199896,1.415299,-0.002971,1.418524,-0.002971,-2.199896,0
2026-07-02 15:42:59.080056,2.174798,-2.194714,1.415299,-0.002971,1.413342,-0.002971,-2.194714,0
2026-07-02 15:42:59.080056,2.177205,-2.194714,1.415299,-0.002971,1.418524,-0.002971,-2.194714,0
2026-07-02 15:42:59.080056,2.180021,-2.189532,1.415299,-0.008152,1.413342,-0.008152,-2.189532,0
2026-07-02 15:42:59.092551,2.182446,-2.199896,1.415299,-0.002971,1.418524,-0.002971,-2.199896,0
2026-07-02 15:42:59.093062,2.186464,-2.199896,1.415299,-0.002971,1.413342,-0.002971,-2.199896,0
2026-07-02 15:42:59.096170,2.188867,-2.199896,1.415299,-0.002971,1.413342,-0.002971,-2.199896,0
2026-07-02 15:42:59.096170,2.191163,-2.199896,1.415299,-0.008152,1.418524,-0.008152,-2.199896,0
2026-07-02 15:42:59.100818,2.193566,-2.189532,1.415299,-0.008152,1.413342,-0.008152,-2.189532,0
2026-07-02 15:42:59.100818,2.195989,-2.194714,1.415299,-0.002971,1.413342,-0.002971,-2.194714,0
2026-07-02 15:42:59.100818,2.198390,-2.210258,1.415299,-0.002971,1.418524,-0.002971,-2.210258,0
2026-07-02 15:42:59.107522,2.200791,-2.194714,1.415299,-0.002971,1.418524,-0.002971,-2.194714,0
2026-07-02 15:42:59.110904,2.203105,-2.210258,1.415299,-0.002971,1.413342,-0.002971,-2.210258,0
2026-07-02 15:42:59.110904,2.205553,-2.194714,1.415299,-0.002971,1.413342,-0.002971,-2.194714,0
2026-07-02 15:42:59.110904,2.207944,-2.194714,1.415299,-0.002971,1.418524,-0.002971,-2.194714,0
2026-07-02 15:42:59.110904,2.210366,-2.199896,1.415299,-0.002971,1.418524,-0.002971,-2.199896,0
2026-07-02 15:42:59.121059,2.212692,-2.194714,1.415299,-0.002971,1.413342,-0.002971,-2.194714,0
2026-07-02 15:42:59.123021,2.215203,-2.189532,1.415299,-0.008152,1.418524,-0.008152,-2.189532,0
2026-07-02 15:42:59.125425,2.217546,-2.205077,1.415299,-0.002971,1.418524,-0.002971,-2.205077,0
2026-07-02 15:42:59.126268,2.219818,-2.194714,1.415299,-0.002971,1.418524,-0.002971,-2.194714,0
2026-07-02 15:42:59.129311,2.222196,-2.194714,1.415299,-0.002971,1.413342,-0.002971,-2.194714,0
2026-07-02 15:42:59.129311,2.224634,-2.194714,1.415299,-0.008152,1.418524,-0.008152,-2.194714,0
2026-07-02 15:42:59.133576,2.227050,-2.199896,1.415299,-0.008152,1.413342,-0.008152,-2.199896,0
2026-07-02 15:42:59.133576,2.230000,-2.199896,1.415299,-0.002971,1.413342,-0.002971,-2.199896,0
2026-07-02 15:42:59.139351,2.232387,-2.199896,1.415299,-0.002971,1.413342,-0.002971,-2.199896,0
2026-07-02 15:42:59.139351,2.234807,-2.199896,1.415299,-0.002971,1.418524,-0.002971,-2.199896,0
2026-07-02 15:42:59.139351,2.237245,-2.194714,1.415299,-0.002971,1.413342,-0.002971,-2.194714,0
2026-07-02 15:42:59.139351,2.240078,-2.194714,1.415299,-0.008152,1.413342,-0.008152,-2.194714,0
2026-07-02 15:42:59.149642,2.242459,-2.199896,1.415299,-0.002971,1.413342,-0.002971,-2.199896,0
2026-07-02 15:42:59.149642,2.244877,-2.189532,1.415299,-0.008152,1.413342,-0.008152,-2.189532,0
2026-07-02 15:42:59.149642,2.248125,-2.189532,1.415299,-0.008152,1.413342,-0.008152,-2.189532,0
2026-07-02 15:42:59.149642,2.250555,-2.194714,1.415299,-0.002971,1.413342,-0.002971,-2.194714,0
2026-07-02 15:42:59.159778,2.253149,-2.194714,1.415299,-0.002971,1.418524,-0.002971,-2.194714,0
2026-07-02 15:42:59.163991,2.255593,-2.194714,1.415299,-0.002971,1.418524,-0.002971,-2.194714,0
2026-07-02 15:42:59.163991,2.258014,-2.194714,1.415299,-0.002971,1.413342,-0.002971,-2.194714,0
2026-07-02 15:42:59.163991,2.260428,-2.205077,1.415299,-0.002971,1.413342,-0.002971,-2.205077,0
2026-07-02 15:42:59.170120,2.262940,-2.199896,1.415299,-0.002971,1.413342,-0.002971,-2.199896,0
2026-07-02 15:42:59.170120,2.265383,-2.199896,1.415299,-0.002971,1.413342,-0.002971,-2.199896,0
2026-07-02 15:42:59.170120,2.267983,-2.194714,1.415299,-0.002971,1.413342,-0.002971,-2.194714,0
2026-07-02 15:42:59.179046,2.270336,-2.210258,1.415299,-0.002971,1.413342,-0.002971,-2.210258,0
2026-07-02 15:42:59.180573,2.273251,-2.199896,1.415299,-0.002971,1.413342,-0.002971,-2.199896,0
2026-07-02 15:42:59.180573,2.275640,-2.210258,1.415299,-0.002971,1.413342,-0.002971,-2.210258,0
2026-07-02 15:42:59.185097,2.278055,-2.194714,1.415299,-0.002971,1.413342,-0.002971,-2.194714,0
2026-07-02 15:42:59.185097,2.280455,-2.205077,1.410120,-0.002971,1.413342,-0.002971,-2.205077,0
2026-07-02 15:42:59.190605,2.282879,-2.194714,1.415299,-0.008152,1.413342,-0.008152,-2.194714,0
2026-07-02 15:42:59.190605,2.285216,-2.199896,1.415299,-0.002971,1.413342,-0.002971,-2.199896,0
2026-07-02 15:42:59.190605,2.287607,-2.199896,1.410120,-0.002971,1.418524,-0.002971,-2.199896,0
2026-07-02 15:42:59.196729,2.289997,-2.199896,1.415299,-0.002971,1.413342,-0.002971,-2.199896,0
2026-07-02 15:42:59.200807,2.292417,-2.194714,1.415299,-0.008152,1.413342,-0.008152,-2.194714,0
2026-07-02 15:42:59.203149,2.294852,-2.189532,1.415299,-0.008152,1.418524,-0.008152,-2.189532,0
2026-07-02 15:42:59.205158,2.297756,-2.189532,1.415299,-0.002971,1.413342,-0.002971,-2.189532,0
2026-07-02 15:42:59.205158,2.300182,-2.194714,1.415299,-0.002971,1.413342,-0.002971,-2.194714,0
2026-07-02 15:42:59.211268,2.303148,-2.194714,1.415299,-0.002971,1.418524,-0.002971,-2.194714,0
2026-07-02 15:42:59.211268,2.305454,-2.205077,1.415299,-0.002971,1.418524,-0.002971,-2.205077,0
2026-07-02 15:42:59.211268,2.307851,-2.194714,1.415299,-0.002971,1.413342,-0.002971,-2.194714,0
2026-07-02 15:42:59.211268,2.310251,-2.199896,1.415299,-0.002971,1.413342,-0.002971,-2.199896,0
2026-07-02 15:42:59.211268,2.312770,-2.194714,1.415299,-0.002971,1.413342,-0.002971,-2.194714,0
2026-07-02 15:42:59.221453,2.315168,-2.199896,1.415299,-0.002971,1.418524,-0.002971,-2.199896,0
2026-07-02 15:42:59.221453,2.317751,-2.199896,1.415299,-0.002971,1.418524,-0.002971,-2.199896,0
2026-07-02 15:42:59.221453,2.320115,-2.199896,1.415299,-0.002971,1.418524,-0.002971,-2.199896,0
2026-07-02 15:42:59.221453,2.322497,-2.199896,1.415299,-0.002971,1.413342,-0.002971,-2.199896,0
2026-07-02 15:42:59.231646,2.324895,-2.194714,1.415299,-0.008152,1.413342,-0.008152,-2.194714,0
2026-07-02 15:42:59.231646,2.329366,-2.210258,1.415299,-0.002971,1.418524,-0.002971,-2.210258,0
2026-07-02 15:42:59.252196,2.339496,-2.199896,1.415299,-0.002971,1.413342,-0.002971,-2.199896,0
2026-07-02 15:42:59.252196,2.348844,-2.199896,1.415299,-0.002971,1.413342,-0.002971,-2.199896,0
2026-07-02 15:42:59.264271,2.359843,-2.210258,1.415299,-0.002971,1.413342,-0.002971,-2.210258,0
2026-07-02 15:42:59.272308,2.363765,-2.199896,1.415299,-0.002971,1.413342,-0.002971,-2.199896,0
2026-07-02 15:42:59.272308,2.368019,-2.194714,1.415299,-0.008152,1.413342,-0.008152,-2.194714,0
2026-07-02 15:42:59.272308,2.372273,-2.194714,1.415299,-0.008152,1.418524,-0.008152,-2.194714,0
2026-07-02 15:42:59.282401,2.374499,-2.189532,1.415299,-0.008152,1.413342,-0.008152,-2.189532,0
2026-07-02 15:42:59.282401,2.376790,-2.210258,1.415299,-0.002971,1.418524,-0.002971,-2.210258,0
2026-07-02 15:42:59.282401,2.379226,-2.194714,1.415299,-0.002971,1.418524,-0.002971,-2.194714,0
2026-07-02 15:42:59.282401,2.381671,-2.205077,1.415299,-0.002971,1.418524,-0.002971,-2.205077,0
2026-07-02 15:42:59.292547,2.384113,-2.199896,1.415299,-0.002971,1.413342,-0.002971,-2.199896,0
2026-07-02 15:42:59.292547,2.387434,-2.194714,1.415299,-0.008152,1.413342,-0.008152,-2.194714,0
2026-07-02 15:42:59.297124,2.389888,-2.205077,1.415299,-0.008152,1.413342,-0.008152,-2.205077,0
2026-07-02 15:42:59.297124,2.392309,-2.210258,1.415299,-0.002971,1.418524,-0.002971,-2.210258,0
2026-07-02 15:42:59.302667,2.394728,-2.199896,1.415299,-0.002971,1.418524,-0.002971,-2.199896,0
2026-07-02 15:42:59.302667,2.397103,-2.199896,1.415299,-0.002971,1.418524,-0.002971,-2.199896,0
2026-07-02 15:42:59.302667,2.399404,-2.194714,1.415299,-0.002971,1.413342,-0.002971,-2.194714,0
2026-07-02 15:42:59.302667,2.401693,-2.194714,1.415299,-0.008152,1.413342,-0.008152,-2.194714,0
2026-07-02 15:42:59.302667,2.403988,-2.199896,1.410120,-0.002971,1.413342,-0.002971,-2.199896,0
2026-07-02 15:42:59.312965,2.406251,-2.199896,1.410120,-0.002971,1.413342,-0.002971,-2.199896,0
2026-07-02 15:42:59.312965,2.408563,-2.205077,1.415299,-0.008152,1.413342,-0.008152,-2.205077,0
2026-07-02 15:42:59.312965,2.410857,-2.194714,1.415299,-0.002971,1.413342,-0.002971,-2.194714,0
2026-07-02 15:42:59.312965,2.413190,-2.194714,1.415299,-0.002971,1.413342,-0.002971,-2.194714,0
2026-07-02 15:42:59.323192,2.415441,-2.210258,1.410120,-0.002971,1.418524,-0.002971,-2.210258,0
2026-07-02 15:42:59.323192,2.417662,-2.210258,1.415299,-0.002971,1.418524,-0.002971,-2.210258,0
2026-07-02 15:42:59.323192,2.419924,-2.205077,1.415299,-0.002971,1.413342,-0.002971,-2.205077,0
2026-07-02 15:42:59.323192,2.422227,-2.194714,1.415299,-0.002971,1.413342,-0.002971,-2.194714,0
2026-07-02 15:42:59.323192,2.424493,-2.189532,1.415299,-0.002971,1.413342,-0.002971,-2.189532,0
2026-07-02 15:42:59.333385,2.426835,-2.194714,1.415299,-0.002971,1.418524,-0.002971,-2.194714,0
2026-07-02 15:42:59.333385,2.429111,-2.205077,1.415299,-0.002971,1.418524,-0.002971,-2.205077,0
2026-07-02 15:42:59.333385,2.431403,-2.194714,1.415299,-0.002971,1.418524,-0.002971,-2.194714,0
2026-07-02 15:42:59.333385,2.433642,-2.205077,1.415299,-0.002971,1.413342,-0.002971,-2.205077,0
2026-07-02 15:42:59.343457,2.435935,-2.199896,1.415299,-0.002971,1.413342,-0.002971,-2.199896,0
2026-07-02 15:42:59.343457,2.438161,-2.205077,1.415299,-0.002971,1.418524,-0.002971,-2.205077,0
2026-07-02 15:42:59.343457,2.440423,-2.199896,1.415299,-0.002971,1.413342,-0.002971,-2.199896,0
2026-07-02 15:42:59.343457,2.442681,-2.199896,1.410120,-0.002971,1.413342,-0.002971,-2.199896,0
2026-07-02 15:42:59.343457,2.444887,-2.205077,1.415299,-0.002971,1.418524,-0.002971,-2.205077,0
2026-07-02 15:42:59.353587,2.447137,-2.205077,1.415299,-0.002971,1.413342,-0.002971,-2.205077,0
2026-07-02 15:42:59.356663,2.449537,-2.194714,1.415299,-0.002971,1.413342,-0.002971,-2.194714,0
2026-07-02 15:42:59.356663,2.451997,-2.205077,1.410120,-0.002971,1.413342,-0.002971,-2.205077,0
2026-07-02 15:42:59.363719,2.455492,-2.189532,1.415299,-0.008152,1.413342,-0.008152,-2.189532,0
2026-07-02 15:42:59.364232,2.457835,-2.189532,1.415299,-0.002971,1.413342,-0.002971,-2.189532,0
2026-07-02 15:42:59.364232,2.460133,-2.199896,1.415299,-0.002971,1.413342,-0.002971,-2.199896,0
2026-07-02 15:42:59.364232,2.462409,-2.194714,1.415299,-0.008152,1.418524,-0.008152,-2.194714,0
2026-07-02 15:42:59.364232,2.464660,-2.189532,1.415299,-0.008152,1.413342,-0.008152,-2.189532,0
2026-07-02 15:42:59.374024,2.466882,-2.189532,1.415299,-0.002971,1.418524,-0.002971,-2.189532,0
2026-07-02 15:42:59.374024,2.469922,-2.194714,1.415299,-0.002971,1.413342,-0.002971,-2.194714,0
2026-07-02 15:42:59.374024,2.472181,-2.199896,1.410120,-0.002971,1.418524,-0.002971,-2.199896,0
2026-07-02 15:42:59.381188,2.474535,-2.199896,1.410120,-0.002971,1.413342,-0.002971,-2.199896,0
2026-07-02 15:42:59.384233,2.476863,-2.199896,1.415299,-0.002971,1.413342,-0.002971,-2.199896,0
2026-07-02 15:42:59.384233,2.479572,-2.194714,1.415299,-0.008152,1.418524,-0.008152,-2.194714,0
2026-07-02 15:42:59.384233,2.481945,-2.194714,1.415299,-0.002971,1.413342,-0.002971,-2.194714,0
2026-07-02 15:42:59.390848,2.484397,-2.194714,1.415299,-0.002971,1.418524,-0.002971,-2.194714,0
2026-07-02 15:42:59.394396,2.486806,-2.199896,1.415299,-0.002971,1.413342,-0.002971,-2.199896,0
2026-07-02 15:42:59.397493,2.489990,-2.194714,1.415299,-0.002971,1.413342,-0.002971,-2.194714,0
2026-07-02 15:42:59.397493,2.492296,-2.210258,1.415299,-0.008152,1.413342,-0.008152,-2.210258,0
2026-07-02 15:42:59.403073,2.494627,-2.199896,1.410120,-0.002971,1.418524,-0.002971,-2.199896,0
2026-07-02 15:42:59.404745,2.496940,-2.194714,1.415299,-0.008152,1.413342,-0.008152,-2.194714,0
2026-07-02 15:42:59.404745,2.499305,-2.194714,1.415299,-0.002971,1.413342,-0.002971,-2.194714,0
2026-07-02 15:42:59.404745,2.501757,-2.199896,1.415299,-0.002971,1.413342,-0.002971,-2.199896,0
2026-07-02 15:42:59.404745,2.504174,-2.194714,1.415299,-0.002971,1.413342,-0.002971,-2.194714,0
2026-07-02 15:42:59.415490,2.506596,-2.194714,1.415299,-0.002971,1.418524,-0.002971,-2.194714,0
2026-07-02 15:42:59.417499,2.511180,-2.194714,1.415299,-0.008152,1.413342,-0.008152,-2.194714,0
2026-07-02 15:42:59.417499,2.513563,-2.210258,1.415299,-0.002971,1.413342,-0.002971,-2.210258,0
2026-07-02 15:42:59.417499,2.516042,-2.194714,1.415299,-0.002971,1.413342,-0.002971,-2.194714,0
2026-07-02 15:42:59.424712,2.518439,-2.199896,1.415299,-0.002971,1.413342,-0.002971,-2.199896,0
2026-07-02 15:42:59.424712,2.521034,-2.210258,1.415299,-0.002971,1.418524,-0.002971,-2.210258,0
2026-07-02 15:42:59.424712,2.523469,-2.205077,1.415299,-0.002971,1.418524,-0.002971,-2.205077,0
2026-07-02 15:42:59.424712,2.525901,-2.205077,1.410120,-0.002971,1.418524,-0.002971,-2.205077,0
2026-07-02 15:42:59.435053,2.528295,-2.189532,1.415299,-0.002971,1.413342,-0.002971,-2.189532,0
2026-07-02 15:42:59.435053,2.530766,-2.205077,1.415299,-0.002971,1.413342,-0.002971,-2.205077,0
2026-07-02 15:42:59.435053,2.535325,-2.194714,1.415299,-0.008152,1.418524,-0.008152,-2.194714,0
2026-07-02 15:42:59.445481,2.538386,-2.205077,1.415299,-0.002971,1.413342,-0.002971,-2.205077,0
2026-07-02 15:42:59.445481,2.541423,-2.194714,1.415299,-0.002971,1.413342,-0.002971,-2.194714,0
2026-07-02 15:42:59.454190,2.546130,-2.199896,1.415299,-0.002971,1.413342,-0.002971,-2.199896,0
2026-07-02 15:42:59.455948,2.548444,-2.199896,1.415299,-0.002971,1.413342,-0.002971,-2.199896,0
2026-07-02 15:42:59.455948,2.553503,-2.210258,1.415299,-0.002971,1.418524,-0.002971,-2.210258,0
2026-07-02 15:42:59.455948,2.555863,-2.194714,1.415299,-0.002971,1.413342,-0.002971,-2.194714,0
2026-07-02 15:42:59.466278,2.558293,-2.210258,1.410120,-0.002971,1.418524,-0.002971,-2.210258,0
2026-07-02 15:42:59.466278,2.560783,-2.205077,1.415299,-0.002971,1.418524,-0.002971,-2.205077,0
2026-07-02 15:42:59.466278,2.563183,-2.194714,1.415299,-0.002971,1.413342,-0.002971,-2.194714,0
2026-07-02 15:42:59.466278,2.565618,-2.194714,1.415299,-0.002971,1.413342,-0.002971,-2.194714,0
2026-07-02 15:42:59.476355,2.568050,-2.194714,1.415299,-0.002971,1.418524,-0.002971,-2.194714,0
2026-07-02 15:42:59.476355,2.572046,-2.189532,1.415299,-0.002971,1.418524,-0.002971,-2.189532,0
2026-07-02 15:42:59.476355,2.576826,-2.199896,1.415299,-0.002971,1.418524,-0.002971,-2.199896,0
2026-07-02 15:42:59.486420,2.579204,-2.199896,1.415299,-0.002971,1.413342,-0.002971,-2.199896,0
2026-07-02 15:42:59.486420,2.581680,-2.199896,1.415299,-0.002971,1.413342,-0.002971,-2.199896,0
2026-07-02 15:42:59.486420,2.584120,-2.210258,1.415299,-0.002971,1.418524,-0.002971,-2.210258,0
2026-07-02 15:42:59.486420,2.586713,-2.194714,1.415299,-0.002971,1.413342,-0.002971,-2.194714,0
2026-07-02 15:42:59.496517,2.589092,-2.199896,1.415299,-0.002971,1.418524,-0.002971,-2.199896,0
2026-07-02 15:42:59.498033,2.591530,-2.194714,1.415299,-0.002971,1.413342,-0.002971,-2.194714,0
2026-07-02 15:42:59.498033,2.594894,-2.189532,1.415299,-0.008152,1.413342,-0.008152,-2.189532,0
2026-07-02 15:42:59.498033,2.597376,-2.189532,1.415299,-0.008152,1.418524,-0.008152,-2.189532,0
2026-07-02 15:42:59.506580,2.599791,-2.199896,1.415299,-0.002971,1.413342,-0.002971,-2.199896,0
2026-07-02 15:42:59.506580,2.603115,-2.199896,1.415299,-0.002971,1.413342,-0.002971,-2.199896,0
2026-07-02 15:42:59.506580,2.605627,-2.199896,1.415299,-0.008152,1.413342,-0.008152,-2.199896,0
2026-07-02 15:42:59.506580,2.608051,-2.199896,1.415299,-0.002971,1.418524,-0.002971,-2.199896,0
2026-07-02 15:42:59.516642,2.611837,-2.194714,1.415299,-0.002971,1.413342,-0.002971,-2.194714,0
2026-07-02 15:42:59.516642,2.614228,-2.194714,1.415299,-0.002971,1.413342,-0.002971,-2.194714,0
2026-07-02 15:42:59.516642,2.616640,-2.194714,1.415299,-0.008152,1.413342,-0.008152,-2.194714,0
2026-07-02 15:42:59.536845,2.619915,-2.205077,1.415299,-0.008152,1.418524,-0.008152,-2.205077,0
2026-07-02 15:42:59.543669,2.635329,-2.194714,1.415299,-0.002971,1.418524,-0.002971,-2.194714,0
2026-07-02 15:42:59.557284,2.637991,-2.205077,1.415299,-0.002971,1.418524,-0.002971,-2.205077,0
2026-07-02 15:42:59.561267,2.652995,-2.199896,1.415299,-0.002971,1.413342,-0.002971,-2.199896,0
2026-07-02 15:42:59.563284,2.655337,-2.210258,1.410120,-0.002971,1.418524,-0.002971,-2.210258,0
2026-07-02 15:42:59.564788,2.657736,-2.199896,1.415299,-0.002971,1.413342,-0.002971,-2.199896,0
2026-07-02 15:42:59.567779,2.660168,-2.199896,1.410120,-0.002971,1.413342,-0.002971,-2.199896,0
2026-07-02 15:42:59.569785,2.662457,-2.210258,1.415299,-0.002971,1.413342,-0.002971,-2.210258,0
2026-07-02 15:42:59.571789,2.664810,-2.199896,1.415299,-0.008152,1.413342,-0.008152,-2.199896,0
2026-07-02 15:42:59.575796,2.667231,-2.199896,1.415299,-0.008152,1.413342,-0.008152,-2.199896,0
2026-07-02 15:42:59.577815,2.669775,-2.199896,1.410120,-0.002971,1.418524,-0.002971,-2.199896,0
2026-07-02 15:42:59.581970,2.672161,-2.194714,1.415299,-0.002971,1.418524,-0.002971,-2.194714,0
2026-07-02 15:42:59.583980,2.676286,-2.194714,1.415299,-0.008152,1.418524,-0.008152,-2.194714,0
2026-07-02 15:42:59.585991,2.678542,-2.194714,1.415299,-0.008152,1.413342,-0.008152,-2.194714,0
2026-07-02 15:42:59.590009,2.681011,-2.199896,1.415299,-0.002971,1.413342,-0.002971,-2.199896,0
2026-07-02 15:42:59.592017,2.684955,-2.194714,1.415299,-0.008152,1.418524,-0.008152,-2.194714,0
2026-07-02 15:42:59.594024,2.687367,-2.194714,1.415299,-0.002971,1.413342,-0.002971,-2.194714,0
2026-07-02 15:42:59.598039,2.689679,-2.205077,1.415299,-0.002971,1.413342,-0.002971,-2.205077,0
2026-07-02 15:42:59.600561,2.692159,-2.194714,1.415299,-0.002971,1.413342,-0.002971,-2.194714,0
2026-07-02 15:42:59.600561,2.695250,-2.199896,1.415299,-0.002971,1.413342,-0.002971,-2.199896,0
2026-07-02 15:42:59.605810,2.697657,-2.194714,1.415299,-0.002971,1.413342,-0.002971,-2.194714,0
2026-07-02 15:42:59.607817,2.700093,-2.194714,1.415299,-0.008152,1.413342,-0.008152,-2.194714,0
2026-07-02 15:42:59.607817,2.703419,-2.189532,1.415299,-0.008152,1.413342,-0.008152,-2.189532,0
2026-07-02 15:42:59.607817,2.705826,-2.194714,1.415299,-0.002971,1.413342,-0.002971,-2.194714,0
2026-07-02 15:42:59.607817,2.708168,-2.194714,1.415299,-0.002971,1.418524,-0.002971,-2.194714,0
2026-07-02 15:42:59.619312,2.710530,-2.210258,1.415299,-0.002971,1.413342,-0.002971,-2.210258,0
2026-07-02 15:42:59.619312,2.713282,-2.199896,1.415299,-0.002971,1.413342,-0.002971,-2.199896,0
2026-07-02 15:42:59.624523,2.716161,-2.194714,1.415299,-0.002971,1.413342,-0.002971,-2.194714,0
2026-07-02 15:42:59.624523,2.718736,-2.189532,1.415299,-0.008152,1.413342,-0.008152,-2.189532,0
2026-07-02 15:42:59.629195,2.721278,-2.199896,1.415299,-0.002971,1.418524,-0.002971,-2.199896,0
2026-07-02 15:42:59.632315,2.723697,-2.199896,1.415299,-0.002971,1.413342,-0.002971,-2.199896,0
2026-07-02 15:42:59.632315,2.726238,-2.189532,1.415299,-0.002971,1.418524,-0.002971,-2.189532,0
2026-07-02 15:42:59.632315,2.728772,-2.194714,1.415299,-0.002971,1.413342,-0.002971,-2.194714,0
2026-07-02 15:42:59.638904,2.731163,-2.199896,1.415299,-0.002971,1.413342,-0.002971,-2.199896,0
2026-07-02 15:42:59.638904,2.733588,-2.205077,1.415299,-0.002971,1.418524,-0.002971,-2.205077,0
2026-07-02 15:42:59.638904,2.736075,-2.199896,1.415299,-0.002971,1.413342,-0.002971,-2.199896,0
2026-07-02 15:42:59.638904,2.738557,-2.205077,1.415299,-0.002971,1.413342,-0.002971,-2.205077,0
2026-07-02 15:42:59.649303,2.741041,-2.199896,1.415299,-0.002971,1.413342,-0.002971,-2.199896,0
2026-07-02 15:42:59.649303,2.743509,-2.199896,1.415299,-0.002971,1.418524,-0.002971,-2.199896,0
2026-07-02 15:42:59.649303,2.745905,-2.194714,1.415299,-0.002971,1.413342,-0.002971,-2.194714,0
2026-07-02 15:42:59.649303,2.748372,-2.205077,1.415299,-0.002971,1.418524,-0.002971,-2.205077,0
2026-07-02 15:42:59.649303,2.750821,-2.194714,1.415299,-0.002971,1.413342,-0.002971,-2.194714,0
2026-07-02 15:42:59.661094,2.753323,-2.194714,1.415299,-0.002971,1.413342,-0.002971,-2.194714,0
2026-07-02 15:42:59.661094,2.755696,-2.205077,1.415299,-0.002971,1.413342,-0.002971,-2.205077,0
2026-07-02 15:42:59.667100,2.758223,-2.194714,1.415299,-0.002971,1.413342,-0.002971,-2.194714,0
2026-07-02 15:42:59.667100,2.761136,-2.194714,1.415299,-0.008152,1.413342,-0.008152,-2.194714,0
2026-07-02 15:42:59.667100,2.763551,-2.194714,1.415299,-0.002971,1.413342,-0.002971,-2.194714,0
2026-07-02 15:42:59.667100,2.766069,-2.194714,1.420479,-0.008152,1.413342,-0.008152,-2.194714,0
2026-07-02 15:42:59.675213,2.768502,-2.194714,1.415299,-0.008152,1.413342,-0.008152,-2.194714,0
2026-07-02 15:42:59.677226,2.770913,-2.194714,1.415299,-0.008152,1.418524,-0.008152,-2.194714,0
2026-07-02 15:42:59.677226,2.773395,-2.194714,1.415299,-0.002971,1.413342,-0.002971,-2.194714,0
2026-07-02 15:42:59.677226,2.775825,-2.194714,1.415299,-0.008152,1.418524,-0.008152,-2.194714,0
2026-07-02 15:42:59.677226,2.778299,-2.210258,1.415299,-0.002971,1.418524,-0.002971,-2.210258,0
2026-07-02 15:42:59.687568,2.780927,-2.199896,1.415299,-0.002971,1.413342,-0.002971,-2.199896,0
2026-07-02 15:42:59.687568,2.783502,-2.199896,1.415299,-0.002971,1.413342,-0.002971,-2.199896,0
2026-07-02 15:42:59.687568,2.785822,-2.205077,1.415299,-0.002971,1.418524,-0.002971,-2.205077,0
2026-07-02 15:42:59.687568,2.788317,-2.199896,1.415299,-0.002971,1.413342,-0.002971,-2.199896,0
2026-07-02 15:42:59.699057,2.790859,-2.194714,1.415299,-0.002971,1.413342,-0.002971,-2.194714,0
2026-07-02 15:42:59.699057,2.793300,-2.189532,1.415299,-0.002971,1.418524,-0.002971,-2.189532,0
2026-07-02 15:42:59.699057,2.795758,-2.199896,1.415299,-0.002971,1.413342,-0.002971,-2.199896,0
2026-07-02 15:42:59.699057,2.798268,-2.199896,1.415299,-0.002971,1.413342,-0.002971,-2.199896,0
2026-07-02 15:42:59.708472,2.800776,-2.199896,1.415299,-0.002971,1.413342,-0.002971,-2.199896,0
2026-07-02 15:42:59.708472,2.803579,-2.199896,1.415299,-0.002971,1.418524,-0.002971,-2.199896,0
2026-07-02 15:42:59.708472,2.805884,-2.199896,1.415299,-0.002971,1.413342,-0.002971,-2.199896,0
2026-07-02 15:42:59.708472,2.808215,-2.194714,1.415299,-0.002971,1.418524,-0.002971,-2.194714,0
2026-07-02 15:42:59.718802,2.810563,-2.194714,1.415299,-0.002971,1.413342,-0.002971,-2.194714,0
2026-07-02 15:42:59.718802,2.812918,-2.189532,1.415299,-0.002971,1.413342,-0.002971,-2.189532,0
2026-07-02 15:42:59.718802,2.815271,-2.205077,1.415299,-0.002971,1.418524,-0.002971,-2.205077,0
2026-07-02 15:42:59.718802,2.817513,-2.199896,1.415299,-0.002971,1.418524,-0.002971,-2.199896,0
2026-07-02 15:42:59.718802,2.819733,-2.194714,1.415299,-0.002971,1.418524,-0.002971,-2.194714,0
2026-07-02 15:42:59.729044,2.821982,-2.199896,1.415299,-0.008152,1.418524,-0.008152,-2.199896,0
2026-07-02 15:42:59.729044,2.824306,-2.194714,1.415299,-0.002971,1.413342,-0.002971,-2.194714,0
2026-07-02 15:42:59.729044,2.826580,-2.194714,1.415299,-0.002971,1.418524,-0.002971,-2.194714,0
2026-07-02 15:42:59.729044,2.828932,-2.210258,1.415299,-0.002971,1.413342,-0.002971,-2.210258,0
2026-07-02 15:42:59.739114,2.831370,-2.199896,1.415299,-0.008152,1.418524,-0.008152,-2.199896,0
2026-07-02 15:42:59.739114,2.837535,-2.194714,1.415299,-0.002971,1.418524,-0.002971,-2.194714,0
2026-07-02 15:42:59.739114,2.839880,-2.210258,1.415299,-0.002971,1.418524,-0.002971,-2.210258,0
2026-07-02 15:42:59.749234,2.842200,-2.205077,1.415299,-0.002971,1.418524,-0.002971,-2.205077,0
2026-07-02 15:42:59.749234,2.844505,-2.199896,1.415299,-0.002971,1.413342,-0.002971,-2.199896,0
2026-07-02 15:42:59.749234,2.846833,-2.199896,1.415299,-0.002971,1.413342,-0.002971,-2.199896,0
2026-07-02 15:42:59.749234,2.849065,-2.189532,1.415299,-0.008152,1.418524,-0.008152,-2.189532,0
2026-07-02 15:42:59.759301,2.851319,-2.189532,1.415299,-0.002971,1.413342,-0.002971,-2.189532,0
2026-07-02 15:42:59.759301,2.853554,-2.199896,1.415299,-0.008152,1.413342,-0.008152,-2.199896,0
2026-07-02 15:42:59.759301,2.855835,-2.194714,1.415299,-0.008152,1.418524,-0.008152,-2.194714,0
2026-07-02 15:42:59.764873,2.858027,-2.199896,1.415299,-0.002971,1.413342,-0.002971,-2.199896,0
2026-07-02 15:42:59.764873,2.860281,-2.199896,1.415299,-0.002971,1.418524,-0.002971,-2.199896,0
2026-07-02 15:42:59.769474,2.862542,-2.205077,1.415299,-0.002971,1.418524,-0.002971,-2.205077,0
2026-07-02 15:42:59.769474,2.864780,-2.194714,1.415299,-0.002971,1.418524,-0.002971,-2.194714,0
2026-07-02 15:42:59.769474,2.867116,-2.189532,1.415299,-0.008152,1.413342,-0.008152,-2.189532,0
2026-07-02 15:42:59.776038,2.869770,-2.189532,1.415299,-0.008152,1.413342,-0.008152,-2.189532,0
2026-07-02 15:42:59.779576,2.872310,-2.189532,1.415299,-0.008152,1.418524,-0.008152,-2.189532,0
2026-07-02 15:42:59.779576,2.874614,-2.205077,1.415299,-0.002971,1.413342,-0.002971,-2.205077,0
2026-07-02 15:42:59.779576,2.876984,-2.210258,1.415299,-0.002971,1.418524,-0.002971,-2.210258,0
2026-07-02 15:42:59.779576,2.879199,-2.210258,1.415299,-0.002971,1.418524,-0.002971,-2.210258,0
2026-07-02 15:42:59.789655,2.881455,-2.199896,1.415299,-0.002971,1.413342,-0.002971,-2.199896,0
2026-07-02 15:42:59.789655,2.883874,-2.194714,1.415299,-0.008152,1.413342,-0.008152,-2.194714,0
2026-07-02 15:42:59.789655,2.886877,-2.210258,1.415299,-0.002971,1.413342,-0.002971,-2.210258,0
2026-07-02 15:42:59.789655,2.889364,-2.199896,1.415299,-0.002971,1.413342,-0.002971,-2.199896,0
2026-07-02 15:42:59.801149,2.891746,-2.205077,1.415299,-0.002971,1.413342,-0.002971,-2.205077,0
2026-07-02 15:42:59.801149,2.895198,-2.194714,1.415299,-0.002971,1.418524,-0.002971,-2.194714,0
2026-07-02 15:42:59.807255,2.897640,-2.199896,1.415299,-0.002971,1.413342,-0.002971,-2.199896,0
2026-07-02 15:42:59.808857,2.901285,-2.210258,1.415299,-0.002971,1.418524,-0.002971,-2.210258,0
2026-07-02 15:42:59.809869,2.903487,-2.194714,1.415299,-0.002971,1.418524,-0.002971,-2.194714,0
2026-07-02 15:42:59.809869,2.905878,-2.189532,1.415299,-0.002971,1.418524,-0.002971,-2.189532,0
2026-07-02 15:42:59.809869,2.908298,-2.194714,1.415299,-0.008152,1.418524,-0.008152,-2.194714,0
2026-07-02 15:42:59.818265,2.910874,-2.199896,1.415299,-0.002971,1.418524,-0.002971,-2.199896,0
2026-07-02 15:42:59.820633,2.913188,-2.194714,1.415299,-0.008152,1.413342,-0.008152,-2.194714,0
2026-07-02 15:42:59.822068,2.915410,-2.205077,1.415299,-0.002971,1.418524,-0.002971,-2.205077,0
2026-07-02 15:42:59.822068,2.917814,-2.199896,1.415299,-0.002971,1.413342,-0.002971,-2.199896,0
2026-07-02 15:42:59.822068,2.920120,-2.194714,1.415299,-0.002971,1.413342,-0.002971,-2.194714,0
2026-07-02 15:42:59.830262,2.922556,-2.189532,1.415299,-0.008152,1.418524,-0.008152,-2.189532,0
2026-07-02 15:42:59.831732,2.924811,-2.194714,1.415299,-0.002971,1.418524,-0.002971,-2.194714,0
2026-07-02 15:42:59.833743,2.927069,-2.199896,1.415299,-0.002971,1.413342,-0.002971,-2.199896,0
2026-07-02 15:42:59.833743,2.930075,-2.189532,1.420479,-0.008152,1.413342,-0.008152,-2.189532,0
2026-07-02 15:42:59.840597,2.932466,-2.199896,1.410120,-0.002971,1.413342,-0.002971,-2.199896,0
2026-07-02 15:42:59.840597,2.934847,-2.194714,1.415299,-0.002971,1.413342,-0.002971,-2.194714,0
2026-07-02 15:42:59.840597,2.937281,-2.205077,1.415299,-0.002971,1.413342,-0.002971,-2.205077,0
2026-07-02 15:42:59.840597,2.939704,-2.210258,1.415299,-0.002971,1.413342,-0.002971,-2.210258,0
2026-07-02 15:42:59.840597,2.942111,-2.194714,1.415299,-0.002971,1.413342,-0.002971,-2.194714,0
2026-07-02 15:42:59.851687,2.944414,-2.194714,1.415299,-0.002971,1.413342,-0.002971,-2.194714,0
2026-07-02 15:42:59.851687,2.947264,-2.199896,1.415299,-0.008152,1.413342,-0.008152,-2.199896,0
2026-07-02 15:42:59.851687,2.949697,-2.205077,1.415299,-0.008152,1.413342,-0.008152,-2.205077,0
2026-07-02 15:42:59.851687,2.952145,-2.210258,1.415299,-0.002971,1.418524,-0.002971,-2.210258,0
2026-07-02 15:42:59.861102,2.954545,-2.199896,1.415299,-0.008152,1.418524,-0.008152,-2.199896,0
2026-07-02 15:42:59.865000,2.956930,-2.199896,1.410120,-0.002971,1.413342,-0.002971,-2.199896,0
2026-07-02 15:42:59.865000,2.959435,-2.199896,1.410120,-0.002971,1.413342,-0.002971,-2.199896,0
2026-07-02 15:42:59.865000,2.961883,-2.194714,1.415299,-0.002971,1.413342,-0.002971,-2.194714,0
2026-07-02 15:42:59.871542,2.964300,-2.194714,1.415299,-0.002971,1.413342,-0.002971,-2.194714,0
2026-07-02 15:42:59.871542,2.966674,-2.210258,1.415299,-0.002971,1.413342,-0.002971,-2.210258,0
2026-07-02 15:42:59.871542,2.969722,-2.189532,1.415299,-0.008152,1.413342,-0.008152,-2.189532,0
2026-07-02 15:42:59.881629,2.974800,-2.194714,1.415299,-0.002971,1.413342,-0.002971,-2.194714,0
2026-07-02 15:42:59.881629,2.978481,-2.199896,1.415299,-0.002971,1.413342,-0.002971,-2.199896,0
2026-07-02 15:42:59.881629,2.980850,-2.199896,1.415299,-0.008152,1.413342,-0.008152,-2.199896,0
2026-07-02 15:42:59.891721,2.983284,-2.199896,1.415299,-0.002971,1.413342,-0.002971,-2.199896,0
2026-07-02 15:42:59.891721,2.986860,-2.199896,1.415299,-0.002971,1.418524,-0.002971,-2.199896,0
2026-07-02 15:42:59.891721,2.989214,-2.194714,1.415299,-0.008152,1.413342,-0.008152,-2.194714,0
2026-07-02 15:42:59.900847,2.991635,-2.194714,1.415299,-0.002971,1.418524,-0.002971,-2.194714,0
2026-07-02 15:42:59.901866,2.995244,-2.194714,1.415299,-0.008152,1.418524,-0.008152,-2.194714,0
2026-07-02 15:42:59.901866,2.997616,-2.194714,1.415299,-0.002971,1.418524,-0.002971,-2.194714,0
2026-07-02 15:42:59.901866,3.002591,-2.199896,1.415299,-0.002971,1.413342,-0.002971,-2.199896,0
2026-07-02 15:42:59.911984,3.004970,-2.194714,1.415299,-0.002971,1.413342,-0.002971,-2.194714,0
2026-07-02 15:42:59.911984,3.008275,-2.199896,1.415299,-0.002971,1.413342,-0.002971,-2.199896,0
2026-07-02 15:42:59.911984,3.011874,-2.194714,1.415299,-0.002971,1.413342,-0.002971,-2.194714,0
2026-07-02 15:42:59.922060,3.014425,-2.210258,1.415299,-0.002971,1.413342,-0.002971,-2.210258,0
2026-07-02 15:42:59.922060,3.016795,-2.199896,1.415299,-0.002971,1.413342,-0.002971,-2.199896,0
2026-07-02 15:42:59.922060,3.019823,-2.194714,1.415299,-0.002971,1.413342,-0.002971,-2.194714,0
2026-07-02 15:42:59.932190,3.023519,-2.199896,1.415299,-0.002971,1.413342,-0.002971,-2.199896,0
2026-07-02 15:42:59.942286,3.033547,-2.194714,1.415299,-0.002971,1.413342,-0.002971,-2.194714,0
2026-07-02 15:42:59.942286,3.037425,-2.205077,1.415299,-0.002971,1.418524,-0.002971,-2.205077,0
2026-07-02 15:42:59.942286,3.039837,-2.199896,1.415299,-0.002971,1.413342,-0.002971,-2.199896,0
2026-07-02 15:42:59.942286,3.042304,-2.194714,1.415299,-0.002971,1.418524,-0.002971,-2.194714,0
2026-07-02 15:42:59.952414,3.045270,-2.194714,1.415299,-0.008152,1.413342,-0.008152,-2.194714,0
2026-07-02 15:42:59.952414,3.047713,-2.199896,1.415299,-0.002971,1.418524,-0.002971,-2.199896,0
2026-07-02 15:42:59.952414,3.050163,-2.199896,1.410120,-0.002971,1.418524,-0.002971,-2.199896,0
2026-07-02 15:42:59.952414,3.053476,-2.199896,1.415299,-0.002971,1.413342,-0.002971,-2.199896,0
2026-07-02 15:42:59.965065,3.055811,-2.210258,1.415299,-0.002971,1.413342,-0.002971,-2.210258,0
2026-07-02 15:42:59.972616,3.064088,-2.194714,1.420479,-0.008152,1.413342,-0.008152,-2.194714,0
2026-07-02 15:42:59.972616,3.071290,-2.199896,1.415299,-0.002971,1.413342,-0.002971,-2.199896,0
2026-07-02 15:42:59.972616,3.073767,-2.205077,1.410120,-0.002971,1.418524,-0.002971,-2.205077,0
2026-07-02 15:42:59.982736,3.076224,-2.199896,1.415299,-0.008152,1.418524,-0.008152,-2.199896,0
2026-07-02 15:42:59.982736,3.078703,-2.194714,1.415299,-0.002971,1.418524,-0.002971,-2.194714,0
2026-07-02 15:42:59.982736,3.081173,-2.199896,1.415299,-0.002971,1.413342,-0.002971,-2.199896,0
2026-07-02 15:42:59.992808,3.083600,-2.199896,1.415299,-0.002971,1.413342,-0.002971,-2.199896,0
2026-07-02 15:42:59.992808,3.087295,-2.199896,1.415299,-0.002971,1.413342,-0.002971,-2.199896,0
2026-07-02 15:42:59.992808,3.089698,-2.210258,1.415299,-0.002971,1.418524,-0.002971,-2.210258,0
2026-07-02 15:42:59.992808,3.092046,-2.210258,1.415299,-0.002971,1.413342,-0.002971,-2.210258,0
2026-07-02 15:43:00.001374,3.094399,-2.199896,1.415299,-0.002971,1.413342,-0.002971,-2.199896,0
2026-07-02 15:43:00.013542,3.096853,-2.199896,1.415299,-0.002971,1.413342,-0.002971,-2.199896,0
2026-07-02 15:43:00.054350,3.115629,-2.199896,1.415299,-0.002971,1.418524,-0.002971,-2.199896,0
2026-07-02 15:43:00.064943,3.157415,-2.199896,1.415299,-0.002971,1.418524,-0.002971,-2.199896,0
2026-07-02 15:43:00.070960,3.160180,-2.194714,1.415299,-0.008152,1.413342,-0.008152,-2.194714,0
2026-07-02 15:43:00.070960,3.165043,-2.199896,1.415299,-0.002971,1.413342,-0.002971,-2.199896,0
2026-07-02 15:43:00.074757,3.167393,-2.210258,1.415299,-0.002971,1.418524,-0.002971,-2.210258,0
2026-07-02 15:43:00.076770,3.170099,-2.194714,1.415299,-0.002971,1.413342,-0.002971,-2.194714,0
2026-07-02 15:43:00.080787,3.172590,-2.194714,1.415299,-0.002971,1.413342,-0.002971,-2.194714,0
2026-07-02 15:43:00.080787,3.174974,-2.189532,1.415299,-0.008152,1.413342,-0.008152,-2.189532,0
2026-07-02 15:43:00.085128,3.177368,-2.210258,1.415299,-0.002971,1.413342,-0.002971,-2.210258,0
2026-07-02 15:43:00.085128,3.179773,-2.189532,1.415299,-0.008152,1.418524,-0.008152,-2.189532,0
2026-07-02 15:43:00.085128,3.182169,-2.194714,1.415299,-0.008152,1.413342,-0.008152,-2.194714,0
2026-07-02 15:43:00.085128,3.184576,-2.194714,1.415299,-0.008152,1.418524,-0.008152,-2.194714,0
2026-07-02 15:43:00.095317,3.186913,-2.199896,1.415299,-0.002971,1.418524,-0.002971,-2.199896,0
2026-07-02 15:43:00.095317,3.189445,-2.194714,1.415299,-0.002971,1.413342,-0.002971,-2.194714,0
2026-07-02 15:43:00.095317,3.191850,-2.194714,1.415299,-0.002971,1.413342,-0.002971,-2.194714,0
2026-07-02 15:43:00.102055,3.194313,-2.210258,1.415299,-0.002971,1.418524,-0.002971,-2.210258,0
2026-07-02 15:43:00.102055,3.196728,-2.194714,1.415299,-0.008152,1.413342,-0.008152,-2.194714,0
2026-07-02 15:43:00.105413,3.199129,-2.210258,1.415299,-0.002971,1.418524,-0.002971,-2.210258,0
2026-07-02 15:43:00.105413,3.201706,-2.210258,1.415299,-0.008152,1.413342,-0.008152,-2.210258,0
2026-07-02 15:43:00.105413,3.204198,-2.210258,1.415299,-0.002971,1.413342,-0.002971,-2.210258,0
2026-07-02 15:43:00.105413,3.206732,-2.199896,1.415299,-0.008152,1.418524,-0.008152,-2.199896,0
2026-07-02 15:43:00.115452,3.209473,-2.189532,1.415299,-0.008152,1.418524,-0.008152,-2.189532,0
2026-07-02 15:43:00.115452,3.211981,-2.194714,1.415299,-0.008152,1.418524,-0.008152,-2.194714,0
2026-07-02 15:43:00.122120,3.214396,-2.199896,1.415299,-0.002971,1.418524,-0.002971,-2.199896,0
2026-07-02 15:43:00.122120,3.216856,-2.189532,1.415299,-0.008152,1.413342,-0.008152,-2.189532,0
2026-07-02 15:43:00.125526,3.219284,-2.205077,1.415299,-0.002971,1.413342,-0.002971,-2.205077,0
2026-07-02 15:43:00.125526,3.221919,-2.205077,1.415299,-0.002971,1.418524,-0.002971,-2.205077,0
2026-07-02 15:43:00.125526,3.224368,-2.199896,1.420479,-0.002971,1.413342,-0.002971,-2.199896,0
2026-07-02 15:43:00.125526,3.226764,-2.194714,1.415299,-0.002971,1.413342,-0.002971,-2.194714,0
2026-07-02 15:43:00.135992,3.229113,-2.199896,1.415299,-0.002971,1.413342,-0.002971,-2.199896,0
2026-07-02 15:43:00.135992,3.231488,-2.194714,1.420479,-0.002971,1.413342,-0.002971,-2.194714,0
2026-07-02 15:43:00.135992,3.233813,-2.194714,1.415299,-0.002971,1.413342,-0.002971,-2.194714,0
2026-07-02 15:43:00.135992,3.236300,-2.194714,1.415299,-0.008152,1.413342,-0.008152,-2.194714,0
2026-07-02 15:43:00.146068,3.238797,-2.194714,1.415299,-0.002971,1.418524,-0.002971,-2.194714,0
2026-07-02 15:43:00.146068,3.241185,-2.194714,1.415299,-0.002971,1.413342,-0.002971,-2.194714,0
2026-07-02 15:43:00.146068,3.243585,-2.189532,1.415299,-0.002971,1.418524,-0.002971,-2.189532,0
2026-07-02 15:43:00.146068,3.245918,-2.199896,1.415299,-0.002971,1.418524,-0.002971,-2.199896,0
2026-07-02 15:43:00.156149,3.248213,-2.194714,1.415299,-0.002971,1.413342,-0.002971,-2.194714,0
2026-07-02 15:43:00.156149,3.253603,-2.210258,1.415299,-0.002971,1.413342,-0.002971,-2.210258,0
2026-07-02 15:43:00.156149,3.255973,-2.199896,1.415299,-0.002971,1.413342,-0.002971,-2.199896,0
2026-07-02 15:43:00.166640,3.258320,-2.210258,1.415299,-0.002971,1.413342,-0.002971,-2.210258,0
2026-07-02 15:43:00.166640,3.260704,-2.205077,1.415299,-0.002971,1.413342,-0.002971,-2.205077,0
2026-07-02 15:43:00.166640,3.262951,-2.205077,1.415299,-0.008152,1.413342,-0.008152,-2.205077,0
2026-07-02 15:43:00.166640,3.265226,-2.205077,1.410120,-0.002971,1.418524,-0.002971,-2.205077,0
2026-07-02 15:43:00.166640,3.267535,-2.194714,1.410120,-0.002971,1.413342,-0.002971,-2.194714,0
2026-07-02 15:43:00.176893,3.269831,-2.194714,1.415299,-0.002971,1.418524,-0.002971,-2.194714,0
2026-07-02 15:43:00.176893,3.272116,-2.210258,1.415299,-0.002971,1.413342,-0.002971,-2.210258,0
2026-07-02 15:43:00.176893,3.274464,-2.199896,1.415299,-0.002971,1.418524,-0.002971,-2.199896,0
2026-07-02 15:43:00.176893,3.276779,-2.205077,1.410120,-0.002971,1.413342,-0.002971,-2.205077,0
2026-07-02 15:43:00.186976,3.279118,-2.199896,1.410120,-0.002971,1.418524,-0.002971,-2.199896,0
2026-07-02 15:43:00.189067,3.281288,-2.194714,1.415299,-0.008152,1.418524,-0.008152,-2.194714,0
2026-07-02 15:43:00.189067,3.283590,-2.194714,1.415299,-0.002971,1.418524,-0.002971,-2.194714,0
2026-07-02 15:43:00.192040,3.285789,-2.194714,1.415299,-0.008152,1.413342,-0.008152,-2.194714,0
2026-07-02 15:43:00.195083,3.288057,-2.194714,1.415299,-0.002971,1.413342,-0.002971,-2.194714,0
2026-07-02 15:43:00.195083,3.290271,-2.199896,1.415299,-0.008152,1.413342,-0.008152,-2.199896,0
2026-07-02 15:43:00.200309,3.292519,-2.210258,1.415299,-0.002971,1.413342,-0.002971,-2.210258,0
2026-07-02 15:43:00.202330,3.294776,-2.199896,1.415299,-0.002971,1.418524,-0.002971,-2.199896,0
2026-07-02 15:43:00.205415,3.297056,-2.194714,1.415299,-0.002971,1.418524,-0.002971,-2.194714,0
2026-07-02 15:43:00.205415,3.299447,-2.194714,1.415299,-0.008152,1.413342,-0.008152,-2.194714,0
2026-07-02 15:43:00.205415,3.301703,-2.205077,1.415299,-0.002971,1.413342,-0.002971,-2.205077,0
2026-07-02 15:43:00.205415,3.303941,-2.189532,1.415299,-0.002971,1.413342,-0.002971,-2.189532,0
2026-07-02 15:43:00.205415,3.306217,-2.199896,1.415299,-0.008152,1.418524,-0.008152,-2.199896,0
2026-07-02 15:43:00.215454,3.308445,-2.199896,1.415299,-0.002971,1.413342,-0.002971,-2.199896,0
2026-07-02 15:43:00.215454,3.310822,-2.210258,1.415299,-0.002971,1.418524,-0.002971,-2.210258,0
2026-07-02 15:43:00.215454,3.313109,-2.210258,1.415299,-0.002971,1.418524,-0.002971,-2.210258,0
2026-07-02 15:43:00.215454,3.315372,-2.194714,1.415299,-0.002971,1.418524,-0.002971,-2.194714,0
2026-07-02 15:43:00.225594,3.317606,-2.199896,1.415299,-0.002971,1.413342,-0.002971,-2.199896,0
2026-07-02 15:43:00.225594,3.320149,-2.210258,1.415299,-0.002971,1.418524,-0.002971,-2.210258,0
2026-07-02 15:43:00.225594,3.322385,-2.194714,1.415299,-0.002971,1.413342,-0.002971,-2.194714,0
2026-07-02 15:43:00.225594,3.324707,-2.194714,1.415299,-0.002971,1.413342,-0.002971,-2.194714,0
2026-07-02 15:43:00.225594,3.327121,-2.199896,1.410120,-0.002971,1.418524,-0.002971,-2.199896,0
2026-07-02 15:43:00.235753,3.329500,-2.210258,1.415299,-0.002971,1.418524,-0.002971,-2.210258,0
2026-07-02 15:43:00.235753,3.331851,-2.194714,1.415299,-0.002971,1.413342,-0.002971,-2.194714,0
2026-07-02 15:43:00.235753,3.334202,-2.210258,1.415299,-0.002971,1.418524,-0.002971,-2.210258,0
2026-07-02 15:43:00.235753,3.336584,-2.199896,1.415299,-0.002971,1.418524,-0.002971,-2.199896,0
2026-07-02 15:43:00.245809,3.339184,-2.194714,1.415299,-0.002971,1.413342,-0.002971,-2.194714,0
2026-07-02 15:43:00.245809,3.341678,-2.194714,1.415299,-0.008152,1.413342,-0.008152,-2.194714,0
2026-07-02 15:43:00.245809,3.344048,-2.205077,1.415299,-0.002971,1.418524,-0.002971,-2.205077,0
2026-07-02 15:43:00.245809,3.346322,-2.194714,1.415299,-0.002971,1.413342,-0.002971,-2.194714,0
2026-07-02 15:43:00.255915,3.348640,-2.194714,1.415299,-0.002971,1.413342,-0.002971,-2.194714,0
2026-07-02 15:43:00.255915,3.350868,-2.205077,1.415299,-0.002971,1.418524,-0.002971,-2.205077,0
2026-07-02 15:43:00.255915,3.353310,-2.199896,1.415299,-0.002971,1.413342,-0.002971,-2.199896,0
2026-07-02 15:43:00.255915,3.355746,-2.189532,1.415299,-0.008152,1.413342,-0.008152,-2.189532,0
2026-07-02 15:43:00.265999,3.358090,-2.210258,1.415299,-0.002971,1.418524,-0.002971,-2.210258,0
2026-07-02 15:43:00.265999,3.361248,-2.199896,1.415299,-0.002971,1.418524,-0.002971,-2.199896,0
2026-07-02 15:43:00.265999,3.363600,-2.199896,1.415299,-0.002971,1.413342,-0.002971,-2.199896,0
2026-07-02 15:43:00.265999,3.366023,-2.210258,1.410120,-0.002971,1.418524,-0.002971,-2.210258,0
2026-07-02 15:43:00.276075,3.368467,-2.210258,1.415299,-0.002971,1.418524,-0.002971,-2.210258,0
2026-07-02 15:43:00.276075,3.370914,-2.199896,1.415299,-0.002971,1.413342,-0.002971,-2.199896,0
2026-07-02 15:43:00.286239,3.373580,-2.210258,1.415299,-0.002971,1.418524,-0.002971,-2.210258,0
2026-07-02 15:43:00.286239,3.383913,-2.210258,1.415299,-0.002971,1.413342,-0.002971,-2.210258,0
2026-07-02 15:43:00.286239,3.387005,-2.194714,1.415299,-0.002971,1.413342,-0.002971,-2.194714,0
2026-07-02 15:43:00.296322,3.389540,-2.194714,1.415299,-0.008152,1.418524,-0.008152,-2.194714,0
2026-07-02 15:43:00.302876,3.392576,-2.194714,1.415299,-0.002971,1.418524,-0.002971,-2.194714,0
2026-07-02 15:43:00.306486,3.397736,-2.199896,1.415299,-0.002971,1.413342,-0.002971,-2.199896,0
2026-07-02 15:43:00.306486,3.401926,-2.194714,1.415299,-0.002971,1.413342,-0.002971,-2.194714,0
2026-07-02 15:43:00.306486,3.404471,-2.210258,1.415299,-0.002971,1.418524,-0.002971,-2.210258,0
2026-07-02 15:43:00.316853,3.409621,-2.199896,1.415299,-0.002971,1.413342,-0.002971,-2.199896,0
2026-07-02 15:43:00.326954,3.417678,-2.199896,1.415299,-0.002971,1.413342,-0.002971,-2.199896,0
2026-07-02 15:43:00.337027,3.425983,-2.199896,1.415299,-0.008152,1.413342,-0.008152,-2.199896,0
2026-07-02 15:43:00.347166,3.437270,-2.194714,1.415299,-0.002971,1.418524,-0.002971,-2.194714,0
2026-07-02 15:43:00.357238,3.445106,-2.199896,1.415299,-0.002971,1.418524,-0.002971,-2.199896,0
2026-07-02 15:43:00.365290,3.454334,-2.194714,1.415299,-0.002971,1.413342,-0.002971,-2.194714,0
2026-07-02 15:43:00.367314,3.459845,-2.205077,1.415299,-0.002971,1.418524,-0.002971,-2.205077,0
2026-07-02 15:43:00.377818,3.467136,-2.194714,1.415299,-0.002971,1.413342,-0.002971,-2.194714,0
2026-07-02 15:43:00.387909,3.475001,-2.194714,1.415299,-0.002971,1.413342,-0.002971,-2.194714,0
2026-07-02 15:43:00.387909,3.483439,-2.199896,1.415299,-0.002971,1.413342,-0.002971,-2.199896,0
2026-07-02 15:43:00.403676,3.489012,-2.199896,1.415299,-0.002971,1.418524,-0.002971,-2.199896,0
2026-07-02 15:43:00.408222,3.499144,-2.210258,1.415299,-0.002971,1.418524,-0.002971,-2.210258,0
2026-07-02 15:43:00.408222,3.505081,-2.199896,1.415299,-0.002971,1.418524,-0.002971,-2.199896,0
2026-07-02 15:43:00.418324,3.508864,-2.199896,1.415299,-0.002971,1.418524,-0.002971,-2.199896,0
2026-07-02 15:43:00.418324,3.514118,-2.210258,1.415299,-0.002971,1.418524,-0.002971,-2.210258,0
2026-07-02 15:43:00.418324,3.517752,-2.205077,1.410120,-0.002971,1.418524,-0.002971,-2.205077,0
2026-07-02 15:43:00.428405,3.521610,-2.199896,1.415299,-0.002971,1.413342,-0.002971,-2.199896,0
2026-07-02 15:43:00.428405,3.524026,-2.210258,1.415299,-0.002971,1.413342,-0.002971,-2.210258,0
2026-07-02 15:43:00.428405,3.528740,-2.210258,1.415299,-0.002971,1.413342,-0.002971,-2.210258,0
2026-07-02 15:43:00.438562,3.531266,-2.205077,1.415299,-0.002971,1.413342,-0.002971,-2.205077,0
2026-07-02 15:43:00.438562,3.533671,-2.199896,1.415299,-0.002971,1.418524,-0.002971,-2.199896,0
2026-07-02 15:43:00.438562,3.537312,-2.194714,1.420479,-0.002971,1.413342,-0.002971,-2.194714,0
2026-07-02 15:43:00.447922,3.539744,-2.189532,1.415299,-0.008152,1.418524,-0.008152,-2.189532,0
2026-07-02 15:43:00.448966,3.542174,-2.194714,1.420479,-0.008152,1.418524,-0.008152,-2.194714,0
2026-07-02 15:43:00.453059,3.545951,-2.189532,1.415299,-0.008152,1.413342,-0.008152,-2.189532,0
2026-07-02 15:43:00.456748,3.548414,-2.194714,1.415299,-0.002971,1.413342,-0.002971,-2.194714,0
2026-07-02 15:43:00.459297,3.550859,-2.194714,1.415299,-0.008152,1.413342,-0.008152,-2.194714,0
2026-07-02 15:43:00.460313,3.554029,-2.210258,1.415299,-0.002971,1.418524,-0.002971,-2.210258,0
2026-07-02 15:43:00.460313,3.556398,-2.194714,1.415299,-0.008152,1.413342,-0.008152,-2.194714,0
2026-07-02 15:43:00.465361,3.558847,-2.199896,1.415299,-0.002971,1.413342,-0.002971,-2.199896,0
2026-07-02 15:43:00.469402,3.561942,-2.205077,1.415299,-0.002971,1.418524,-0.002971,-2.205077,0
2026-07-02 15:43:00.469402,3.566033,-2.199896,1.415299,-0.002971,1.413342,-0.002971,-2.199896,0
2026-07-02 15:43:00.469402,3.568445,-2.194714,1.415299,-0.002971,1.413342,-0.002971,-2.194714,0
2026-07-02 15:43:00.477245,3.570803,-2.194714,1.415299,-0.002971,1.413342,-0.002971,-2.194714,0
2026-07-02 15:43:00.479780,3.573278,-2.205077,1.415299,-0.002971,1.413342,-0.002971,-2.205077,0
2026-07-02 15:43:00.479780,3.576384,-2.199896,1.415299,-0.002971,1.413342,-0.002971,-2.199896,0
2026-07-02 15:43:00.489841,3.582180,-2.210258,1.415299,-0.002971,1.413342,-0.002971,-2.210258,0
2026-07-02 15:43:00.489841,3.584589,-2.194714,1.415299,-0.002971,1.418524,-0.002971,-2.194714,0
2026-07-02 15:43:00.489841,3.587106,-2.205077,1.415299,-0.008152,1.413342,-0.008152,-2.205077,0
2026-07-02 15:43:00.489841,3.589551,-2.199896,1.415299,-0.008152,1.413342,-0.008152,-2.199896,0
2026-07-02 15:43:00.500006,3.592011,-2.194714,1.415299,-0.002971,1.413342,-0.002971,-2.194714,0
2026-07-02 15:43:00.504061,3.595855,-2.205077,1.415299,-0.002971,1.418524,-0.002971,-2.205077,0
2026-07-02 15:43:00.504061,3.598474,-2.199896,1.415299,-0.002971,1.413342,-0.002971,-2.199896,0
2026-07-02 15:43:00.504061,3.600844,-2.205077,1.415299,-0.008152,1.413342,-0.008152,-2.205077,0
2026-07-02 15:43:00.510101,3.603456,-2.194714,1.415299,-0.008152,1.418524,-0.008152,-2.194714,0
2026-07-02 15:43:00.510101,3.605991,-2.210258,1.415299,-0.002971,1.413342,-0.002971,-2.210258,0
2026-07-02 15:43:00.510101,3.608558,-2.210258,1.415299,-0.002971,1.413342,-0.002971,-2.210258,0
2026-07-02 15:43:00.520169,3.612479,-2.199896,1.415299,-0.002971,1.418524,-0.002971,-2.199896,0
2026-07-02 15:43:00.520169,3.615420,-2.199896,1.415299,-0.002971,1.418524,-0.002971,-2.199896,0
2026-07-02 15:43:00.520169,3.617818,-2.199896,1.415299,-0.002971,1.413342,-0.002971,-2.199896,0
2026-07-02 15:43:00.520169,3.620740,-2.194714,1.415299,-0.002971,1.413342,-0.002971,-2.194714,0
2026-07-02 15:43:00.530341,3.623199,-2.199896,1.415299,-0.002971,1.418524,-0.002971,-2.199896,0
2026-07-02 15:43:00.530341,3.625531,-2.194714,1.415299,-0.008152,1.413342,-0.008152,-2.194714,0
2026-07-02 15:43:00.530341,3.628679,-2.189532,1.415299,-0.008152,1.413342,-0.008152,-2.189532,0
2026-07-02 15:43:00.530341,3.631031,-2.199896,1.415299,-0.002971,1.418524,-0.002971,-2.199896,0
2026-07-02 15:43:00.543596,3.633366,-2.194714,1.415299,-0.008152,1.418524,-0.008152,-2.194714,0
2026-07-02 15:43:00.548739,3.637534,-2.194714,1.415299,-0.002971,1.413342,-0.002971,-2.194714,0
2026-07-02 15:43:00.550759,3.642676,-2.194714,1.415299,-0.002971,1.418524,-0.002971,-2.194714,0
2026-07-02 15:43:00.550759,3.646433,-2.205077,1.415299,-0.002971,1.418524,-0.002971,-2.205077,0
2026-07-02 15:43:00.550759,3.648824,-2.199896,1.415299,-0.002971,1.413342,-0.002971,-2.199896,0
2026-07-02 15:43:00.550759,3.651143,-2.194714,1.415299,-0.002971,1.418524,-0.002971,-2.194714,0
2026-07-02 15:43:00.560817,3.653747,-2.189532,1.415299,-0.002971,1.413342,-0.002971,-2.189532,0
2026-07-02 15:43:00.560817,3.656137,-2.194714,1.415299,-0.002971,1.418524,-0.002971,-2.194714,0
2026-07-02 15:43:00.565607,3.658475,-2.194714,1.415299,-0.002971,1.413342,-0.002971,-2.194714,0
2026-07-02 15:43:00.565607,3.662040,-2.205077,1.415299,-0.002971,1.413342,-0.002971,-2.205077,0
2026-07-02 15:43:00.571151,3.664367,-2.205077,1.415299,-0.002971,1.413342,-0.002971,-2.205077,0
2026-07-02 15:43:00.571151,3.668278,-2.199896,1.415299,-0.002971,1.413342,-0.002971,-2.199896,0
2026-07-02 15:43:00.571151,3.671809,-2.189532,1.415299,-0.008152,1.418524,-0.008152,-2.189532,0
2026-07-02 15:43:00.581217,3.674195,-2.194714,1.415299,-0.002971,1.413342,-0.002971,-2.194714,0
2026-07-02 15:43:00.591369,3.683535,-2.199896,1.420479,-0.002971,1.413342,-0.002971,-2.199896,0
2026-07-02 15:43:00.591369,3.687876,-2.194714,1.415299,-0.008152,1.418524,-0.008152,-2.194714,0
2026-07-02 15:43:00.601445,3.691933,-2.205077,1.415299,-0.002971,1.413342,-0.002971,-2.205077,0
2026-07-02 15:43:00.605030,3.698100,-2.199896,1.410120,-0.002971,1.413342,-0.002971,-2.199896,0
2026-07-02 15:43:00.609046,3.700445,-2.210258,1.415299,-0.002971,1.418524,-0.002971,-2.210258,0
2026-07-02 15:43:00.611049,3.704013,-2.194714,1.415299,-0.008152,1.413342,-0.008152,-2.194714,0
2026-07-02 15:43:00.619082,3.706319,-2.199896,1.415299,-0.002971,1.418524,-0.002971,-2.199896,0
2026-07-02 15:43:00.627617,3.714570,-2.189532,1.415299,-0.002971,1.413342,-0.002971,-2.189532,0
2026-07-02 15:43:00.629245,3.721808,-2.194714,1.415299,-0.002971,1.413342,-0.002971,-2.194714,0
2026-07-02 15:43:00.634119,3.724151,-2.194714,1.415299,-0.008152,1.418524,-0.008152,-2.194714,0
2026-07-02 15:43:00.636985,3.728424,-2.194714,1.415299,-0.002971,1.413342,-0.002971,-2.194714,0
2026-07-02 15:43:00.638998,3.731929,-2.210258,1.415299,-0.002971,1.418524,-0.002971,-2.210258,0
2026-07-02 15:43:00.641558,3.734452,-2.194714,1.415299,-0.002971,1.413342,-0.002971,-2.194714,0
2026-07-02 15:43:00.645574,3.736750,-2.194714,1.410120,-0.002971,1.413342,-0.002971,-2.194714,0
2026-07-02 15:43:00.650881,3.740751,-2.194714,1.415299,-0.002971,1.418524,-0.002971,-2.194714,0
2026-07-02 15:43:00.653891,3.744980,-2.199896,1.415299,-0.002971,1.418524,-0.002971,-2.199896,0
2026-07-02 15:43:00.655899,3.749077,-2.194714,1.415299,-0.002971,1.413342,-0.002971,-2.194714,0
2026-07-02 15:43:00.655899,3.751478,-2.205077,1.415299,-0.002971,1.418524,-0.002971,-2.205077,0
2026-07-02 15:43:00.662070,3.753812,-2.199896,1.415299,-0.002971,1.418524,-0.002971,-2.199896,0
2026-07-02 15:43:00.662070,3.756266,-2.205077,1.415299,-0.002971,1.413342,-0.002971,-2.205077,0
2026-07-02 15:43:00.665484,3.758730,-2.199896,1.415299,-0.002971,1.418524,-0.002971,-2.199896,0
2026-07-02 15:43:00.665484,3.761508,-2.199896,1.415299,-0.002971,1.418524,-0.002971,-2.199896,0
2026-07-02 15:43:00.672145,3.763907,-2.194714,1.415299,-0.002971,1.418524,-0.002971,-2.194714,0
2026-07-02 15:43:00.672145,3.766283,-2.194714,1.415299,-0.002971,1.413342,-0.002971,-2.194714,0
2026-07-02 15:43:00.672145,3.768690,-2.205077,1.410120,-0.002971,1.418524,-0.002971,-2.205077,0
2026-07-02 15:43:00.672145,3.771358,-2.199896,1.415299,-0.002971,1.413342,-0.002971,-2.199896,0
2026-07-02 15:43:00.682243,3.773815,-2.199896,1.415299,-0.002971,1.413342,-0.002971,-2.199896,0
2026-07-02 15:43:00.684976,3.776607,-2.205077,1.415299,-0.002971,1.413342,-0.002971,-2.205077,0
2026-07-02 15:43:00.685530,3.778892,-2.199896,1.415299,-0.002971,1.413342,-0.002971,-2.199896,0
2026-07-02 15:43:00.688171,3.781242,-2.194714,1.415299,-0.002971,1.413342,-0.002971,-2.194714,0
2026-07-02 15:43:00.692879,3.783548,-2.194714,1.415299,-0.002971,1.413342,-0.002971,-2.194714,0
2026-07-02 15:43:00.692879,3.787008,-2.199896,1.415299,-0.008152,1.413342,-0.008152,-2.199896,0
2026-07-02 15:43:00.692879,3.789778,-2.194714,1.415299,-0.002971,1.413342,-0.002971,-2.194714,0
2026-07-02 15:43:00.702653,3.796167,-2.194714,1.415299,-0.002971,1.418524,-0.002971,-2.194714,0
2026-07-02 15:43:00.705225,3.798652,-2.194714,1.415299,-0.002971,1.413342,-0.002971,-2.194714,0
2026-07-02 15:43:00.705225,3.801133,-2.194714,1.415299,-0.002971,1.413342,-0.002971,-2.194714,0
2026-07-02 15:43:00.705225,3.803729,-2.194714,1.415299,-0.002971,1.413342,-0.002971,-2.194714,0
2026-07-02 15:43:00.717798,3.806235,-2.210258,1.415299,-0.002971,1.418524,-0.002971,-2.210258,0
2026-07-02 15:43:00.720843,3.812327,-2.199896,1.415299,-0.002971,1.413342,-0.002971,-2.199896,0
2026-07-02 15:43:00.720843,3.814876,-2.199896,1.415299,-0.002971,1.418524,-0.002971,-2.199896,0
2026-07-02 15:43:00.725675,3.817258,-2.194714,1.415299,-0.002971,1.413342,-0.002971,-2.194714,0
2026-07-02 15:43:00.725675,3.819850,-2.189532,1.415299,-0.008152,1.413342,-0.008152,-2.189532,0
2026-07-02 15:43:00.730001,3.822268,-2.210258,1.415299,-0.002971,1.413342,-0.002971,-2.210258,0
2026-07-02 15:43:00.731010,3.824502,-2.194714,1.415299,-0.002971,1.418524,-0.002971,-2.194714,0
2026-07-02 15:43:00.735737,3.826814,-2.194714,1.415299,-0.002971,1.413342,-0.002971,-2.194714,0
2026-07-02 15:43:00.736847,3.829879,-2.210258,1.415299,-0.008152,1.413342,-0.008152,-2.210258,0
2026-07-02 15:43:00.738855,3.832249,-2.205077,1.415299,-0.002971,1.418524,-0.002971,-2.205077,0
2026-07-02 15:43:00.743398,3.834703,-2.189532,1.415299,-0.008152,1.418524,-0.008152,-2.189532,0
2026-07-02 15:43:00.743398,3.837370,-2.205077,1.415299,-0.002971,1.413342,-0.002971,-2.205077,0
2026-07-02 15:43:00.748243,3.839937,-2.210258,1.415299,-0.002971,1.418524,-0.002971,-2.210258,0
2026-07-02 15:43:00.750993,3.842481,-2.199896,1.415299,-0.002971,1.413342,-0.002971,-2.199896,0
2026-07-02 15:43:00.753815,3.845450,-2.194714,1.415299,-0.002971,1.413342,-0.002971,-2.194714,0
2026-07-02 15:43:00.753815,3.847989,-2.194714,1.415299,-0.008152,1.418524,-0.008152,-2.194714,0
2026-07-02 15:43:00.759543,3.850637,-2.189532,1.415299,-0.002971,1.413342,-0.002971,-2.189532,0
2026-07-02 15:43:00.761212,3.853471,-2.199896,1.415299,-0.002971,1.413342,-0.002971,-2.199896,0
2026-07-02 15:43:00.761212,3.855831,-2.205077,1.410120,-0.002971,1.413342,-0.002971,-2.205077,0
2026-07-02 15:43:00.765555,3.858294,-2.199896,1.415299,-0.002971,1.413342,-0.002971,-2.199896,0
2026-07-02 15:43:00.765555,3.860773,-2.194714,1.415299,-0.008152,1.413342,-0.008152,-2.194714,0
2026-07-02 15:43:00.771329,3.863213,-2.194714,1.415299,-0.002971,1.413342,-0.002971,-2.194714,0
2026-07-02 15:43:00.771329,3.865701,-2.205077,1.415299,-0.002971,1.413342,-0.002971,-2.205077,0
2026-07-02 15:43:00.771329,3.868115,-2.194714,1.415299,-0.002971,1.418524,-0.002971,-2.194714,0
2026-07-02 15:43:00.776996,3.870483,-2.194714,1.420479,-0.008152,1.418524,-0.008152,-2.194714,0
2026-07-02 15:43:00.781471,3.872891,-2.194714,1.415299,-0.002971,1.413342,-0.002971,-2.194714,0
2026-07-02 15:43:00.781471,3.875686,-2.194714,1.415299,-0.002971,1.413342,-0.002971,-2.194714,0
2026-07-02 15:43:00.781471,3.878511,-2.194714,1.415299,-0.008152,1.413342,-0.008152,-2.194714,0
2026-07-02 15:43:00.781471,3.880905,-2.199896,1.415299,-0.002971,1.413342,-0.002971,-2.199896,0
2026-07-02 15:43:00.797641,3.883367,-2.199896,1.415299,-0.002971,1.418524,-0.002971,-2.199896,0
2026-07-02 15:43:00.801680,3.891926,-2.205077,1.410120,-0.002971,1.418524,-0.002971,-2.205077,0
2026-07-02 15:43:00.805763,3.895820,-2.194714,1.415299,-0.002971,1.418524,-0.002971,-2.194714,0
2026-07-02 15:43:00.805763,3.900055,-2.189532,1.415299,-0.002971,1.413342,-0.002971,-2.189532,0
2026-07-02 15:43:00.805763,3.902598,-2.194714,1.415299,-0.008152,1.418524,-0.008152,-2.194714,0
2026-07-02 15:43:00.811754,3.905009,-2.194714,1.415299,-0.002971,1.413342,-0.002971,-2.194714,0
2026-07-02 15:43:00.811754,3.907439,-2.189532,1.415299,-0.008152,1.418524,-0.008152,-2.189532,0
2026-07-02 15:43:00.811754,3.909827,-2.194714,1.415299,-0.008152,1.418524,-0.008152,-2.194714,0
2026-07-02 15:43:00.819107,3.912187,-2.199896,1.415299,-0.002971,1.413342,-0.002971,-2.199896,0
2026-07-02 15:43:00.822160,3.914612,-2.194714,1.415299,-0.008152,1.413342,-0.008152,-2.194714,0
2026-07-02 15:43:00.824180,3.916927,-2.210258,1.415299,-0.002971,1.418524,-0.002971,-2.210258,0
2026-07-02 15:43:00.824180,3.919842,-2.199896,1.415299,-0.002971,1.413342,-0.002971,-2.199896,0
2026-07-02 15:43:00.824180,3.922097,-2.194714,1.415299,-0.002971,1.413342,-0.002971,-2.194714,0
2026-07-02 15:43:00.832559,3.924309,-2.199896,1.415299,-0.002971,1.413342,-0.002971,-2.199896,0
2026-07-02 15:43:00.834574,3.926677,-2.189532,1.415299,-0.002971,1.418524,-0.002971,-2.189532,0
2026-07-02 15:43:00.834574,3.929074,-2.194714,1.420479,-0.002971,1.413342,-0.002971,-2.194714,0
2026-07-02 15:43:00.834574,3.931315,-2.210258,1.415299,-0.002971,1.413342,-0.002971,-2.210258,0
2026-07-02 15:43:00.834574,3.933542,-2.194714,1.415299,-0.002971,1.413342,-0.002971,-2.194714,0
2026-07-02 15:43:00.843002,3.936384,-2.210258,1.415299,-0.002971,1.418524,-0.002971,-2.210258,0
2026-07-02 15:43:00.843002,3.939239,-2.199896,1.415299,-0.002971,1.413342,-0.002971,-2.199896,0
2026-07-02 15:43:00.843002,3.941650,-2.194714,1.415299,-0.002971,1.413342,-0.002971,-2.194714,0
2026-07-02 15:43:00.853378,3.945141,-2.199896,1.415299,-0.002971,1.418524,-0.002971,-2.199896,0
2026-07-02 15:43:00.853378,3.947741,-2.189532,1.415299,-0.008152,1.418524,-0.008152,-2.189532,0
2026-07-02 15:43:00.853378,3.950090,-2.194714,1.415299,-0.002971,1.413342,-0.002971,-2.194714,0
2026-07-02 15:43:00.853378,3.953246,-2.210258,1.415299,-0.002971,1.413342,-0.002971,-2.210258,0
2026-07-02 15:43:00.863866,3.955778,-2.205077,1.415299,-0.002971,1.413342,-0.002971,-2.205077,0
2026-07-02 15:43:00.865887,3.958048,-2.194714,1.415299,-0.002971,1.413342,-0.002971,-2.194714,0
2026-07-02 15:43:00.865887,3.960487,-2.189532,1.415299,-0.008152,1.413342,-0.008152,-2.189532,0
2026-07-02 15:43:00.865887,3.962751,-2.199896,1.415299,-0.002971,1.413342,-0.002971,-2.199896,0
2026-07-02 15:43:00.865887,3.965169,-2.210258,1.415299,-0.002971,1.418524,-0.002971,-2.210258,0
2026-07-02 15:43:00.874363,3.967598,-2.205077,1.415299,-0.002971,1.413342,-0.002971,-2.205077,0
2026-07-02 15:43:00.874363,3.969990,-2.199896,1.415299,-0.002971,1.418524,-0.002971,-2.199896,0
2026-07-02 15:43:00.874363,3.972400,-2.199896,1.415299,-0.002971,1.418524,-0.002971,-2.199896,0
2026-07-02 15:43:00.883008,3.974773,-2.189532,1.415299,-0.002971,1.413342,-0.002971,-2.189532,0
2026-07-02 15:43:00.884757,3.977251,-2.210258,1.415299,-0.002971,1.418524,-0.002971,-2.210258,0
2026-07-02 15:43:00.884757,3.979713,-2.199896,1.415299,-0.002971,1.413342,-0.002971,-2.199896,0
2026-07-02 15:43:00.884757,3.982153,-2.210258,1.415299,-0.008152,1.413342,-0.008152,-2.210258,0
2026-07-02 15:43:00.884757,3.984542,-2.194714,1.415299,-0.008152,1.418524,-0.008152,-2.194714,0
2026-07-02 15:43:00.895106,3.987128,-2.194714,1.415299,-0.008152,1.418524,-0.008152,-2.194714,0
2026-07-02 15:43:00.895106,3.989484,-2.194714,1.415299,-0.002971,1.413342,-0.002971,-2.194714,0
2026-07-02 15:43:00.895106,3.991951,-2.194714,1.415299,-0.002971,1.413342,-0.002971,-2.194714,0
2026-07-02 15:43:00.895106,3.994304,-2.199896,1.415299,-0.002971,1.418524,-0.002971,-2.199896,0
2026-07-02 15:43:00.895106,3.996714,-2.194714,1.415299,-0.008152,1.418524,-0.008152,-2.194714,0
2026-07-02 15:43:00.906308,3.999302,-2.199896,1.420479,-0.008152,1.418524,-0.008152,-2.199896,0
2026-07-02 15:43:00.906308,4.001759,-2.205077,1.415299,-0.008152,1.413342,-0.008152,-2.205077,0
2026-07-02 15:43:00.906308,4.004190,-2.194714,1.415299,-0.002971,1.413342,-0.002971,-2.194714,0
2026-07-02 15:43:00.906308,4.006624,-2.189532,1.415299,-0.008152,1.413342,-0.008152,-2.189532,0
2026-07-02 15:43:00.915329,4.009286,-2.205077,1.415299,-0.002971,1.418524,-0.002971,-2.205077,0
2026-07-02 15:43:00.915329,4.011730,-2.205077,1.415299,-0.002971,1.418524,-0.002971,-2.205077,0
2026-07-02 15:43:00.915329,4.014173,-2.194714,1.415299,-0.002971,1.413342,-0.002971,-2.194714,0
2026-07-02 15:43:00.915329,4.016599,-2.210258,1.415299,-0.002971,1.413342,-0.002971,-2.210258,0
2026-07-02 15:43:00.925538,4.018975,-2.199896,1.415299,-0.002971,1.413342,-0.002971,-2.199896,0
2026-07-02 15:43:00.925538,4.021428,-2.194714,1.415299,-0.002971,1.418524,-0.002971,-2.194714,0
2026-07-02 15:43:00.925538,4.023858,-2.199896,1.415299,-0.002971,1.418524,-0.002971,-2.199896,0
2026-07-02 15:43:00.925538,4.026295,-2.199896,1.415299,-0.002971,1.413342,-0.002971,-2.199896,0
2026-07-02 15:43:00.935798,4.028751,-2.199896,1.415299,-0.002971,1.418524,-0.002971,-2.199896,0
2026-07-02 15:43:00.935798,4.031217,-2.194714,1.415299,-0.002971,1.413342,-0.002971,-2.194714,0
2026-07-02 15:43:00.935798,4.033656,-2.194714,1.415299,-0.002971,1.418524,-0.002971,-2.194714,0
2026-07-02 15:43:00.946254,4.036267,-2.194714,1.415299,-0.002971,1.413342,-0.002971,-2.194714,0
2026-07-02 15:43:00.946254,4.040718,-2.194714,1.415299,-0.008152,1.413342,-0.008152,-2.194714,0
2026-07-02 15:43:00.946254,4.043022,-2.194714,1.415299,-0.002971,1.413342,-0.002971,-2.194714,0
2026-07-02 15:43:00.946254,4.045521,-2.199896,1.415299,-0.002971,1.413342,-0.002971,-2.199896,0
2026-07-02 15:43:00.956364,4.047851,-2.210258,1.415299,-0.002971,1.418524,-0.002971,-2.210258,0
2026-07-02 15:43:00.956364,4.050335,-2.194714,1.415299,-0.002971,1.413342,-0.002971,-2.194714,0
2026-07-02 15:43:00.956364,4.052579,-2.194714,1.415299,-0.008152,1.413342,-0.008152,-2.194714,0
2026-07-02 15:43:00.956364,4.054860,-2.199896,1.415299,-0.002971,1.418524,-0.002971,-2.199896,0
2026-07-02 15:43:00.956364,4.057420,-2.210258,1.415299,-0.002971,1.413342,-0.002971,-2.210258,0
2026-07-02 15:43:00.965944,4.059742,-2.189532,1.415299,-0.008152,1.418524,-0.008152,-2.189532,0
2026-07-02 15:43:00.965944,4.064508,-2.199896,1.415299,-0.002971,1.413342,-0.002971,-2.199896,0
2026-07-02 15:43:00.965944,4.066833,-2.189532,1.415299,-0.002971,1.413342,-0.002971,-2.189532,0
2026-07-02 15:43:00.976303,4.069230,-2.210258,1.415299,-0.002971,1.413342,-0.002971,-2.210258,0
2026-07-02 15:43:00.976303,4.072042,-2.205077,1.415299,-0.002971,1.413342,-0.002971,-2.205077,0
2026-07-02 15:43:00.976303,4.074427,-2.199896,1.415299,-0.002971,1.413342,-0.002971,-2.199896,0
2026-07-02 15:43:00.976303,4.076678,-2.194714,1.415299,-0.002971,1.418524,-0.002971,-2.194714,0
2026-07-02 15:43:00.986410,4.078922,-2.205077,1.415299,-0.008152,1.418524,-0.008152,-2.205077,0
2026-07-02 15:43:00.986410,4.081252,-2.199896,1.415299,-0.002971,1.413342,-0.002971,-2.199896,0
2026-07-02 15:43:00.986410,4.083686,-2.194714,1.415299,-0.002971,1.418524,-0.002971,-2.194714,0
2026-07-02 15:43:00.986410,4.087148,-2.194714,1.415299,-0.002971,1.418524,-0.002971,-2.194714,0
2026-07-02 15:43:00.996499,4.089466,-2.199896,1.415299,-0.002971,1.418524,-0.002971,-2.199896,0
2026-07-02 15:43:00.996499,4.091932,-2.194714,1.415299,-0.008152,1.413342,-0.008152,-2.194714,0
2026-07-02 15:43:01.002119,4.094250,-2.199896,1.410120,-0.002971,1.413342,-0.002971,-2.199896,0
2026-07-02 15:43:01.002119,4.096650,-2.194714,1.415299,-0.008152,1.413342,-0.008152,-2.194714,0
2026-07-02 15:43:01.006724,4.098913,-2.194714,1.415299,-0.008152,1.418524,-0.008152,-2.194714,0
2026-07-02 15:43:01.010006,4.101299,-2.194714,1.415299,-0.002971,1.418524,-0.002971,-2.194714,0
2026-07-02 15:43:01.012016,4.104532,-2.194714,1.415299,-0.008152,1.413342,-0.008152,-2.194714,0
2026-07-02 15:43:01.014026,4.107256,-2.199896,1.415299,-0.002971,1.413342,-0.002971,-2.199896,0
2026-07-02 15:43:01.017044,4.109737,-2.199896,1.415299,-0.002971,1.413342,-0.002971,-2.199896,0
2026-07-02 15:43:01.017044,4.112274,-2.199896,1.415299,-0.002971,1.413342,-0.002971,-2.199896,0
2026-07-02 15:43:01.022481,4.114743,-2.189532,1.415299,-0.008152,1.418524,-0.008152,-2.189532,0
2026-07-02 15:43:01.024492,4.117027,-2.199896,1.415299,-0.002971,1.413342,-0.002971,-2.199896,0
2026-07-02 15:43:01.027058,4.119285,-2.194714,1.415299,-0.008152,1.413342,-0.008152,-2.194714,0
2026-07-02 15:43:01.027058,4.121678,-2.189532,1.415299,-0.002971,1.413342,-0.002971,-2.189532,0
2026-07-02 15:43:01.027058,4.124047,-2.199896,1.415299,-0.002971,1.418524,-0.002971,-2.199896,0
2026-07-02 15:43:01.027058,4.126427,-2.199896,1.415299,-0.002971,1.418524,-0.002971,-2.199896,0
2026-07-02 15:43:01.037204,4.128848,-2.210258,1.415299,-0.002971,1.413342,-0.002971,-2.210258,0
2026-07-02 15:43:01.039580,4.131454,-2.210258,1.415299,-0.002971,1.418524,-0.002971,-2.210258,0
2026-07-02 15:43:01.041586,4.133730,-2.194714,1.415299,-0.008152,1.413342,-0.008152,-2.194714,0
2026-07-02 15:43:01.043592,4.136394,-2.199896,1.415299,-0.002971,1.418524,-0.002971,-2.199896,0
2026-07-02 15:43:01.045598,4.138682,-2.205077,1.415299,-0.002971,1.418524,-0.002971,-2.205077,0
2026-07-02 15:43:01.049353,4.141028,-2.194714,1.415299,-0.002971,1.418524,-0.002971,-2.194714,0
2026-07-02 15:43:01.053367,4.143394,-2.199896,1.415299,-0.002971,1.413342,-0.002971,-2.199896,0
2026-07-02 15:43:01.055377,4.147668,-2.194714,1.415299,-0.002971,1.413342,-0.002971,-2.194714,0
2026-07-02 15:43:01.057382,4.150099,-2.210258,1.415299,-0.008152,1.418524,-0.008152,-2.210258,0
2026-07-02 15:43:01.057382,4.152555,-2.205077,1.415299,-0.002971,1.413342,-0.002971,-2.205077,0
2026-07-02 15:43:01.062744,4.154955,-2.205077,1.410120,-0.002971,1.413342,-0.002971,-2.205077,0
2026-07-02 15:43:01.063746,4.157344,-2.199896,1.415299,-0.002971,1.418524,-0.002971,-2.199896,0
2026-07-02 15:43:01.067770,4.159689,-2.194714,1.415299,-0.002971,1.418524,-0.002971,-2.194714,0
2026-07-02 15:43:01.067770,4.162030,-2.194714,1.415299,-0.008152,1.413342,-0.008152,-2.194714,0
2026-07-02 15:43:01.072925,4.164352,-2.210258,1.415299,-0.002971,1.418524,-0.002971,-2.210258,0
2026-07-02 15:43:01.074932,4.166912,-2.199896,1.415299,-0.002971,1.418524,-0.002971,-2.199896,0
2026-07-02 15:43:01.077791,4.169272,-2.199896,1.415299,-0.002971,1.413342,-0.002971,-2.199896,0
2026-07-02 15:43:01.077791,4.171696,-2.199896,1.415299,-0.002971,1.418524,-0.002971,-2.199896,0
2026-07-02 15:43:01.077791,4.173973,-2.199896,1.415299,-0.002971,1.413342,-0.002971,-2.199896,0
2026-07-02 15:43:01.077791,4.176424,-2.194714,1.415299,-0.002971,1.418524,-0.002971,-2.194714,0
2026-07-02 15:43:01.086161,4.178708,-2.199896,1.415299,-0.002971,1.413342,-0.002971,-2.199896,0
2026-07-02 15:43:01.087927,4.181039,-2.194714,1.415299,-0.002971,1.418524,-0.002971,-2.194714,0
2026-07-02 15:43:01.091199,4.183414,-2.199896,1.415299,-0.002971,1.418524,-0.002971,-2.199896,0
2026-07-02 15:43:01.091199,4.185706,-2.199896,1.415299,-0.002971,1.413342,-0.002971,-2.199896,0
2026-07-02 15:43:01.095884,4.188182,-2.199896,1.415299,-0.008152,1.418524,-0.008152,-2.199896,0
2026-07-02 15:43:01.097892,4.190450,-2.194714,1.415299,-0.002971,1.413342,-0.002971,-2.194714,0
2026-07-02 15:43:01.101914,4.192819,-2.189532,1.415299,-0.008152,1.413342,-0.008152,-2.189532,0
2026-07-02 15:43:01.103924,4.195828,-2.194714,1.420479,-0.002971,1.413342,-0.002971,-2.194714,0
2026-07-02 15:43:01.105937,4.198095,-2.199896,1.415299,-0.002971,1.413342,-0.002971,-2.199896,0
2026-07-02 15:43:01.108086,4.200447,-2.194714,1.415299,-0.002971,1.413342,-0.002971,-2.194714,0
2026-07-02 15:43:01.108086,4.202722,-2.199896,1.415299,-0.002971,1.418524,-0.002971,-2.199896,0
2026-07-02 15:43:01.112858,4.205100,-2.199896,1.415299,-0.002971,1.418524,-0.002971,-2.199896,0
2026-07-02 15:43:01.114064,4.207495,-2.194714,1.415299,-0.002971,1.413342,-0.002971,-2.194714,0
2026-07-02 15:43:01.117484,4.209875,-2.205077,1.415299,-0.002971,1.413342,-0.002971,-2.205077,0
2026-07-02 15:43:01.119498,4.212318,-2.199896,1.415299,-0.002971,1.418524,-0.002971,-2.199896,0
2026-07-02 15:43:01.121509,4.214583,-2.194714,1.415299,-0.008152,1.413342,-0.008152,-2.194714,0
2026-07-02 15:43:01.125551,4.216953,-2.194714,1.415299,-0.002971,1.418524,-0.002971,-2.194714,0
2026-07-02 15:43:01.128778,4.219906,-2.194714,1.415299,-0.002971,1.418524,-0.002971,-2.194714,0
2026-07-02 15:43:01.134804,4.223652,-2.189532,1.415299,-0.002971,1.413342,-0.002971,-2.189532,0
2026-07-02 15:43:01.138041,4.229935,-2.210258,1.415299,-0.002971,1.418524,-0.002971,-2.210258,0
2026-07-02 15:43:01.140055,4.232258,-2.199896,1.415299,-0.002971,1.418524,-0.002971,-2.199896,0
2026-07-02 15:43:01.142955,4.234736,-2.189532,1.415299,-0.008152,1.413342,-0.008152,-2.189532,0
2026-07-02 15:43:01.147607,4.237155,-2.194714,1.415299,-0.002971,1.413342,-0.002971,-2.194714,0
2026-07-02 15:43:01.150102,4.241838,-2.210258,1.415299,-0.002971,1.413342,-0.002971,-2.210258,0
2026-07-02 15:43:01.150102,4.244313,-2.210258,1.415299,-0.002971,1.418524,-0.002971,-2.210258,0
2026-07-02 15:43:01.150102,4.246579,-2.199896,1.415299,-0.002971,1.413342,-0.002971,-2.199896,0
2026-07-02 15:43:01.150102,4.248961,-2.189532,1.415299,-0.002971,1.418524,-0.002971,-2.189532,0
2026-07-02 15:43:01.157982,4.251292,-2.194714,1.415299,-0.002971,1.413342,-0.002971,-2.194714,0
2026-07-02 15:43:01.157982,4.253573,-2.205077,1.415299,-0.002971,1.418524,-0.002971,-2.205077,0
2026-07-02 15:43:01.157982,4.255896,-2.194714,1.415299,-0.002971,1.413342,-0.002971,-2.194714,0
2026-07-02 15:43:01.166314,4.258143,-2.199896,1.415299,-0.002971,1.418524,-0.002971,-2.199896,0
2026-07-02 15:43:01.168841,4.260404,-2.199896,1.415299,-0.002971,1.418524,-0.002971,-2.199896,0
2026-07-02 15:43:01.168841,4.262768,-2.199896,1.415299,-0.002971,1.413342,-0.002971,-2.199896,0
2026-07-02 15:43:01.168841,4.265080,-2.210258,1.410120,-0.002971,1.413342,-0.002971,-2.210258,0
2026-07-02 15:43:01.176589,4.267870,-2.194714,1.415299,-0.002971,1.413342,-0.002971,-2.194714,0
2026-07-02 15:43:01.179106,4.270621,-2.194714,1.415299,-0.008152,1.413342,-0.008152,-2.194714,0
2026-07-02 15:43:01.179106,4.275376,-2.194714,1.415299,-0.002971,1.418524,-0.002971,-2.194714,0
2026-07-02 15:43:01.179106,4.277749,-2.210258,1.415299,-0.002971,1.413342,-0.002971,-2.210258,0
2026-07-02 15:43:01.179106,4.280073,-2.205077,1.420479,-0.008152,1.418524,-0.008152,-2.205077,0
2026-07-02 15:43:01.190167,4.282316,-2.199896,1.410120,-0.002971,1.413342,-0.002971,-2.199896,0
2026-07-02 15:43:01.190167,4.284575,-2.194714,1.415299,-0.002971,1.413342,-0.002971,-2.194714,0
2026-07-02 15:43:01.190167,4.286862,-2.194714,1.415299,-0.002971,1.418524,-0.002971,-2.194714,0
2026-07-02 15:43:01.190167,4.289137,-2.199896,1.415299,-0.002971,1.413342,-0.002971,-2.199896,0
2026-07-02 15:43:01.190167,4.291320,-2.199896,1.415299,-0.002971,1.418524,-0.002971,-2.199896,0
2026-07-02 15:43:01.199724,4.293492,-2.199896,1.415299,-0.008152,1.413342,-0.008152,-2.199896,0
2026-07-02 15:43:01.199724,4.295823,-2.189532,1.415299,-0.008152,1.413342,-0.008152,-2.189532,0
2026-07-02 15:43:01.199724,4.298100,-2.194714,1.415299,-0.008152,1.413342,-0.008152,-2.194714,0
2026-07-02 15:43:01.208534,4.300299,-2.194714,1.415299,-0.002971,1.413342,-0.002971,-2.194714,0
2026-07-02 15:43:01.212070,4.302597,-2.194714,1.415299,-0.002971,1.418524,-0.002971,-2.194714,0
2026-07-02 15:43:01.224134,4.307115,-2.194714,1.415299,-0.002971,1.418524,-0.002971,-2.194714,0
2026-07-02 15:43:01.227157,4.319106,-2.199896,1.415299,-0.002971,1.418524,-0.002971,-2.199896,0
2026-07-02 15:43:01.230459,4.322729,-2.194714,1.415299,-0.002971,1.413342,-0.002971,-2.194714,0
2026-07-02 15:43:01.232473,4.325205,-2.194714,1.415299,-0.008152,1.418524,-0.008152,-2.194714,0
2026-07-02 15:43:01.237314,4.328303,-2.199896,1.415299,-0.002971,1.413342,-0.002971,-2.199896,0
2026-07-02 15:43:01.237314,4.331287,-2.194714,1.415299,-0.002971,1.418524,-0.002971,-2.194714,0
2026-07-02 15:43:01.243446,4.333718,-2.210258,1.415299,-0.002971,1.418524,-0.002971,-2.210258,0
2026-07-02 15:43:01.245454,4.337720,-2.210258,1.415299,-0.002971,1.418524,-0.002971,-2.210258,0
2026-07-02 15:43:01.247466,4.340141,-2.199896,1.415299,-0.002971,1.413342,-0.002971,-2.199896,0
2026-07-02 15:43:01.250990,4.342714,-2.199896,1.415299,-0.002971,1.418524,-0.002971,-2.199896,0
2026-07-02 15:43:01.253787,4.345648,-2.199896,1.415299,-0.002971,1.413342,-0.002971,-2.199896,0
2026-07-02 15:43:01.258394,4.348143,-2.205077,1.415299,-0.002971,1.418524,-0.002971,-2.205077,0
2026-07-02 15:43:01.261184,4.352669,-2.194714,1.415299,-0.002971,1.413342,-0.002971,-2.194714,0
2026-07-02 15:43:01.263723,4.355327,-2.194714,1.415299,-0.002971,1.413342,-0.002971,-2.194714,0
2026-07-02 15:43:01.266481,4.357764,-2.194714,1.415299,-0.002971,1.413342,-0.002971,-2.194714,0
2026-07-02 15:43:01.270726,4.362274,-2.205077,1.415299,-0.002971,1.418524,-0.002971,-2.205077,0
2026-07-02 15:43:01.277277,4.366224,-2.205077,1.415299,-0.002971,1.418524,-0.002971,-2.205077,0
2026-07-02 15:43:01.279285,4.372156,-2.194714,1.415299,-0.008152,1.418524,-0.008152,-2.194714,0
2026-07-02 15:43:01.285784,4.376924,-2.199896,1.415299,-0.002971,1.413342,-0.002971,-2.199896,0
2026-07-02 15:43:01.287791,4.379758,-2.194714,1.415299,-0.008152,1.413342,-0.008152,-2.194714,0
2026-07-02 15:43:01.291304,4.382412,-2.194714,1.415299,-0.002971,1.413342,-0.002971,-2.194714,0
2026-07-02 15:43:01.295322,4.385429,-2.189532,1.415299,-0.002971,1.413342,-0.002971,-2.189532,0
2026-07-02 15:43:01.299337,4.389844,-2.194714,1.415299,-0.002971,1.413342,-0.002971,-2.194714,0
2026-07-02 15:43:01.303353,4.395376,-2.194714,1.415299,-0.008152,1.413342,-0.008152,-2.194714,0
2026-07-02 15:43:01.303353,4.397881,-2.210258,1.415299,-0.002971,1.418524,-0.002971,-2.210258,0
2026-07-02 15:43:01.308050,4.400210,-2.189532,1.415299,-0.008152,1.413342,-0.008152,-2.189532,0
2026-07-02 15:43:01.310869,4.402509,-2.199896,1.415299,-0.002971,1.413342,-0.002971,-2.199896,0
2026-07-02 15:43:01.310869,4.404850,-2.205077,1.415299,-0.002971,1.413342,-0.002971,-2.205077,0
2026-07-02 15:43:01.310869,4.407099,-2.199896,1.415299,-0.002971,1.413342,-0.002971,-2.199896,0
2026-07-02 15:43:01.310869,4.409279,-2.194714,1.415299,-0.002971,1.413342,-0.002971,-2.194714,0
2026-07-02 15:43:01.321530,4.412044,-2.194714,1.415299,-0.002971,1.413342,-0.002971,-2.194714,0
2026-07-02 15:43:01.321530,4.415494,-2.194714,1.415299,-0.002971,1.413342,-0.002971,-2.194714,0
2026-07-02 15:43:01.321530,4.417987,-2.199896,1.415299,-0.002971,1.413342,-0.002971,-2.199896,0
2026-07-02 15:43:01.321530,4.420356,-2.194714,1.415299,-0.002971,1.418524,-0.002971,-2.194714,0
2026-07-02 15:43:01.330757,4.422716,-2.194714,1.415299,-0.002971,1.413342,-0.002971,-2.194714,0
2026-07-02 15:43:01.330757,4.425177,-2.194714,1.415299,-0.002971,1.418524,-0.002971,-2.194714,0
2026-07-02 15:43:01.330757,4.427676,-2.205077,1.415299,-0.008152,1.418524,-0.008152,-2.205077,0
2026-07-02 15:43:01.330757,4.430037,-2.210258,1.415299,-0.002971,1.413342,-0.002971,-2.210258,0
2026-07-02 15:43:01.330757,4.432322,-2.205077,1.415299,-0.002971,1.413342,-0.002971,-2.205077,0
2026-07-02 15:43:01.340898,4.434653,-2.199896,1.415299,-0.002971,1.418524,-0.002971,-2.199896,0
2026-07-02 15:43:01.340898,4.437381,-2.205077,1.415299,-0.002971,1.413342,-0.002971,-2.205077,0
2026-07-02 15:43:01.340898,4.439733,-2.189532,1.415299,-0.008152,1.418524,-0.008152,-2.189532,0
2026-07-02 15:43:01.340898,4.442045,-2.199896,1.415299,-0.002971,1.413342,-0.002971,-2.199896,0
2026-07-02 15:43:01.351051,4.444466,-2.199896,1.415299,-0.002971,1.418524,-0.002971,-2.199896,0
2026-07-02 15:43:01.351051,4.446843,-2.194714,1.415299,-0.008152,1.413342,-0.008152,-2.194714,0
2026-07-02 15:43:01.351051,4.449284,-2.189532,1.415299,-0.002971,1.413342,-0.002971,-2.189532,0
2026-07-02 15:43:01.351051,4.451585,-2.194714,1.415299,-0.002971,1.413342,-0.002971,-2.194714,0
2026-07-02 15:43:01.361328,4.453945,-2.205077,1.415299,-0.002971,1.418524,-0.002971,-2.205077,0
2026-07-02 15:43:01.361328,4.456283,-2.199896,1.415299,-0.008152,1.418524,-0.008152,-2.199896,0
2026-07-02 15:43:01.366756,4.458531,-2.199896,1.415299,-0.002971,1.413342,-0.002971,-2.199896,0
2026-07-02 15:43:01.366756,4.460781,-2.194714,1.415299,-0.002971,1.413342,-0.002971,-2.194714,0
2026-07-02 15:43:01.371568,4.463211,-2.194714,1.415299,-0.002971,1.418524,-0.002971,-2.194714,0
2026-07-02 15:43:01.371568,4.465634,-2.194714,1.415299,-0.002971,1.413342,-0.002971,-2.194714,0
2026-07-02 15:43:01.375470,4.467939,-2.199896,1.415299,-0.008152,1.413342,-0.008152,-2.199896,0
2026-07-02 15:43:01.375470,4.470521,-2.189532,1.415299,-0.008152,1.413342,-0.008152,-2.189532,0
2026-07-02 15:43:01.380161,4.472875,-2.205077,1.415299,-0.002971,1.413342,-0.002971,-2.205077,0
2026-07-02 15:43:01.381900,4.475315,-2.205077,1.415299,-0.008152,1.413342,-0.008152,-2.205077,0
2026-07-02 15:43:01.383901,4.477692,-2.194714,1.415299,-0.008152,1.413342,-0.008152,-2.194714,0
2026-07-02 15:43:01.383901,4.480113,-2.199896,1.410120,-0.002971,1.413342,-0.002971,-2.199896,0
2026-07-02 15:43:01.383901,4.482386,-2.194714,1.420479,-0.008152,1.413342,-0.008152,-2.194714,0
2026-07-02 15:43:01.391943,4.484615,-2.199896,1.415299,-0.002971,1.413342,-0.002971,-2.199896,0
2026-07-02 15:43:01.391943,4.486998,-2.194714,1.415299,-0.002971,1.413342,-0.002971,-2.194714,0
2026-07-02 15:43:01.391943,4.489258,-2.194714,1.415299,-0.002971,1.413342,-0.002971,-2.194714,0
2026-07-02 15:43:01.391943,4.491456,-2.210258,1.415299,-0.002971,1.418524,-0.002971,-2.210258,0
2026-07-02 15:43:01.402041,4.493678,-2.199896,1.415299,-0.002971,1.418524,-0.002971,-2.199896,0
2026-07-02 15:43:01.402041,4.495953,-2.199896,1.415299,-0.002971,1.413342,-0.002971,-2.199896,0
2026-07-02 15:43:01.402041,4.498210,-2.189532,1.415299,-0.008152,1.413342,-0.008152,-2.189532,0
2026-07-02 15:43:01.408753,4.500513,-2.189532,1.415299,-0.008152,1.413342,-0.008152,-2.189532,0
2026-07-02 15:43:01.408753,4.502969,-2.194714,1.415299,-0.008152,1.418524,-0.008152,-2.194714,0
2026-07-02 15:43:01.412127,4.505247,-2.210258,1.415299,-0.002971,1.418524,-0.002971,-2.210258,0
2026-07-02 15:43:01.412127,4.507487,-2.194714,1.415299,-0.008152,1.418524,-0.008152,-2.194714,0
2026-07-02 15:43:01.412127,4.509703,-2.210258,1.415299,-0.002971,1.413342,-0.002971,-2.210258,0
2026-07-02 15:43:01.412127,4.511988,-2.199896,1.415299,-0.002971,1.418524,-0.002971,-2.199896,0
2026-07-02 15:43:01.422549,4.514283,-2.194714,1.415299,-0.002971,1.413342,-0.002971,-2.194714,0
2026-07-02 15:43:01.422549,4.516636,-2.205077,1.415299,-0.002971,1.418524,-0.002971,-2.205077,0
2026-07-02 15:43:01.422549,4.519121,-2.205077,1.415299,-0.002971,1.418524,-0.002971,-2.205077,0
2026-07-02 15:43:01.422549,4.521394,-2.199896,1.415299,-0.002971,1.418524,-0.002971,-2.199896,0
2026-07-02 15:43:01.422549,4.523638,-2.199896,1.415299,-0.002971,1.413342,-0.002971,-2.199896,0
2026-07-02 15:43:01.432589,4.525917,-2.205077,1.415299,-0.002971,1.418524,-0.002971,-2.205077,0
2026-07-02 15:43:01.432589,4.528220,-2.199896,1.415299,-0.002971,1.418524,-0.002971,-2.199896,0
2026-07-02 15:43:01.432589,4.530504,-2.199896,1.415299,-0.002971,1.413342,-0.002971,-2.199896,0
2026-07-02 15:43:01.432589,4.532861,-2.205077,1.415299,-0.002971,1.418524,-0.002971,-2.205077,0
2026-07-02 15:43:01.444658,4.535253,-2.194714,1.415299,-0.002971,1.413342,-0.002971,-2.194714,0
2026-07-02 15:43:01.444658,4.538595,-2.194714,1.415299,-0.002971,1.418524,-0.002971,-2.194714,0
2026-07-02 15:43:01.444658,4.540881,-2.210258,1.415299,-0.002971,1.418524,-0.002971,-2.210258,0
2026-07-02 15:43:01.450240,4.543186,-2.199896,1.415299,-0.002971,1.413342,-0.002971,-2.199896,0
2026-07-02 15:43:01.452794,4.545474,-2.199896,1.415299,-0.002971,1.413342,-0.002971,-2.199896,0
2026-07-02 15:43:01.457611,4.547757,-2.205077,1.415299,-0.002971,1.413342,-0.002971,-2.205077,0
2026-07-02 15:43:01.457611,4.551559,-2.205077,1.415299,-0.002971,1.413342,-0.002971,-2.205077,0
2026-07-02 15:43:01.457611,4.553951,-2.210258,1.415299,-0.002971,1.418524,-0.002971,-2.210258,0
2026-07-02 15:43:01.462973,4.556225,-2.194714,1.415299,-0.002971,1.413342,-0.002971,-2.194714,0
2026-07-02 15:43:01.467209,4.558498,-2.199896,1.415299,-0.002971,1.413342,-0.002971,-2.199896,0
2026-07-02 15:43:01.467209,4.561247,-2.199896,1.415299,-0.002971,1.413342,-0.002971,-2.199896,0
2026-07-02 15:43:01.467209,4.563803,-2.199896,1.415299,-0.002971,1.418524,-0.002971,-2.199896,0
2026-07-02 15:43:01.473283,4.566053,-2.205077,1.415299,-0.002971,1.418524,-0.002971,-2.205077,0
2026-07-02 15:43:01.473283,4.568317,-2.194714,1.415299,-0.008152,1.413342,-0.008152,-2.194714,0
2026-07-02 15:43:01.473283,4.570591,-2.199896,1.415299,-0.002971,1.413342,-0.002971,-2.199896,0
2026-07-02 15:43:01.479897,4.573124,-2.205077,1.415299,-0.002971,1.413342,-0.002971,-2.205077,0
2026-07-02 15:43:01.482921,4.575482,-2.194714,1.415299,-0.002971,1.413342,-0.002971,-2.194714,0
2026-07-02 15:43:01.482921,4.578290,-2.210258,1.415299,-0.002971,1.413342,-0.002971,-2.210258,0
2026-07-02 15:43:01.482921,4.580618,-2.199896,1.415299,-0.002971,1.418524,-0.002971,-2.199896,0
2026-07-02 15:43:01.482921,4.584367,-2.194714,1.415299,-0.002971,1.418524,-0.002971,-2.194714,0
2026-07-02 15:43:01.494540,4.587118,-2.194714,1.415299,-0.008152,1.418524,-0.008152,-2.194714,0
2026-07-02 15:43:01.497700,4.589433,-2.194714,1.415299,-0.002971,1.418524,-0.002971,-2.194714,0
2026-07-02 15:43:01.497700,4.592335,-2.189532,1.415299,-0.008152,1.413342,-0.008152,-2.189532,0
2026-07-02 15:43:01.497700,4.594594,-2.210258,1.415299,-0.002971,1.413342,-0.002971,-2.210258,0
2026-07-02 15:43:01.503251,4.596980,-2.199896,1.415299,-0.002971,1.413342,-0.002971,-2.199896,0
2026-07-02 15:43:01.507382,4.599404,-2.210258,1.415299,-0.002971,1.418524,-0.002971,-2.210258,0
2026-07-02 15:43:01.508966,4.601675,-2.199896,1.415299,-0.002971,1.413342,-0.002971,-2.199896,0
2026-07-02 15:43:01.508966,4.603933,-2.199896,1.415299,-0.008152,1.418524,-0.008152,-2.199896,0
2026-07-02 15:43:01.513508,4.606211,-2.189532,1.415299,-0.002971,1.418524,-0.002971,-2.189532,0
2026-07-02 15:43:01.513508,4.608419,-2.205077,1.415299,-0.002971,1.413342,-0.002971,-2.205077,0
2026-07-02 15:43:01.513508,4.610658,-2.189532,1.415299,-0.008152,1.418524,-0.008152,-2.189532,0
2026-07-02 15:43:01.513508,4.612896,-2.199896,1.415299,-0.002971,1.413342,-0.002971,-2.199896,0
2026-07-02 15:43:01.513508,4.615143,-2.205077,1.415299,-0.002971,1.413342,-0.002971,-2.205077,0
2026-07-02 15:43:01.523642,4.617418,-2.199896,1.415299,-0.002971,1.413342,-0.002971,-2.199896,0
2026-07-02 15:43:01.523642,4.619667,-2.199896,1.415299,-0.002971,1.413342,-0.002971,-2.199896,0
2026-07-02 15:43:01.523642,4.622030,-2.194714,1.415299,-0.002971,1.413342,-0.002971,-2.194714,0
2026-07-02 15:43:01.523642,4.624331,-2.194714,1.415299,-0.002971,1.418524,-0.002971,-2.194714,0
2026-07-02 15:43:01.533737,4.626573,-2.194714,1.415299,-0.002971,1.413342,-0.002971,-2.194714,0
2026-07-02 15:43:01.533737,4.628730,-2.194714,1.415299,-0.008152,1.413342,-0.008152,-2.194714,0
2026-07-02 15:43:01.533737,4.631127,-2.210258,1.415299,-0.002971,1.413342,-0.002971,-2.210258,0
2026-07-02 15:43:01.533737,4.633392,-2.199896,1.415299,-0.002971,1.413342,-0.002971,-2.199896,0
2026-07-02 15:43:01.543175,4.635581,-2.189532,1.415299,-0.008152,1.418524,-0.008152,-2.189532,0
2026-07-02 15:43:01.544190,4.637839,-2.210258,1.415299,-0.002971,1.418524,-0.002971,-2.210258,0
2026-07-02 15:43:01.544190,4.640005,-2.194714,1.415299,-0.002971,1.413342,-0.002971,-2.194714,0
2026-07-02 15:43:01.544190,4.642266,-2.205077,1.415299,-0.002971,1.413342,-0.002971,-2.205077,0
2026-07-02 15:43:01.544190,4.644472,-2.205077,1.415299,-0.002971,1.413342,-0.002971,-2.205077,0
2026-07-02 15:43:01.554378,4.646726,-2.199896,1.420479,-0.008152,1.418524,-0.008152,-2.199896,0
2026-07-02 15:43:01.554378,4.649086,-2.194714,1.415299,-0.002971,1.418524,-0.002971,-2.194714,0
2026-07-02 15:43:01.554378,4.651428,-2.194714,1.415299,-0.002971,1.413342,-0.002971,-2.194714,0
2026-07-02 15:43:01.554378,4.653725,-2.194714,1.415299,-0.002971,1.418524,-0.002971,-2.194714,0
2026-07-02 15:43:01.564518,4.656045,-2.189532,1.415299,-0.008152,1.413342,-0.008152,-2.189532,0
2026-07-02 15:43:01.564518,4.658578,-2.210258,1.415299,-0.002971,1.413342,-0.002971,-2.210258,0
2026-07-02 15:43:01.567035,4.660786,-2.210258,1.415299,-0.002971,1.418524,-0.002971,-2.210258,0
2026-07-02 15:43:01.567035,4.663081,-2.199896,1.415299,-0.002971,1.413342,-0.002971,-2.199896,0
2026-07-02 15:43:01.567035,4.665397,-2.210258,1.415299,-0.002971,1.413342,-0.002971,-2.210258,0
2026-07-02 15:43:01.574552,4.667783,-2.199896,1.415299,-0.002971,1.413342,-0.002971,-2.199896,0
2026-07-02 15:43:01.574552,4.669993,-2.199896,1.415299,-0.002971,1.418524,-0.002971,-2.199896,0
2026-07-02 15:43:01.574552,4.672337,-2.194714,1.415299,-0.002971,1.418524,-0.002971,-2.194714,0
2026-07-02 15:43:01.574552,4.674660,-2.194714,1.415299,-0.008152,1.413342,-0.008152,-2.194714,0
2026-07-02 15:43:01.584981,4.677083,-2.199896,1.415299,-0.002971,1.418524,-0.002971,-2.199896,0
2026-07-02 15:43:01.584981,4.679411,-2.199896,1.415299,-0.008152,1.413342,-0.008152,-2.199896,0
2026-07-02 15:43:01.584981,4.681697,-2.199896,1.415299,-0.002971,1.413342,-0.002971,-2.199896,0
2026-07-02 15:43:01.584981,4.684015,-2.189532,1.415299,-0.008152,1.418524,-0.008152,-2.189532,0
2026-07-02 15:43:01.584981,4.686320,-2.189532,1.415299,-0.008152,1.413342,-0.008152,-2.189532,0
2026-07-02 15:43:01.595054,4.688698,-2.194714,1.415299,-0.002971,1.418524,-0.002971,-2.194714,0
2026-07-02 15:43:01.595054,4.691081,-2.199896,1.415299,-0.002971,1.413342,-0.002971,-2.199896,0
2026-07-02 15:43:01.595054,4.693471,-2.194714,1.415299,-0.002971,1.413342,-0.002971,-2.194714,0
2026-07-02 15:43:01.595054,4.695821,-2.189532,1.415299,-0.002971,1.418524,-0.002971,-2.189532,0
2026-07-02 15:43:01.605206,4.698237,-2.205077,1.415299,-0.002971,1.413342,-0.002971,-2.205077,0
2026-07-02 15:43:01.605206,4.700573,-2.199896,1.415299,-0.008152,1.413342,-0.008152,-2.199896,0
2026-07-02 15:43:01.609487,4.702778,-2.194714,1.415299,-0.002971,1.418524,-0.002971,-2.194714,0
2026-07-02 15:43:01.609487,4.705054,-2.199896,1.415299,-0.002971,1.413342,-0.002971,-2.199896,0
2026-07-02 15:43:01.615269,4.707264,-2.210258,1.415299,-0.002971,1.413342,-0.002971,-2.210258,0
2026-07-02 15:43:01.615269,4.709466,-2.199896,1.415299,-0.002971,1.413342,-0.002971,-2.199896,0
2026-07-02 15:43:01.622878,4.711718,-2.210258,1.415299,-0.002971,1.418524,-0.002971,-2.210258,0
2026-07-02 15:43:01.625590,4.716838,-2.205077,1.410120,-0.002971,1.418524,-0.002971,-2.205077,0
2026-07-02 15:43:01.625590,4.720399,-2.199896,1.415299,-0.008152,1.418524,-0.008152,-2.199896,0
2026-07-02 15:43:01.625590,4.722711,-2.199896,1.415299,-0.002971,1.413342,-0.002971,-2.199896,0
2026-07-02 15:43:01.625590,4.725206,-2.199896,1.420479,-0.002971,1.413342,-0.002971,-2.199896,0
2026-07-02 15:43:01.635665,4.727482,-2.194714,1.415299,-0.008152,1.413342,-0.008152,-2.194714,0
2026-07-02 15:43:01.635665,4.729754,-2.199896,1.415299,-0.008152,1.418524,-0.008152,-2.199896,0
2026-07-02 15:43:01.635665,4.732016,-2.194714,1.415299,-0.002971,1.413342,-0.002971,-2.194714,0
2026-07-02 15:43:01.635665,4.734446,-2.194714,1.415299,-0.002971,1.418524,-0.002971,-2.194714,0
2026-07-02 15:43:01.635665,4.736736,-2.194714,1.415299,-0.002971,1.418524,-0.002971,-2.194714,0
2026-07-02 15:43:01.645746,4.739095,-2.194714,1.415299,-0.002971,1.413342,-0.002971,-2.194714,0
2026-07-02 15:43:01.652279,4.741593,-2.199896,1.415299,0.002211,1.418524,0.002211,-2.199896,0
2026-07-02 15:43:01.652279,4.746816,-2.194714,1.415299,-0.002971,1.413342,-0.002971,-2.194714,0
2026-07-02 15:43:01.655877,4.749022,-2.194714,1.415299,-0.002971,1.418524,-0.002971,-2.194714,0
2026-07-02 15:43:01.655877,4.751287,-2.210258,1.415299,-0.002971,1.413342,-0.002971,-2.210258,0
2026-07-02 15:43:01.655877,4.753511,-2.205077,1.415299,-0.002971,1.418524,-0.002971,-2.205077,0
2026-07-02 15:43:01.655877,4.755742,-2.199896,1.415299,-0.002971,1.413342,-0.002971,-2.199896,0
2026-07-02 15:43:01.686079,4.758006,-2.210258,1.415299,-0.002971,1.413342,-0.002971,-2.210258,0
2026-07-02 15:43:01.690117,4.780678,-2.194714,1.415299,-0.002971,1.413342,-0.002971,-2.194714,0
2026-07-02 15:43:01.692129,4.785624,-2.205077,1.415299,-0.002971,1.418524,-0.002971,-2.205077,0
2026-07-02 15:43:01.696126,4.788171,-2.205077,1.415299,-0.002971,1.413342,-0.002971,-2.205077,0
2026-07-02 15:43:01.696126,4.790560,-2.189532,1.415299,-0.002971,1.413342,-0.002971,-2.189532,0
2026-07-02 15:43:01.696126,4.792977,-2.205077,1.420479,-0.008152,1.413342,-0.008152,-2.205077,0
2026-07-02 15:43:01.696126,4.795377,-2.210258,1.415299,-0.002971,1.413342,-0.002971,-2.210258,0
2026-07-02 15:43:01.706297,4.797805,-2.194714,1.415299,-0.002971,1.413342,-0.002971,-2.194714,0
2026-07-02 15:43:01.706297,4.800339,-2.205077,1.415299,-0.002971,1.413342,-0.002971,-2.205077,0
2026-07-02 15:43:01.709981,4.802725,-2.199896,1.415299,-0.008152,1.413342,-0.008152,-2.199896,0
2026-07-02 15:43:01.709981,4.805117,-2.199896,1.415299,-0.002971,1.413342,-0.002971,-2.199896,0
2026-07-02 15:43:01.709981,4.807525,-2.194714,1.415299,-0.002971,1.413342,-0.002971,-2.194714,0
2026-07-02 15:43:01.716690,4.809964,-2.210258,1.415299,-0.002971,1.418524,-0.002971,-2.210258,0
2026-07-02 15:43:01.716690,4.812402,-2.205077,1.415299,-0.002971,1.418524,-0.002971,-2.205077,0
2026-07-02 15:43:01.716690,4.814943,-2.210258,1.415299,-0.002971,1.418524,-0.002971,-2.210258,0
2026-07-02 15:43:01.716690,4.817566,-2.199896,1.415299,-0.002971,1.413342,-0.002971,-2.199896,0
2026-07-02 15:43:01.727688,4.819877,-2.194714,1.415299,-0.008152,1.413342,-0.008152,-2.194714,0
2026-07-02 15:43:01.727688,4.822321,-2.199896,1.415299,-0.002971,1.418524,-0.002971,-2.199896,0
2026-07-02 15:43:01.727688,4.824858,-2.199896,1.415299,-0.008152,1.418524,-0.008152,-2.199896,0
2026-07-02 15:43:01.727688,4.827355,-2.189532,1.415299,-0.008152,1.413342,-0.008152,-2.189532,0
2026-07-02 15:43:01.736824,4.829860,-2.199896,1.410120,-0.002971,1.418524,-0.002971,-2.199896,0
2026-07-02 15:43:01.738837,4.832298,-2.199896,1.415299,-0.002971,1.413342,-0.002971,-2.199896,0
2026-07-02 15:43:01.742895,4.834696,-2.199896,1.415299,-0.002971,1.418524,-0.002971,-2.199896,0
2026-07-02 15:43:01.743730,4.837118,-2.194714,1.415299,-0.008152,1.418524,-0.008152,-2.194714,0
2026-07-02 15:43:01.747255,4.839531,-2.199896,1.415299,-0.002971,1.413342,-0.002971,-2.199896,0
2026-07-02 15:43:01.747255,4.841872,-2.194714,1.415299,-0.002971,1.413342,-0.002971,-2.194714,0
2026-07-02 15:43:01.747255,4.844266,-2.205077,1.415299,-0.002971,1.418524,-0.002971,-2.205077,0
2026-07-02 15:43:01.747255,4.846772,-2.199896,1.415299,-0.002971,1.413342,-0.002971,-2.199896,0
2026-07-02 15:43:01.757298,4.849196,-2.194714,1.415299,-0.002971,1.413342,-0.002971,-2.194714,0
2026-07-02 15:43:01.758630,4.851570,-2.199896,1.415299,-0.002971,1.418524,-0.002971,-2.199896,0
2026-07-02 15:43:01.760640,4.853991,-2.194714,1.415299,-0.002971,1.413342,-0.002971,-2.194714,0
2026-07-02 15:43:01.764661,4.856430,-2.194714,1.415299,-0.002971,1.413342,-0.002971,-2.194714,0
2026-07-02 15:43:01.767798,4.858922,-2.199896,1.415299,-0.008152,1.413342,-0.008152,-2.199896,0
2026-07-02 15:43:01.769376,4.861658,-2.194714,1.415299,-0.008152,1.413342,-0.008152,-2.194714,0
2026-07-02 15:43:01.771390,4.864150,-2.210258,1.415299,-0.002971,1.418524,-0.002971,-2.210258,0
2026-07-02 15:43:01.775412,4.866559,-2.205077,1.415299,-0.002971,1.418524,-0.002971,-2.205077,0
2026-07-02 15:43:01.781868,4.869314,-2.199896,1.410120,-0.002971,1.413342,-0.002971,-2.199896,0
2026-07-02 15:43:01.784844,4.876973,-2.199896,1.415299,-0.002971,1.418524,-0.002971,-2.199896,0
2026-07-02 15:43:01.786457,4.879355,-2.199896,1.415299,-0.002971,1.413342,-0.002971,-2.199896,0
2026-07-02 15:43:01.786457,4.881788,-2.194714,1.415299,-0.008152,1.413342,-0.008152,-2.194714,0
2026-07-02 15:43:01.792375,4.884128,-2.205077,1.415299,-0.002971,1.418524,-0.002971,-2.205077,0
2026-07-02 15:43:01.792375,4.886540,-2.205077,1.410120,-0.002971,1.418524,-0.002971,-2.205077,0
2026-07-02 15:43:01.796911,4.888848,-2.194714,1.415299,-0.008152,1.418524,-0.008152,-2.194714,0
2026-07-02 15:43:01.796911,4.891201,-2.205077,1.415299,-0.002971,1.418524,-0.002971,-2.205077,0
2026-07-02 15:43:01.796911,4.893426,-2.194714,1.415299,-0.002971,1.413342,-0.002971,-2.194714,0
2026-07-02 15:43:01.796911,4.895692,-2.194714,1.415299,-0.002971,1.418524,-0.002971,-2.194714,0
2026-07-02 15:43:01.810841,4.897930,-2.194714,1.415299,-0.002971,1.418524,-0.002971,-2.194714,0
2026-07-02 15:43:01.811993,4.904976,-2.194714,1.415299,-0.002971,1.418524,-0.002971,-2.194714,0
2026-07-02 15:43:01.811993,4.907314,-2.194714,1.415299,-0.002971,1.418524,-0.002971,-2.194714,0
2026-07-02 15:43:01.818561,4.909708,-2.194714,1.415299,-0.002971,1.418524,-0.002971,-2.194714,0
2026-07-02 15:43:01.821954,4.912976,-2.205077,1.415299,-0.002971,1.413342,-0.002971,-2.205077,0
2026-07-02 15:43:01.825944,4.916454,-2.199896,1.415299,-0.002971,1.418524,-0.002971,-2.199896,0
2026-07-02 15:43:01.827003,4.919933,-2.210258,1.415299,-0.002971,1.418524,-0.002971,-2.210258,0
2026-07-02 15:43:01.833082,4.922209,-2.194714,1.415299,-0.008152,1.418524,-0.008152,-2.194714,0
2026-07-02 15:43:01.837079,4.927728,-2.194714,1.415299,-0.008152,1.413342,-0.008152,-2.194714,0
2026-07-02 15:43:01.841905,4.930946,-2.189532,1.415299,-0.002971,1.418524,-0.002971,-2.189532,0
2026-07-02 15:43:01.849466,4.938015,-2.194714,1.415299,-0.008152,1.413342,-0.008152,-2.194714,0
2026-07-02 15:43:01.856024,4.943432,-2.199896,1.415299,-0.008152,1.418524,-0.008152,-2.199896,0
2026-07-02 15:43:01.860509,4.949998,-2.199896,1.415299,-0.002971,1.413342,-0.002971,-2.199896,0
2026-07-02 15:43:01.864483,4.954369,-2.199896,1.415299,-0.008152,1.413342,-0.008152,-2.199896,0
2026-07-02 15:43:01.867508,4.959371,-2.199896,1.415299,-0.008152,1.418524,-0.008152,-2.199896,0
2026-07-02 15:43:01.873043,4.962001,-2.194714,1.415299,-0.008152,1.413342,-0.008152,-2.194714,0
2026-07-02 15:43:01.876712,4.968407,-2.205077,1.415299,-0.002971,1.413342,-0.002971,-2.205077,0
2026-07-02 15:43:01.877718,4.970692,-2.205077,1.415299,-0.002971,1.418524,-0.002971,-2.205077,0
2026-07-02 15:43:01.883871,4.973030,-2.194714,1.415299,-0.002971,1.413342,-0.002971,-2.194714,0
2026-07-02 15:43:01.889631,4.978201,-2.189532,1.415299,-0.008152,1.413342,-0.008152,-2.189532,0
2026-07-02 15:43:01.892150,4.983501,-2.210258,1.415299,-0.008152,1.418524,-0.008152,-2.210258,0
2026-07-02 15:43:01.897149,4.986167,-2.199896,1.415299,-0.002971,1.413342,-0.002971,-2.199896,0
2026-07-02 15:43:01.901595,4.991113,-2.194714,1.415299,-0.008152,1.413342,-0.008152,-2.194714,0
2026-07-02 15:43:01.903613,4.996764,-2.194714,1.415299,-0.002971,1.413342,-0.002971,-2.194714,0
2026-07-02 15:43:01.906166,4.999236,-2.189532,1.420479,-0.008152,1.413342,-0.008152,-2.189532,0
