horodatage,temps_s,AIN0,AIN1,AIN2,AIN3,courant,position,trigger
2026-07-02 16:36:14.654841,0.000005,3.406660,1.415299,-0.002971,1.418524,-0.002971,3.406660,0
2026-07-02 16:36:14.670154,0.005067,3.401479,1.415299,-0.002971,1.418524,-0.002971,3.401479,0
2026-07-02 16:36:14.673240,0.013707,3.401479,1.410120,-0.008152,1.418524,-0.008152,3.401479,0
2026-07-02 16:36:14.686113,0.019298,3.401479,1.415299,-0.002971,1.418524,-0.002971,3.401479,0
2026-07-02 16:36:14.697233,0.028152,3.406660,1.420479,-0.002971,1.413342,-0.002971,3.406660,0
2026-07-02 16:36:14.705545,0.040576,3.406660,1.415299,-0.002971,1.413342,-0.002971,3.406660,0
2026-07-02 16:36:14.705545,0.048101,3.401479,1.415299,-0.002971,1.418524,-0.002971,3.401479,0
2026-07-02 16:36:14.712162,0.051138,3.401479,1.415299,-0.002971,1.413342,-0.002971,3.401479,0
2026-07-02 16:36:14.712162,0.055049,3.401479,1.415299,-0.002971,1.413342,-0.002971,3.401479,0
2026-07-02 16:36:14.716253,0.057531,3.401479,1.415299,-0.002971,1.418524,-0.002971,3.401479,0
2026-07-02 16:36:14.720304,0.060075,3.401479,1.415299,-0.008152,1.413342,-0.008152,3.401479,0
2026-07-02 16:36:14.721676,0.063194,3.406660,1.410120,-0.002971,1.413342,-0.002971,3.406660,0
2026-07-02 16:36:14.721676,0.065683,3.406660,1.415299,-0.002971,1.413342,-0.002971,3.406660,0
2026-07-02 16:36:14.728370,0.068214,3.406660,1.415299,-0.002971,1.413342,-0.002971,3.406660,0
2026-07-02 16:36:14.746764,0.071747,3.401479,1.415299,-0.002971,1.413342,-0.002971,3.401479,0
2026-07-02 16:36:14.747970,0.088980,3.406660,1.415299,-0.002971,1.413342,-0.002971,3.406660,0
2026-07-02 16:36:14.747970,0.091460,3.401479,1.415299,-0.002971,1.413342,-0.002971,3.401479,0
2026-07-02 16:36:14.754494,0.094471,3.401479,1.415299,-0.002971,1.413342,-0.002971,3.401479,0
2026-07-02 16:36:14.754494,0.096891,3.401479,1.410120,-0.002971,1.413342,-0.002971,3.401479,0
2026-07-02 16:36:14.754494,0.099313,3.401479,1.415299,-0.002971,1.418524,-0.002971,3.401479,0
2026-07-02 16:36:14.762604,0.101700,3.401479,1.410120,-0.002971,1.418524,-0.002971,3.401479,0
2026-07-02 16:36:14.763427,0.104750,3.406660,1.415299,0.002211,1.413342,0.002211,3.406660,0
2026-07-02 16:36:14.763427,0.107162,3.406660,1.415299,-0.002971,1.413342,-0.002971,3.406660,0
2026-07-02 16:36:14.763427,0.109627,3.401479,1.415299,-0.002971,1.413342,-0.002971,3.401479,0
2026-07-02 16:36:14.763427,0.112549,3.401479,1.415299,-0.002971,1.418524,-0.002971,3.401479,0
2026-07-02 16:36:14.773077,0.117684,3.401479,1.415299,-0.002971,1.413342,-0.002971,3.401479,0
2026-07-02 16:36:14.783152,0.123309,3.406660,1.415299,-0.002971,1.418524,-0.002971,3.406660,0
2026-07-02 16:36:14.783152,0.125641,3.401479,1.415299,-0.002971,1.413342,-0.002971,3.401479,0
2026-07-02 16:36:14.783152,0.127934,3.406660,1.415299,-0.002971,1.413342,-0.002971,3.406660,0
2026-07-02 16:36:14.783152,0.130301,3.401479,1.415299,-0.002971,1.418524,-0.002971,3.401479,0
2026-07-02 16:36:14.793209,0.132701,3.401479,1.415299,-0.002971,1.413342,-0.002971,3.401479,0
2026-07-02 16:36:14.793209,0.135929,3.401479,1.415299,-0.002971,1.413342,-0.002971,3.401479,0
2026-07-02 16:36:14.793209,0.138385,3.401479,1.415299,-0.002971,1.413342,-0.002971,3.401479,0
2026-07-02 16:36:14.793209,0.141435,3.406660,1.415299,-0.002971,1.413342,-0.002971,3.406660,0
2026-07-02 16:36:14.848260,0.144010,3.406660,1.415299,-0.002971,1.413342,-0.002971,3.406660,0
2026-07-02 16:36:14.848260,0.192471,3.401479,1.415299,0.002211,1.418524,0.002211,3.401479,0
2026-07-02 16:36:14.853792,0.194923,3.401479,1.415299,-0.008152,1.418524,-0.008152,3.401479,0
2026-07-02 16:36:14.853792,0.197223,3.401479,1.415299,-0.002971,1.418524,-0.002971,3.401479,0
2026-07-02 16:36:14.853792,0.199504,3.401479,1.415299,-0.002971,1.418524,-0.002971,3.401479,0
2026-07-02 16:36:14.853792,0.201694,3.406660,1.410120,-0.002971,1.413342,-0.002971,3.406660,0
2026-07-02 16:36:14.863892,0.204156,3.406660,1.415299,-0.002971,1.413342,-0.002971,3.406660,0
2026-07-02 16:36:14.863892,0.206384,3.406660,1.410120,-0.002971,1.418524,-0.002971,3.406660,0
2026-07-02 16:36:14.863892,0.208582,3.401479,1.415299,-0.002971,1.413342,-0.002971,3.401479,0
2026-07-02 16:36:14.863892,0.210733,3.401479,1.415299,-0.002971,1.418524,-0.002971,3.401479,0
2026-07-02 16:36:14.863892,0.212934,3.401479,1.415299,-0.002971,1.413342,-0.002971,3.401479,0
2026-07-02 16:36:14.873985,0.215245,3.401479,1.415299,-0.002971,1.413342,-0.002971,3.401479,0
2026-07-02 16:36:14.873985,0.217460,3.401479,1.415299,-0.002971,1.413342,-0.002971,3.401479,0
2026-07-02 16:36:14.873985,0.219638,3.401479,1.420479,-0.002971,1.413342,-0.002971,3.401479,0
2026-07-02 16:36:14.873985,0.221872,3.406660,1.415299,-0.002971,1.413342,-0.002971,3.406660,0
2026-07-02 16:36:14.884053,0.224095,3.401479,1.415299,-0.002971,1.413342,-0.002971,3.401479,0
2026-07-02 16:36:14.884053,0.226461,3.401479,1.415299,-0.002971,1.413342,-0.002971,3.401479,0
2026-07-02 16:36:14.884053,0.229545,3.406660,1.415299,0.002211,1.413342,0.002211,3.406660,0
2026-07-02 16:36:14.884053,0.231859,3.401479,1.415299,-0.002971,1.418524,-0.002971,3.401479,0
2026-07-02 16:36:14.894163,0.234174,3.401479,1.415299,-0.002971,1.413342,-0.002971,3.401479,0
2026-07-02 16:36:14.894163,0.238863,3.401479,1.415299,-0.002971,1.413342,-0.002971,3.401479,0
2026-07-02 16:36:14.894163,0.241273,3.406660,1.415299,-0.002971,1.413342,-0.002971,3.406660,0
2026-07-02 16:36:14.894163,0.243759,3.406660,1.415299,-0.002971,1.413342,-0.002971,3.406660,0
2026-07-02 16:36:14.904272,0.246105,3.406660,1.415299,-0.002971,1.413342,-0.002971,3.406660,0
2026-07-02 16:36:14.904272,0.251605,3.401479,1.415299,-0.002971,1.418524,-0.002971,3.401479,0
2026-07-02 16:36:14.916376,0.255030,3.401479,1.415299,-0.002971,1.418524,-0.002971,3.401479,0
2026-07-02 16:36:14.916376,0.259680,3.401479,1.415299,-0.002971,1.418524,-0.002971,3.401479,0
2026-07-02 16:36:14.916376,0.262697,3.401479,1.410120,-0.002971,1.413342,-0.002971,3.401479,0
2026-07-02 16:36:14.924415,0.265288,3.406660,1.415299,-0.002971,1.413342,-0.002971,3.406660,0
2026-07-02 16:36:14.924415,0.267656,3.406660,1.415299,-0.002971,1.413342,-0.002971,3.406660,0
2026-07-02 16:36:14.924415,0.270085,3.401479,1.415299,-0.002971,1.413342,-0.002971,3.401479,0
2026-07-02 16:36:14.934464,0.273654,3.401479,1.415299,-0.002971,1.413342,-0.002971,3.401479,0
2026-07-02 16:36:14.934464,0.277362,3.401479,1.415299,-0.002971,1.413342,-0.002971,3.401479,0
2026-07-02 16:36:14.934464,0.281690,3.406660,1.415299,-0.002971,1.418524,-0.002971,3.406660,0
2026-07-02 16:36:14.944545,0.284466,3.406660,1.415299,-0.002971,1.413342,-0.002971,3.406660,0
2026-07-02 16:36:14.946599,0.286965,3.406660,1.415299,-0.002971,1.418524,-0.002971,3.406660,0
2026-07-02 16:36:14.946599,0.289518,3.401479,1.415299,-0.002971,1.413342,-0.002971,3.401479,0
2026-07-02 16:36:14.951374,0.291957,3.401479,1.415299,-0.002971,1.413342,-0.002971,3.401479,0
2026-07-02 16:36:14.954117,0.294604,3.401479,1.415299,-0.002971,1.418524,-0.002971,3.401479,0
2026-07-02 16:36:14.954117,0.297042,3.401479,1.420479,-0.002971,1.413342,-0.002971,3.401479,0
2026-07-02 16:36:14.959173,0.299694,3.401479,1.415299,-0.002971,1.413342,-0.002971,3.401479,0
2026-07-02 16:36:14.961081,0.302142,3.406660,1.415299,-0.002971,1.418524,-0.002971,3.406660,0
2026-07-02 16:36:14.968371,0.304636,3.406660,1.415299,-0.002971,1.418524,-0.002971,3.406660,0
2026-07-02 16:36:14.970379,0.310669,3.401479,1.415299,-0.002971,1.418524,-0.002971,3.401479,0
2026-07-02 16:36:14.974530,0.314321,3.401479,1.415299,-0.002971,1.413342,-0.002971,3.401479,0
2026-07-02 16:36:14.974530,0.319124,3.401479,1.415299,-0.002971,1.413342,-0.002971,3.401479,0
2026-07-02 16:36:14.974530,0.321744,3.406660,1.415299,-0.002971,1.413342,-0.002971,3.406660,0
2026-07-02 16:36:14.974530,0.324173,3.401479,1.415299,-0.002971,1.413342,-0.002971,3.401479,0
2026-07-02 16:36:14.984939,0.326508,3.401479,1.415299,-0.002971,1.413342,-0.002971,3.401479,0
2026-07-02 16:36:14.984939,0.329116,3.401479,1.415299,-0.002971,1.413342,-0.002971,3.401479,0
2026-07-02 16:36:14.984939,0.332315,3.401479,1.415299,-0.002971,1.413342,-0.002971,3.401479,0
2026-07-02 16:36:14.995107,0.334721,3.401479,1.415299,-0.002971,1.413342,-0.002971,3.401479,0
2026-07-02 16:36:14.995107,0.338575,3.401479,1.415299,0.002211,1.413342,0.002211,3.401479,0
2026-07-02 16:36:14.995107,0.341427,3.406660,1.415299,0.002211,1.413342,0.002211,3.406660,0
2026-07-02 16:36:14.995107,0.343758,3.406660,1.415299,-0.002971,1.418524,-0.002971,3.406660,0
2026-07-02 16:36:15.005209,0.346330,3.401479,1.415299,-0.002971,1.418524,-0.002971,3.401479,0
2026-07-02 16:36:15.005209,0.348748,3.406660,1.415299,-0.002971,1.413342,-0.002971,3.406660,0
2026-07-02 16:36:15.005209,0.351086,3.401479,1.415299,-0.002971,1.418524,-0.002971,3.401479,0
2026-07-02 16:36:15.005209,0.353551,3.401479,1.415299,-0.002971,1.418524,-0.002971,3.401479,0
2026-07-02 16:36:15.016464,0.356140,3.406660,1.415299,-0.002971,1.413342,-0.002971,3.406660,0
2026-07-02 16:36:15.016464,0.358479,3.401479,1.415299,-0.002971,1.418524,-0.002971,3.401479,0
2026-07-02 16:36:15.016464,0.360931,3.406660,1.415299,-0.002971,1.413342,-0.002971,3.406660,0
2026-07-02 16:36:15.016464,0.363302,3.406660,1.415299,-0.002971,1.413342,-0.002971,3.406660,0
2026-07-02 16:36:15.025496,0.365637,3.406660,1.415299,0.002211,1.413342,0.002211,3.406660,0
2026-07-02 16:36:15.025496,0.368041,3.406660,1.415299,-0.002971,1.418524,-0.002971,3.406660,0
2026-07-02 16:36:15.025496,0.370485,3.401479,1.415299,-0.002971,1.413342,-0.002971,3.401479,0
2026-07-02 16:36:15.025496,0.373010,3.401479,1.415299,-0.002971,1.418524,-0.002971,3.401479,0
2026-07-02 16:36:15.035604,0.375456,3.401479,1.415299,-0.002971,1.413342,-0.002971,3.401479,0
2026-07-02 16:36:15.035604,0.377897,3.401479,1.415299,-0.002971,1.413342,-0.002971,3.401479,0
2026-07-02 16:36:15.035604,0.380319,3.401479,1.415299,-0.002971,1.413342,-0.002971,3.401479,0
2026-07-02 16:36:15.035604,0.382692,3.406660,1.415299,-0.002971,1.413342,-0.002971,3.406660,0
2026-07-02 16:36:15.045762,0.385160,3.406660,1.415299,-0.002971,1.413342,-0.002971,3.406660,0
2026-07-02 16:36:15.045762,0.388055,3.401479,1.415299,-0.002971,1.418524,-0.002971,3.401479,0
2026-07-02 16:36:15.045762,0.390445,3.401479,1.415299,-0.002971,1.413342,-0.002971,3.401479,0
2026-07-02 16:36:15.051964,0.392805,3.401479,1.415299,-0.002971,1.413342,-0.002971,3.401479,0
2026-07-02 16:36:15.051964,0.395283,3.401479,1.415299,-0.002971,1.413342,-0.002971,3.401479,0
2026-07-02 16:36:15.055996,0.397634,3.406660,1.415299,-0.002971,1.418524,-0.002971,3.406660,0
2026-07-02 16:36:15.055996,0.400221,3.401479,1.415299,-0.002971,1.418524,-0.002971,3.401479,0
2026-07-02 16:36:15.055996,0.402787,3.406660,1.415299,-0.002971,1.413342,-0.002971,3.406660,0
2026-07-02 16:36:15.055996,0.405138,3.406660,1.415299,-0.002971,1.413342,-0.002971,3.406660,0
2026-07-02 16:36:15.066185,0.407538,3.401479,1.415299,-0.002971,1.413342,-0.002971,3.401479,0
2026-07-02 16:36:15.066185,0.409841,3.406660,1.415299,-0.002971,1.413342,-0.002971,3.406660,0
2026-07-02 16:36:15.066185,0.412844,3.401479,1.415299,-0.002971,1.418524,-0.002971,3.401479,0
2026-07-02 16:36:15.066185,0.415260,3.401479,1.415299,-0.002971,1.418524,-0.002971,3.401479,0
2026-07-02 16:36:15.076346,0.417641,3.401479,1.415299,-0.002971,1.418524,-0.002971,3.401479,0
2026-07-02 16:36:15.076346,0.420016,3.401479,1.415299,-0.002971,1.418524,-0.002971,3.401479,0
2026-07-02 16:36:15.076346,0.422496,3.406660,1.410120,-0.002971,1.413342,-0.002971,3.406660,0
2026-07-02 16:36:15.076346,0.424871,3.401479,1.415299,-0.002971,1.413342,-0.002971,3.401479,0
2026-07-02 16:36:15.086416,0.427141,3.406660,1.415299,-0.002971,1.418524,-0.002971,3.406660,0
2026-07-02 16:36:15.086416,0.429490,3.401479,1.415299,-0.002971,1.413342,-0.002971,3.401479,0
2026-07-02 16:36:15.086416,0.431840,3.401479,1.415299,-0.002971,1.413342,-0.002971,3.401479,0
2026-07-02 16:36:15.086416,0.434170,3.401479,1.415299,-0.002971,1.418524,-0.002971,3.401479,0
2026-07-02 16:36:15.096493,0.436562,3.406660,1.415299,-0.002971,1.413342,-0.002971,3.406660,0
2026-07-02 16:36:15.096493,0.438929,3.401479,1.415299,-0.002971,1.418524,-0.002971,3.401479,0
2026-07-02 16:36:15.096493,0.441376,3.406660,1.415299,-0.002971,1.413342,-0.002971,3.406660,0
2026-07-02 16:36:15.096493,0.443749,3.406660,1.415299,0.002211,1.413342,0.002211,3.406660,0
2026-07-02 16:36:15.096493,0.446097,3.401479,1.410120,-0.002971,1.413342,-0.002971,3.401479,0
2026-07-02 16:36:15.106621,0.448471,3.406660,1.415299,-0.002971,1.413342,-0.002971,3.406660,0
2026-07-02 16:36:15.106621,0.450827,3.401479,1.415299,-0.002971,1.418524,-0.002971,3.401479,0
2026-07-02 16:36:15.106621,0.453111,3.401479,1.415299,-0.002971,1.418524,-0.002971,3.401479,0
2026-07-02 16:36:15.106621,0.455426,3.401479,1.415299,-0.002971,1.418524,-0.002971,3.401479,0
2026-07-02 16:36:15.116711,0.457675,3.401479,1.415299,-0.002971,1.413342,-0.002971,3.401479,0
2026-07-02 16:36:15.116711,0.459910,3.401479,1.415299,-0.002971,1.418524,-0.002971,3.401479,0
2026-07-02 16:36:15.116711,0.462597,3.406660,1.415299,-0.002971,1.418524,-0.002971,3.406660,0
2026-07-02 16:36:15.116711,0.466208,3.401479,1.415299,-0.002971,1.413342,-0.002971,3.401479,0
2026-07-02 16:36:15.126791,0.468506,3.406660,1.415299,-0.002971,1.413342,-0.002971,3.406660,0
2026-07-02 16:36:15.126791,0.471044,3.401479,1.415299,-0.002971,1.413342,-0.002971,3.401479,0
2026-07-02 16:36:15.126791,0.473328,3.401479,1.415299,-0.002971,1.413342,-0.002971,3.401479,0
2026-07-02 16:36:15.126791,0.475643,3.401479,1.415299,-0.002971,1.418524,-0.002971,3.401479,0
2026-07-02 16:36:15.136916,0.477883,3.401479,1.410120,-0.002971,1.413342,-0.002971,3.401479,0
2026-07-02 16:36:15.136916,0.480172,3.401479,1.415299,-0.002971,1.418524,-0.002971,3.401479,0
2026-07-02 16:36:15.136916,0.482493,3.406660,1.415299,-0.002971,1.413342,-0.002971,3.406660,0
2026-07-02 16:36:15.136916,0.484731,3.406660,1.415299,-0.002971,1.418524,-0.002971,3.406660,0
2026-07-02 16:36:15.147388,0.486959,3.406660,1.415299,-0.002971,1.413342,-0.002971,3.406660,0
2026-07-02 16:36:15.152511,0.489367,3.406660,1.415299,-0.002971,1.413342,-0.002971,3.406660,0
2026-07-02 16:36:15.157729,0.496610,3.401479,1.415299,-0.002971,1.413342,-0.002971,3.401479,0
2026-07-02 16:36:15.157729,0.502586,3.406660,1.415299,0.002211,1.418524,0.002211,3.406660,0
2026-07-02 16:36:15.157729,0.505502,3.406660,1.415299,-0.002971,1.418524,-0.002971,3.406660,0
2026-07-02 16:36:15.168088,0.507856,3.406660,1.410120,-0.002971,1.413342,-0.002971,3.406660,0
2026-07-02 16:36:15.168088,0.510223,3.406660,1.415299,-0.002971,1.413342,-0.002971,3.406660,0
2026-07-02 16:36:15.168088,0.512623,3.401479,1.415299,-0.002971,1.413342,-0.002971,3.401479,0
2026-07-02 16:36:15.168088,0.515001,3.401479,1.410120,-0.002971,1.418524,-0.002971,3.401479,0
2026-07-02 16:36:15.168088,0.517357,3.401479,1.415299,-0.002971,1.413342,-0.002971,3.401479,0
2026-07-02 16:36:15.178192,0.519686,3.401479,1.415299,-0.002971,1.413342,-0.002971,3.401479,0
2026-07-02 16:36:15.178192,0.522080,3.406660,1.415299,-0.002971,1.418524,-0.002971,3.406660,0
2026-07-02 16:36:15.178192,0.524521,3.406660,1.415299,-0.002971,1.418524,-0.002971,3.406660,0
2026-07-02 16:36:15.178192,0.526887,3.401479,1.415299,-0.002971,1.413342,-0.002971,3.401479,0
2026-07-02 16:36:15.188277,0.529618,3.406660,1.415299,-0.002971,1.413342,-0.002971,3.406660,0
2026-07-02 16:36:15.188277,0.532001,3.401479,1.415299,-0.002971,1.413342,-0.002971,3.401479,0
2026-07-02 16:36:15.188277,0.534284,3.401479,1.415299,-0.002971,1.413342,-0.002971,3.401479,0
2026-07-02 16:36:15.188277,0.536608,3.406660,1.415299,-0.002971,1.413342,-0.002971,3.406660,0
2026-07-02 16:36:15.198454,0.538966,3.401479,1.415299,-0.002971,1.413342,-0.002971,3.401479,0
2026-07-02 16:36:15.198454,0.541292,3.406660,1.415299,-0.002971,1.418524,-0.002971,3.406660,0
2026-07-02 16:36:15.198454,0.543694,3.406660,1.415299,-0.002971,1.413342,-0.002971,3.406660,0
2026-07-02 16:36:15.198454,0.546163,3.406660,1.415299,-0.002971,1.418524,-0.002971,3.406660,0
2026-07-02 16:36:15.208562,0.548544,3.406660,1.415299,-0.002971,1.418524,-0.002971,3.406660,0
2026-07-02 16:36:15.208562,0.550842,3.401479,1.415299,-0.002971,1.418524,-0.002971,3.401479,0
2026-07-02 16:36:15.208562,0.553134,3.401479,1.415299,-0.002971,1.418524,-0.002971,3.401479,0
2026-07-02 16:36:15.208562,0.555914,3.401479,1.415299,-0.002971,1.413342,-0.002971,3.401479,0
2026-07-02 16:36:15.218650,0.558562,3.401479,1.415299,-0.002971,1.413342,-0.002971,3.401479,0
2026-07-02 16:36:15.218650,0.561128,3.406660,1.415299,-0.002971,1.413342,-0.002971,3.406660,0
2026-07-02 16:36:15.218650,0.563568,3.406660,1.415299,-0.002971,1.413342,-0.002971,3.406660,0
2026-07-02 16:36:15.218650,0.565974,3.406660,1.415299,-0.002971,1.418524,-0.002971,3.406660,0
2026-07-02 16:36:15.228736,0.568480,3.406660,1.415299,-0.002971,1.413342,-0.002971,3.406660,0
2026-07-02 16:36:15.228736,0.570886,3.401479,1.415299,-0.002971,1.413342,-0.002971,3.401479,0
2026-07-02 16:36:15.228736,0.573114,3.401479,1.415299,-0.002971,1.413342,-0.002971,3.401479,0
2026-07-02 16:36:15.228736,0.575343,3.401479,1.415299,-0.002971,1.413342,-0.002971,3.401479,0
2026-07-02 16:36:15.228736,0.577548,3.401479,1.415299,-0.002971,1.418524,-0.002971,3.401479,0
2026-07-02 16:36:15.238937,0.579902,3.401479,1.415299,-0.002971,1.413342,-0.002971,3.401479,0
2026-07-02 16:36:15.238937,0.582134,3.406660,1.415299,-0.002971,1.418524,-0.002971,3.406660,0
2026-07-02 16:36:15.238937,0.584350,3.406660,1.415299,-0.002971,1.413342,-0.002971,3.406660,0
2026-07-02 16:36:15.238937,0.586528,3.401479,1.415299,-0.002971,1.413342,-0.002971,3.401479,0
2026-07-02 16:36:15.249055,0.588793,3.406660,1.415299,-0.002971,1.418524,-0.002971,3.406660,0
2026-07-02 16:36:15.249055,0.591076,3.401479,1.415299,-0.002971,1.418524,-0.002971,3.401479,0
2026-07-02 16:36:15.253175,0.593274,3.401479,1.415299,-0.002971,1.413342,-0.002971,3.401479,0
2026-07-02 16:36:15.254880,0.595528,3.401479,1.415299,-0.002971,1.413342,-0.002971,3.401479,0
2026-07-02 16:36:15.256953,0.597841,3.401479,1.415299,-0.002971,1.418524,-0.002971,3.401479,0
2026-07-02 16:36:15.260247,0.600141,3.401479,1.415299,-0.002971,1.413342,-0.002971,3.401479,0
2026-07-02 16:36:15.261931,0.602408,3.406660,1.415299,-0.002971,1.413342,-0.002971,3.406660,0
2026-07-02 16:36:15.264502,0.604662,3.401479,1.415299,-0.002971,1.413342,-0.002971,3.401479,0
2026-07-02 16:36:15.264502,0.606907,3.406660,1.415299,-0.002971,1.418524,-0.002971,3.406660,0
2026-07-02 16:36:15.268047,0.609104,3.401479,1.415299,-0.002971,1.418524,-0.002971,3.401479,0
2026-07-02 16:36:15.270857,0.611374,3.401479,1.415299,-0.002971,1.413342,-0.002971,3.401479,0
2026-07-02 16:36:15.270857,0.613696,3.401479,1.415299,-0.002971,1.413342,-0.002971,3.401479,0
2026-07-02 16:36:15.276042,0.616019,3.406660,1.415299,-0.002971,1.413342,-0.002971,3.406660,0
2026-07-02 16:36:15.278205,0.618600,3.401479,1.415299,-0.002971,1.413342,-0.002971,3.401479,0
2026-07-02 16:36:15.280735,0.621050,3.406660,1.415299,-0.002971,1.413342,-0.002971,3.406660,0
2026-07-02 16:36:15.280735,0.623423,3.401479,1.415299,-0.002971,1.413342,-0.002971,3.401479,0
2026-07-02 16:36:15.280735,0.625822,3.406660,1.415299,-0.002971,1.418524,-0.002971,3.406660,0
2026-07-02 16:36:15.288275,0.628279,3.406660,1.415299,-0.002971,1.418524,-0.002971,3.406660,0
2026-07-02 16:36:15.290901,0.630568,3.401479,1.415299,-0.002971,1.418524,-0.002971,3.401479,0
2026-07-02 16:36:15.290901,0.632980,3.401479,1.415299,-0.002971,1.418524,-0.002971,3.401479,0
2026-07-02 16:36:15.290901,0.635368,3.401479,1.415299,-0.002971,1.413342,-0.002971,3.401479,0
2026-07-02 16:36:15.290901,0.637704,3.401479,1.415299,-0.002971,1.413342,-0.002971,3.401479,0
2026-07-02 16:36:15.298651,0.640080,3.401479,1.410120,-0.002971,1.418524,-0.002971,3.401479,0
2026-07-02 16:36:15.301164,0.642475,3.406660,1.415299,-0.002971,1.418524,-0.002971,3.406660,0
2026-07-02 16:36:15.301164,0.644875,3.401479,1.415299,-0.002971,1.413342,-0.002971,3.401479,0
2026-07-02 16:36:15.301164,0.647280,3.401479,1.415299,-0.002971,1.418524,-0.002971,3.401479,0
2026-07-02 16:36:15.308849,0.649765,3.406660,1.415299,-0.002971,1.413342,-0.002971,3.406660,0
2026-07-02 16:36:15.310862,0.652031,3.401479,1.415299,-0.002971,1.413342,-0.002971,3.401479,0
2026-07-02 16:36:15.310862,0.654306,3.401479,1.415299,-0.002971,1.413342,-0.002971,3.401479,0
2026-07-02 16:36:15.315929,0.656497,3.401479,1.415299,-0.002971,1.413342,-0.002971,3.401479,0
2026-07-02 16:36:15.318948,0.658701,3.401479,1.415299,-0.002971,1.413342,-0.002971,3.401479,0
2026-07-02 16:36:15.320958,0.660877,3.401479,1.415299,-0.002971,1.418524,-0.002971,3.401479,0
2026-07-02 16:36:15.320958,0.663074,3.401479,1.415299,-0.002971,1.418524,-0.002971,3.401479,0
2026-07-02 16:36:15.320958,0.665302,3.406660,1.415299,-0.002971,1.413342,-0.002971,3.406660,0
2026-07-02 16:36:15.320958,0.667638,3.401479,1.415299,-0.002971,1.413342,-0.002971,3.401479,0
2026-07-02 16:36:15.329136,0.669792,3.406660,1.415299,-0.002971,1.413342,-0.002971,3.406660,0
2026-07-02 16:36:15.331179,0.671982,3.401479,1.415299,-0.002971,1.413342,-0.002971,3.401479,0
2026-07-02 16:36:15.331179,0.674285,3.401479,1.415299,-0.002971,1.413342,-0.002971,3.401479,0
2026-07-02 16:36:15.331179,0.677567,3.401479,1.415299,-0.002971,1.418524,-0.002971,3.401479,0
2026-07-02 16:36:15.339157,0.679903,3.401479,1.415299,-0.002971,1.418524,-0.002971,3.401479,0
2026-07-02 16:36:15.341169,0.682212,3.406660,1.415299,-0.002971,1.413342,-0.002971,3.406660,0
2026-07-02 16:36:15.341169,0.684606,3.401479,1.415299,-0.002971,1.413342,-0.002971,3.401479,0
2026-07-02 16:36:15.341169,0.686970,3.406660,1.415299,-0.002971,1.413342,-0.002971,3.406660,0
2026-07-02 16:36:15.349423,0.689220,3.406660,1.415299,-0.002971,1.418524,-0.002971,3.406660,0
2026-07-02 16:36:15.350944,0.691935,3.401479,1.415299,-0.002971,1.418524,-0.002971,3.401479,0
2026-07-02 16:36:15.353506,0.694346,3.401479,1.415299,-0.002971,1.413342,-0.002971,3.401479,0
2026-07-02 16:36:15.353506,0.696667,3.406660,1.415299,-0.002971,1.418524,-0.002971,3.406660,0
2026-07-02 16:36:15.353506,0.698931,3.401479,1.415299,-0.002971,1.413342,-0.002971,3.401479,0
2026-07-02 16:36:15.360953,0.701170,3.406660,1.415299,-0.002971,1.418524,-0.002971,3.406660,0
2026-07-02 16:36:15.360953,0.703429,3.406660,1.415299,-0.002971,1.413342,-0.002971,3.406660,0
2026-07-02 16:36:15.360953,0.705769,3.406660,1.415299,-0.002971,1.413342,-0.002971,3.406660,0
2026-07-02 16:36:15.360953,0.708090,3.401479,1.415299,-0.002971,1.418524,-0.002971,3.401479,0
2026-07-02 16:36:15.371040,0.710430,3.406660,1.415299,-0.002971,1.413342,-0.002971,3.406660,0
2026-07-02 16:36:15.371040,0.713056,3.401479,1.415299,-0.002971,1.418524,-0.002971,3.401479,0
2026-07-02 16:36:15.375357,0.715481,3.401479,1.415299,-0.002971,1.413342,-0.002971,3.401479,0
2026-07-02 16:36:15.376390,0.717766,3.401479,1.415299,-0.002971,1.413342,-0.002971,3.401479,0
2026-07-02 16:36:15.379729,0.720086,3.401479,1.415299,-0.002971,1.413342,-0.002971,3.401479,0
2026-07-02 16:36:15.380735,0.722328,3.406660,1.415299,-0.002971,1.418524,-0.002971,3.406660,0
2026-07-02 16:36:15.383555,0.724590,3.406660,1.415299,-0.002971,1.413342,-0.002971,3.406660,0
2026-07-02 16:36:15.385785,0.726936,3.401479,1.415299,-0.002971,1.418524,-0.002971,3.401479,0
2026-07-02 16:36:15.385785,0.729150,3.406660,1.415299,-0.002971,1.413342,-0.002971,3.406660,0
2026-07-02 16:36:15.390592,0.731564,3.401479,1.415299,0.002211,1.413342,0.002211,3.401479,0
2026-07-02 16:36:15.390592,0.734036,3.401479,1.415299,-0.002971,1.418524,-0.002971,3.401479,0
2026-07-02 16:36:15.396849,0.736636,3.406660,1.415299,-0.002971,1.418524,-0.002971,3.406660,0
2026-07-02 16:36:15.396849,0.739022,3.401479,1.415299,-0.002971,1.413342,-0.002971,3.401479,0
2026-07-02 16:36:15.401384,0.741525,3.406660,1.415299,-0.002971,1.418524,-0.002971,3.406660,0
2026-07-02 16:36:15.403396,0.744134,3.406660,1.415299,-0.002971,1.413342,-0.002971,3.406660,0
2026-07-02 16:36:15.405155,0.746597,3.401479,1.415299,-0.002971,1.413342,-0.002971,3.401479,0
2026-07-02 16:36:15.407826,0.748906,3.401479,1.415299,-0.002971,1.413342,-0.002971,3.401479,0
2026-07-02 16:36:15.411524,0.751224,3.401479,1.415299,-0.002971,1.413342,-0.002971,3.401479,0
2026-07-02 16:36:15.411524,0.753656,3.401479,1.415299,-0.002971,1.413342,-0.002971,3.401479,0
2026-07-02 16:36:15.411524,0.755884,3.401479,1.415299,-0.002971,1.418524,-0.002971,3.401479,0
2026-07-02 16:36:15.411524,0.758380,3.406660,1.415299,-0.002971,1.413342,-0.002971,3.406660,0
2026-07-02 16:36:15.420805,0.760634,3.406660,1.415299,-0.002971,1.418524,-0.002971,3.406660,0
2026-07-02 16:36:15.420805,0.762867,3.406660,1.415299,-0.002971,1.413342,-0.002971,3.406660,0
2026-07-02 16:36:15.420805,0.765130,3.406660,1.415299,-0.002971,1.413342,-0.002971,3.406660,0
2026-07-02 16:36:15.420805,0.767526,3.401479,1.415299,-0.002971,1.413342,-0.002971,3.401479,0
2026-07-02 16:36:15.420805,0.769817,3.406660,1.415299,-0.002971,1.413342,-0.002971,3.406660,0
2026-07-02 16:36:15.430499,0.772204,3.401479,1.415299,-0.002971,1.413342,-0.002971,3.401479,0
2026-07-02 16:36:15.433335,0.774466,3.401479,1.415299,-0.002971,1.413342,-0.002971,3.401479,0
2026-07-02 16:36:15.435858,0.776714,3.406660,1.415299,-0.002971,1.413342,-0.002971,3.406660,0
2026-07-02 16:36:15.435858,0.779037,3.406660,1.415299,-0.002971,1.413342,-0.002971,3.406660,0
2026-07-02 16:36:15.440712,0.781232,3.406660,1.415299,-0.002971,1.413342,-0.002971,3.406660,0
2026-07-02 16:36:15.440712,0.783626,3.406660,1.415299,-0.008152,1.413342,-0.008152,3.406660,0
2026-07-02 16:36:15.440712,0.786045,3.401479,1.415299,-0.002971,1.413342,-0.002971,3.401479,0
2026-07-02 16:36:15.440712,0.788508,3.406660,1.415299,-0.002971,1.413342,-0.002971,3.406660,0
2026-07-02 16:36:15.451027,0.790857,3.401479,1.415299,-0.002971,1.413342,-0.002971,3.401479,0
2026-07-02 16:36:15.451027,0.793269,3.401479,1.415299,-0.002971,1.413342,-0.002971,3.401479,0
2026-07-02 16:36:15.454454,0.795616,3.401479,1.415299,-0.002971,1.418524,-0.002971,3.401479,0
2026-07-02 16:36:15.454454,0.797909,3.401479,1.415299,-0.002971,1.413342,-0.002971,3.401479,0
2026-07-02 16:36:15.454454,0.800163,3.401479,1.415299,-0.002971,1.413342,-0.002971,3.401479,0
2026-07-02 16:36:15.460741,0.802368,3.406660,1.415299,-0.002971,1.413342,-0.002971,3.406660,0
2026-07-02 16:36:15.460741,0.804577,3.401479,1.415299,-0.002971,1.418524,-0.002971,3.401479,0
2026-07-02 16:36:15.460741,0.806769,3.401479,1.415299,-0.002971,1.418524,-0.002971,3.401479,0
2026-07-02 16:36:15.460741,0.808990,3.406660,1.415299,-0.002971,1.418524,-0.002971,3.406660,0
2026-07-02 16:36:15.470913,0.811197,3.401479,1.415299,-0.002971,1.413342,-0.002971,3.401479,0
2026-07-02 16:36:15.481746,0.816967,3.401479,1.415299,-0.002971,1.413342,-0.002971,3.401479,0
2026-07-02 16:36:15.481746,0.823963,3.406660,1.415299,-0.002971,1.418524,-0.002971,3.406660,0
2026-07-02 16:36:15.490720,0.829850,3.406660,1.415299,-0.002971,1.418524,-0.002971,3.406660,0
2026-07-02 16:36:15.490720,0.833426,3.401479,1.415299,-0.002971,1.418524,-0.002971,3.401479,0
2026-07-02 16:36:15.490720,0.835920,3.401479,1.415299,-0.002971,1.413342,-0.002971,3.401479,0
2026-07-02 16:36:15.490720,0.838431,3.406660,1.415299,-0.002971,1.413342,-0.002971,3.406660,0
2026-07-02 16:36:15.500822,0.840840,3.406660,1.415299,-0.002971,1.413342,-0.002971,3.406660,0
2026-07-02 16:36:15.500822,0.843250,3.406660,1.415299,-0.002971,1.418524,-0.002971,3.406660,0
2026-07-02 16:36:15.500822,0.846033,3.406660,1.415299,-0.002971,1.418524,-0.002971,3.406660,0
2026-07-02 16:36:15.500822,0.848430,3.406660,1.415299,-0.002971,1.413342,-0.002971,3.406660,0
2026-07-02 16:36:15.511013,0.850723,3.406660,1.415299,-0.002971,1.418524,-0.002971,3.406660,0
2026-07-02 16:36:15.511013,0.853156,3.401479,1.415299,-0.002971,1.413342,-0.002971,3.401479,0
2026-07-02 16:36:15.511013,0.855649,3.406660,1.415299,-0.002971,1.413342,-0.002971,3.406660,0
2026-07-02 16:36:15.511013,0.858065,3.401479,1.415299,-0.002971,1.413342,-0.002971,3.401479,0
2026-07-02 16:36:15.520720,0.860486,3.401479,1.415299,-0.002971,1.413342,-0.002971,3.401479,0
2026-07-02 16:36:15.520720,0.863256,3.406660,1.415299,-0.002971,1.413342,-0.002971,3.406660,0
2026-07-02 16:36:15.520720,0.865660,3.406660,1.415299,-0.002971,1.413342,-0.002971,3.406660,0
2026-07-02 16:36:15.520720,0.868071,3.406660,1.415299,0.002211,1.418524,0.002211,3.406660,0
2026-07-02 16:36:15.530867,0.870457,3.406660,1.415299,-0.002971,1.418524,-0.002971,3.406660,0
2026-07-02 16:36:15.530867,0.872928,3.406660,1.415299,-0.002971,1.418524,-0.002971,3.406660,0
2026-07-02 16:36:15.530867,0.875318,3.401479,1.415299,-0.002971,1.418524,-0.002971,3.401479,0
2026-07-02 16:36:15.530867,0.877715,3.401479,1.415299,-0.002971,1.418524,-0.002971,3.401479,0
2026-07-02 16:36:15.530867,0.880097,3.401479,1.415299,-0.002971,1.418524,-0.002971,3.401479,0
2026-07-02 16:36:15.540974,0.882498,3.406660,1.415299,-0.002971,1.413342,-0.002971,3.406660,0
2026-07-02 16:36:15.543554,0.884874,3.406660,1.415299,-0.002971,1.418524,-0.002971,3.406660,0
2026-07-02 16:36:15.545833,0.887684,3.401479,1.415299,-0.002971,1.413342,-0.002971,3.401479,0
2026-07-02 16:36:15.545833,0.890092,3.406660,1.415299,-0.002971,1.413342,-0.002971,3.406660,0
2026-07-02 16:36:15.550870,0.892494,3.401479,1.415299,-0.002971,1.418524,-0.002971,3.401479,0
2026-07-02 16:36:15.554966,0.894881,3.401479,1.415299,-0.002971,1.413342,-0.002971,3.401479,0
2026-07-02 16:36:15.554966,0.897229,3.406660,1.415299,-0.002971,1.413342,-0.002971,3.406660,0
2026-07-02 16:36:15.554966,0.899683,3.401479,1.415299,-0.002971,1.413342,-0.002971,3.401479,0
2026-07-02 16:36:15.561011,0.902141,3.406660,1.415299,-0.002971,1.413342,-0.002971,3.406660,0
2026-07-02 16:36:15.561011,0.904521,3.406660,1.415299,-0.002971,1.413342,-0.002971,3.406660,0
2026-07-02 16:36:15.561011,0.906931,3.411841,1.415299,0.007391,1.413342,0.007391,3.411841,0
2026-07-02 16:36:15.561011,0.909328,3.417024,1.410120,0.007391,1.418524,0.007391,3.417024,0
2026-07-02 16:36:15.571371,0.911697,3.442931,1.420479,0.012572,1.413342,0.012572,3.442931,0
2026-07-02 16:36:15.571371,0.914583,3.484385,1.415299,0.007391,1.418524,0.007391,3.484385,0
2026-07-02 16:36:15.576060,0.916965,3.536201,1.410120,0.007391,1.418524,0.007391,3.536201,0
2026-07-02 16:36:15.576060,0.919310,3.567291,1.415299,0.007391,1.413342,0.007391,3.567291,0
2026-07-02 16:36:15.581131,0.921671,3.613926,1.415299,0.007391,1.413342,0.007391,3.613926,0
2026-07-02 16:36:15.581131,0.924157,3.650198,1.415299,0.007391,1.418524,0.007391,3.650198,0
2026-07-02 16:36:15.581131,0.926714,3.696833,1.415299,0.007391,1.413342,0.007391,3.696833,0
2026-07-02 16:36:15.581131,0.929139,3.738286,1.415299,0.007391,1.413342,0.007391,3.738286,0
2026-07-02 16:36:15.590752,0.931546,3.779739,1.415299,0.007391,1.413342,0.007391,3.779739,0
2026-07-02 16:36:15.590752,0.934151,3.821193,1.415299,0.007391,1.413342,0.007391,3.821193,0
2026-07-02 16:36:15.590752,0.936570,3.867827,1.415299,0.007391,1.418524,0.007391,3.867827,0
2026-07-02 16:36:15.590752,0.938995,3.904099,1.415299,0.007391,1.418524,0.007391,3.904099,0
2026-07-02 16:36:15.600923,0.941418,3.950734,1.415299,0.007391,1.413342,0.007391,3.950734,0
2026-07-02 16:36:15.600923,0.944136,3.997369,1.415299,0.007391,1.413342,0.007391,3.997369,0
2026-07-02 16:36:15.600923,0.949725,4.101003,1.415299,0.007391,1.418524,0.007391,4.101003,0
2026-07-02 16:36:15.610751,0.952168,4.137274,1.415299,0.007391,1.413342,0.007391,4.137274,0
2026-07-02 16:36:15.610751,0.954503,4.183908,1.415299,0.007391,1.418524,0.007391,4.183908,0
2026-07-02 16:36:15.610751,0.956962,4.220181,1.415299,0.007391,1.418524,0.007391,4.220181,0
2026-07-02 16:36:15.610751,0.959756,4.277179,1.415299,0.007391,1.413342,0.007391,4.277179,0
2026-07-02 16:36:15.621947,0.962293,4.323813,1.415299,0.007391,1.418524,0.007391,4.323813,0
2026-07-02 16:36:15.621947,0.964784,4.365267,1.415299,0.007391,1.413342,0.007391,4.365267,0
2026-07-02 16:36:15.621947,0.967097,4.406720,1.415299,0.007391,1.413342,0.007391,4.406720,0
2026-07-02 16:36:15.621947,0.969428,4.448174,1.415299,0.007391,1.418524,0.007391,4.448174,0
2026-07-02 16:36:15.630946,0.971749,4.489627,1.415299,0.007391,1.418524,0.007391,4.489627,0
2026-07-02 16:36:15.630946,0.975511,4.551806,1.415299,0.007391,1.413342,0.007391,4.551806,0
2026-07-02 16:36:15.641384,0.981328,4.655440,1.415299,0.007391,1.413342,0.007391,4.655440,0
2026-07-02 16:36:15.641384,0.984433,4.712439,1.415299,0.007391,1.418524,0.007391,4.712439,0
2026-07-02 16:36:15.641384,0.986987,4.753891,1.415299,0.007391,1.413342,0.007391,4.753891,0
2026-07-02 16:36:15.641384,0.989425,4.795344,1.415299,0.007391,1.413342,0.007391,4.795344,0
2026-07-02 16:36:15.650875,0.991788,4.836798,1.415299,0.007391,1.413342,0.007391,4.836798,0
2026-07-02 16:36:15.655447,0.994362,4.883433,1.415299,0.007391,1.413342,0.007391,4.883433,0
2026-07-02 16:36:15.655447,0.997902,4.945613,1.415299,0.007391,1.418524,0.007391,4.945613,0
2026-07-02 16:36:15.655447,1.000271,4.987066,1.415299,0.007391,1.413342,0.007391,4.987066,0
2026-07-02 16:36:15.660987,1.002575,5.028520,1.415299,0.007391,1.413342,0.007391,5.028520,0
2026-07-02 16:36:15.660987,1.005231,5.069973,1.415299,0.007391,1.413342,0.007391,5.069973,0
2026-07-02 16:36:15.666108,1.007659,5.116608,1.415299,0.007391,1.413342,0.007391,5.116608,0
2026-07-02 16:36:15.666108,1.010004,5.158061,1.415299,0.007391,1.413342,0.007391,5.158061,0
2026-07-02 16:36:15.671713,1.012810,5.204696,1.415299,0.007391,1.418524,0.007391,5.204696,0
2026-07-02 16:36:15.671713,1.015194,5.240968,1.415299,0.007391,1.413342,0.007391,5.240968,0
2026-07-02 16:36:15.671713,1.017622,5.292784,1.415299,0.007391,1.413342,0.007391,5.292784,0
2026-07-02 16:36:15.671713,1.020271,5.339419,1.415299,0.007391,1.418524,0.007391,5.339419,0
2026-07-02 16:36:15.681786,1.022593,5.380873,1.415299,0.007391,1.413342,0.007391,5.380873,0
2026-07-02 16:36:15.681786,1.024932,5.417144,1.415299,0.007391,1.413342,0.007391,5.417144,0
2026-07-02 16:36:15.681786,1.027232,5.453416,1.415299,0.007391,1.418524,0.007391,5.453416,0
2026-07-02 16:36:15.681786,1.029571,5.500050,1.415299,0.007391,1.418524,0.007391,5.500050,0
2026-07-02 16:36:15.691877,1.031892,5.525959,1.415299,0.007391,1.418524,0.007391,5.525959,0
2026-07-02 16:36:15.691877,1.040539,5.691772,1.415299,0.007391,1.418524,0.007391,5.691772,0
2026-07-02 16:36:15.701942,1.042899,5.733225,1.415299,0.007391,1.413342,0.007391,5.733225,0
2026-07-02 16:36:15.701942,1.046052,5.790224,1.415299,0.007391,1.413342,0.007391,5.790224,0
2026-07-02 16:36:15.701942,1.048432,5.836859,1.415299,0.007391,1.413342,0.007391,5.836859,0
2026-07-02 16:36:15.701942,1.050736,5.878311,1.415299,0.007391,1.418524,0.007391,5.878311,0
2026-07-02 16:36:15.712110,1.053018,5.909401,1.415299,0.007391,1.418524,0.007391,5.909401,0
2026-07-02 16:36:15.712110,1.057406,5.992308,1.415299,0.007391,1.413342,0.007391,5.992308,0
2026-07-02 16:36:15.712110,1.059726,6.028580,1.415299,0.007391,1.413342,0.007391,6.028580,0
2026-07-02 16:36:15.722190,1.062148,6.070032,1.415299,0.007391,1.413342,0.007391,6.070032,0
2026-07-02 16:36:15.722190,1.064595,6.111486,1.415299,0.007391,1.418524,0.007391,6.111486,0
2026-07-02 16:36:15.722190,1.066769,6.147758,1.415299,0.007391,1.418524,0.007391,6.147758,0
2026-07-02 16:36:15.722190,1.068912,6.189211,1.415299,0.007391,1.413342,0.007391,6.189211,0
2026-07-02 16:36:15.722190,1.071158,6.230665,1.415299,0.007391,1.413342,0.007391,6.230665,0
2026-07-02 16:36:15.732281,1.073516,6.272118,1.415299,0.007391,1.413342,0.007391,6.272118,0
2026-07-02 16:36:15.732281,1.075760,6.313570,1.415299,0.007391,1.413342,0.007391,6.313570,0
2026-07-02 16:36:15.732281,1.078031,6.355024,1.415299,0.007391,1.413342,0.007391,6.355024,0
2026-07-02 16:36:15.732281,1.080285,6.391296,1.415299,0.007391,1.413342,0.007391,6.391296,0
2026-07-02 16:36:15.742400,1.082534,6.432749,1.415299,0.007391,1.413342,0.007391,6.432749,0
2026-07-02 16:36:15.742400,1.084797,6.469021,1.415299,0.007391,1.413342,0.007391,6.469021,0
2026-07-02 16:36:15.742400,1.087536,6.520838,1.415299,0.007391,1.418524,0.007391,6.520838,0
2026-07-02 16:36:15.742400,1.089756,6.557110,1.415299,0.007391,1.413342,0.007391,6.557110,0
2026-07-02 16:36:15.756618,1.092074,6.598562,1.415299,0.007391,1.418524,0.007391,6.598562,0
2026-07-02 16:36:15.756618,1.099872,6.728104,1.415299,0.007391,1.418524,0.007391,6.728104,0
2026-07-02 16:36:15.762659,1.103614,6.795465,1.415299,0.007391,1.413342,0.007391,6.795465,0
2026-07-02 16:36:15.762659,1.105982,6.842100,1.415299,0.007391,1.413342,0.007391,6.842100,0
2026-07-02 16:36:15.762659,1.109230,6.893917,1.415299,0.007391,1.418524,0.007391,6.893917,0
2026-07-02 16:36:15.762659,1.111546,6.935369,1.415299,0.007391,1.418524,0.007391,6.935369,0
2026-07-02 16:36:15.772984,1.113854,6.987186,1.415299,0.007391,1.413342,0.007391,6.987186,0
2026-07-02 16:36:15.772984,1.116433,7.023458,1.415299,0.007391,1.418524,0.007391,7.023458,0
2026-07-02 16:36:15.772984,1.118711,7.059731,1.415299,0.007391,1.413342,0.007391,7.059731,0
2026-07-02 16:36:15.772984,1.120973,7.106365,1.415299,0.007391,1.413342,0.007391,7.106365,0
2026-07-02 16:36:15.783010,1.123282,7.147818,1.415299,0.007391,1.418524,0.007391,7.147818,0
2026-07-02 16:36:15.783010,1.125603,7.189272,1.415299,0.007391,1.418524,0.007391,7.189272,0
2026-07-02 16:36:15.783010,1.127915,7.225544,1.415299,0.007391,1.418524,0.007391,7.225544,0
2026-07-02 16:36:15.783010,1.130228,7.272179,1.415299,0.007391,1.418524,0.007391,7.272179,0
2026-07-02 16:36:15.783010,1.132545,7.313631,1.415299,0.007391,1.413342,0.007391,7.313631,0
2026-07-02 16:36:15.801356,1.134813,7.349903,1.415299,0.007391,1.418524,0.007391,7.349903,0
2026-07-02 16:36:15.804303,1.144224,7.515717,1.415299,-0.008152,1.413342,-0.008152,7.515717,0
2026-07-02 16:36:15.804303,1.146634,7.536442,1.415299,0.002211,1.418524,0.002211,7.536442,0
2026-07-02 16:36:15.804303,1.148976,7.551987,1.415299,0.017754,1.413342,0.017754,7.551987,0
2026-07-02 16:36:15.809843,1.151236,7.541624,1.415299,0.007391,1.418524,0.007391,7.541624,0
2026-07-02 16:36:15.814524,1.155724,7.448355,1.415299,0.007391,1.418524,0.007391,7.448355,0
2026-07-02 16:36:15.814524,1.158074,7.406900,1.415299,-0.002971,1.418524,-0.002971,7.406900,0
2026-07-02 16:36:15.820327,1.160359,7.370630,1.415299,-0.008152,1.418524,-0.008152,7.370630,0
2026-07-02 16:36:15.820327,1.162628,7.329176,1.415299,-0.002971,1.413342,-0.002971,7.329176,0
2026-07-02 16:36:15.820327,1.168919,7.246269,1.415299,-0.002971,1.413342,-0.002971,7.246269,0
2026-07-02 16:36:15.830379,1.171245,7.209997,1.415299,-0.002971,1.413342,-0.002971,7.209997,0
2026-07-02 16:36:15.830379,1.173636,7.168545,1.415299,-0.002971,1.413342,-0.002971,7.168545,0
2026-07-02 16:36:15.830379,1.175992,7.137455,1.410120,0.002211,1.413342,0.002211,7.137455,0
2026-07-02 16:36:15.830379,1.178255,7.101183,1.415299,-0.002971,1.413342,-0.002971,7.101183,0
2026-07-02 16:36:15.840469,1.181172,7.059731,1.415299,-0.002971,1.413342,-0.002971,7.059731,0
2026-07-02 16:36:15.840469,1.183552,7.028641,1.415299,-0.002971,1.413342,-0.002971,7.028641,0
2026-07-02 16:36:15.840469,1.185879,6.992369,1.415299,-0.002971,1.418524,-0.002971,6.992369,0
2026-07-02 16:36:15.840469,1.188186,6.956097,1.415299,-0.002971,1.418524,-0.002971,6.956097,0
2026-07-02 16:36:15.858233,1.190474,6.925007,1.415299,-0.002971,1.418524,-0.002971,6.925007,0
2026-07-02 16:36:15.860780,1.200752,6.774738,1.415299,-0.002971,1.413342,-0.002971,6.774738,0
2026-07-02 16:36:15.860780,1.203184,6.722921,1.415299,-0.002971,1.413342,-0.002971,6.722921,0
2026-07-02 16:36:15.860780,1.205648,6.686651,1.415299,-0.002971,1.413342,-0.002971,6.686651,0
2026-07-02 16:36:15.860780,1.208062,6.650379,1.415299,-0.002971,1.418524,-0.002971,6.650379,0
2026-07-02 16:36:15.870835,1.210444,6.619289,1.415299,-0.002971,1.413342,-0.002971,6.619289,0
2026-07-02 16:36:15.872347,1.213531,6.562290,1.415299,-0.002971,1.413342,-0.002971,6.562290,0
2026-07-02 16:36:15.872347,1.215933,6.536383,1.415299,-0.002971,1.413342,-0.002971,6.536383,0
2026-07-02 16:36:15.872347,1.218237,6.505293,1.415299,-0.002971,1.418524,-0.002971,6.505293,0
2026-07-02 16:36:15.880955,1.221105,6.458658,1.415299,-0.002971,1.413342,-0.002971,6.458658,0
2026-07-02 16:36:15.880955,1.223486,6.427567,1.415299,-0.002971,1.413342,-0.002971,6.427567,0
2026-07-02 16:36:15.880955,1.230554,6.313570,1.415299,-0.002971,1.413342,-0.002971,6.313570,0
2026-07-02 16:36:15.891070,1.232804,6.277300,1.415299,-0.002971,1.413342,-0.002971,6.277300,0
2026-07-02 16:36:15.891070,1.235239,6.235846,1.410120,0.002211,1.413342,0.002211,6.235846,0
2026-07-02 16:36:15.891070,1.238064,6.204756,1.415299,-0.002971,1.418524,-0.002971,6.204756,0
2026-07-02 16:36:15.891070,1.240299,6.163303,1.415299,-0.002971,1.413342,-0.002971,6.163303,0
2026-07-02 16:36:15.901136,1.242514,6.137394,1.415299,-0.002971,1.413342,-0.002971,6.137394,0
2026-07-02 16:36:15.911240,1.252862,5.981945,1.415299,-0.002971,1.413342,-0.002971,5.981945,0
2026-07-02 16:36:15.921672,1.261001,5.867949,1.415299,-0.002971,1.413342,-0.002971,5.867949,0
2026-07-02 16:36:15.921672,1.264305,5.805769,1.415299,-0.002971,1.413342,-0.002971,5.805769,0
2026-07-02 16:36:15.921672,1.266687,5.774679,1.415299,0.002211,1.413342,0.002211,5.774679,0
2026-07-02 16:36:15.921672,1.269007,5.743587,1.415299,-0.008152,1.418524,-0.008152,5.743587,0
2026-07-02 16:36:15.921672,1.271264,5.702135,1.415299,-0.002971,1.413342,-0.002971,5.702135,0
2026-07-02 16:36:15.931706,1.273510,5.676228,1.415299,-0.002971,1.413342,-0.002971,5.676228,0
2026-07-02 16:36:15.931706,1.275984,5.645138,1.415299,-0.002971,1.413342,-0.002971,5.645138,0
2026-07-02 16:36:15.931706,1.278197,5.608866,1.415299,-0.002971,1.413342,-0.002971,5.608866,0
2026-07-02 16:36:15.931706,1.280395,5.572594,1.415299,0.002211,1.413342,0.002211,5.572594,0
2026-07-02 16:36:15.941766,1.282721,5.546686,1.420479,-0.002971,1.413342,-0.002971,5.546686,0
2026-07-02 16:36:15.941766,1.290022,5.427507,1.415299,-0.002971,1.413342,-0.002971,5.427507,0
2026-07-02 16:36:15.951829,1.292391,5.396418,1.415299,-0.002971,1.418524,-0.002971,5.396418,0
2026-07-02 16:36:15.951829,1.294764,5.354964,1.410120,-0.002971,1.413342,-0.002971,5.354964,0
2026-07-02 16:36:15.951829,1.297962,5.303147,1.415299,-0.002971,1.413342,-0.002971,5.303147,0
2026-07-02 16:36:15.959889,1.300272,5.272058,1.415299,-0.002971,1.418524,-0.002971,5.272058,0
2026-07-02 16:36:15.961930,1.302467,5.246149,1.415299,-0.002971,1.413342,-0.002971,5.246149,0
2026-07-02 16:36:15.961930,1.304848,5.204696,1.415299,-0.002971,1.413342,-0.002971,5.204696,0
2026-07-02 16:36:15.961930,1.307306,5.173606,1.415299,-0.002971,1.418524,-0.002971,5.173606,0
2026-07-02 16:36:15.968522,1.309640,5.137334,1.415299,-0.002971,1.413342,-0.002971,5.137334,0
2026-07-02 16:36:15.972228,1.312812,5.085518,1.415299,-0.002971,1.413342,-0.002971,5.085518,0
2026-07-02 16:36:15.972228,1.317087,5.028520,1.415299,0.002211,1.413342,0.002211,5.028520,0
2026-07-02 16:36:15.972228,1.321011,4.961158,1.415299,-0.002971,1.418524,-0.002971,4.961158,0
2026-07-02 16:36:15.982649,1.323861,4.919704,1.415299,-0.002971,1.418524,-0.002971,4.919704,0
2026-07-02 16:36:15.982649,1.326148,4.883433,1.410120,-0.002971,1.413342,-0.002971,4.883433,0
2026-07-02 16:36:15.982649,1.328503,4.841980,1.415299,-0.002971,1.413342,-0.002971,4.841980,0
2026-07-02 16:36:15.982649,1.331440,4.805708,1.415299,0.002211,1.413342,0.002211,4.805708,0
2026-07-02 16:36:15.992714,1.333733,4.774618,1.415299,-0.002971,1.418524,-0.002971,4.774618,0
2026-07-02 16:36:15.992714,1.336424,4.733165,1.415299,-0.002971,1.413342,-0.002971,4.733165,0
2026-07-02 16:36:15.992714,1.339001,4.702075,1.415299,-0.002971,1.413342,-0.002971,4.702075,0
2026-07-02 16:36:15.992714,1.341322,4.660622,1.410120,-0.002971,1.413342,-0.002971,4.660622,0
2026-07-02 16:36:16.002908,1.343594,4.639894,1.415299,-0.002971,1.413342,-0.002971,4.639894,0
2026-07-02 16:36:16.002908,1.351195,4.510353,1.415299,-0.002971,1.413342,-0.002971,4.510353,0
2026-07-02 16:36:16.012991,1.353474,4.479263,1.415299,0.002211,1.413342,0.002211,4.479263,0
2026-07-02 16:36:16.012991,1.355681,4.453355,1.415299,-0.002971,1.413342,-0.002971,4.453355,0
2026-07-02 16:36:16.012991,1.358157,4.406720,1.415299,-0.002971,1.413342,-0.002971,4.406720,0
2026-07-02 16:36:16.012991,1.360553,4.370449,1.415299,-0.002971,1.413342,-0.002971,4.370449,0
2026-07-02 16:36:16.012991,1.362841,4.344541,1.415299,-0.002971,1.413342,-0.002971,4.344541,0
2026-07-02 16:36:16.023196,1.365067,4.303087,1.415299,-0.002971,1.413342,-0.002971,4.303087,0
2026-07-02 16:36:16.023196,1.367583,4.271997,1.415299,-0.002971,1.413342,-0.002971,4.271997,0
2026-07-02 16:36:16.023196,1.369899,4.240907,1.420479,-0.002971,1.418524,-0.002971,4.240907,0
2026-07-02 16:36:16.023196,1.372227,4.194272,1.415299,-0.002971,1.413342,-0.002971,4.194272,0
2026-07-02 16:36:16.033294,1.374485,4.183908,1.415299,-0.002971,1.413342,-0.002971,4.183908,0
2026-07-02 16:36:16.033294,1.376718,4.137274,1.415299,-0.002971,1.418524,-0.002971,4.137274,0
2026-07-02 16:36:16.033294,1.379050,4.106184,1.415299,-0.002971,1.413342,-0.002971,4.106184,0
2026-07-02 16:36:16.033294,1.381256,4.059549,1.415299,-0.002971,1.413342,-0.002971,4.059549,0
2026-07-02 16:36:16.043307,1.383640,4.033641,1.415299,-0.002971,1.413342,-0.002971,4.033641,0
2026-07-02 16:36:16.063768,1.388418,3.966279,1.415299,-0.002971,1.413342,-0.002971,3.966279,0
2026-07-02 16:36:16.074167,1.411560,3.624290,1.415299,-0.002971,1.413342,-0.002971,3.624290,0
2026-07-02 16:36:16.084202,1.425928,3.401479,1.415299,-0.002971,1.413342,-0.002971,3.401479,0
2026-07-02 16:36:16.084202,1.428436,3.365207,1.420479,-0.002971,1.418524,-0.002971,3.365207,0
2026-07-02 16:36:16.084202,1.431526,3.323753,1.415299,-0.002971,1.413342,-0.002971,3.323753,0
2026-07-02 16:36:16.084202,1.433800,3.287482,1.415299,-0.002971,1.418524,-0.002971,3.287482,0
2026-07-02 16:36:16.094235,1.435989,3.261574,1.415299,-0.002971,1.413342,-0.002971,3.261574,0
2026-07-02 16:36:16.094235,1.438181,3.225302,1.415299,-0.002971,1.413342,-0.002971,3.225302,0
2026-07-02 16:36:16.094235,1.440428,3.194212,1.415299,-0.002971,1.413342,-0.002971,3.194212,0
2026-07-02 16:36:16.094235,1.442668,3.168303,1.415299,-0.002971,1.418524,-0.002971,3.168303,0
2026-07-02 16:36:16.104300,1.444988,3.121669,1.415299,-0.002971,1.413342,-0.002971,3.121669,0
2026-07-02 16:36:16.104300,1.447239,3.090579,1.415299,-0.002971,1.413342,-0.002971,3.090579,0
2026-07-02 16:36:16.104300,1.449445,3.059489,1.415299,-0.002971,1.418524,-0.002971,3.059489,0
2026-07-02 16:36:16.104300,1.451779,3.028399,1.415299,-0.002971,1.413342,-0.002971,3.028399,0
2026-07-02 16:36:16.104300,1.454022,3.002491,1.415299,-0.002971,1.413342,-0.002971,3.002491,0
2026-07-02 16:36:16.114413,1.456219,2.971400,1.415299,-0.002971,1.418524,-0.002971,2.971400,0
2026-07-02 16:36:16.114413,1.458643,2.924766,1.415299,-0.002971,1.418524,-0.002971,2.924766,0
2026-07-02 16:36:16.114413,1.460988,2.888494,1.415299,-0.002971,1.413342,-0.002971,2.888494,0
2026-07-02 16:36:16.114413,1.463266,2.862586,1.415299,-0.002971,1.413342,-0.002971,2.862586,0
2026-07-02 16:36:16.124697,1.465531,2.831496,1.415299,0.002211,1.413342,0.002211,2.831496,0
2026-07-02 16:36:16.124697,1.468446,2.784861,1.415299,-0.008152,1.418524,-0.008152,2.784861,0
2026-07-02 16:36:16.124697,1.470743,2.753771,1.415299,-0.002971,1.418524,-0.002971,2.753771,0
2026-07-02 16:36:16.124697,1.473002,2.712317,1.415299,-0.002971,1.413342,-0.002971,2.712317,0
2026-07-02 16:36:16.134789,1.475221,2.681228,1.415299,-0.002971,1.413342,-0.002971,2.681228,0
2026-07-02 16:36:16.134789,1.477586,2.644956,1.415299,-0.002971,1.418524,-0.002971,2.644956,0
2026-07-02 16:36:16.134789,1.479845,2.619048,1.415299,-0.002971,1.413342,-0.002971,2.619048,0
2026-07-02 16:36:16.141499,1.482205,2.577595,1.420479,-0.002971,1.413342,-0.002971,2.577595,0
2026-07-02 16:36:16.143510,1.484515,2.546505,1.415299,-0.002971,1.413342,-0.002971,2.546505,0
2026-07-02 16:36:16.145390,1.486776,2.510233,1.415299,-0.002971,1.413342,-0.002971,2.510233,0
2026-07-02 16:36:16.145390,1.489214,2.473961,1.415299,-0.002971,1.418524,-0.002971,2.473961,0
2026-07-02 16:36:16.145390,1.491750,2.427326,1.415299,-0.002971,1.418524,-0.002971,2.427326,0
2026-07-02 16:36:16.145390,1.494064,2.406600,1.415299,-0.002971,1.418524,-0.002971,2.406600,0
2026-07-02 16:36:16.156536,1.496349,2.365147,1.415299,-0.002971,1.413342,-0.002971,2.365147,0
2026-07-02 16:36:16.158640,1.498670,2.328875,1.415299,-0.002971,1.413342,-0.002971,2.328875,0
2026-07-02 16:36:16.158640,1.500927,2.287421,1.415299,-0.002971,1.413342,-0.002971,2.287421,0
2026-07-02 16:36:16.158640,1.503263,2.261514,1.415299,-0.002971,1.418524,-0.002971,2.261514,0
2026-07-02 16:36:16.158640,1.505662,2.235605,1.415299,-0.002971,1.413342,-0.002971,2.235605,0
2026-07-02 16:36:16.168301,1.508082,2.188970,1.415299,-0.002971,1.418524,-0.002971,2.188970,0
2026-07-02 16:36:16.168301,1.510457,2.157880,1.415299,-0.002971,1.413342,-0.002971,2.157880,0
2026-07-02 16:36:16.168301,1.513424,2.116426,1.415299,-0.002971,1.418524,-0.002971,2.116426,0
2026-07-02 16:36:16.168301,1.515840,2.069792,1.415299,-0.002971,1.418524,-0.002971,2.069792,0
2026-07-02 16:36:16.178390,1.518227,2.043883,1.410120,-0.002971,1.418524,-0.002971,2.043883,0
2026-07-02 16:36:16.178390,1.520515,2.002430,1.415299,-0.002971,1.413342,-0.002971,2.002430,0
2026-07-02 16:36:16.178390,1.522908,1.981704,1.415299,-0.002971,1.418524,-0.002971,1.981704,0
2026-07-02 16:36:16.178390,1.525127,1.935069,1.415299,-0.002971,1.413342,-0.002971,1.935069,0
2026-07-02 16:36:16.178390,1.527386,1.898797,1.415299,-0.002971,1.418524,-0.002971,1.898797,0
2026-07-02 16:36:16.189934,1.529652,1.872889,1.415299,-0.002971,1.413342,-0.002971,1.872889,0
2026-07-02 16:36:16.189934,1.532104,1.836617,1.415299,0.002211,1.413342,0.002211,1.836617,0
2026-07-02 16:36:16.189934,1.534543,1.795164,1.415299,-0.002971,1.413342,-0.002971,1.795164,0
2026-07-02 16:36:16.189934,1.537060,1.753711,1.415299,-0.002971,1.418524,-0.002971,1.753711,0
2026-07-02 16:36:16.199994,1.539844,1.722621,1.415299,-0.002971,1.413342,-0.002971,1.722621,0
2026-07-02 16:36:16.199994,1.542139,1.691530,1.415299,-0.002971,1.418524,-0.002971,1.691530,0
2026-07-02 16:36:16.199994,1.544664,1.644896,1.415299,-0.002971,1.418524,-0.002971,1.644896,0
2026-07-02 16:36:16.199994,1.546983,1.618987,1.415299,-0.002971,1.413342,-0.002971,1.618987,0
2026-07-02 16:36:16.208452,1.549356,1.572352,1.415299,-0.002971,1.418524,-0.002971,1.572352,0
2026-07-02 16:36:16.210240,1.551796,1.541263,1.415299,-0.002971,1.418524,-0.002971,1.541263,0
2026-07-02 16:36:16.210240,1.554208,1.504991,1.415299,-0.002971,1.413342,-0.002971,1.504991,0
2026-07-02 16:36:16.210240,1.556862,1.473901,1.415299,-0.002971,1.418524,-0.002971,1.473901,0
2026-07-02 16:36:16.218613,1.559212,1.427266,1.415299,-0.002971,1.418524,-0.002971,1.427266,0
2026-07-02 16:36:16.220365,1.561462,1.401358,1.415299,0.002211,1.418524,0.002211,1.401358,0
2026-07-02 16:36:16.220365,1.563800,1.359904,1.415299,-0.002971,1.413342,-0.002971,1.359904,0
2026-07-02 16:36:16.220365,1.566009,1.333996,1.415299,0.002211,1.413342,0.002211,1.333996,0
2026-07-02 16:36:16.228431,1.568280,1.292542,1.415299,-0.002971,1.418524,-0.002971,1.292542,0
2026-07-02 16:36:16.230444,1.570533,1.256271,1.415299,-0.002971,1.413342,-0.002971,1.256271,0
2026-07-02 16:36:16.230444,1.572811,1.225182,1.415299,-0.002971,1.418524,-0.002971,1.225182,0
2026-07-02 16:36:16.230444,1.575089,1.194092,1.415299,0.002211,1.413342,0.002211,1.194092,0
2026-07-02 16:36:16.230444,1.577444,1.157820,1.415299,-0.002971,1.418524,-0.002971,1.157820,0
2026-07-02 16:36:16.230444,1.579812,1.116366,1.415299,-0.002971,1.413342,-0.002971,1.116366,0
2026-07-02 16:36:16.240684,1.582059,1.090458,1.415299,0.002211,1.418524,0.002211,1.090458,0
2026-07-02 16:36:16.240684,1.584334,1.054187,1.415299,-0.002971,1.418524,-0.002971,1.054187,0
2026-07-02 16:36:16.240684,1.586628,1.028278,1.420479,-0.002971,1.413342,-0.002971,1.028278,0
2026-07-02 16:36:16.240684,1.588891,0.986825,1.415299,-0.002971,1.413342,-0.002971,0.986825,0
2026-07-02 16:36:16.250851,1.591153,0.955735,1.415299,-0.002971,1.413342,-0.002971,0.955735,0
2026-07-02 16:36:16.250851,1.593367,0.914282,1.415299,-0.002971,1.413342,-0.002971,0.914282,0
2026-07-02 16:36:16.250851,1.595712,0.878010,1.415299,-0.002971,1.418524,-0.002971,0.878010,0
2026-07-02 16:36:16.250851,1.598043,0.857284,1.415299,-0.002971,1.413342,-0.002971,0.857284,0
2026-07-02 16:36:16.258964,1.600317,0.810649,1.415299,-0.002971,1.418524,-0.002971,0.810649,0
2026-07-02 16:36:16.260991,1.602563,0.789922,1.415299,-0.002971,1.418524,-0.002971,0.789922,0
2026-07-02 16:36:16.260991,1.604858,0.743287,1.415299,-0.002971,1.413342,-0.002971,0.743287,0
2026-07-02 16:36:16.260991,1.607095,0.717379,1.415299,-0.002971,1.418524,-0.002971,0.717379,0
2026-07-02 16:36:16.260991,1.609302,0.681108,1.415299,-0.002971,1.418524,-0.002971,0.681108,0
2026-07-02 16:36:16.271068,1.611501,0.655199,1.415299,-0.002971,1.413342,-0.002971,0.655199,0
2026-07-02 16:36:16.271068,1.616089,0.572292,1.415299,-0.002971,1.413342,-0.002971,0.572292,0
2026-07-02 16:36:16.271068,1.618480,0.551565,1.415299,-0.002971,1.413342,-0.002971,0.551565,0
2026-07-02 16:36:16.271068,1.620772,0.510113,1.415299,-0.002971,1.418524,-0.002971,0.510113,0
2026-07-02 16:36:16.281238,1.623093,0.468659,1.415299,-0.002971,1.413342,-0.002971,0.468659,0
2026-07-02 16:36:16.281238,1.625569,0.437569,1.415299,-0.002971,1.418524,-0.002971,0.437569,0
2026-07-02 16:36:16.281238,1.627851,0.406479,1.415299,-0.002971,1.418524,-0.002971,0.406479,0
2026-07-02 16:36:16.290288,1.630169,0.370208,1.415299,-0.002971,1.413342,-0.002971,0.370208,0
2026-07-02 16:36:16.291301,1.632600,0.333936,1.415299,0.002211,1.413342,0.002211,0.333936,0
2026-07-02 16:36:16.291301,1.634940,0.313210,1.415299,-0.002971,1.413342,-0.002971,0.313210,0
2026-07-02 16:36:16.291301,1.637226,0.266574,1.415299,-0.002971,1.418524,-0.002971,0.266574,0
2026-07-02 16:36:16.291301,1.639554,0.230303,1.415299,0.002211,1.413342,0.002211,0.230303,0
2026-07-02 16:36:16.301402,1.641853,0.204394,1.415299,-0.002971,1.418524,-0.002971,0.204394,0
2026-07-02 16:36:16.301402,1.644094,0.162941,1.410120,-0.002971,1.413342,-0.002971,0.162941,0
2026-07-02 16:36:16.301402,1.646389,0.137033,1.415299,-0.002971,1.413342,-0.002971,0.137033,0
2026-07-02 16:36:16.301402,1.648726,0.090398,1.415299,-0.008152,1.418524,-0.008152,0.090398,0
2026-07-02 16:36:16.301402,1.651100,0.069672,1.420479,-0.002971,1.418524,-0.002971,0.069672,0
2026-07-02 16:36:16.311556,1.653756,0.017855,1.415299,-0.002971,1.413342,-0.002971,0.017855,0
2026-07-02 16:36:16.311556,1.656154,-0.008054,1.415299,0.002211,1.418524,0.002211,-0.008054,0
2026-07-02 16:36:16.311556,1.658475,-0.054688,1.415299,-0.002971,1.413342,-0.002971,-0.054688,0
2026-07-02 16:36:16.311556,1.660697,-0.080597,1.415299,0.002211,1.413342,0.002211,-0.080597,0
2026-07-02 16:36:16.321647,1.662897,-0.111687,1.415299,0.002211,1.413342,0.002211,-0.111687,0
2026-07-02 16:36:16.321647,1.666380,-0.173866,1.415299,0.002211,1.418524,0.002211,-0.173866,0
2026-07-02 16:36:16.321647,1.668556,-0.199775,1.415299,-0.002971,1.418524,-0.002971,-0.199775,0
2026-07-02 16:36:16.321647,1.671052,-0.236047,1.415299,-0.002971,1.413342,-0.002971,-0.236047,0
2026-07-02 16:36:16.331777,1.673198,-0.272318,1.415299,0.002211,1.413342,0.002211,-0.272318,0
2026-07-02 16:36:16.339948,1.679565,-0.370770,1.410120,-0.002971,1.413342,-0.002971,-0.370770,0
2026-07-02 16:36:16.339948,1.681991,-0.396678,1.420479,-0.002971,1.413342,-0.002971,-0.396678,0
2026-07-02 16:36:16.339948,1.684217,-0.443313,1.415299,-0.002971,1.413342,-0.002971,-0.443313,0
2026-07-02 16:36:16.346096,1.686415,-0.464040,1.420479,-0.002971,1.418524,-0.002971,-0.464040,0
2026-07-02 16:36:16.346096,1.688575,-0.505493,1.415299,-0.002971,1.413342,-0.002971,-0.505493,0
2026-07-02 16:36:16.350280,1.690960,-0.536583,1.415299,-0.002971,1.418524,-0.002971,-0.536583,0
2026-07-02 16:36:16.350280,1.694437,-0.593581,1.415299,-0.002971,1.413342,-0.002971,-0.593581,0
2026-07-02 16:36:16.350280,1.697375,-0.624671,1.415299,-0.002971,1.413342,-0.002971,-0.624671,0
2026-07-02 16:36:16.358906,1.699603,-0.671306,1.415299,-0.002971,1.413342,-0.002971,-0.671306,0
2026-07-02 16:36:16.360663,1.701911,-0.697214,1.415299,-0.002971,1.413342,-0.002971,-0.697214,0
2026-07-02 16:36:16.360663,1.704240,-0.738667,1.415299,-0.002971,1.418524,-0.002971,-0.738667,0
2026-07-02 16:36:16.360663,1.706480,-0.769757,1.415299,-0.002971,1.418524,-0.002971,-0.769757,0
2026-07-02 16:36:16.360663,1.708680,-0.800847,1.415299,-0.002971,1.418524,-0.002971,-0.800847,0
2026-07-02 16:36:16.370719,1.710855,-0.831938,1.415299,0.002211,1.418524,0.002211,-0.831938,0
2026-07-02 16:36:16.370719,1.713108,-0.873391,1.415299,-0.002971,1.413342,-0.002971,-0.873391,0
2026-07-02 16:36:16.370719,1.715548,-0.914844,1.415299,-0.002971,1.413342,-0.002971,-0.914844,0
2026-07-02 16:36:16.370719,1.717931,-0.940752,1.415299,-0.002971,1.418524,-0.002971,-0.940752,0
2026-07-02 16:36:16.370719,1.720348,-0.982205,1.415299,-0.002971,1.418524,-0.002971,-0.982205,0
2026-07-02 16:36:16.380919,1.722714,-1.008114,1.420479,-0.002971,1.413342,-0.002971,-1.008114,0
2026-07-02 16:36:16.380919,1.725164,-1.044386,1.420479,-0.002971,1.413342,-0.002971,-1.044386,0
2026-07-02 16:36:16.380919,1.727492,-1.080657,1.415299,-0.002971,1.413342,-0.002971,-1.080657,0
2026-07-02 16:36:16.380919,1.729802,-1.116929,1.415299,-0.002971,1.413342,-0.002971,-1.116929,0
2026-07-02 16:36:16.391015,1.732194,-1.163564,1.415299,0.002211,1.413342,0.002211,-1.163564,0
2026-07-02 16:36:16.391015,1.734652,-1.189472,1.415299,-0.002971,1.418524,-0.002971,-1.189472,0
2026-07-02 16:36:16.396179,1.737093,-1.230926,1.415299,-0.002971,1.413342,-0.002971,-1.230926,0
2026-07-02 16:36:16.398219,1.739490,-1.262015,1.415299,-0.002971,1.413342,-0.002971,-1.262015,0
2026-07-02 16:36:16.402347,1.741952,-1.287924,1.415299,-0.002971,1.413342,-0.002971,-1.287924,0
2026-07-02 16:36:16.403417,1.744386,-1.329377,1.415299,-0.002971,1.418524,-0.002971,-1.329377,0
2026-07-02 16:36:16.403417,1.746784,-1.376012,1.415299,-0.002971,1.418524,-0.002971,-1.376012,0
2026-07-02 16:36:16.403417,1.749185,-1.407102,1.415299,-0.002971,1.413342,-0.002971,-1.407102,0
2026-07-02 16:36:16.410954,1.751642,-1.433010,1.415299,0.002211,1.413342,0.002211,-1.433010,0
2026-07-02 16:36:16.410954,1.753919,-1.474463,1.415299,-0.002971,1.418524,-0.002971,-1.474463,0
2026-07-02 16:36:16.410954,1.756510,-1.515917,1.415299,-0.002971,1.413342,-0.002971,-1.515917,0
2026-07-02 16:36:16.410954,1.758950,-1.557370,1.415299,0.002211,1.413342,0.002211,-1.557370,0
2026-07-02 16:36:16.421034,1.761340,-1.583278,1.415299,0.002211,1.413342,0.002211,-1.583278,0
2026-07-02 16:36:16.421034,1.764667,-1.640276,1.415299,-0.002971,1.418524,-0.002971,-1.640276,0
2026-07-02 16:36:16.421034,1.766935,-1.666184,1.415299,0.002211,1.418524,0.002211,-1.666184,0
2026-07-02 16:36:16.421034,1.769236,-1.707638,1.420479,-0.002971,1.413342,-0.002971,-1.707638,0
2026-07-02 16:36:16.431195,1.771566,-1.749091,1.415299,0.002211,1.413342,0.002211,-1.749091,0
2026-07-02 16:36:16.431195,1.776859,-1.826817,1.420479,-0.008152,1.413342,-0.008152,-1.826817,0
2026-07-02 16:36:16.439780,1.779379,-1.852724,1.415299,0.002211,1.418524,0.002211,-1.852724,0
2026-07-02 16:36:16.441535,1.781721,-1.888996,1.415299,-0.002971,1.413342,-0.002971,-1.888996,0
2026-07-02 16:36:16.441535,1.784003,-1.935631,1.415299,-0.002971,1.413342,-0.002971,-1.935631,0
2026-07-02 16:36:16.441535,1.786450,-1.961539,1.415299,-0.008152,1.413342,-0.008152,-1.961539,0
2026-07-02 16:36:16.441535,1.788771,-1.997811,1.415299,-0.002971,1.418524,-0.002971,-1.997811,0
2026-07-02 16:36:16.441535,1.791077,-2.034082,1.415299,-0.002971,1.413342,-0.002971,-2.034082,0
2026-07-02 16:36:16.451606,1.793419,-2.075536,1.415299,-0.002971,1.413342,-0.002971,-2.075536,0
2026-07-02 16:36:16.451606,1.796014,-2.106626,1.415299,-0.002971,1.418524,-0.002971,-2.106626,0
2026-07-02 16:36:16.451606,1.798309,-2.137715,1.415299,-0.002971,1.413342,-0.002971,-2.137715,0
2026-07-02 16:36:16.459244,1.800578,-2.168806,1.415299,-0.002971,1.413342,-0.002971,-2.168806,0
2026-07-02 16:36:16.461785,1.803018,-2.205077,1.415299,-0.002971,1.413342,-0.002971,-2.205077,0
2026-07-02 16:36:16.461785,1.805378,-2.241349,1.415299,-0.002971,1.418524,-0.002971,-2.241349,0
2026-07-02 16:36:16.461785,1.807916,-2.282803,1.415299,-0.002971,1.418524,-0.002971,-2.282803,0
2026-07-02 16:36:16.469321,1.810359,-2.313892,1.415299,-0.002971,1.413342,-0.002971,-2.313892,0
2026-07-02 16:36:16.471857,1.812672,-2.355346,1.415299,-0.002971,1.413342,-0.002971,-2.355346,0
2026-07-02 16:36:16.471857,1.815018,-2.381253,1.415299,-0.002971,1.413342,-0.002971,-2.381253,0
2026-07-02 16:36:16.471857,1.817433,-2.433070,1.415299,-0.002971,1.413342,-0.002971,-2.433070,0
2026-07-02 16:36:16.471857,1.819899,-2.448615,1.415299,0.002211,1.418524,0.002211,-2.448615,0
2026-07-02 16:36:16.481950,1.822200,-2.490068,1.415299,-0.002971,1.418524,-0.002971,-2.490068,0
2026-07-02 16:36:16.481950,1.824534,-2.521158,1.415299,-0.002971,1.418524,-0.002971,-2.521158,0
2026-07-02 16:36:16.485580,1.826897,-2.557430,1.415299,-0.002971,1.413342,-0.002971,-2.557430,0
2026-07-02 16:36:16.485580,1.829130,-2.583338,1.415299,-0.002971,1.418524,-0.002971,-2.583338,0
2026-07-02 16:36:16.491617,1.831509,-2.629973,1.415299,-0.002971,1.418524,-0.002971,-2.629973,0
2026-07-02 16:36:16.491617,1.833833,-2.666245,1.415299,-0.002971,1.418524,-0.002971,-2.666245,0
2026-07-02 16:36:16.491617,1.836300,-2.692153,1.415299,-0.002971,1.418524,-0.002971,-2.692153,0
2026-07-02 16:36:16.491617,1.838663,-2.728425,1.415299,-0.002971,1.413342,-0.002971,-2.728425,0
2026-07-02 16:36:16.491617,1.841038,-2.769878,1.415299,-0.002971,1.413342,-0.002971,-2.769878,0
2026-07-02 16:36:16.501677,1.843387,-2.811331,1.415299,-0.002971,1.418524,-0.002971,-2.811331,0
2026-07-02 16:36:16.501677,1.846240,-2.847603,1.415299,-0.002971,1.413342,-0.002971,-2.847603,0
2026-07-02 16:36:16.501677,1.848663,-2.883874,1.415299,-0.002971,1.418524,-0.002971,-2.883874,0
2026-07-02 16:36:16.501677,1.851091,-2.914965,1.415299,-0.002971,1.418524,-0.002971,-2.914965,0
2026-07-02 16:36:16.511714,1.853472,-2.956418,1.415299,-0.002971,1.413342,-0.002971,-2.956418,0
2026-07-02 16:36:16.511714,1.856326,-3.003053,1.410120,-0.002971,1.413342,-0.002971,-3.003053,0
2026-07-02 16:36:16.511714,1.858746,-3.028961,1.415299,-0.002971,1.418524,-0.002971,-3.028961,0
2026-07-02 16:36:16.511714,1.861155,-3.070415,1.415299,0.002211,1.413342,0.002211,-3.070415,0
2026-07-02 16:36:16.521823,1.863614,-3.117049,1.415299,-0.002971,1.418524,-0.002971,-3.117049,0
2026-07-02 16:36:16.521823,1.868755,-3.184411,1.415299,0.002211,1.418524,0.002211,-3.184411,0
2026-07-02 16:36:16.531901,1.873097,-3.241409,1.415299,0.002211,1.413342,0.002211,-3.241409,0
2026-07-02 16:36:16.531901,1.875449,-3.288044,1.415299,-0.002971,1.418524,-0.002971,-3.288044,0
2026-07-02 16:36:16.531901,1.877853,-3.313952,1.415299,-0.002971,1.413342,-0.002971,-3.313952,0
2026-07-02 16:36:16.531901,1.880248,-3.345042,1.415299,-0.002971,1.413342,-0.002971,-3.345042,0
2026-07-02 16:36:16.542985,1.882661,-3.391677,1.415299,-0.002971,1.413342,-0.002971,-3.391677,0
2026-07-02 16:36:16.543924,1.885781,-3.438312,1.415299,-0.002971,1.418524,-0.002971,-3.438312,0
2026-07-02 16:36:16.543924,1.888206,-3.469402,1.415299,-0.002971,1.413342,-0.002971,-3.469402,0
2026-07-02 16:36:16.543924,1.890716,-3.510855,1.415299,-0.002971,1.418524,-0.002971,-3.510855,0
2026-07-02 16:36:16.552459,1.893241,-3.552309,1.415299,-0.002971,1.413342,-0.002971,-3.552309,0
2026-07-02 16:36:16.552459,1.895968,-3.583399,1.420479,-0.002971,1.413342,-0.002971,-3.583399,0
2026-07-02 16:36:16.552459,1.898350,-3.614489,1.415299,-0.002971,1.418524,-0.002971,-3.614489,0
2026-07-02 16:36:16.559554,1.900744,-3.661124,1.410120,-0.002971,1.418524,-0.002971,-3.661124,0
2026-07-02 16:36:16.562584,1.903124,-3.697395,1.415299,-0.002971,1.413342,-0.002971,-3.697395,0
2026-07-02 16:36:16.562584,1.905506,-3.728485,1.415299,-0.002971,1.413342,-0.002971,-3.728485,0
2026-07-02 16:36:16.562584,1.907915,-3.754394,1.415299,-0.002971,1.413342,-0.002971,-3.754394,0
2026-07-02 16:36:16.562584,1.910284,-3.801028,1.415299,-0.002971,1.413342,-0.002971,-3.801028,0
2026-07-02 16:36:16.572710,1.912767,-3.837300,1.415299,-0.002971,1.418524,-0.002971,-3.837300,0
2026-07-02 16:36:16.572710,1.915167,-3.868390,1.415299,-0.002971,1.413342,-0.002971,-3.868390,0
2026-07-02 16:36:16.572710,1.917525,-3.909843,1.415299,-0.002971,1.418524,-0.002971,-3.909843,0
2026-07-02 16:36:16.572710,1.919905,-3.946115,1.415299,0.002211,1.418524,0.002211,-3.946115,0
2026-07-02 16:36:16.582770,1.922386,-3.982387,1.415299,-0.002971,1.413342,-0.002971,-3.982387,0
2026-07-02 16:36:16.582770,1.926444,-4.039385,1.415299,0.002211,1.418524,0.002211,-4.039385,0
2026-07-02 16:36:16.582770,1.929674,-4.075656,1.415299,-0.002971,1.418524,-0.002971,-4.075656,0
2026-07-02 16:36:16.592324,1.932049,-4.122291,1.415299,-0.002971,1.418524,-0.002971,-4.122291,0
2026-07-02 16:36:16.592324,1.934673,-4.158563,1.415299,0.002211,1.418524,0.002211,-4.158563,0
2026-07-02 16:36:16.592324,1.937131,-4.189653,1.415299,-0.002971,1.413342,-0.002971,-4.189653,0
2026-07-02 16:36:16.592324,1.939460,-4.231106,1.415299,-0.002971,1.413342,-0.002971,-4.231106,0
2026-07-02 16:36:16.592324,1.941875,-4.257014,1.420479,-0.002971,1.413342,-0.002971,-4.257014,0
2026-07-02 16:36:16.602454,1.944256,-4.308831,1.420479,-0.002971,1.413342,-0.002971,-4.308831,0
2026-07-02 16:36:16.602454,1.949378,-4.381374,1.415299,-0.002971,1.413342,-0.002971,-4.381374,0
2026-07-02 16:36:16.612539,1.953466,-4.443554,1.415299,-0.002971,1.413342,-0.002971,-4.443554,0
2026-07-02 16:36:16.612539,1.958318,-4.510916,1.415299,-0.002971,1.413342,-0.002971,-4.510916,0
2026-07-02 16:36:16.619612,1.960717,-4.552369,1.415299,-0.002971,1.418524,-0.002971,-4.552369,0
2026-07-02 16:36:16.623015,1.963227,-4.588641,1.415299,-0.002971,1.418524,-0.002971,-4.588641,0
2026-07-02 16:36:16.623015,1.965515,-4.609367,1.415299,0.002211,1.413342,0.002211,-4.609367,0
2026-07-02 16:36:16.623015,1.967759,-4.650821,1.415299,-0.002971,1.418524,-0.002971,-4.650821,0
2026-07-02 16:36:16.623015,1.970048,-4.676729,1.415299,-0.002971,1.413342,-0.002971,-4.676729,0
2026-07-02 16:36:16.623015,1.972442,-4.718182,1.415299,-0.002971,1.413342,-0.002971,-4.718182,0
2026-07-02 16:36:16.633049,1.974754,-4.738909,1.415299,-0.002971,1.418524,-0.002971,-4.738909,0
2026-07-02 16:36:16.633049,1.977040,-4.780362,1.415299,-0.002971,1.413342,-0.002971,-4.780362,0
2026-07-02 16:36:16.633049,1.979316,-4.826997,1.415299,-0.002971,1.413342,-0.002971,-4.826997,0
2026-07-02 16:36:16.633049,1.981597,-4.858087,1.415299,-0.002971,1.413342,-0.002971,-4.858087,0
2026-07-02 16:36:16.643119,1.983871,-4.889177,1.415299,-0.002971,1.413342,-0.002971,-4.889177,0
2026-07-02 16:36:16.643119,1.987512,-4.940993,1.415299,-0.002971,1.418524,-0.002971,-4.940993,0
2026-07-02 16:36:16.653538,1.991895,-5.003173,1.415299,-0.002971,1.418524,-0.002971,-5.003173,0
2026-07-02 16:36:16.653538,1.996058,-5.070535,1.415299,-0.002971,1.413342,-0.002971,-5.070535,0
2026-07-02 16:36:16.659558,1.998768,-5.106807,1.415299,-0.002971,1.413342,-0.002971,-5.106807,0
2026-07-02 16:36:16.663577,2.002871,-5.158623,1.415299,-0.002971,1.413342,-0.002971,-5.158623,0
2026-07-02 16:36:16.663577,2.008353,-5.246711,1.415299,-0.002971,1.413342,-0.002971,-5.246711,0
2026-07-02 16:36:16.673618,2.012510,-5.303710,1.415299,-0.002971,1.413342,-0.002971,-5.303710,0
2026-07-02 16:36:16.673618,2.015820,-5.345163,1.415299,-0.002971,1.418524,-0.002971,-5.345163,0
2026-07-02 16:36:16.673618,2.018570,-5.396979,1.415299,-0.002971,1.413342,-0.002971,-5.396979,0
2026-07-02 16:36:16.673618,2.021158,-5.433251,1.415299,-0.002971,1.413342,-0.002971,-5.433251,0
2026-07-02 16:36:16.683693,2.023599,-5.479886,1.415299,-0.002971,1.418524,-0.002971,-5.479886,0
2026-07-02 16:36:16.683693,2.026143,-5.505795,1.415299,-0.002971,1.413342,-0.002971,-5.505795,0
2026-07-02 16:36:16.683693,2.028680,-5.542066,1.415299,-0.002971,1.413342,-0.002971,-5.542066,0
2026-07-02 16:36:16.683693,2.031114,-5.573156,1.415299,-0.002971,1.413342,-0.002971,-5.573156,0
2026-07-02 16:36:16.693862,2.033502,-5.614609,1.415299,-0.002971,1.413342,-0.002971,-5.614609,0
2026-07-02 16:36:16.693862,2.036013,-5.650881,1.410120,-0.002971,1.418524,-0.002971,-5.650881,0
2026-07-02 16:36:16.693862,2.038475,-5.687152,1.415299,0.002211,1.413342,0.002211,-5.687152,0
2026-07-02 16:36:16.693862,2.040906,-5.728606,1.415299,-0.002971,1.418524,-0.002971,-5.728606,0
2026-07-02 16:36:16.693862,2.043366,-5.754514,1.415299,-0.002971,1.418524,-0.002971,-5.754514,0
2026-07-02 16:36:16.703944,2.045946,-5.795967,1.420479,-0.002971,1.418524,-0.002971,-5.795967,0
2026-07-02 16:36:16.703944,2.048387,-5.832239,1.415299,-0.002971,1.418524,-0.002971,-5.832239,0
2026-07-02 16:36:16.703944,2.050846,-5.878874,1.415299,-0.002971,1.418524,-0.002971,-5.878874,0
2026-07-02 16:36:16.711528,2.053271,-5.899601,1.415299,-0.002971,1.413342,-0.002971,-5.899601,0
2026-07-02 16:36:16.714058,2.055694,-5.941054,1.415299,-0.002971,1.413342,-0.002971,-5.941054,0
2026-07-02 16:36:16.714058,2.058112,-5.982507,1.415299,0.002211,1.413342,0.002211,-5.982507,0
2026-07-02 16:36:16.714058,2.060537,-6.013597,1.415299,0.002211,1.413342,0.002211,-6.013597,0
2026-07-02 16:36:16.714058,2.062949,-6.049869,1.420479,-0.002971,1.413342,-0.002971,-6.049869,0
2026-07-02 16:36:16.724217,2.065521,-6.080958,1.415299,0.002211,1.413342,0.002211,-6.080958,0
2026-07-02 16:36:16.724217,2.067996,-6.127594,1.415299,-0.002971,1.418524,-0.002971,-6.127594,0
2026-07-02 16:36:16.724217,2.070459,-6.153502,1.415299,-0.002971,1.413342,-0.002971,-6.153502,0
2026-07-02 16:36:16.724217,2.073011,-6.200137,1.415299,-0.002971,1.413342,-0.002971,-6.200137,0
2026-07-02 16:36:16.734462,2.075438,-6.226045,1.415299,-0.002971,1.413342,-0.002971,-6.226045,0
2026-07-02 16:36:16.734462,2.078020,-6.267498,1.415299,-0.002971,1.413342,-0.002971,-6.267498,0
2026-07-02 16:36:16.734462,2.080444,-6.298588,1.410120,-0.002971,1.413342,-0.002971,-6.298588,0
2026-07-02 16:36:16.734462,2.082962,-6.334860,1.415299,-0.002971,1.418524,-0.002971,-6.334860,0
2026-07-02 16:36:16.744515,2.085483,-6.371131,1.420479,-0.002971,1.418524,-0.002971,-6.371131,0
2026-07-02 16:36:16.744515,2.087835,-6.412585,1.415299,-0.002971,1.413342,-0.002971,-6.412585,0
2026-07-02 16:36:16.744515,2.090795,-6.454038,1.415299,-0.002971,1.418524,-0.002971,-6.454038,0
2026-07-02 16:36:16.744515,2.093075,-6.495492,1.415299,-0.002971,1.413342,-0.002971,-6.495492,0
2026-07-02 16:36:16.754642,2.095474,-6.526581,1.415299,-0.002971,1.418524,-0.002971,-6.526581,0
2026-07-02 16:36:16.754642,2.097814,-6.557671,1.415299,-0.002971,1.413342,-0.002971,-6.557671,0
2026-07-02 16:36:16.759748,2.100153,-6.593943,1.415299,-0.002971,1.418524,-0.002971,-6.593943,0
2026-07-02 16:36:16.759748,2.102499,-6.619851,1.415299,-0.002971,1.413342,-0.002971,-6.619851,0
2026-07-02 16:36:16.764776,2.104810,-6.650941,1.415299,-0.002971,1.418524,-0.002971,-6.650941,0
2026-07-02 16:36:16.764776,2.107130,-6.692394,1.415299,-0.002971,1.413342,-0.002971,-6.692394,0
2026-07-02 16:36:16.764776,2.109421,-6.723484,1.410120,-0.002971,1.418524,-0.002971,-6.723484,0
2026-07-02 16:36:16.764776,2.111658,-6.749393,1.420479,-0.002971,1.418524,-0.002971,-6.749393,0
2026-07-02 16:36:16.764776,2.113919,-6.790846,1.420479,-0.002971,1.413342,-0.002971,-6.790846,0
2026-07-02 16:36:16.774858,2.116147,-6.827117,1.415299,-0.002971,1.413342,-0.002971,-6.827117,0
2026-07-02 16:36:16.774858,2.118486,-6.868571,1.415299,-0.002971,1.418524,-0.002971,-6.868571,0
2026-07-02 16:36:16.774858,2.121015,-6.894479,1.415299,-0.002971,1.413342,-0.002971,-6.894479,0
2026-07-02 16:36:16.774858,2.123264,-6.930751,1.410120,-0.002971,1.413342,-0.002971,-6.930751,0
2026-07-02 16:36:16.784993,2.125656,-6.961841,1.415299,-0.002971,1.413342,-0.002971,-6.961841,0
2026-07-02 16:36:16.784993,2.127850,-6.992930,1.415299,-0.002971,1.418524,-0.002971,-6.992930,0
2026-07-02 16:36:16.784993,2.130177,-7.034384,1.415299,-0.002971,1.418524,-0.002971,-7.034384,0
2026-07-02 16:36:16.784993,2.132606,-7.065474,1.415299,0.002211,1.418524,0.002211,-7.065474,0
2026-07-02 16:36:16.795325,2.135062,-7.101746,1.415299,-0.002971,1.413342,-0.002971,-7.101746,0
2026-07-02 16:36:16.795325,2.137778,-7.153562,1.415299,-0.002971,1.413342,-0.002971,-7.153562,0
2026-07-02 16:36:16.795325,2.140250,-7.184652,1.415299,-0.002971,1.413342,-0.002971,-7.184652,0
2026-07-02 16:36:16.795325,2.142646,-7.220923,1.415299,-0.002971,1.413342,-0.002971,-7.220923,0
2026-07-02 16:36:16.805388,2.145050,-7.246832,1.420479,-0.002971,1.413342,-0.002971,-7.246832,0
2026-07-02 16:36:16.805388,2.147761,-7.288285,1.415299,-0.002971,1.418524,-0.002971,-7.288285,0
2026-07-02 16:36:16.805388,2.150015,-7.319375,1.415299,-0.002971,1.418524,-0.002971,-7.319375,0
2026-07-02 16:36:16.805388,2.152501,-7.360828,1.415299,-0.002971,1.413342,-0.002971,-7.360828,0
2026-07-02 16:36:16.805388,2.154920,-7.391918,1.415299,-0.002971,1.413342,-0.002971,-7.391918,0
2026-07-02 16:36:16.815529,2.157317,-7.428190,1.415299,-0.002971,1.418524,-0.002971,-7.428190,0
2026-07-02 16:36:16.815529,2.159958,-7.469644,1.415299,-0.002971,1.418524,-0.002971,-7.469644,0
2026-07-02 16:36:16.815529,2.162222,-7.495552,1.415299,0.002211,1.418524,0.002211,-7.495552,0
2026-07-02 16:36:16.815529,2.164692,-7.537005,1.415299,-0.002971,1.413342,-0.002971,-7.537005,0
2026-07-02 16:36:16.825600,2.167087,-7.573277,1.415299,0.002211,1.418524,0.002211,-7.573277,0
2026-07-02 16:36:16.825600,2.169418,-7.599185,1.415299,0.002211,1.413342,0.002211,-7.599185,0
2026-07-02 16:36:16.825600,2.171841,-7.635456,1.415299,-0.002971,1.413342,-0.002971,-7.635456,0
2026-07-02 16:36:16.825600,2.174239,-7.671728,1.415299,-0.002971,1.413342,-0.002971,-7.671728,0
2026-07-02 16:36:16.835651,2.176638,-7.702818,1.415299,-0.002971,1.413342,-0.002971,-7.702818,0
2026-07-02 16:36:16.835651,2.179195,-7.744271,1.415299,0.002211,1.413342,0.002211,-7.744271,0
2026-07-02 16:36:16.835651,2.181637,-7.770180,1.415299,-0.002971,1.413342,-0.002971,-7.770180,0
2026-07-02 16:36:16.835651,2.184019,-7.821996,1.415299,0.007391,1.413342,0.007391,-7.821996,0
2026-07-02 16:36:16.845764,2.186411,-7.821996,1.415299,0.007391,1.413342,0.007391,-7.821996,0
2026-07-02 16:36:16.845764,2.188754,-7.847904,1.410120,0.012572,1.413342,0.012572,-7.847904,0
2026-07-02 16:36:16.845764,2.191195,-7.821996,1.415299,0.007391,1.413342,0.007391,-7.821996,0
2026-07-02 16:36:16.845764,2.193556,-7.785725,1.415299,0.007391,1.413342,0.007391,-7.785725,0
2026-07-02 16:36:16.858458,2.195717,-7.728726,1.415299,-0.002971,1.413342,-0.002971,-7.728726,0
2026-07-02 16:36:16.859965,2.200388,-7.630275,1.415299,-0.002971,1.413342,-0.002971,-7.630275,0
2026-07-02 16:36:16.862448,2.202822,-7.578458,1.415299,0.002211,1.413342,0.002211,-7.578458,0
2026-07-02 16:36:16.864183,2.205137,-7.531823,1.415299,0.007391,1.413342,0.007391,-7.531823,0
2026-07-02 16:36:16.864183,2.207507,-7.485188,1.410120,0.007391,1.418524,0.007391,-7.485188,0
2026-07-02 16:36:16.864183,2.209869,-7.423008,1.415299,0.007391,1.418524,0.007391,-7.423008,0
2026-07-02 16:36:16.870361,2.212219,-7.386737,1.415299,0.007391,1.418524,0.007391,-7.386737,0
2026-07-02 16:36:16.874523,2.214600,-7.329739,1.415299,0.007391,1.418524,0.007391,-7.329739,0
2026-07-02 16:36:16.874523,2.216841,-7.283103,1.415299,0.007391,1.418524,0.007391,-7.283103,0
2026-07-02 16:36:16.874523,2.219076,-7.236468,1.415299,0.007391,1.413342,0.007391,-7.236468,0
2026-07-02 16:36:16.874523,2.221350,-7.200197,1.415299,0.007391,1.413342,0.007391,-7.200197,0
2026-07-02 16:36:16.874523,2.223634,-7.143199,1.415299,0.002211,1.418524,0.002211,-7.143199,0
2026-07-02 16:36:16.884611,2.225993,-7.101746,1.415299,0.007391,1.418524,0.007391,-7.101746,0
2026-07-02 16:36:16.884611,2.228344,-7.049929,1.415299,0.002211,1.413342,0.002211,-7.049929,0
2026-07-02 16:36:16.884611,2.230780,-6.992930,1.415299,0.002211,1.413342,0.002211,-6.992930,0
2026-07-02 16:36:16.884611,2.233202,-6.946296,1.415299,0.012572,1.418524,0.012572,-6.946296,0
2026-07-02 16:36:16.894212,2.235596,-6.894479,1.415299,0.012572,1.418524,0.012572,-6.894479,0
2026-07-02 16:36:16.894212,2.237896,-6.858208,1.415299,0.007391,1.413342,0.007391,-6.858208,0
2026-07-02 16:36:16.894212,2.240271,-6.806391,1.415299,0.002211,1.413342,0.002211,-6.806391,0
2026-07-02 16:36:16.894212,2.242643,-6.754574,1.415299,0.007391,1.418524,0.007391,-6.754574,0
2026-07-02 16:36:16.904278,2.244999,-6.707939,1.415299,0.007391,1.413342,0.007391,-6.707939,0
2026-07-02 16:36:16.904278,2.247193,-6.661304,1.415299,0.007391,1.413342,0.007391,-6.661304,0
2026-07-02 16:36:16.904278,2.249517,-6.614670,1.415299,0.007391,1.413342,0.007391,-6.614670,0
2026-07-02 16:36:16.904278,2.251826,-6.562853,1.415299,0.007391,1.413342,0.007391,-6.562853,0
2026-07-02 16:36:16.914385,2.254122,-6.516218,1.415299,0.007391,1.413342,0.007391,-6.516218,0
2026-07-02 16:36:16.914385,2.257182,-6.454038,1.415299,0.007391,1.413342,0.007391,-6.454038,0
2026-07-02 16:36:16.914385,2.260850,-6.381495,1.415299,0.007391,1.413342,0.007391,-6.381495,0
2026-07-02 16:36:16.914385,2.263203,-6.324497,1.415299,0.007391,1.413342,0.007391,-6.324497,0
2026-07-02 16:36:16.924480,2.265703,-6.277862,1.415299,0.007391,1.413342,0.007391,-6.277862,0
2026-07-02 16:36:16.924480,2.268148,-6.231226,1.420479,0.007391,1.413342,0.007391,-6.231226,0
2026-07-02 16:36:16.924480,2.270536,-6.179410,1.415299,0.007391,1.418524,0.007391,-6.179410,0
2026-07-02 16:36:16.924480,2.272983,-6.132775,1.415299,0.007391,1.413342,0.007391,-6.132775,0
2026-07-02 16:36:16.934624,2.275355,-6.086140,1.415299,0.007391,1.418524,0.007391,-6.086140,0
2026-07-02 16:36:16.934624,2.277540,-6.034324,1.415299,0.007391,1.418524,0.007391,-6.034324,0
2026-07-02 16:36:16.934624,2.280021,-5.982507,1.415299,0.007391,1.418524,0.007391,-5.982507,0
2026-07-02 16:36:16.934624,2.282388,-5.935872,1.415299,0.007391,1.413342,0.007391,-5.935872,0
2026-07-02 16:36:16.944704,2.284733,-5.889237,1.415299,0.007391,1.418524,0.007391,-5.889237,0
2026-07-02 16:36:16.944704,2.287321,-5.837420,1.415299,0.007391,1.413342,0.007391,-5.837420,0
2026-07-02 16:36:16.944704,2.289691,-5.790786,1.410120,0.007391,1.413342,0.007391,-5.790786,0
2026-07-02 16:36:16.944704,2.292109,-5.733788,1.415299,0.007391,1.418524,0.007391,-5.733788,0
2026-07-02 16:36:16.954781,2.294575,-5.687152,1.415299,0.002211,1.413342,0.002211,-5.687152,0
2026-07-02 16:36:16.954781,2.296858,-5.640517,1.415299,0.007391,1.418524,0.007391,-5.640517,0
2026-07-02 16:36:16.954781,2.299119,-5.599064,1.415299,0.007391,1.418524,0.007391,-5.599064,0
2026-07-02 16:36:16.959893,2.301454,-5.547247,1.415299,0.007391,1.418524,0.007391,-5.547247,0
2026-07-02 16:36:16.959893,2.304202,-5.485068,1.415299,0.007391,1.418524,0.007391,-5.485068,0
2026-07-02 16:36:16.964941,2.306551,-5.433251,1.420479,0.007391,1.413342,0.007391,-5.433251,0
2026-07-02 16:36:16.964941,2.308921,-5.391798,1.415299,0.002211,1.413342,0.002211,-5.391798,0
2026-07-02 16:36:16.964941,2.311458,-5.334800,1.415299,0.007391,1.413342,0.007391,-5.334800,0
2026-07-02 16:36:16.972006,2.313864,-5.288165,1.415299,0.007391,1.418524,0.007391,-5.288165,0
2026-07-02 16:36:16.975028,2.316287,-5.241529,1.415299,0.007391,1.413342,0.007391,-5.241529,0
2026-07-02 16:36:16.975028,2.318491,-5.194895,1.410120,0.007391,1.413342,0.007391,-5.194895,0
2026-07-02 16:36:16.975028,2.321128,-5.137897,1.415299,0.007391,1.413342,0.007391,-5.137897,0
2026-07-02 16:36:16.975028,2.323611,-5.086080,1.410120,0.007391,1.418524,0.007391,-5.086080,0
2026-07-02 16:36:16.985113,2.325987,-5.044627,1.415299,0.007391,1.418524,0.007391,-5.044627,0
2026-07-02 16:36:16.985113,2.328325,-4.992810,1.415299,0.007391,1.413342,0.007391,-4.992810,0
2026-07-02 16:36:16.985113,2.330670,-4.940993,1.415299,0.007391,1.413342,0.007391,-4.940993,0
2026-07-02 16:36:16.985113,2.333062,-4.894359,1.420479,0.007391,1.418524,0.007391,-4.894359,0
2026-07-02 16:36:16.994750,2.335446,-4.837360,1.415299,0.007391,1.418524,0.007391,-4.837360,0
2026-07-02 16:36:16.994750,2.337676,-4.801089,1.415299,0.007391,1.413342,0.007391,-4.801089,0
2026-07-02 16:36:16.994750,2.339963,-4.738909,1.415299,0.007391,1.413342,0.007391,-4.738909,0
2026-07-02 16:36:16.994750,2.342273,-4.713000,1.415299,0.007391,1.413342,0.007391,-4.713000,0
2026-07-02 16:36:17.004817,2.344569,-4.650821,1.415299,0.007391,1.413342,0.007391,-4.650821,0
2026-07-02 16:36:17.004817,2.346942,-4.599004,1.415299,0.007391,1.413342,0.007391,-4.599004,0
2026-07-02 16:36:17.004817,2.349292,-4.567914,1.415299,0.007391,1.413342,0.007391,-4.567914,0
2026-07-02 16:36:17.004817,2.351593,-4.510916,1.415299,0.007391,1.418524,0.007391,-4.510916,0
2026-07-02 16:36:17.004817,2.353906,-4.464281,1.415299,0.007391,1.418524,0.007391,-4.464281,0
2026-07-02 16:36:17.014877,2.356270,-4.422828,1.415299,0.007391,1.413342,0.007391,-4.422828,0
2026-07-02 16:36:17.014877,2.358808,-4.371011,1.415299,0.012572,1.418524,0.012572,-4.371011,0
2026-07-02 16:36:17.014877,2.361170,-4.324376,1.415299,0.007391,1.418524,0.007391,-4.324376,0
2026-07-02 16:36:17.014877,2.363585,-4.267378,1.415299,0.007391,1.413342,0.007391,-4.267378,0
2026-07-02 16:36:17.025022,2.365936,-4.220743,1.415299,0.007391,1.413342,0.007391,-4.220743,0
2026-07-02 16:36:17.025022,2.368316,-4.174108,1.415299,0.007391,1.413342,0.007391,-4.174108,0
2026-07-02 16:36:17.025022,2.370807,-4.111928,1.415299,0.007391,1.418524,0.007391,-4.111928,0
2026-07-02 16:36:17.025022,2.373174,-4.070475,1.415299,0.007391,1.418524,0.007391,-4.070475,0
2026-07-02 16:36:17.035099,2.375552,-4.023839,1.415299,0.007391,1.418524,0.007391,-4.023839,0
2026-07-02 16:36:17.035099,2.379040,-3.940933,1.415299,0.007391,1.413342,0.007391,-3.940933,0
2026-07-02 16:36:17.035099,2.381240,-3.909843,1.415299,0.007391,1.413342,0.007391,-3.909843,0
2026-07-02 16:36:17.035099,2.383434,-3.868390,1.415299,0.007391,1.413342,0.007391,-3.868390,0
2026-07-02 16:36:17.045205,2.385674,-3.816573,1.410120,0.007391,1.418524,0.007391,-3.816573,0
2026-07-02 16:36:17.045205,2.387944,-3.769938,1.415299,0.007391,1.413342,0.007391,-3.769938,0
2026-07-02 16:36:17.045205,2.390321,-3.728485,1.415299,0.007391,1.418524,0.007391,-3.728485,0
2026-07-02 16:36:17.045205,2.392691,-3.676669,1.420479,0.007391,1.413342,0.007391,-3.676669,0
2026-07-02 16:36:17.055298,2.395045,-3.630033,1.415299,0.007391,1.418524,0.007391,-3.630033,0
2026-07-02 16:36:17.055298,2.397423,-3.578217,1.415299,0.007391,1.413342,0.007391,-3.578217,0
2026-07-02 16:36:17.059857,2.399810,-3.526401,1.415299,0.007391,1.413342,0.007391,-3.526401,0
2026-07-02 16:36:17.059857,2.402157,-3.495310,1.415299,0.007391,1.413342,0.007391,-3.495310,0
2026-07-02 16:36:17.059857,2.404519,-3.433131,1.415299,0.007391,1.413342,0.007391,-3.433131,0
2026-07-02 16:36:17.065388,2.406891,-3.391677,1.415299,0.007391,1.413342,0.007391,-3.391677,0
2026-07-02 16:36:17.065388,2.409246,-3.345042,1.415299,0.007391,1.418524,0.007391,-3.345042,0
2026-07-02 16:36:17.065388,2.411676,-3.293226,1.415299,0.007391,1.418524,0.007391,-3.293226,0
2026-07-02 16:36:17.065388,2.414160,-3.241409,1.415299,0.007391,1.413342,0.007391,-3.241409,0
2026-07-02 16:36:17.075453,2.416562,-3.199956,1.415299,0.007391,1.418524,0.007391,-3.199956,0
2026-07-02 16:36:17.075453,2.418962,-3.153321,1.415299,0.007391,1.413342,0.007391,-3.153321,0
2026-07-02 16:36:17.075453,2.421278,-3.101504,1.415299,0.002211,1.413342,0.002211,-3.101504,0
2026-07-02 16:36:17.075453,2.423630,-3.070415,1.415299,0.007391,1.413342,0.007391,-3.070415,0
2026-07-02 16:36:17.085592,2.426005,-3.008235,1.415299,0.007391,1.413342,0.007391,-3.008235,0
2026-07-02 16:36:17.085592,2.428312,-2.966781,1.415299,0.007391,1.418524,0.007391,-2.966781,0
2026-07-02 16:36:17.085592,2.430804,-2.909783,1.415299,0.007391,1.418524,0.007391,-2.909783,0
2026-07-02 16:36:17.085592,2.433167,-2.868330,1.415299,0.007391,1.418524,0.007391,-2.868330,0
2026-07-02 16:36:17.095201,2.435560,-2.821695,1.415299,0.007391,1.418524,0.007391,-2.821695,0
2026-07-02 16:36:17.095201,2.437889,-2.775060,1.415299,0.007391,1.418524,0.007391,-2.775060,0
2026-07-02 16:36:17.095201,2.440264,-2.728425,1.410120,0.007391,1.413342,0.007391,-2.728425,0
2026-07-02 16:36:17.095201,2.442610,-2.676608,1.415299,0.007391,1.418524,0.007391,-2.676608,0
2026-07-02 16:36:17.105248,2.444940,-2.629973,1.415299,0.007391,1.413342,0.007391,-2.629973,0
2026-07-02 16:36:17.105248,2.452152,-2.484887,1.415299,0.007391,1.413342,0.007391,-2.484887,0
2026-07-02 16:36:17.105248,2.454499,-2.433070,1.415299,0.007391,1.413342,0.007391,-2.433070,0
2026-07-02 16:36:17.115371,2.456849,-2.386436,1.415299,0.007391,1.418524,0.007391,-2.386436,0
2026-07-02 16:36:17.115371,2.459295,-2.339801,1.415299,0.007391,1.418524,0.007391,-2.339801,0
2026-07-02 16:36:17.115371,2.461675,-2.287984,1.415299,0.007391,1.418524,0.007391,-2.287984,0
2026-07-02 16:36:17.115371,2.463992,-2.241349,1.415299,0.007391,1.418524,0.007391,-2.241349,0
2026-07-02 16:36:17.125425,2.466313,-2.194714,1.415299,0.007391,1.418524,0.007391,-2.194714,0
2026-07-02 16:36:17.125425,2.468588,-2.153260,1.415299,0.007391,1.413342,0.007391,-2.153260,0
2026-07-02 16:36:17.125425,2.471217,-2.091081,1.415299,0.007391,1.413342,0.007391,-2.091081,0
2026-07-02 16:36:17.125425,2.473755,-2.049627,1.415299,0.007391,1.413342,0.007391,-2.049627,0
2026-07-02 16:36:17.135530,2.476165,-1.997811,1.415299,0.007391,1.413342,0.007391,-1.997811,0
2026-07-02 16:36:17.135530,2.483301,-1.852724,1.415299,0.007391,1.413342,0.007391,-1.852724,0
2026-07-02 16:36:17.145677,2.485572,-1.816453,1.415299,0.007391,1.413342,0.007391,-1.816453,0
2026-07-02 16:36:17.145677,2.488634,-1.759455,1.415299,0.007391,1.413342,0.007391,-1.759455,0
2026-07-02 16:36:17.145677,2.490969,-1.702456,1.415299,0.007391,1.413342,0.007391,-1.702456,0
2026-07-02 16:36:17.145677,2.493364,-1.661003,1.415299,0.002211,1.413342,0.002211,-1.661003,0
2026-07-02 16:36:17.155772,2.496181,-1.598823,1.415299,0.007391,1.418524,0.007391,-1.598823,0
2026-07-02 16:36:17.155772,2.498529,-1.557370,1.415299,0.007391,1.413342,0.007391,-1.557370,0
2026-07-02 16:36:17.159821,2.500873,-1.515917,1.415299,0.007391,1.413342,0.007391,-1.515917,0
2026-07-02 16:36:17.159821,2.503274,-1.453736,1.415299,0.007391,1.413342,0.007391,-1.453736,0
2026-07-02 16:36:17.165856,2.505602,-1.417465,1.415299,0.007391,1.418524,0.007391,-1.417465,0
2026-07-02 16:36:17.165856,2.509942,-1.329377,1.410120,0.007391,1.413342,0.007391,-1.329377,0
2026-07-02 16:36:17.165856,2.512768,-1.262015,1.415299,0.007391,1.413342,0.007391,-1.262015,0
2026-07-02 16:36:17.165856,2.515133,-1.215381,1.415299,0.007391,1.413342,0.007391,-1.215381,0
2026-07-02 16:36:17.176007,2.517500,-1.163564,1.415299,0.007391,1.418524,0.007391,-1.163564,0
2026-07-02 16:36:17.176007,2.519914,-1.116929,1.415299,0.007391,1.418524,0.007391,-1.116929,0
2026-07-02 16:36:17.176007,2.522286,-1.070293,1.415299,0.007391,1.413342,0.007391,-1.070293,0
2026-07-02 16:36:17.176007,2.524688,-1.028840,1.415299,0.007391,1.413342,0.007391,-1.028840,0
2026-07-02 16:36:17.186100,2.527086,-0.966660,1.415299,0.007391,1.413342,0.007391,-0.966660,0
2026-07-02 16:36:17.186100,2.529530,-0.935571,1.415299,0.007391,1.418524,0.007391,-0.935571,0
2026-07-02 16:36:17.186100,2.531777,-0.873391,1.415299,0.007391,1.418524,0.007391,-0.873391,0
2026-07-02 16:36:17.186100,2.534091,-0.831938,1.415299,0.007391,1.413342,0.007391,-0.831938,0
2026-07-02 16:36:17.195687,2.536492,-0.774940,1.415299,0.007391,1.413342,0.007391,-0.774940,0
2026-07-02 16:36:17.195687,2.541565,-0.676488,1.415299,0.007391,1.413342,0.007391,-0.676488,0
2026-07-02 16:36:17.195687,2.543873,-0.624671,1.415299,0.007391,1.413342,0.007391,-0.624671,0
2026-07-02 16:36:17.205828,2.546265,-0.583218,1.415299,0.007391,1.418524,0.007391,-0.583218,0
2026-07-02 16:36:17.205828,2.548649,-0.526219,1.415299,0.007391,1.418524,0.007391,-0.526219,0
2026-07-02 16:36:17.205828,2.551064,-0.474403,1.415299,0.007391,1.413342,0.007391,-0.474403,0
2026-07-02 16:36:17.205828,2.553455,-0.438131,1.415299,0.007391,1.413342,0.007391,-0.438131,0
2026-07-02 16:36:17.215876,2.555913,-0.386314,1.415299,0.007391,1.413342,0.007391,-0.386314,0
2026-07-02 16:36:17.215876,2.558630,-0.329316,1.415299,0.007391,1.418524,0.007391,-0.329316,0
2026-07-02 16:36:17.225990,2.562804,-0.246410,1.415299,0.012572,1.413342,0.012572,-0.246410,0
2026-07-02 16:36:17.225990,2.571049,-0.085778,1.415299,0.007391,1.413342,0.007391,-0.085778,0
2026-07-02 16:36:17.225990,2.575465,-0.002872,1.415299,0.007391,1.413342,0.007391,-0.002872,0
2026-07-02 16:36:17.236136,2.577831,0.059308,1.415299,0.007391,1.413342,0.007391,0.059308,0
2026-07-02 16:36:17.236136,2.580325,0.105943,1.415299,0.007391,1.418524,0.007391,0.105943,0
2026-07-02 16:36:17.236136,2.582609,0.142215,1.415299,0.007391,1.418524,0.007391,0.142215,0
2026-07-02 16:36:17.236136,2.584943,0.199213,1.415299,0.007391,1.413342,0.007391,0.199213,0
2026-07-02 16:36:17.246176,2.587860,0.251029,1.415299,0.007391,1.413342,0.007391,0.251029,0
2026-07-02 16:36:17.246176,2.590219,0.313210,1.415299,0.007391,1.418524,0.007391,0.313210,0
2026-07-02 16:36:17.246176,2.592522,0.354663,1.415299,0.007391,1.413342,0.007391,0.354663,0
2026-07-02 16:36:17.246176,2.594902,0.406479,1.415299,0.007391,1.418524,0.007391,0.406479,0
2026-07-02 16:36:17.256247,2.597363,0.458296,1.415299,0.007391,1.413342,0.007391,0.458296,0
2026-07-02 16:36:17.259921,2.601716,0.541203,1.415299,0.007391,1.413342,0.007391,0.541203,0
2026-07-02 16:36:17.259921,2.604478,0.598201,1.415299,0.007391,1.413342,0.007391,0.598201,0
2026-07-02 16:36:17.266454,2.606941,0.650017,1.420479,0.007391,1.413342,0.007391,0.650017,0
2026-07-02 16:36:17.266454,2.609577,0.691470,1.415299,0.007391,1.413342,0.007391,0.691470,0
2026-07-02 16:36:17.266454,2.611822,0.727742,1.410120,0.007391,1.413342,0.007391,0.727742,0
2026-07-02 16:36:17.266454,2.614057,0.779558,1.415299,0.007391,1.418524,0.007391,0.779558,0
2026-07-02 16:36:17.276527,2.616377,0.821012,1.415299,0.007391,1.413342,0.007391,0.821012,0
2026-07-02 16:36:17.276527,2.619100,0.878010,1.415299,0.007391,1.418524,0.007391,0.878010,0
2026-07-02 16:36:17.276527,2.621409,0.935008,1.415299,0.007391,1.418524,0.007391,0.935008,0
2026-07-02 16:36:17.276527,2.623741,0.986825,1.415299,0.007391,1.413342,0.007391,0.986825,0
2026-07-02 16:36:17.276527,2.626134,1.023097,1.415299,0.007391,1.413342,0.007391,1.023097,0
2026-07-02 16:36:17.286585,2.631518,1.131911,1.415299,0.007391,1.413342,0.007391,1.131911,0
2026-07-02 16:36:17.286585,2.634025,1.188910,1.415299,0.007391,1.418524,0.007391,1.188910,0
2026-07-02 16:36:17.296210,2.636290,1.230363,1.415299,0.007391,1.413342,0.007391,1.230363,0
2026-07-02 16:36:17.296210,2.638616,1.276998,1.415299,0.002211,1.418524,0.002211,1.276998,0
2026-07-02 16:36:17.296210,2.640888,1.318451,1.415299,0.002211,1.413342,0.002211,1.318451,0
2026-07-02 16:36:17.296210,2.643136,1.365087,1.415299,0.007391,1.413342,0.007391,1.365087,0
2026-07-02 16:36:17.306250,2.645487,1.422085,1.415299,0.007391,1.413342,0.007391,1.422085,0
2026-07-02 16:36:17.306250,2.649667,1.499809,1.415299,0.007391,1.413342,0.007391,1.499809,0
2026-07-02 16:36:17.306250,2.652070,1.551626,1.415299,0.007391,1.413342,0.007391,1.551626,0
2026-07-02 16:36:17.306250,2.654553,1.603442,1.420479,0.007391,1.413342,0.007391,1.603442,0
2026-07-02 16:36:17.316390,2.656848,1.650078,1.415299,0.007391,1.413342,0.007391,1.650078,0
2026-07-02 16:36:17.316390,2.660357,1.707076,1.415299,0.007391,1.418524,0.007391,1.707076,0
2026-07-02 16:36:17.316390,2.663826,1.795164,1.415299,0.007391,1.413342,0.007391,1.795164,0
2026-07-02 16:36:17.316390,2.666109,1.841799,1.415299,0.007391,1.413342,0.007391,1.841799,0
2026-07-02 16:36:17.326542,2.668636,1.898797,1.420479,0.007391,1.413342,0.007391,1.898797,0
2026-07-02 16:36:17.326542,2.671153,1.929887,1.415299,0.007391,1.418524,0.007391,1.929887,0
2026-07-02 16:36:17.326542,2.673514,1.976522,1.415299,0.007391,1.413342,0.007391,1.976522,0
2026-07-02 16:36:17.326542,2.676285,2.043883,1.415299,0.002211,1.418524,0.002211,2.043883,1
2026-07-02 16:36:17.336711,2.678565,2.090519,1.410120,0.007391,1.413342,0.007391,2.090519,0
2026-07-02 16:36:17.344860,2.685712,2.230423,1.420479,0.007391,1.413342,0.007391,2.230423,0
2026-07-02 16:36:17.346897,2.687915,2.277059,1.415299,0.007391,1.413342,0.007391,2.277059,0
2026-07-02 16:36:17.346897,2.691679,2.354783,1.415299,0.007391,1.413342,0.007391,2.354783,0
2026-07-02 16:36:17.357827,2.694698,2.406600,1.415299,0.007391,1.418524,0.007391,2.406600,0
2026-07-02 16:36:17.359858,2.699867,2.505052,1.415299,0.007391,1.413342,0.007391,2.505052,0
2026-07-02 16:36:17.359858,2.702638,2.556868,1.415299,0.007391,1.413342,0.007391,2.556868,0
2026-07-02 16:36:17.359858,2.705423,2.629411,1.415299,0.007391,1.413342,0.007391,2.629411,0
2026-07-02 16:36:17.367407,2.707770,2.660501,1.415299,0.007391,1.413342,0.007391,2.660501,0
2026-07-02 16:36:17.369418,2.710208,2.717500,1.415299,0.002211,1.418524,0.002211,2.717500,0
2026-07-02 16:36:17.369418,2.712959,2.774498,1.415299,0.007391,1.413342,0.007391,2.774498,0
2026-07-02 16:36:17.369418,2.715416,2.815950,1.415299,0.007391,1.418524,0.007391,2.815950,0
2026-07-02 16:36:17.380486,2.717740,2.862586,1.415299,0.007391,1.418524,0.007391,2.862586,0
2026-07-02 16:36:17.380486,2.725500,3.002491,1.415299,-0.002971,1.413342,-0.002971,3.002491,0
2026-07-02 16:36:17.387502,2.728193,3.054307,1.415299,-0.002971,1.413342,-0.002971,3.054307,0
2026-07-02 16:36:17.387502,2.731068,3.095760,1.415299,-0.008152,1.413342,-0.008152,3.095760,0
2026-07-02 16:36:17.395559,2.733667,3.121669,1.415299,-0.002971,1.413342,-0.002971,3.121669,0
2026-07-02 16:36:17.396966,2.737710,3.168303,1.420479,-0.002971,1.413342,-0.002971,3.168303,0
2026-07-02 16:36:17.396966,2.739956,3.189031,1.415299,-0.002971,1.413342,-0.002971,3.189031,0
2026-07-02 16:36:17.400519,2.742306,3.209757,1.415299,0.007391,1.413342,0.007391,3.209757,0
2026-07-02 16:36:17.400519,2.744549,3.230484,1.415299,0.007391,1.418524,0.007391,3.230484,0
2026-07-02 16:36:17.406046,2.746890,3.251210,1.420479,0.002211,1.418524,0.002211,3.251210,0
2026-07-02 16:36:17.406046,2.751016,3.266755,1.415299,0.007391,1.413342,0.007391,3.266755,0
2026-07-02 16:36:17.406046,2.753329,3.282300,1.415299,0.007391,1.413342,0.007391,3.282300,0
2026-07-02 16:36:17.406046,2.755678,3.287482,1.415299,0.007391,1.413342,0.007391,3.287482,0
2026-07-02 16:36:17.416234,2.757898,3.297845,1.410120,0.007391,1.413342,0.007391,3.297845,0
2026-07-02 16:36:17.426293,2.767417,3.323753,1.415299,0.007391,1.418524,0.007391,3.323753,0
2026-07-02 16:36:17.426293,2.769845,3.334117,1.415299,0.007391,1.413342,0.007391,3.334117,0
2026-07-02 16:36:17.426293,2.772365,3.323753,1.415299,0.007391,1.413342,0.007391,3.323753,0
2026-07-02 16:36:17.426293,2.774749,3.334117,1.415299,0.002211,1.418524,0.002211,3.334117,0
2026-07-02 16:36:17.436416,2.777126,3.334117,1.415299,0.007391,1.418524,0.007391,3.334117,0
2026-07-02 16:36:17.436416,2.779556,3.334117,1.415299,0.007391,1.413342,0.007391,3.334117,0
2026-07-02 16:36:17.436416,2.781970,3.328935,1.415299,0.007391,1.413342,0.007391,3.328935,0
2026-07-02 16:36:17.436416,2.784362,3.339298,1.415299,0.007391,1.413342,0.007391,3.339298,0
2026-07-02 16:36:17.446582,2.786741,3.354843,1.415299,0.007391,1.418524,0.007391,3.354843,0
2026-07-02 16:36:17.446582,2.789857,3.354843,1.415299,0.007391,1.413342,0.007391,3.354843,0
2026-07-02 16:36:17.451637,2.792308,3.344481,1.415299,0.007391,1.418524,0.007391,3.344481,0
2026-07-02 16:36:17.451637,2.794722,3.349662,1.415299,0.002211,1.413342,0.002211,3.349662,0
2026-07-02 16:36:17.456674,2.797227,3.349662,1.415299,0.007391,1.413342,0.007391,3.349662,0
2026-07-02 16:36:17.459788,2.799589,3.354843,1.415299,0.007391,1.418524,0.007391,3.354843,0
2026-07-02 16:36:17.459788,2.801928,3.354843,1.415299,0.007391,1.413342,0.007391,3.354843,0
2026-07-02 16:36:17.459788,2.804234,3.349662,1.415299,0.007391,1.418524,0.007391,3.349662,0
2026-07-02 16:36:17.466822,2.806648,3.354843,1.415299,0.007391,1.418524,0.007391,3.354843,0
2026-07-02 16:36:17.466822,2.809038,3.365207,1.415299,0.002211,1.413342,0.002211,3.365207,0
2026-07-02 16:36:17.466822,2.811537,3.370388,1.415299,0.007391,1.413342,0.007391,3.370388,0
2026-07-02 16:36:17.466822,2.814063,3.365207,1.415299,0.007391,1.418524,0.007391,3.365207,0
2026-07-02 16:36:17.476941,2.816672,3.370388,1.415299,0.007391,1.413342,0.007391,3.370388,0
2026-07-02 16:36:17.476941,2.819163,3.365207,1.415299,0.007391,1.418524,0.007391,3.365207,0
2026-07-02 16:36:17.476941,2.821607,3.365207,1.415299,0.007391,1.413342,0.007391,3.365207,0
2026-07-02 16:36:17.476941,2.824019,3.370388,1.410120,0.007391,1.413342,0.007391,3.370388,0
2026-07-02 16:36:17.476941,2.826434,3.370388,1.415299,0.007391,1.418524,0.007391,3.370388,0
2026-07-02 16:36:17.487032,2.828833,3.375570,1.415299,0.007391,1.418524,0.007391,3.375570,0
2026-07-02 16:36:17.487032,2.831642,3.370388,1.410120,0.007391,1.418524,0.007391,3.370388,0
2026-07-02 16:36:17.487032,2.834085,3.375570,1.415299,0.007391,1.413342,0.007391,3.375570,0
2026-07-02 16:36:17.487032,2.836597,3.370388,1.415299,0.007391,1.418524,0.007391,3.370388,0
2026-07-02 16:36:17.497585,2.839113,3.370388,1.415299,0.002211,1.418524,0.002211,3.370388,0
2026-07-02 16:36:17.497585,2.841489,3.375570,1.415299,0.007391,1.413342,0.007391,3.375570,0
2026-07-02 16:36:17.497585,2.843794,3.370388,1.415299,0.007391,1.418524,0.007391,3.370388,0
2026-07-02 16:36:17.497585,2.846192,3.370388,1.415299,0.007391,1.418524,0.007391,3.370388,0
2026-07-02 16:36:17.507701,2.848589,3.370388,1.415299,0.007391,1.413342,0.007391,3.370388,0
2026-07-02 16:36:17.507701,2.850994,3.370388,1.415299,0.007391,1.413342,0.007391,3.370388,0
2026-07-02 16:36:17.507701,2.853376,3.365207,1.415299,0.007391,1.418524,0.007391,3.365207,0
2026-07-02 16:36:17.507701,2.855868,3.370388,1.420479,0.007391,1.413342,0.007391,3.370388,0
2026-07-02 16:36:17.517820,2.858253,3.370388,1.415299,0.007391,1.418524,0.007391,3.370388,0
2026-07-02 16:36:17.517820,2.860527,3.370388,1.415299,0.007391,1.413342,0.007391,3.370388,0
2026-07-02 16:36:17.517820,2.862747,3.370388,1.415299,0.007391,1.418524,0.007391,3.370388,0
2026-07-02 16:36:17.517820,2.864972,3.370388,1.415299,0.007391,1.418524,0.007391,3.370388,0
2026-07-02 16:36:17.517820,2.867194,3.370388,1.415299,0.002211,1.418524,0.002211,3.370388,0
2026-07-02 16:36:17.527885,2.869420,3.375570,1.415299,0.007391,1.418524,0.007391,3.375570,0
2026-07-02 16:36:17.527885,2.874204,3.370388,1.415299,0.007391,1.413342,0.007391,3.370388,0
2026-07-02 16:36:17.538011,2.877670,3.365207,1.415299,0.002211,1.418524,0.002211,3.365207,0
2026-07-02 16:36:17.538011,2.880113,3.365207,1.415299,0.007391,1.413342,0.007391,3.365207,0
2026-07-02 16:36:17.542591,2.882413,3.370388,1.415299,0.007391,1.418524,0.007391,3.370388,0
2026-07-02 16:36:17.543653,2.884804,3.370388,1.415299,0.007391,1.418524,0.007391,3.370388,0
2026-07-02 16:36:17.543653,2.887080,3.370388,1.415299,0.007391,1.418524,0.007391,3.370388,0
2026-07-02 16:36:17.548187,2.889380,3.365207,1.415299,0.007391,1.413342,0.007391,3.365207,0
2026-07-02 16:36:17.548187,2.891841,3.365207,1.415299,0.012572,1.418524,0.012572,3.365207,0
2026-07-02 16:36:17.548187,2.894126,3.375570,1.415299,0.007391,1.418524,0.007391,3.375570,0
2026-07-02 16:36:17.548187,2.896408,3.370388,1.415299,0.007391,1.418524,0.007391,3.370388,0
2026-07-02 16:36:17.559792,2.898660,3.370388,1.415299,0.007391,1.413342,0.007391,3.370388,0
2026-07-02 16:36:17.559792,2.901979,3.375570,1.415299,0.007391,1.413342,0.007391,3.375570,0
2026-07-02 16:36:17.559792,2.906326,3.375570,1.415299,0.007391,1.413342,0.007391,3.375570,0
2026-07-02 16:36:17.568331,2.908577,3.370388,1.415299,0.002211,1.418524,0.002211,3.370388,0
2026-07-02 16:36:17.578438,2.914009,3.365207,1.415299,0.007391,1.418524,0.007391,3.365207,0
2026-07-02 16:36:17.578438,2.920484,3.375570,1.415299,0.007391,1.418524,0.007391,3.375570,0
2026-07-02 16:36:17.578438,2.926455,3.365207,1.415299,0.007391,1.413342,0.007391,3.365207,0
2026-07-02 16:36:17.588538,2.928768,3.365207,1.415299,0.007391,1.413342,0.007391,3.365207,0
2026-07-02 16:36:17.588538,2.931390,3.375570,1.415299,0.007391,1.413342,0.007391,3.375570,0
2026-07-02 16:36:17.588538,2.933798,3.365207,1.415299,0.007391,1.418524,0.007391,3.365207,0
2026-07-02 16:36:17.588538,2.936284,3.370388,1.415299,0.007391,1.418524,0.007391,3.370388,0
2026-07-02 16:36:17.598192,2.938674,3.370388,1.410120,0.007391,1.413342,0.007391,3.370388,0
2026-07-02 16:36:17.598192,2.941155,3.375570,1.415299,0.007391,1.418524,0.007391,3.375570,0
2026-07-02 16:36:17.598192,2.943513,3.375570,1.415299,0.007391,1.413342,0.007391,3.375570,0
2026-07-02 16:36:17.598192,2.946451,3.370388,1.415299,0.007391,1.418524,0.007391,3.370388,0
2026-07-02 16:36:17.608258,2.948856,3.370388,1.415299,0.007391,1.413342,0.007391,3.370388,0
2026-07-02 16:36:17.608258,2.951261,3.365207,1.415299,0.007391,1.413342,0.007391,3.365207,0
2026-07-02 16:36:17.608258,2.953804,3.365207,1.415299,0.007391,1.418524,0.007391,3.365207,0
2026-07-02 16:36:17.608258,2.956171,3.370388,1.415299,0.007391,1.413342,0.007391,3.370388,0
2026-07-02 16:36:17.619359,2.958646,3.365207,1.420479,0.007391,1.418524,0.007391,3.365207,0
2026-07-02 16:36:17.624784,2.962837,3.375570,1.415299,0.007391,1.418524,0.007391,3.375570,0
2026-07-02 16:36:17.629587,2.968545,3.370388,1.415299,0.007391,1.413342,0.007391,3.370388,0
2026-07-02 16:36:17.632682,2.971722,3.370388,1.415299,0.007391,1.413342,0.007391,3.370388,0
2026-07-02 16:36:17.639051,2.976414,3.375570,1.415299,0.007391,1.418524,0.007391,3.375570,0
2026-07-02 16:36:17.640651,2.981297,3.370388,1.415299,0.007391,1.418524,0.007391,3.370388,0
2026-07-02 16:36:17.643769,2.983807,3.375570,1.415299,0.007391,1.413342,0.007391,3.375570,0
2026-07-02 16:36:17.644446,2.986078,3.370388,1.415299,0.007391,1.418524,0.007391,3.370388,0
2026-07-02 16:36:17.649479,2.989369,3.375570,1.415299,0.007391,1.413342,0.007391,3.375570,0
2026-07-02 16:36:17.649479,2.996625,3.365207,1.415299,0.007391,1.418524,0.007391,3.365207,0
2026-07-02 16:36:17.649479,2.999028,3.365207,1.415299,0.002211,1.413342,0.002211,3.365207,0
2026-07-02 16:36:17.660125,3.001308,3.375570,1.415299,0.007391,1.413342,0.007391,3.375570,0
2026-07-02 16:36:17.660125,3.003637,3.375570,1.415299,0.007391,1.413342,0.007391,3.375570,0
2026-07-02 16:36:17.660125,3.006054,3.370388,1.415299,0.007391,1.413342,0.007391,3.370388,0
2026-07-02 16:36:17.660125,3.008350,3.370388,1.415299,0.007391,1.418524,0.007391,3.370388,0
2026-07-02 16:36:17.670237,3.010611,3.375570,1.415299,0.007391,1.418524,0.007391,3.375570,0
2026-07-02 16:36:17.670237,3.013423,3.375570,1.415299,0.007391,1.418524,0.007391,3.375570,0
2026-07-02 16:36:17.670237,3.015664,3.375570,1.415299,0.007391,1.413342,0.007391,3.375570,0
2026-07-02 16:36:17.670237,3.017939,3.375570,1.415299,0.007391,1.413342,0.007391,3.375570,0
2026-07-02 16:36:17.680434,3.020388,3.370388,1.415299,0.007391,1.413342,0.007391,3.370388,0
2026-07-02 16:36:17.680434,3.025674,3.370388,1.415299,0.007391,1.413342,0.007391,3.370388,0
2026-07-02 16:36:17.680434,3.028246,3.370388,1.415299,0.007391,1.418524,0.007391,3.370388,0
2026-07-02 16:36:17.690578,3.030555,3.375570,1.415299,0.007391,1.418524,0.007391,3.375570,0
2026-07-02 16:36:17.690578,3.032900,3.370388,1.415299,0.007391,1.413342,0.007391,3.370388,0
2026-07-02 16:36:17.690578,3.035195,3.375570,1.415299,0.007391,1.413342,0.007391,3.375570,0
2026-07-02 16:36:17.690578,3.038035,3.375570,1.415299,0.007391,1.413342,0.007391,3.375570,0
2026-07-02 16:36:17.699143,3.040333,3.375570,1.415299,0.007391,1.413342,0.007391,3.375570,0
2026-07-02 16:36:17.700898,3.042696,3.375570,1.415299,0.007391,1.413342,0.007391,3.375570,0
2026-07-02 16:36:17.700898,3.048672,3.375570,1.415299,0.007391,1.413342,0.007391,3.375570,0
2026-07-02 16:36:17.710968,3.050952,3.370388,1.415299,0.007391,1.418524,0.007391,3.370388,0
2026-07-02 16:36:17.710968,3.056602,3.370388,1.415299,0.007391,1.418524,0.007391,3.370388,0
2026-07-02 16:36:17.710968,3.058998,3.370388,1.415299,0.007391,1.413342,0.007391,3.370388,0
2026-07-02 16:36:17.721123,3.061307,3.375570,1.415299,0.007391,1.418524,0.007391,3.375570,0
2026-07-02 16:36:17.721123,3.063641,3.375570,1.415299,0.007391,1.418524,0.007391,3.375570,0
2026-07-02 16:36:17.721123,3.066123,3.375570,1.415299,0.007391,1.413342,0.007391,3.375570,0
2026-07-02 16:36:17.721123,3.068396,3.375570,1.415299,0.007391,1.413342,0.007391,3.375570,0
2026-07-02 16:36:17.731180,3.071354,3.380752,1.415299,0.007391,1.413342,0.007391,3.380752,0
2026-07-02 16:36:17.731180,3.073948,3.375570,1.415299,0.002211,1.413342,0.002211,3.375570,0
2026-07-02 16:36:17.731180,3.076276,3.370388,1.415299,0.007391,1.413342,0.007391,3.370388,0
2026-07-02 16:36:17.731180,3.078554,3.375570,1.415299,0.007391,1.413342,0.007391,3.375570,0
2026-07-02 16:36:17.731180,3.080939,3.370388,1.415299,0.007391,1.418524,0.007391,3.370388,0
2026-07-02 16:36:17.741288,3.086429,3.375570,1.415299,0.007391,1.413342,0.007391,3.375570,0
2026-07-02 16:36:17.741288,3.090865,3.375570,1.415299,0.007391,1.413342,0.007391,3.375570,0
2026-07-02 16:36:17.751721,3.093151,3.375570,1.415299,0.007391,1.418524,0.007391,3.375570,0
2026-07-02 16:36:17.751721,3.095888,3.370388,1.415299,0.007391,1.413342,0.007391,3.370388,0
2026-07-02 16:36:17.751721,3.098228,3.375570,1.420479,0.007391,1.418524,0.007391,3.375570,0
2026-07-02 16:36:17.760281,3.100563,3.375570,1.410120,0.012572,1.418524,0.012572,3.375570,0
2026-07-02 16:36:17.762053,3.102845,3.370388,1.415299,0.007391,1.413342,0.007391,3.370388,0
2026-07-02 16:36:17.762053,3.105397,3.370388,1.415299,0.007391,1.413342,0.007391,3.370388,0
2026-07-02 16:36:17.762053,3.107717,3.370388,1.415299,0.007391,1.413342,0.007391,3.370388,0
2026-07-02 16:36:17.762053,3.110042,3.375570,1.415299,0.007391,1.413342,0.007391,3.375570,0
2026-07-02 16:36:17.772205,3.112858,3.370388,1.415299,0.007391,1.418524,0.007391,3.370388,0
2026-07-02 16:36:17.772205,3.117145,3.370388,1.415299,0.007391,1.413342,0.007391,3.370388,0
2026-07-02 16:36:17.772205,3.119703,3.375570,1.415299,0.007391,1.413342,0.007391,3.375570,0
2026-07-02 16:36:17.782335,3.122074,3.370388,1.415299,0.007391,1.418524,0.007391,3.370388,0
2026-07-02 16:36:17.782335,3.124471,3.375570,1.415299,0.007391,1.413342,0.007391,3.375570,0
2026-07-02 16:36:17.782335,3.126710,3.375570,1.415299,0.007391,1.418524,0.007391,3.375570,0
2026-07-02 16:36:17.782335,3.129935,3.375570,1.415299,0.007391,1.413342,0.007391,3.375570,0
2026-07-02 16:36:17.792411,3.132268,3.370388,1.415299,0.007391,1.413342,0.007391,3.370388,0
2026-07-02 16:36:17.792411,3.134941,3.375570,1.410120,0.007391,1.413342,0.007391,3.375570,0
2026-07-02 16:36:17.792411,3.137324,3.370388,1.415299,0.007391,1.418524,0.007391,3.370388,0
2026-07-02 16:36:17.799544,3.139619,3.370388,1.415299,0.007391,1.413342,0.007391,3.370388,0
2026-07-02 16:36:17.799544,3.141943,3.370388,1.415299,0.007391,1.413342,0.007391,3.370388,0
2026-07-02 16:36:17.802576,3.144218,3.375570,1.415299,0.007391,1.413342,0.007391,3.375570,0
2026-07-02 16:36:17.802576,3.148767,3.370388,1.415299,0.007391,1.418524,0.007391,3.370388,0
2026-07-02 16:36:17.802576,3.151149,3.375570,1.415299,0.007391,1.418524,0.007391,3.375570,0
2026-07-02 16:36:17.812664,3.153447,3.375570,1.415299,0.007391,1.413342,0.007391,3.375570,0
2026-07-02 16:36:17.812664,3.155820,3.370388,1.415299,0.007391,1.418524,0.007391,3.370388,0
2026-07-02 16:36:17.812664,3.158125,3.365207,1.415299,0.007391,1.413342,0.007391,3.365207,0
2026-07-02 16:36:17.812664,3.160418,3.370388,1.415299,0.007391,1.413342,0.007391,3.370388,0
2026-07-02 16:36:17.822757,3.162964,3.370388,1.415299,0.007391,1.413342,0.007391,3.370388,0
2026-07-02 16:36:17.822757,3.165326,3.370388,1.415299,0.007391,1.418524,0.007391,3.370388,0
2026-07-02 16:36:17.822757,3.167630,3.375570,1.415299,0.012572,1.413342,0.012572,3.375570,0
2026-07-02 16:36:17.822757,3.169887,3.370388,1.415299,0.007391,1.413342,0.007391,3.370388,0
2026-07-02 16:36:17.822757,3.172196,3.375570,1.415299,0.007391,1.418524,0.007391,3.375570,0
2026-07-02 16:36:17.832927,3.174495,3.375570,1.415299,0.007391,1.413342,0.007391,3.375570,0
2026-07-02 16:36:17.832927,3.179410,3.375570,1.415299,0.007391,1.413342,0.007391,3.375570,0
2026-07-02 16:36:17.832927,3.181730,3.375570,1.415299,0.007391,1.413342,0.007391,3.375570,0
2026-07-02 16:36:17.842989,3.184053,3.375570,1.415299,0.007391,1.418524,0.007391,3.375570,0
2026-07-02 16:36:17.842989,3.186364,3.375570,1.415299,0.007391,1.413342,0.007391,3.375570,0
2026-07-02 16:36:17.842989,3.188808,3.375570,1.415299,0.007391,1.418524,0.007391,3.375570,0
2026-07-02 16:36:17.842989,3.191082,3.370388,1.415299,0.007391,1.418524,0.007391,3.370388,0
2026-07-02 16:36:17.853069,3.193379,3.375570,1.415299,0.007391,1.413342,0.007391,3.375570,0
2026-07-02 16:36:17.853069,3.196269,3.375570,1.415299,0.007391,1.413342,0.007391,3.375570,0
2026-07-02 16:36:17.853069,3.198552,3.370388,1.410120,0.007391,1.413342,0.007391,3.370388,0
2026-07-02 16:36:17.860209,3.200853,3.375570,1.415299,0.007391,1.418524,0.007391,3.375570,0
2026-07-02 16:36:17.863239,3.203116,3.370388,1.415299,0.007391,1.418524,0.007391,3.370388,0
2026-07-02 16:36:17.863239,3.207906,3.370388,1.415299,0.007391,1.413342,0.007391,3.370388,0
2026-07-02 16:36:17.863239,3.210737,3.375570,1.415299,0.007391,1.418524,0.007391,3.375570,0
2026-07-02 16:36:17.873299,3.213167,3.370388,1.415299,0.007391,1.413342,0.007391,3.370388,0
2026-07-02 16:36:17.873299,3.215555,3.375570,1.415299,0.007391,1.413342,0.007391,3.375570,0
2026-07-02 16:36:17.873299,3.217857,3.375570,1.415299,0.007391,1.413342,0.007391,3.375570,0
2026-07-02 16:36:17.873299,3.220145,3.370388,1.415299,0.007391,1.413342,0.007391,3.370388,0
2026-07-02 16:36:17.873299,3.222479,3.370388,1.415299,0.007391,1.418524,0.007391,3.370388,0
2026-07-02 16:36:17.883376,3.224785,3.370388,1.415299,0.007391,1.418524,0.007391,3.370388,0
2026-07-02 16:36:17.883376,3.227086,3.375570,1.415299,0.007391,1.418524,0.007391,3.375570,0
2026-07-02 16:36:17.883376,3.229853,3.375570,1.415299,0.007391,1.413342,0.007391,3.375570,0
2026-07-02 16:36:17.883376,3.232205,3.375570,1.415299,0.007391,1.418524,0.007391,3.375570,0
2026-07-02 16:36:17.893499,3.234557,3.370388,1.415299,0.007391,1.413342,0.007391,3.370388,0
2026-07-02 16:36:17.900073,3.240328,3.375570,1.415299,0.007391,1.413342,0.007391,3.375570,0
2026-07-02 16:36:17.900073,3.242686,3.375570,1.415299,0.007391,1.413342,0.007391,3.375570,0
2026-07-02 16:36:17.903624,3.244997,3.370388,1.415299,0.007391,1.413342,0.007391,3.370388,0
2026-07-02 16:36:17.903624,3.247344,3.370388,1.415299,0.002211,1.418524,0.002211,3.370388,0
2026-07-02 16:36:17.903624,3.249650,3.375570,1.415299,0.007391,1.413342,0.007391,3.375570,0
2026-07-02 16:36:17.903624,3.251925,3.375570,1.415299,0.007391,1.413342,0.007391,3.375570,0
2026-07-02 16:36:17.916138,3.254693,3.370388,1.415299,0.007391,1.413342,0.007391,3.370388,0
2026-07-02 16:36:17.916138,3.258915,3.365207,1.415299,0.007391,1.418524,0.007391,3.365207,0
2026-07-02 16:36:17.921094,3.261237,3.375570,1.415299,0.007391,1.413342,0.007391,3.375570,0
2026-07-02 16:36:17.922105,3.263609,3.375570,1.415299,0.007391,1.413342,0.007391,3.375570,0
2026-07-02 16:36:17.922105,3.267778,3.375570,1.415299,0.007391,1.413342,0.007391,3.375570,0
2026-07-02 16:36:17.929115,3.270057,3.375570,1.415299,0.007391,1.413342,0.007391,3.375570,0
2026-07-02 16:36:17.932343,3.272410,3.370388,1.415299,0.007391,1.413342,0.007391,3.370388,0
2026-07-02 16:36:17.932343,3.278591,3.370388,1.415299,0.007391,1.413342,0.007391,3.370388,0
2026-07-02 16:36:17.932343,3.281101,3.370388,1.415299,0.007391,1.418524,0.007391,3.370388,0
2026-07-02 16:36:17.942643,3.283430,3.375570,1.415299,0.007391,1.413342,0.007391,3.375570,0
2026-07-02 16:36:17.942643,3.285721,3.375570,1.415299,0.007391,1.413342,0.007391,3.375570,0
2026-07-02 16:36:17.942643,3.289369,3.370388,1.415299,0.007391,1.413342,0.007391,3.370388,0
2026-07-02 16:36:17.942643,3.292418,3.375570,1.415299,0.007391,1.413342,0.007391,3.375570,0
2026-07-02 16:36:17.952834,3.294905,3.370388,1.415299,0.007391,1.418524,0.007391,3.370388,0
2026-07-02 16:36:17.952834,3.297132,3.370388,1.415299,0.007391,1.413342,0.007391,3.370388,0
2026-07-02 16:36:17.952834,3.299384,3.370388,1.415299,0.007391,1.413342,0.007391,3.370388,0
2026-07-02 16:36:17.960438,3.301666,3.370388,1.415299,0.007391,1.413342,0.007391,3.370388,0
2026-07-02 16:36:17.962970,3.304408,3.370388,1.415299,0.007391,1.413342,0.007391,3.370388,0
2026-07-02 16:36:17.962970,3.308120,3.375570,1.415299,0.007391,1.418524,0.007391,3.375570,0
2026-07-02 16:36:17.962970,3.310979,3.375570,1.415299,0.007391,1.413342,0.007391,3.375570,0
2026-07-02 16:36:17.973061,3.313636,3.375570,1.415299,0.007391,1.413342,0.007391,3.375570,0
2026-07-02 16:36:17.973061,3.315948,3.375570,1.415299,0.007391,1.413342,0.007391,3.375570,0
2026-07-02 16:36:17.973061,3.318250,3.370388,1.415299,0.007391,1.418524,0.007391,3.370388,0
2026-07-02 16:36:17.973061,3.321159,3.375570,1.415299,0.007391,1.413342,0.007391,3.375570,0
2026-07-02 16:36:17.983200,3.323427,3.375570,1.415299,0.007391,1.418524,0.007391,3.375570,0
2026-07-02 16:36:17.983200,3.325623,3.370388,1.415299,0.007391,1.418524,0.007391,3.370388,0
2026-07-02 16:36:17.986267,3.327864,3.375570,1.415299,0.007391,1.413342,0.007391,3.375570,0
2026-07-02 16:36:17.986267,3.330367,3.375570,1.415299,0.002211,1.413342,0.002211,3.375570,0
2026-07-02 16:36:17.986267,3.332652,3.370388,1.415299,0.007391,1.418524,0.007391,3.370388,0
2026-07-02 16:36:17.993306,3.334914,3.370388,1.415299,0.007391,1.413342,0.007391,3.370388,0
2026-07-02 16:36:17.993306,3.339285,3.370388,1.415299,0.007391,1.418524,0.007391,3.370388,0
2026-07-02 16:36:18.003440,3.342115,3.370388,1.415299,0.007391,1.418524,0.007391,3.370388,0
2026-07-02 16:36:18.003440,3.348333,3.370388,1.415299,0.007391,1.413342,0.007391,3.370388,0
2026-07-02 16:36:18.003440,3.352005,3.370388,1.415299,0.007391,1.413342,0.007391,3.370388,0
2026-07-02 16:36:18.013582,3.354571,3.370388,1.415299,0.007391,1.418524,0.007391,3.370388,0
2026-07-02 16:36:18.013582,3.356878,3.375570,1.415299,0.007391,1.418524,0.007391,3.375570,0
2026-07-02 16:36:18.013582,3.359308,3.370388,1.415299,0.007391,1.418524,0.007391,3.370388,0
2026-07-02 16:36:18.013582,3.361569,3.375570,1.415299,0.007391,1.418524,0.007391,3.375570,0
2026-07-02 16:36:18.023659,3.363991,3.375570,1.415299,0.007391,1.418524,0.007391,3.375570,0
2026-07-02 16:36:18.023659,3.368494,3.375570,1.415299,0.007391,1.413342,0.007391,3.375570,0
2026-07-02 16:36:18.023659,3.371294,3.375570,1.415299,0.007391,1.413342,0.007391,3.375570,0
2026-07-02 16:36:18.033765,3.373587,3.375570,1.415299,0.007391,1.413342,0.007391,3.375570,0
2026-07-02 16:36:18.033765,3.376686,3.375570,1.420479,0.007391,1.413342,0.007391,3.375570,0
2026-07-02 16:36:18.033765,3.383034,3.375570,1.415299,0.007391,1.413342,0.007391,3.375570,0
2026-07-02 16:36:18.043914,3.385318,3.375570,1.415299,0.007391,1.413342,0.007391,3.375570,0
2026-07-02 16:36:18.043914,3.387971,3.375570,1.415299,0.007391,1.413342,0.007391,3.375570,0
2026-07-02 16:36:18.043914,3.390336,3.375570,1.415299,0.007391,1.413342,0.007391,3.375570,0
2026-07-02 16:36:18.043914,3.392753,3.370388,1.410120,0.007391,1.413342,0.007391,3.370388,0
2026-07-02 16:36:18.054162,3.395016,3.370388,1.415299,0.007391,1.413342,0.007391,3.370388,0
2026-07-02 16:36:18.054162,3.399832,3.370388,1.415299,0.007391,1.418524,0.007391,3.370388,0
2026-07-02 16:36:18.060725,3.402243,3.375570,1.415299,0.007391,1.418524,0.007391,3.375570,0
2026-07-02 16:36:18.064246,3.404505,3.375570,1.415299,0.007391,1.418524,0.007391,3.375570,0
2026-07-02 16:36:18.064246,3.406692,3.370388,1.415299,0.007391,1.413342,0.007391,3.370388,0
2026-07-02 16:36:18.064246,3.408943,3.375570,1.415299,0.007391,1.413342,0.007391,3.375570,0
2026-07-02 16:36:18.064246,3.411186,3.375570,1.415299,0.007391,1.413342,0.007391,3.375570,0
2026-07-02 16:36:18.064246,3.413450,3.365207,1.415299,0.007391,1.413342,0.007391,3.365207,0
2026-07-02 16:36:18.074403,3.415751,3.370388,1.415299,0.007391,1.413342,0.007391,3.370388,0
2026-07-02 16:36:18.074403,3.418043,3.375570,1.415299,0.007391,1.413342,0.007391,3.375570,0
2026-07-02 16:36:18.074403,3.420295,3.375570,1.415299,0.007391,1.418524,0.007391,3.375570,0
2026-07-02 16:36:18.074403,3.422644,3.375570,1.415299,0.007391,1.418524,0.007391,3.375570,0
2026-07-02 16:36:18.084475,3.424920,3.370388,1.415299,0.007391,1.413342,0.007391,3.370388,0
2026-07-02 16:36:18.084475,3.428180,3.370388,1.415299,0.007391,1.413342,0.007391,3.370388,0
2026-07-02 16:36:18.084475,3.431207,3.375570,1.415299,0.007391,1.418524,0.007391,3.375570,0
2026-07-02 16:36:18.084475,3.433539,3.370388,1.415299,0.007391,1.418524,0.007391,3.370388,0
2026-07-02 16:36:18.094540,3.435830,3.370388,1.415299,0.007391,1.418524,0.007391,3.370388,0
2026-07-02 16:36:18.094540,3.438239,3.375570,1.415299,0.007391,1.418524,0.007391,3.375570,0
2026-07-02 16:36:18.100665,3.440588,3.370388,1.415299,0.007391,1.413342,0.007391,3.370388,0
2026-07-02 16:36:18.100665,3.443023,3.375570,1.415299,0.007391,1.413342,0.007391,3.375570,0
2026-07-02 16:36:18.104734,3.445327,3.365207,1.415299,0.007391,1.413342,0.007391,3.365207,0
2026-07-02 16:36:18.104734,3.448344,3.370388,1.415299,0.007391,1.413342,0.007391,3.370388,0
2026-07-02 16:36:18.104734,3.450643,3.375570,1.415299,0.007391,1.413342,0.007391,3.375570,0
2026-07-02 16:36:18.104734,3.452886,3.370388,1.415299,0.007391,1.413342,0.007391,3.370388,0
2026-07-02 16:36:18.114785,3.455160,3.375570,1.415299,0.007391,1.413342,0.007391,3.375570,0
2026-07-02 16:36:18.114785,3.459657,3.375570,1.415299,0.007391,1.418524,0.007391,3.375570,0
2026-07-02 16:36:18.114785,3.462130,3.370388,1.415299,0.007391,1.413342,0.007391,3.370388,0
2026-07-02 16:36:18.124876,3.464745,3.375570,1.415299,0.007391,1.413342,0.007391,3.375570,0
2026-07-02 16:36:18.124876,3.467292,3.375570,1.415299,0.007391,1.418524,0.007391,3.375570,0
2026-07-02 16:36:18.124876,3.469576,3.375570,1.415299,0.007391,1.413342,0.007391,3.375570,0
2026-07-02 16:36:18.124876,3.471969,3.375570,1.415299,0.007391,1.413342,0.007391,3.375570,0
2026-07-02 16:36:18.124876,3.474273,3.370388,1.415299,0.007391,1.413342,0.007391,3.370388,0
2026-07-02 16:36:18.135032,3.476542,3.375570,1.415299,0.007391,1.418524,0.007391,3.375570,0
2026-07-02 16:36:18.135032,3.479506,3.375570,1.415299,0.007391,1.413342,0.007391,3.375570,0
2026-07-02 16:36:18.135032,3.481821,3.370388,1.415299,0.007391,1.418524,0.007391,3.370388,0
2026-07-02 16:36:18.135032,3.484163,3.375570,1.415299,0.007391,1.413342,0.007391,3.375570,0
2026-07-02 16:36:18.145135,3.486411,3.375570,1.415299,0.007391,1.413342,0.007391,3.375570,0
2026-07-02 16:36:18.145135,3.492242,3.380752,1.415299,0.007391,1.413342,0.007391,3.380752,0
2026-07-02 16:36:18.145135,3.494552,3.375570,1.415299,0.007391,1.418524,0.007391,3.375570,0
2026-07-02 16:36:18.155257,3.497063,3.375570,1.415299,0.007391,1.413342,0.007391,3.375570,0
2026-07-02 16:36:18.155257,3.499398,3.380752,1.415299,0.007391,1.418524,0.007391,3.380752,0
2026-07-02 16:36:18.160886,3.501704,3.375570,1.415299,0.007391,1.418524,0.007391,3.375570,0
2026-07-02 16:36:18.160886,3.504609,3.380752,1.415299,0.007391,1.418524,0.007391,3.380752,0
2026-07-02 16:36:18.165464,3.506931,3.375570,1.415299,0.007391,1.413342,0.007391,3.375570,0
2026-07-02 16:36:18.165464,3.509231,3.380752,1.415299,0.007391,1.413342,0.007391,3.380752,0
2026-07-02 16:36:18.165464,3.511523,3.375570,1.415299,0.007391,1.413342,0.007391,3.375570,0
2026-07-02 16:36:18.165464,3.513875,3.380752,1.415299,0.007391,1.413342,0.007391,3.380752,0
2026-07-02 16:36:18.175512,3.516175,3.375570,1.415299,0.007391,1.413342,0.007391,3.375570,0
2026-07-02 16:36:18.175512,3.518539,3.375570,1.415299,0.007391,1.413342,0.007391,3.375570,0
2026-07-02 16:36:18.175512,3.521147,3.375570,1.415299,0.007391,1.418524,0.007391,3.375570,0
2026-07-02 16:36:18.175512,3.523507,3.375570,1.415299,0.007391,1.418524,0.007391,3.375570,0
2026-07-02 16:36:18.185588,3.525764,3.375570,1.415299,0.007391,1.418524,0.007391,3.375570,0
2026-07-02 16:36:18.185588,3.528765,3.380752,1.415299,0.007391,1.418524,0.007391,3.380752,0
2026-07-02 16:36:18.185588,3.531617,3.380752,1.415299,0.007391,1.413342,0.007391,3.380752,0
2026-07-02 16:36:18.185588,3.533891,3.375570,1.415299,0.007391,1.413342,0.007391,3.375570,0
2026-07-02 16:36:18.195754,3.536146,3.380752,1.415299,0.007391,1.413342,0.007391,3.380752,0
2026-07-02 16:36:18.201333,3.540651,3.370388,1.415299,0.007391,1.413342,0.007391,3.370388,0
2026-07-02 16:36:18.201333,3.543925,3.380752,1.415299,0.007391,1.413342,0.007391,3.380752,0
2026-07-02 16:36:18.205869,3.546265,3.380752,1.415299,0.007391,1.413342,0.007391,3.380752,0
2026-07-02 16:36:18.205869,3.548629,3.375570,1.415299,0.007391,1.413342,0.007391,3.375570,0
2026-07-02 16:36:18.205869,3.551046,3.380752,1.415299,0.007391,1.418524,0.007391,3.380752,0
2026-07-02 16:36:18.205869,3.553319,3.375570,1.415299,0.007391,1.413342,0.007391,3.375570,0
2026-07-02 16:36:18.215943,3.555739,3.375570,1.415299,0.007391,1.413342,0.007391,3.375570,0
2026-07-02 16:36:18.215943,3.558308,3.380752,1.415299,0.007391,1.418524,0.007391,3.380752,0
2026-07-02 16:36:18.215943,3.560609,3.375570,1.410120,0.007391,1.413342,0.007391,3.375570,0
2026-07-02 16:36:18.215943,3.562929,3.375570,1.415299,0.007391,1.418524,0.007391,3.375570,0
2026-07-02 16:36:18.215943,3.565220,3.380752,1.415299,0.007391,1.418524,0.007391,3.380752,0
2026-07-02 16:36:18.226079,3.567602,3.380752,1.415299,0.007391,1.418524,0.007391,3.380752,0
2026-07-02 16:36:18.226079,3.571363,3.380752,1.415299,0.007391,1.413342,0.007391,3.380752,0
2026-07-02 16:36:18.226079,3.573843,3.370388,1.415299,0.007391,1.418524,0.007391,3.370388,0
2026-07-02 16:36:18.236172,3.576105,3.380752,1.415299,0.007391,1.418524,0.007391,3.380752,0
2026-07-02 16:36:18.236172,3.578713,3.380752,1.415299,0.007391,1.413342,0.007391,3.380752,0
2026-07-02 16:36:18.236172,3.581554,3.370388,1.415299,0.007391,1.413342,0.007391,3.370388,0
2026-07-02 16:36:18.236172,3.583874,3.375570,1.415299,0.007391,1.413342,0.007391,3.375570,0
2026-07-02 16:36:18.246247,3.586148,3.380752,1.415299,0.007391,1.418524,0.007391,3.380752,0
2026-07-02 16:36:18.246247,3.588719,3.380752,1.415299,0.007391,1.413342,0.007391,3.380752,0
2026-07-02 16:36:18.246247,3.590974,3.375570,1.415299,0.007391,1.413342,0.007391,3.375570,0
2026-07-02 16:36:18.246247,3.593297,3.375570,1.415299,0.007391,1.418524,0.007391,3.375570,0
2026-07-02 16:36:18.256413,3.596128,3.375570,1.415299,0.007391,1.413342,0.007391,3.375570,0
2026-07-02 16:36:18.260972,3.601096,3.380752,1.415299,0.007391,1.413342,0.007391,3.380752,0
2026-07-02 16:36:18.266502,3.607129,3.375570,1.415299,0.007391,1.413342,0.007391,3.375570,0
2026-07-02 16:36:18.266502,3.614796,3.375570,1.415299,0.007391,1.413342,0.007391,3.375570,0
2026-07-02 16:36:18.276676,3.617157,3.370388,1.415299,0.007391,1.413342,0.007391,3.370388,0
2026-07-02 16:36:18.276676,3.619446,3.375570,1.415299,0.007391,1.418524,0.007391,3.375570,0
2026-07-02 16:36:18.276676,3.621703,3.375570,1.415299,0.007391,1.413342,0.007391,3.375570,0
2026-07-02 16:36:18.276676,3.624003,3.380752,1.415299,0.007391,1.413342,0.007391,3.380752,0
2026-07-02 16:36:18.276676,3.626264,3.375570,1.415299,0.007391,1.418524,0.007391,3.375570,0
2026-07-02 16:36:18.286829,3.628512,3.380752,1.415299,0.007391,1.418524,0.007391,3.380752,0
2026-07-02 16:36:18.296911,3.637897,3.375570,1.415299,0.007391,1.413342,0.007391,3.375570,0
2026-07-02 16:36:18.296911,3.640204,3.380752,1.415299,0.007391,1.413342,0.007391,3.380752,0
2026-07-02 16:36:18.301967,3.642502,3.370388,1.415299,0.002211,1.413342,0.002211,3.370388,0
2026-07-02 16:36:18.301967,3.644822,3.375570,1.415299,0.007391,1.413342,0.007391,3.375570,0
2026-07-02 16:36:18.307049,3.647148,3.380752,1.415299,0.007391,1.418524,0.007391,3.380752,0
2026-07-02 16:36:18.307049,3.649517,3.380752,1.415299,0.007391,1.418524,0.007391,3.380752,0
2026-07-02 16:36:18.307049,3.651790,3.375570,1.415299,0.007391,1.413342,0.007391,3.375570,0
2026-07-02 16:36:18.307049,3.654530,3.375570,1.415299,0.007391,1.413342,0.007391,3.375570,0
2026-07-02 16:36:18.317149,3.656829,3.375570,1.415299,0.007391,1.418524,0.007391,3.375570,0
2026-07-02 16:36:18.317149,3.662807,3.380752,1.415299,0.007391,1.418524,0.007391,3.380752,0
2026-07-02 16:36:18.317149,3.665111,3.380752,1.415299,0.007391,1.413342,0.007391,3.380752,0
2026-07-02 16:36:18.327258,3.667434,3.375570,1.415299,0.007391,1.413342,0.007391,3.375570,0
2026-07-02 16:36:18.327258,3.669721,3.375570,1.415299,0.007391,1.418524,0.007391,3.375570,0
2026-07-02 16:36:18.327258,3.672246,3.375570,1.415299,0.007391,1.413342,0.007391,3.375570,0
2026-07-02 16:36:18.327258,3.674560,3.380752,1.415299,0.007391,1.413342,0.007391,3.380752,0
2026-07-02 16:36:18.337376,3.676845,3.375570,1.420479,0.007391,1.418524,0.007391,3.375570,0
2026-07-02 16:36:18.337376,3.679586,3.375570,1.415299,0.007391,1.413342,0.007391,3.375570,0
2026-07-02 16:36:18.337376,3.681867,3.380752,1.415299,0.007391,1.413342,0.007391,3.380752,0
2026-07-02 16:36:18.337376,3.684160,3.375570,1.415299,0.007391,1.418524,0.007391,3.375570,0
2026-07-02 16:36:18.337376,3.686466,3.380752,1.415299,0.007391,1.413342,0.007391,3.380752,0
2026-07-02 16:36:18.347533,3.688781,3.370388,1.415299,0.007391,1.413342,0.007391,3.370388,0
2026-07-02 16:36:18.347533,3.692720,3.380752,1.415299,0.007391,1.413342,0.007391,3.380752,0
2026-07-02 16:36:18.347533,3.695090,3.370388,1.415299,0.007391,1.413342,0.007391,3.370388,0
2026-07-02 16:36:18.357604,3.697484,3.375570,1.415299,0.007391,1.418524,0.007391,3.375570,0
2026-07-02 16:36:18.357604,3.699721,3.375570,1.415299,0.007391,1.413342,0.007391,3.375570,0
2026-07-02 16:36:18.361166,3.701954,3.375570,1.415299,0.007391,1.413342,0.007391,3.375570,0
2026-07-02 16:36:18.361166,3.704634,3.380752,1.415299,0.007391,1.413342,0.007391,3.380752,0
2026-07-02 16:36:18.361166,3.706958,3.375570,1.415299,0.007391,1.413342,0.007391,3.375570,0
2026-07-02 16:36:18.368718,3.709294,3.375570,1.415299,0.007391,1.413342,0.007391,3.375570,0
2026-07-02 16:36:18.368718,3.711596,3.380752,1.415299,0.007391,1.413342,0.007391,3.380752,0
2026-07-02 16:36:18.368718,3.713931,3.380752,1.415299,0.007391,1.413342,0.007391,3.380752,0
2026-07-02 16:36:18.368718,3.716225,3.380752,1.415299,0.007391,1.418524,0.007391,3.380752,0
2026-07-02 16:36:18.377739,3.718491,3.375570,1.415299,0.007391,1.413342,0.007391,3.375570,0
2026-07-02 16:36:18.387928,3.724211,3.380752,1.415299,0.007391,1.413342,0.007391,3.380752,0
2026-07-02 16:36:18.387928,3.729973,3.380752,1.415299,0.007391,1.413342,0.007391,3.380752,0
2026-07-02 16:36:18.387928,3.732279,3.375570,1.415299,0.007391,1.413342,0.007391,3.375570,0
2026-07-02 16:36:18.387928,3.734615,3.375570,1.415299,0.007391,1.413342,0.007391,3.375570,0
2026-07-02 16:36:18.398013,3.736988,3.375570,1.415299,0.007391,1.413342,0.007391,3.375570,0
2026-07-02 16:36:18.398013,3.740495,3.370388,1.415299,0.007391,1.413342,0.007391,3.370388,0
2026-07-02 16:36:18.402700,3.742926,3.375570,1.415299,0.007391,1.413342,0.007391,3.375570,0
2026-07-02 16:36:18.405747,3.745252,3.375570,1.415299,0.007391,1.413342,0.007391,3.375570,0
2026-07-02 16:36:18.407780,3.747685,3.370388,1.415299,0.007391,1.413342,0.007391,3.370388,0
2026-07-02 16:36:18.407780,3.750018,3.380752,1.415299,0.007391,1.418524,0.007391,3.380752,0
2026-07-02 16:36:18.407780,3.752311,3.375570,1.415299,0.007391,1.413342,0.007391,3.375570,0
2026-07-02 16:36:18.407780,3.754517,3.375570,1.415299,0.007391,1.413342,0.007391,3.375570,0
2026-07-02 16:36:18.415865,3.756750,3.375570,1.415299,0.007391,1.418524,0.007391,3.375570,0
2026-07-02 16:36:18.417897,3.758997,3.375570,1.415299,0.007391,1.413342,0.007391,3.375570,0
2026-07-02 16:36:18.417897,3.761290,3.370388,1.415299,0.007391,1.418524,0.007391,3.370388,0
2026-07-02 16:36:18.417897,3.763583,3.380752,1.415299,0.007391,1.418524,0.007391,3.380752,0
2026-07-02 16:36:18.424980,3.765896,3.380752,1.415299,0.007391,1.413342,0.007391,3.380752,0
2026-07-02 16:36:18.428096,3.768256,3.380752,1.415299,0.007391,1.418524,0.007391,3.380752,0
2026-07-02 16:36:18.428096,3.770916,3.375570,1.415299,0.002211,1.418524,0.002211,3.375570,0
2026-07-02 16:36:18.428096,3.773145,3.380752,1.415299,0.007391,1.413342,0.007391,3.380752,0
2026-07-02 16:36:18.434691,3.775374,3.370388,1.410120,0.007391,1.413342,0.007391,3.370388,0
2026-07-02 16:36:18.434691,3.777588,3.370388,1.415299,0.007391,1.413342,0.007391,3.370388,0
2026-07-02 16:36:18.441039,3.782865,3.375570,1.415299,0.007391,1.413342,0.007391,3.375570,0
2026-07-02 16:36:18.446448,3.785870,3.375570,1.415299,0.007391,1.413342,0.007391,3.375570,0
2026-07-02 16:36:18.446448,3.789029,3.380752,1.415299,0.007391,1.413342,0.007391,3.380752,0
2026-07-02 16:36:18.446448,3.791509,3.380752,1.415299,0.007391,1.413342,0.007391,3.380752,0
2026-07-02 16:36:18.454280,3.793990,3.375570,1.415299,0.007391,1.418524,0.007391,3.375570,0
2026-07-02 16:36:18.454280,3.796272,3.375570,1.415299,0.007391,1.418524,0.007391,3.375570,0
2026-07-02 16:36:18.454280,3.798520,3.375570,1.415299,0.007391,1.413342,0.007391,3.375570,0
2026-07-02 16:36:18.459302,3.800791,3.375570,1.415299,0.007391,1.413342,0.007391,3.375570,0
2026-07-02 16:36:18.461504,3.803105,3.370388,1.415299,0.007391,1.413342,0.007391,3.370388,0
2026-07-02 16:36:18.464535,3.805421,3.375570,1.415299,0.007391,1.413342,0.007391,3.375570,0
2026-07-02 16:36:18.464535,3.807709,3.370388,1.415299,0.007391,1.413342,0.007391,3.370388,0
2026-07-02 16:36:18.464535,3.810048,3.380752,1.415299,0.007391,1.413342,0.007391,3.380752,0
2026-07-02 16:36:18.464535,3.812932,3.375570,1.415299,0.007391,1.418524,0.007391,3.375570,0
2026-07-02 16:36:18.474602,3.815312,3.375570,1.415299,0.007391,1.413342,0.007391,3.375570,0
2026-07-02 16:36:18.474602,3.817982,3.380752,1.415299,0.007391,1.413342,0.007391,3.380752,0
2026-07-02 16:36:18.474602,3.820403,3.375570,1.415299,0.007391,1.418524,0.007391,3.375570,0
2026-07-02 16:36:18.474602,3.822829,3.375570,1.415299,0.007391,1.413342,0.007391,3.375570,0
2026-07-02 16:36:18.484682,3.825221,3.375570,1.410120,0.007391,1.413342,0.007391,3.375570,0
2026-07-02 16:36:18.484682,3.827628,3.375570,1.415299,0.007391,1.418524,0.007391,3.375570,0
2026-07-02 16:36:18.484682,3.830098,3.380752,1.415299,0.007391,1.418524,0.007391,3.380752,0
2026-07-02 16:36:18.484682,3.832634,3.375570,1.415299,0.007391,1.418524,0.007391,3.375570,0
2026-07-02 16:36:18.494810,3.835138,3.375570,1.415299,0.007391,1.413342,0.007391,3.375570,0
2026-07-02 16:36:18.494810,3.837851,3.375570,1.415299,0.007391,1.413342,0.007391,3.375570,0
2026-07-02 16:36:18.494810,3.840364,3.375570,1.415299,0.007391,1.413342,0.007391,3.375570,0
2026-07-02 16:36:18.503397,3.842908,3.375570,1.415299,0.007391,1.418524,0.007391,3.375570,0
2026-07-02 16:36:18.505150,3.845602,3.375570,1.415299,0.007391,1.413342,0.007391,3.375570,0
2026-07-02 16:36:18.505150,3.848206,3.375570,1.415299,0.007391,1.413342,0.007391,3.375570,0
2026-07-02 16:36:18.505150,3.850602,3.380752,1.415299,0.007391,1.418524,0.007391,3.380752,0
2026-07-02 16:36:18.505150,3.853000,3.370388,1.415299,0.007391,1.413342,0.007391,3.370388,0
2026-07-02 16:36:18.515234,3.855431,3.375570,1.415299,0.007391,1.413342,0.007391,3.375570,0
2026-07-02 16:36:18.515234,3.857666,3.380752,1.415299,0.007391,1.413342,0.007391,3.380752,0
2026-07-02 16:36:18.515234,3.859992,3.375570,1.415299,0.007391,1.418524,0.007391,3.375570,0
2026-07-02 16:36:18.515234,3.862283,3.375570,1.415299,0.007391,1.413342,0.007391,3.375570,0
2026-07-02 16:36:18.515234,3.864610,3.370388,1.415299,0.007391,1.413342,0.007391,3.370388,0
2026-07-02 16:36:18.525354,3.866930,3.375570,1.415299,0.007391,1.413342,0.007391,3.375570,0
2026-07-02 16:36:18.525354,3.869248,3.375570,1.415299,0.007391,1.413342,0.007391,3.375570,0
2026-07-02 16:36:18.525354,3.871651,3.375570,1.415299,0.007391,1.413342,0.007391,3.375570,0
2026-07-02 16:36:18.525354,3.873872,3.375570,1.415299,0.007391,1.413342,0.007391,3.375570,0
2026-07-02 16:36:18.535428,3.876093,3.370388,1.415299,0.007391,1.418524,0.007391,3.370388,0
2026-07-02 16:36:18.535428,3.878407,3.375570,1.415299,0.007391,1.413342,0.007391,3.375570,0
2026-07-02 16:36:18.535428,3.880818,3.370388,1.415299,0.007391,1.418524,0.007391,3.370388,0
2026-07-02 16:36:18.535428,3.883103,3.375570,1.415299,0.007391,1.418524,0.007391,3.375570,0
2026-07-02 16:36:18.545258,3.885470,3.375570,1.415299,0.007391,1.413342,0.007391,3.375570,0
2026-07-02 16:36:18.545258,3.887739,3.370388,1.415299,0.007391,1.413342,0.007391,3.370388,0
2026-07-02 16:36:18.545258,3.890074,3.375570,1.415299,0.007391,1.413342,0.007391,3.375570,0
2026-07-02 16:36:18.545258,3.892305,3.380752,1.415299,0.007391,1.413342,0.007391,3.380752,0
2026-07-02 16:36:18.545258,3.894515,3.375570,1.415299,0.007391,1.413342,0.007391,3.375570,0
2026-07-02 16:36:18.555306,3.896727,3.380752,1.415299,0.007391,1.413342,0.007391,3.380752,0
2026-07-02 16:36:18.555306,3.898968,3.375570,1.415299,0.007391,1.418524,0.007391,3.375570,0
2026-07-02 16:36:18.561393,3.901196,3.370388,1.415299,0.007391,1.413342,0.007391,3.370388,0
2026-07-02 16:36:18.561393,3.903406,3.380752,1.415299,0.007391,1.413342,0.007391,3.380752,0
2026-07-02 16:36:18.565424,3.905643,3.375570,1.415299,0.007391,1.413342,0.007391,3.375570,0
2026-07-02 16:36:18.565424,3.907978,3.375570,1.415299,0.007391,1.413342,0.007391,3.375570,0
2026-07-02 16:36:18.565424,3.910300,3.375570,1.415299,0.007391,1.413342,0.007391,3.375570,0
2026-07-02 16:36:18.565424,3.912834,3.370388,1.415299,0.007391,1.418524,0.007391,3.370388,0
2026-07-02 16:36:18.575484,3.915179,3.375570,1.415299,0.007391,1.413342,0.007391,3.375570,0
2026-07-02 16:36:18.575484,3.917749,3.375570,1.415299,0.007391,1.413342,0.007391,3.375570,0
2026-07-02 16:36:18.575484,3.920056,3.375570,1.415299,0.007391,1.413342,0.007391,3.375570,0
2026-07-02 16:36:18.575484,3.922319,3.380752,1.410120,0.007391,1.418524,0.007391,3.380752,0
2026-07-02 16:36:18.575484,3.924552,3.380752,1.415299,0.007391,1.413342,0.007391,3.380752,0
2026-07-02 16:36:18.585640,3.926770,3.375570,1.415299,0.007391,1.413342,0.007391,3.375570,0
2026-07-02 16:36:18.585640,3.928970,3.375570,1.415299,0.007391,1.413342,0.007391,3.375570,0
2026-07-02 16:36:18.585640,3.931245,3.380752,1.415299,0.007391,1.418524,0.007391,3.380752,0
2026-07-02 16:36:18.585640,3.933765,3.370388,1.415299,0.007391,1.418524,0.007391,3.370388,0
2026-07-02 16:36:18.595732,3.936165,3.380752,1.415299,0.007391,1.418524,0.007391,3.380752,0
2026-07-02 16:36:18.595732,3.938961,3.375570,1.415299,0.002211,1.413342,0.002211,3.375570,0
2026-07-02 16:36:18.595732,3.941308,3.370388,1.415299,0.007391,1.418524,0.007391,3.370388,0
2026-07-02 16:36:18.603797,3.943772,3.375570,1.415299,0.007391,1.413342,0.007391,3.375570,0
2026-07-02 16:36:18.605835,3.946161,3.375570,1.415299,0.007391,1.413342,0.007391,3.375570,0
2026-07-02 16:36:18.605835,3.948473,3.375570,1.415299,0.007391,1.413342,0.007391,3.375570,0
2026-07-02 16:36:18.605835,3.950704,3.380752,1.415299,0.007391,1.418524,0.007391,3.380752,0
2026-07-02 16:36:18.605835,3.953061,3.375570,1.415299,0.007391,1.413342,0.007391,3.375570,0
2026-07-02 16:36:18.615888,3.955581,3.370388,1.415299,0.007391,1.413342,0.007391,3.370388,0
2026-07-02 16:36:18.615888,3.957932,3.375570,1.415299,0.007391,1.413342,0.007391,3.375570,0
2026-07-02 16:36:18.618953,3.960408,3.375570,1.415299,0.007391,1.418524,0.007391,3.375570,0
2026-07-02 16:36:18.618953,3.962585,3.375570,1.415299,0.007391,1.418524,0.007391,3.375570,0
2026-07-02 16:36:18.618953,3.964983,3.380752,1.415299,0.007391,1.413342,0.007391,3.380752,0
2026-07-02 16:36:18.626755,3.967351,3.375570,1.415299,0.007391,1.418524,0.007391,3.375570,0
2026-07-02 16:36:18.626755,3.969695,3.380752,1.415299,0.007391,1.413342,0.007391,3.380752,0
2026-07-02 16:36:18.626755,3.971974,3.380752,1.415299,0.007391,1.413342,0.007391,3.380752,0
2026-07-02 16:36:18.626755,3.974377,3.375570,1.415299,0.007391,1.413342,0.007391,3.375570,0
2026-07-02 16:36:18.636278,3.976773,3.380752,1.415299,0.007391,1.413342,0.007391,3.380752,0
2026-07-02 16:36:18.636278,3.979005,3.380752,1.415299,0.007391,1.418524,0.007391,3.380752,0
2026-07-02 16:36:18.636278,3.981392,3.380752,1.415299,0.007391,1.413342,0.007391,3.380752,0
2026-07-02 16:36:18.636278,3.983807,3.375570,1.415299,0.007391,1.413342,0.007391,3.375570,0
2026-07-02 16:36:18.646412,3.986231,3.380752,1.415299,0.007391,1.413342,0.007391,3.380752,0
2026-07-02 16:36:18.646412,3.988503,3.375570,1.415299,0.007391,1.413342,0.007391,3.375570,0
2026-07-02 16:36:18.646412,3.990916,3.380752,1.415299,0.007391,1.413342,0.007391,3.380752,0
2026-07-02 16:36:18.646412,3.993315,3.380752,1.415299,0.007391,1.418524,0.007391,3.380752,0
2026-07-02 16:36:18.646412,3.995543,3.375570,1.415299,0.007391,1.418524,0.007391,3.375570,0
2026-07-02 16:36:18.656484,3.997934,3.380752,1.415299,0.007391,1.413342,0.007391,3.380752,0
2026-07-02 16:36:18.656484,4.000212,3.375570,1.415299,0.007391,1.413342,0.007391,3.375570,0
2026-07-02 16:36:18.661555,4.002594,3.375570,1.415299,0.002211,1.413342,0.002211,3.375570,0
2026-07-02 16:36:18.663090,4.004962,3.380752,1.415299,0.007391,1.413342,0.007391,3.380752,0
2026-07-02 16:36:18.666676,4.007434,3.375570,1.415299,0.007391,1.418524,0.007391,3.375570,0
2026-07-02 16:36:18.666676,4.009736,3.375570,1.415299,0.007391,1.418524,0.007391,3.375570,0
2026-07-02 16:36:18.666676,4.012557,3.370388,1.410120,0.007391,1.418524,0.007391,3.370388,0
2026-07-02 16:36:18.666676,4.014935,3.375570,1.415299,0.007391,1.418524,0.007391,3.375570,0
2026-07-02 16:36:18.676734,4.017375,3.370388,1.415299,0.007391,1.418524,0.007391,3.370388,0
2026-07-02 16:36:18.676734,4.019664,3.375570,1.415299,0.007391,1.413342,0.007391,3.375570,0
2026-07-02 16:36:18.676734,4.022021,3.370388,1.410120,0.007391,1.413342,0.007391,3.370388,0
2026-07-02 16:36:18.676734,4.024505,3.380752,1.415299,0.007391,1.413342,0.007391,3.380752,0
2026-07-02 16:36:18.686902,4.026856,3.375570,1.415299,0.007391,1.413342,0.007391,3.375570,0
2026-07-02 16:36:18.686902,4.029302,3.375570,1.415299,0.007391,1.413342,0.007391,3.375570,0
2026-07-02 16:36:18.686902,4.031697,3.375570,1.415299,0.007391,1.413342,0.007391,3.375570,0
2026-07-02 16:36:18.686902,4.034027,3.375570,1.415299,0.007391,1.413342,0.007391,3.375570,0
2026-07-02 16:36:18.686902,4.036367,3.375570,1.415299,0.007391,1.413342,0.007391,3.375570,0
2026-07-02 16:36:18.696970,4.038730,3.375570,1.415299,0.007391,1.413342,0.007391,3.375570,0
2026-07-02 16:36:18.696970,4.041133,3.370388,1.415299,0.007391,1.413342,0.007391,3.370388,0
2026-07-02 16:36:18.696970,4.043618,3.375570,1.415299,0.007391,1.413342,0.007391,3.375570,0
2026-07-02 16:36:18.704612,4.045889,3.370388,1.415299,0.007391,1.413342,0.007391,3.370388,0
2026-07-02 16:36:18.707136,4.048175,3.380752,1.415299,0.007391,1.418524,0.007391,3.380752,0
2026-07-02 16:36:18.707136,4.050513,3.380752,1.415299,0.007391,1.413342,0.007391,3.380752,0
2026-07-02 16:36:18.707136,4.052762,3.380752,1.415299,0.007391,1.418524,0.007391,3.380752,0
2026-07-02 16:36:18.707136,4.054994,3.375570,1.415299,0.007391,1.418524,0.007391,3.375570,0
2026-07-02 16:36:18.717205,4.057216,3.375570,1.415299,0.007391,1.413342,0.007391,3.375570,0
2026-07-02 16:36:18.717205,4.059485,3.375570,1.415299,0.007391,1.413342,0.007391,3.375570,0
2026-07-02 16:36:18.717205,4.061790,3.375570,1.415299,0.007391,1.418524,0.007391,3.375570,0
2026-07-02 16:36:18.717205,4.064163,3.375570,1.415299,0.007391,1.418524,0.007391,3.375570,0
2026-07-02 16:36:18.717205,4.066394,3.380752,1.415299,0.007391,1.413342,0.007391,3.380752,0
2026-07-02 16:36:18.727257,4.068584,3.380752,1.415299,0.007391,1.413342,0.007391,3.380752,0
2026-07-02 16:36:18.727257,4.073431,3.380752,1.415299,0.007391,1.418524,0.007391,3.380752,0
2026-07-02 16:36:18.727257,4.075772,3.380752,1.415299,0.007391,1.418524,0.007391,3.380752,0
2026-07-02 16:36:18.737396,4.078164,3.375570,1.415299,0.007391,1.413342,0.007391,3.375570,0
2026-07-02 16:36:18.737396,4.080531,3.375570,1.415299,0.007391,1.418524,0.007391,3.375570,0
2026-07-02 16:36:18.737396,4.082939,3.375570,1.415299,0.007391,1.413342,0.007391,3.375570,0
2026-07-02 16:36:18.737396,4.085327,3.375570,1.415299,0.012572,1.413342,0.012572,3.375570,0
2026-07-02 16:36:18.747461,4.087952,3.375570,1.415299,0.007391,1.413342,0.007391,3.375570,0
2026-07-02 16:36:18.747461,4.090360,3.375570,1.415299,0.002211,1.413342,0.002211,3.375570,0
2026-07-02 16:36:18.747461,4.092750,3.375570,1.415299,0.007391,1.413342,0.007391,3.375570,0
2026-07-02 16:36:18.747461,4.095123,3.375570,1.415299,0.007391,1.418524,0.007391,3.375570,0
2026-07-02 16:36:18.757564,4.097555,3.375570,1.415299,0.007391,1.413342,0.007391,3.375570,0
2026-07-02 16:36:18.761682,4.101282,3.375570,1.415299,0.007391,1.413342,0.007391,3.375570,0
2026-07-02 16:36:18.761682,4.105756,3.375570,1.415299,0.002211,1.413342,0.002211,3.375570,0
2026-07-02 16:36:18.767720,4.108158,3.375570,1.415299,0.007391,1.413342,0.007391,3.375570,0
2026-07-02 16:36:18.767720,4.110864,3.380752,1.415299,0.007391,1.413342,0.007391,3.380752,0
2026-07-02 16:36:18.767720,4.113298,3.370388,1.415299,0.007391,1.413342,0.007391,3.370388,0
2026-07-02 16:36:18.767720,4.115643,3.370388,1.415299,0.007391,1.413342,0.007391,3.370388,0
2026-07-02 16:36:18.777836,4.118041,3.380752,1.415299,0.007391,1.413342,0.007391,3.380752,0
2026-07-02 16:36:18.777836,4.121153,3.375570,1.415299,0.007391,1.413342,0.007391,3.375570,0
2026-07-02 16:36:18.777836,4.123431,3.370388,1.415299,0.007391,1.413342,0.007391,3.370388,0
2026-07-02 16:36:18.777836,4.125758,3.380752,1.415299,0.007391,1.418524,0.007391,3.380752,0
2026-07-02 16:36:18.787908,4.128151,3.380752,1.415299,0.007391,1.413342,0.007391,3.380752,0
2026-07-02 16:36:18.787908,4.133201,3.380752,1.415299,0.007391,1.418524,0.007391,3.380752,0
2026-07-02 16:36:18.787908,4.135624,3.375570,1.415299,0.007391,1.418524,0.007391,3.375570,0
2026-07-02 16:36:18.798030,4.138062,3.375570,1.415299,0.007391,1.413342,0.007391,3.375570,0
2026-07-02 16:36:18.798030,4.140484,3.370388,1.415299,0.007391,1.418524,0.007391,3.370388,0
2026-07-02 16:36:18.798030,4.142883,3.375570,1.415299,0.007391,1.413342,0.007391,3.375570,0
2026-07-02 16:36:18.805114,4.145264,3.380752,1.415299,0.007391,1.413342,0.007391,3.380752,0
2026-07-02 16:36:18.808149,4.147736,3.375570,1.415299,0.007391,1.413342,0.007391,3.375570,0
2026-07-02 16:36:18.808149,4.150332,3.380752,1.415299,0.007391,1.413342,0.007391,3.380752,0
2026-07-02 16:36:18.808149,4.152766,3.380752,1.415299,0.007391,1.418524,0.007391,3.380752,0
2026-07-02 16:36:18.808149,4.155116,3.375570,1.415299,0.007391,1.418524,0.007391,3.375570,0
2026-07-02 16:36:18.808149,4.157648,3.380752,1.415299,0.007391,1.413342,0.007391,3.380752,0
2026-07-02 16:36:18.818225,4.160031,3.375570,1.415299,0.007391,1.413342,0.007391,3.375570,0
2026-07-02 16:36:18.818225,4.165206,3.370388,1.415299,0.007391,1.418524,0.007391,3.370388,0
2026-07-02 16:36:18.818225,4.167610,3.380752,1.415299,0.007391,1.413342,0.007391,3.380752,0
2026-07-02 16:36:18.828344,4.170006,3.380752,1.415299,0.007391,1.418524,0.007391,3.380752,0
2026-07-02 16:36:18.828344,4.172331,3.380752,1.415299,0.007391,1.413342,0.007391,3.380752,0
2026-07-02 16:36:18.828344,4.174670,3.375570,1.415299,0.007391,1.418524,0.007391,3.375570,0
2026-07-02 16:36:18.828344,4.177123,3.375570,1.415299,0.007391,1.413342,0.007391,3.375570,0
2026-07-02 16:36:18.838462,4.179542,3.375570,1.415299,0.007391,1.413342,0.007391,3.375570,0
2026-07-02 16:36:18.838462,4.181902,3.370388,1.415299,0.007391,1.413342,0.007391,3.370388,0
2026-07-02 16:36:18.838462,4.184308,3.370388,1.410120,0.007391,1.413342,0.007391,3.370388,0
2026-07-02 16:36:18.838462,4.186677,3.370388,1.415299,0.007391,1.418524,0.007391,3.370388,0
2026-07-02 16:36:18.848562,4.189026,3.375570,1.415299,0.007391,1.413342,0.007391,3.375570,0
2026-07-02 16:36:18.848562,4.191364,3.375570,1.415299,0.007391,1.413342,0.007391,3.375570,0
2026-07-02 16:36:18.848562,4.193750,3.375570,1.415299,0.007391,1.418524,0.007391,3.375570,0
2026-07-02 16:36:18.848562,4.196093,3.380752,1.415299,0.007391,1.413342,0.007391,3.380752,0
2026-07-02 16:36:18.858716,4.198358,3.375570,1.415299,0.007391,1.413342,0.007391,3.375570,0
2026-07-02 16:36:18.861785,4.201241,3.380752,1.415299,0.007391,1.418524,0.007391,3.380752,0
2026-07-02 16:36:18.861785,4.204310,3.375570,1.415299,0.007391,1.418524,0.007391,3.375570,0
2026-07-02 16:36:18.861785,4.206712,3.375570,1.415299,0.007391,1.413342,0.007391,3.375570,0
2026-07-02 16:36:18.868832,4.209100,3.380752,1.415299,0.007391,1.418524,0.007391,3.380752,0
2026-07-02 16:36:18.868832,4.212749,3.380752,1.415299,0.007391,1.418524,0.007391,3.380752,0
2026-07-02 16:36:18.868832,4.215504,3.380752,1.415299,0.007391,1.413342,0.007391,3.380752,0
2026-07-02 16:36:18.868832,4.217849,3.375570,1.415299,0.007391,1.418524,0.007391,3.375570,0
2026-07-02 16:36:18.878894,4.220225,3.375570,1.415299,0.007391,1.413342,0.007391,3.375570,0
2026-07-02 16:36:18.878894,4.222653,3.370388,1.410120,0.007391,1.418524,0.007391,3.370388,0
2026-07-02 16:36:18.878894,4.225147,3.380752,1.415299,0.007391,1.413342,0.007391,3.380752,0
2026-07-02 16:36:18.878894,4.227577,3.375570,1.415299,0.002211,1.418524,0.002211,3.375570,0
2026-07-02 16:36:18.889007,4.229881,3.380752,1.415299,0.007391,1.418524,0.007391,3.380752,0
2026-07-02 16:36:18.889007,4.232159,3.375570,1.410120,0.007391,1.413342,0.007391,3.375570,0
2026-07-02 16:36:18.889007,4.234576,3.375570,1.415299,0.007391,1.418524,0.007391,3.375570,0
2026-07-02 16:36:18.889007,4.236968,3.380752,1.415299,0.002211,1.418524,0.002211,3.380752,0
2026-07-02 16:36:18.899066,4.239554,3.375570,1.415299,0.007391,1.413342,0.007391,3.375570,0
2026-07-02 16:36:18.899066,4.245052,3.380752,1.415299,0.007391,1.413342,0.007391,3.380752,0
2026-07-02 16:36:18.905628,4.247438,3.375570,1.415299,0.007391,1.413342,0.007391,3.375570,0
2026-07-02 16:36:18.909220,4.250402,3.375570,1.415299,0.007391,1.418524,0.007391,3.375570,0
2026-07-02 16:36:18.909220,4.253195,3.380752,1.415299,0.007391,1.413342,0.007391,3.380752,0
2026-07-02 16:36:18.909220,4.255746,3.380752,1.415299,0.007391,1.418524,0.007391,3.380752,0
2026-07-02 16:36:18.909220,4.258080,3.375570,1.415299,0.007391,1.418524,0.007391,3.375570,0
2026-07-02 16:36:18.919303,4.260454,3.375570,1.415299,0.007391,1.413342,0.007391,3.375570,0
2026-07-02 16:36:18.919303,4.263829,3.375570,1.415299,0.007391,1.413342,0.007391,3.375570,0
2026-07-02 16:36:18.919303,4.266186,3.375570,1.415299,0.007391,1.418524,0.007391,3.375570,0
2026-07-02 16:36:18.919303,4.268581,3.380752,1.415299,0.007391,1.413342,0.007391,3.380752,0
2026-07-02 16:36:18.929426,4.271224,3.375570,1.415299,0.007391,1.413342,0.007391,3.375570,0
2026-07-02 16:36:18.929426,4.278364,3.375570,1.415299,0.007391,1.413342,0.007391,3.375570,0
2026-07-02 16:36:18.939537,4.280788,3.370388,1.415299,0.007391,1.418524,0.007391,3.370388,0
2026-07-02 16:36:18.939537,4.283212,3.375570,1.410120,0.007391,1.418524,0.007391,3.375570,0
2026-07-02 16:36:18.939537,4.285620,3.375570,1.415299,0.007391,1.413342,0.007391,3.375570,0
2026-07-02 16:36:18.939537,4.287978,3.375570,1.415299,0.007391,1.418524,0.007391,3.375570,0
2026-07-02 16:36:18.949679,4.290379,3.380752,1.415299,0.007391,1.413342,0.007391,3.380752,0
2026-07-02 16:36:18.949679,4.292774,3.380752,1.415299,0.007391,1.413342,0.007391,3.380752,0
2026-07-02 16:36:18.949679,4.295147,3.375570,1.415299,0.007391,1.418524,0.007391,3.375570,0
2026-07-02 16:36:18.949679,4.297561,3.375570,1.415299,0.007391,1.413342,0.007391,3.375570,0
2026-07-02 16:36:18.961826,4.299743,3.375570,1.415299,0.007391,1.413342,0.007391,3.375570,0
2026-07-02 16:36:18.961826,4.304541,3.380752,1.415299,0.007391,1.413342,0.007391,3.380752,0
2026-07-02 16:36:18.961826,4.307391,3.375570,1.415299,0.007391,1.413342,0.007391,3.375570,0
2026-07-02 16:36:18.971500,4.309727,3.375570,1.415299,0.007391,1.413342,0.007391,3.375570,0
2026-07-02 16:36:18.972418,4.313464,3.380752,1.415299,0.007391,1.413342,0.007391,3.380752,0
2026-07-02 16:36:18.972418,4.317432,3.375570,1.415299,0.007391,1.413342,0.007391,3.375570,0
2026-07-02 16:36:18.979481,4.319798,3.380752,1.415299,0.007391,1.413342,0.007391,3.380752,0
2026-07-02 16:36:18.979481,4.322089,3.375570,1.415299,0.007391,1.413342,0.007391,3.375570,0
2026-07-02 16:36:18.979481,4.324424,3.375570,1.415299,0.007391,1.418524,0.007391,3.375570,0
2026-07-02 16:36:18.987524,4.326880,3.375570,1.415299,0.007391,1.418524,0.007391,3.375570,0
2026-07-02 16:36:18.993092,4.329968,3.380752,1.415299,0.007391,1.413342,0.007391,3.380752,0
2026-07-02 16:36:18.993092,4.335354,3.380752,1.415299,0.007391,1.413342,0.007391,3.380752,0
2026-07-02 16:36:18.999672,4.340071,3.380752,1.420479,0.007391,1.418524,0.007391,3.380752,0
2026-07-02 16:36:18.999672,4.343036,3.375570,1.415299,0.007391,1.418524,0.007391,3.375570,0
2026-07-02 16:36:18.999672,4.345295,3.380752,1.415299,0.007391,1.413342,0.007391,3.380752,0
2026-07-02 16:36:19.006276,4.347636,3.375570,1.415299,0.007391,1.413342,0.007391,3.375570,0
2026-07-02 16:36:19.009814,4.350038,3.380752,1.415299,0.007391,1.413342,0.007391,3.380752,0
2026-07-02 16:36:19.009814,4.352519,3.375570,1.415299,0.007391,1.413342,0.007391,3.375570,0
2026-07-02 16:36:19.009814,4.354809,3.375570,1.415299,0.007391,1.413342,0.007391,3.375570,0
2026-07-02 16:36:19.009814,4.357140,3.375570,1.415299,0.007391,1.413342,0.007391,3.375570,0
2026-07-02 16:36:19.019875,4.359578,3.370388,1.415299,0.007391,1.418524,0.007391,3.370388,0
2026-07-02 16:36:19.019875,4.364924,3.375570,1.415299,0.007391,1.413342,0.007391,3.375570,0
2026-07-02 16:36:19.019875,4.367957,3.380752,1.415299,0.007391,1.418524,0.007391,3.380752,0
2026-07-02 16:36:19.029987,4.370312,3.375570,1.415299,0.007391,1.413342,0.007391,3.375570,0
2026-07-02 16:36:19.029987,4.373756,3.370388,1.415299,0.007391,1.413342,0.007391,3.370388,0
2026-07-02 16:36:19.029987,4.376881,3.375570,1.415299,0.002211,1.418524,0.002211,3.375570,0
2026-07-02 16:36:19.040203,4.380784,3.375570,1.415299,0.007391,1.413342,0.007391,3.375570,0
2026-07-02 16:36:19.040203,4.385574,3.375570,1.415299,0.007391,1.418524,0.007391,3.375570,0
2026-07-02 16:36:19.040203,4.388627,3.380752,1.415299,0.007391,1.418524,0.007391,3.380752,0
2026-07-02 16:36:19.050282,4.390995,3.370388,1.415299,0.007391,1.418524,0.007391,3.370388,0
2026-07-02 16:36:19.050282,4.396079,3.375570,1.415299,0.007391,1.413342,0.007391,3.375570,0
2026-07-02 16:36:19.050282,4.398997,3.370388,1.415299,0.007391,1.413342,0.007391,3.370388,0
2026-07-02 16:36:19.060373,4.401222,3.380752,1.415299,0.007391,1.418524,0.007391,3.380752,0
2026-07-02 16:36:19.061885,4.403799,3.380752,1.415299,0.007391,1.418524,0.007391,3.380752,0
2026-07-02 16:36:19.061885,4.406064,3.370388,1.415299,0.007391,1.413342,0.007391,3.370388,0
2026-07-02 16:36:19.061885,4.408319,3.380752,1.415299,0.007391,1.418524,0.007391,3.380752,0
2026-07-02 16:36:19.070412,4.410518,3.380752,1.415299,0.007391,1.418524,0.007391,3.380752,0
2026-07-02 16:36:19.070412,4.412706,3.380752,1.415299,0.007391,1.418524,0.007391,3.380752,0
2026-07-02 16:36:19.070412,4.414947,3.375570,1.415299,0.007391,1.413342,0.007391,3.375570,0
2026-07-02 16:36:19.070412,4.417171,3.375570,1.415299,0.007391,1.413342,0.007391,3.375570,0
2026-07-02 16:36:19.070412,4.419373,3.380752,1.415299,0.007391,1.418524,0.007391,3.380752,0
2026-07-02 16:36:19.080453,4.421599,3.370388,1.410120,0.007391,1.413342,0.007391,3.370388,0
2026-07-02 16:36:19.080453,4.423879,3.380752,1.415299,0.007391,1.413342,0.007391,3.380752,0
2026-07-02 16:36:19.080453,4.426168,3.370388,1.415299,0.007391,1.418524,0.007391,3.370388,0
2026-07-02 16:36:19.080453,4.428374,3.380752,1.415299,0.007391,1.418524,0.007391,3.380752,0
2026-07-02 16:36:19.090537,4.430669,3.380752,1.415299,0.007391,1.418524,0.007391,3.380752,0
2026-07-02 16:36:19.090537,4.435374,3.375570,1.415299,0.007391,1.413342,0.007391,3.375570,0
2026-07-02 16:36:19.090537,4.438196,3.380752,1.415299,0.007391,1.418524,0.007391,3.380752,0
2026-07-02 16:36:19.100689,4.440445,3.375570,1.415299,0.007391,1.418524,0.007391,3.375570,0
2026-07-02 16:36:19.100689,4.443320,3.375570,1.415299,0.007391,1.418524,0.007391,3.375570,0
2026-07-02 16:36:19.100689,4.446047,3.375570,1.415299,0.007391,1.413342,0.007391,3.375570,0
2026-07-02 16:36:19.107123,4.448417,3.380752,1.415299,0.007391,1.418524,0.007391,3.380752,0
2026-07-02 16:36:19.111165,4.450818,3.375570,1.415299,0.007391,1.413342,0.007391,3.375570,0
2026-07-02 16:36:19.111165,4.453311,3.375570,1.415299,0.007391,1.418524,0.007391,3.375570,0
2026-07-02 16:36:19.111165,4.455659,3.375570,1.415299,0.007391,1.418524,0.007391,3.375570,0
2026-07-02 16:36:19.111165,4.458055,3.375570,1.415299,0.007391,1.418524,0.007391,3.375570,0
2026-07-02 16:36:19.111165,4.460443,3.380752,1.415299,0.007391,1.413342,0.007391,3.380752,0
2026-07-02 16:36:19.121250,4.462968,3.380752,1.415299,0.007391,1.413342,0.007391,3.380752,0
2026-07-02 16:36:19.121250,4.467440,3.375570,1.415299,0.007391,1.418524,0.007391,3.375570,0
2026-07-02 16:36:19.121250,4.469793,3.375570,1.415299,0.007391,1.413342,0.007391,3.375570,0
2026-07-02 16:36:19.131399,4.472168,3.375570,1.415299,0.007391,1.418524,0.007391,3.375570,0
2026-07-02 16:36:19.131399,4.474551,3.375570,1.415299,0.007391,1.413342,0.007391,3.375570,0
2026-07-02 16:36:19.131399,4.476974,3.375570,1.415299,0.007391,1.413342,0.007391,3.375570,0
2026-07-02 16:36:19.131399,4.479631,3.375570,1.415299,0.007391,1.418524,0.007391,3.375570,0
2026-07-02 16:36:19.141472,4.482086,3.380752,1.415299,0.007391,1.418524,0.007391,3.380752,0
2026-07-02 16:36:19.141472,4.484511,3.375570,1.415299,0.007391,1.413342,0.007391,3.375570,0
2026-07-02 16:36:19.141472,4.486917,3.370388,1.415299,0.007391,1.413342,0.007391,3.370388,0
2026-07-02 16:36:19.141472,4.489312,3.375570,1.415299,0.007391,1.418524,0.007391,3.375570,0
2026-07-02 16:36:19.151533,4.491559,3.380752,1.415299,0.007391,1.413342,0.007391,3.380752,0
2026-07-02 16:36:19.151533,4.498784,3.370388,1.415299,0.007391,1.413342,0.007391,3.370388,0
2026-07-02 16:36:19.162219,4.501456,3.375570,1.415299,0.007391,1.418524,0.007391,3.375570,0
2026-07-02 16:36:19.162219,4.504540,3.380752,1.415299,0.002211,1.413342,0.002211,3.380752,0
2026-07-02 16:36:19.162219,4.506917,3.375570,1.415299,0.007391,1.413342,0.007391,3.375570,0
2026-07-02 16:36:19.162219,4.509308,3.375570,1.415299,0.007391,1.418524,0.007391,3.375570,0
2026-07-02 16:36:19.162219,4.511715,3.375570,1.415299,0.007391,1.413342,0.007391,3.375570,0
2026-07-02 16:36:19.172291,4.514114,3.380752,1.415299,0.007391,1.413342,0.007391,3.380752,0
2026-07-02 16:36:19.172291,4.516710,3.370388,1.415299,0.007391,1.418524,0.007391,3.370388,0
2026-07-02 16:36:19.172291,4.519112,3.380752,1.415299,0.007391,1.413342,0.007391,3.380752,0
2026-07-02 16:36:19.172291,4.521406,3.380752,1.415299,0.007391,1.413342,0.007391,3.380752,0
2026-07-02 16:36:19.182412,4.523737,3.375570,1.415299,0.007391,1.418524,0.007391,3.375570,0
2026-07-02 16:36:19.182412,4.528019,3.375570,1.415299,0.007391,1.413342,0.007391,3.375570,0
2026-07-02 16:36:19.192508,4.532540,3.380752,1.415299,0.007391,1.413342,0.007391,3.380752,0
2026-07-02 16:36:19.192508,4.534725,3.375570,1.415299,0.007391,1.413342,0.007391,3.375570,0
2026-07-02 16:36:19.192508,4.537090,3.375570,1.415299,0.007391,1.413342,0.007391,3.375570,0
2026-07-02 16:36:19.192508,4.539811,3.380752,1.415299,0.007391,1.413342,0.007391,3.380752,0
2026-07-02 16:36:19.202580,4.542214,3.375570,1.415299,0.007391,1.418524,0.007391,3.375570,0
2026-07-02 16:36:19.202580,4.545373,3.375570,1.415299,0.007391,1.413342,0.007391,3.375570,0
2026-07-02 16:36:19.207740,4.548585,3.380752,1.415299,0.007391,1.413342,0.007391,3.380752,0
2026-07-02 16:36:19.207740,4.550907,3.375570,1.415299,0.007391,1.418524,0.007391,3.375570,0
2026-07-02 16:36:19.212803,4.553206,3.380752,1.415299,0.007391,1.413342,0.007391,3.380752,0
2026-07-02 16:36:19.212803,4.555753,3.370388,1.415299,0.007391,1.413342,0.007391,3.370388,0
2026-07-02 16:36:19.212803,4.560131,3.370388,1.415299,0.007391,1.413342,0.007391,3.370388,0
2026-07-02 16:36:19.222893,4.562785,3.375570,1.415299,0.007391,1.418524,0.007391,3.375570,0
2026-07-02 16:36:19.222893,4.565213,3.375570,1.415299,0.007391,1.413342,0.007391,3.375570,0
2026-07-02 16:36:19.222893,4.567621,3.375570,1.415299,0.007391,1.418524,0.007391,3.375570,0
2026-07-02 16:36:19.222893,4.570010,3.370388,1.415299,0.007391,1.418524,0.007391,3.370388,0
2026-07-02 16:36:19.222893,4.572320,3.380752,1.415299,0.007391,1.413342,0.007391,3.380752,0
2026-07-02 16:36:19.232960,4.574794,3.380752,1.415299,0.007391,1.413342,0.007391,3.380752,0
2026-07-02 16:36:19.232960,4.577623,3.370388,1.415299,0.007391,1.418524,0.007391,3.370388,0
2026-07-02 16:36:19.232960,4.579941,3.370388,1.415299,0.007391,1.413342,0.007391,3.370388,0
2026-07-02 16:36:19.241582,4.582332,3.375570,1.415299,0.007391,1.413342,0.007391,3.375570,0
2026-07-02 16:36:19.243338,4.584688,3.380752,1.415299,0.007391,1.413342,0.007391,3.380752,0
2026-07-02 16:36:19.243338,4.588292,3.375570,1.415299,0.007391,1.418524,0.007391,3.375570,0
2026-07-02 16:36:19.243338,4.590668,3.375570,1.415299,0.007391,1.413342,0.007391,3.375570,0
2026-07-02 16:36:19.253445,4.593087,3.375570,1.415299,0.007391,1.413342,0.007391,3.375570,0
2026-07-02 16:36:19.253445,4.596322,3.375570,1.415299,0.007391,1.413342,0.007391,3.375570,0
2026-07-02 16:36:19.253445,4.598695,3.375570,1.415299,0.002211,1.413342,0.002211,3.375570,0
2026-07-02 16:36:19.253445,4.601108,3.380752,1.415299,0.007391,1.413342,0.007391,3.380752,0
2026-07-02 16:36:19.263612,4.603430,3.380752,1.415299,0.007391,1.413342,0.007391,3.380752,0
2026-07-02 16:36:19.263612,4.606075,3.370388,1.415299,0.007391,1.418524,0.007391,3.370388,0
2026-07-02 16:36:19.263612,4.608428,3.380752,1.415299,0.007391,1.418524,0.007391,3.380752,0
2026-07-02 16:36:19.263612,4.610677,3.380752,1.415299,0.007391,1.413342,0.007391,3.380752,0
2026-07-02 16:36:19.263612,4.612952,3.380752,1.415299,0.007391,1.413342,0.007391,3.380752,0
2026-07-02 16:36:19.273678,4.615229,3.370388,1.415299,0.007391,1.413342,0.007391,3.370388,0
2026-07-02 16:36:19.273678,4.621225,3.375570,1.415299,0.007391,1.413342,0.007391,3.375570,0
2026-07-02 16:36:19.283820,4.623566,3.380752,1.415299,0.007391,1.413342,0.007391,3.380752,0
2026-07-02 16:36:19.283820,4.625966,3.375570,1.415299,0.007391,1.418524,0.007391,3.375570,0
2026-07-02 16:36:19.283820,4.628231,3.380752,1.415299,0.007391,1.413342,0.007391,3.380752,0
2026-07-02 16:36:19.283820,4.630520,3.375570,1.415299,0.007391,1.418524,0.007391,3.375570,0
2026-07-02 16:36:19.283820,4.632783,3.380752,1.415299,0.007391,1.418524,0.007391,3.380752,0
2026-07-02 16:36:19.293928,4.635089,3.370388,1.415299,0.007391,1.418524,0.007391,3.370388,0
2026-07-02 16:36:19.304112,4.640319,3.375570,1.415299,0.007391,1.418524,0.007391,3.375570,0
2026-07-02 16:36:19.308173,4.646019,3.375570,1.415299,0.007391,1.413342,0.007391,3.375570,0
2026-07-02 16:36:19.314229,4.652848,3.380752,1.415299,0.007391,1.413342,0.007391,3.380752,0
2026-07-02 16:36:19.314229,4.656362,3.375570,1.415299,0.007391,1.413342,0.007391,3.375570,0
2026-07-02 16:36:19.314229,4.658719,3.375570,1.415299,0.007391,1.418524,0.007391,3.375570,0
2026-07-02 16:36:19.314229,4.660999,3.380752,1.415299,0.007391,1.413342,0.007391,3.380752,0
2026-07-02 16:36:19.323869,4.663348,3.375570,1.415299,0.007391,1.418524,0.007391,3.375570,0
2026-07-02 16:36:19.323869,4.666311,3.380752,1.415299,0.007391,1.413342,0.007391,3.380752,0
2026-07-02 16:36:19.323869,4.668764,3.375570,1.415299,0.007391,1.413342,0.007391,3.375570,0
2026-07-02 16:36:19.323869,4.671123,3.375570,1.415299,0.007391,1.413342,0.007391,3.375570,0
2026-07-02 16:36:19.333961,4.673614,3.380752,1.420479,0.007391,1.418524,0.007391,3.380752,0
2026-07-02 16:36:19.333961,4.676128,3.370388,1.415299,0.007391,1.413342,0.007391,3.370388,0
2026-07-02 16:36:19.333961,4.678855,3.370388,1.415299,0.007391,1.413342,0.007391,3.370388,0
2026-07-02 16:36:19.333961,4.681638,3.380752,1.415299,0.007391,1.413342,0.007391,3.380752,0
2026-07-02 16:36:19.343025,4.684154,3.375570,1.415299,0.007391,1.418524,0.007391,3.375570,0
2026-07-02 16:36:19.343025,4.686705,3.380752,1.415299,0.007391,1.418524,0.007391,3.380752,0
2026-07-02 16:36:19.343025,4.689375,3.375570,1.415299,0.007391,1.418524,0.007391,3.375570,0
2026-07-02 16:36:19.343025,4.691764,3.370388,1.415299,0.007391,1.413342,0.007391,3.370388,0
2026-07-02 16:36:19.353164,4.694164,3.375570,1.415299,0.002211,1.418524,0.002211,3.375570,0
2026-07-02 16:36:19.353164,4.696594,3.380752,1.415299,0.007391,1.418524,0.007391,3.380752,0
2026-07-02 16:36:19.353164,4.699002,3.375570,1.415299,0.007391,1.413342,0.007391,3.375570,0
2026-07-02 16:36:19.353164,4.701442,3.375570,1.415299,0.007391,1.413342,0.007391,3.375570,0
2026-07-02 16:36:19.362809,4.703795,3.375570,1.415299,0.007391,1.418524,0.007391,3.375570,0
2026-07-02 16:36:19.362809,4.706186,3.375570,1.415299,0.007391,1.418524,0.007391,3.375570,0
2026-07-02 16:36:19.362809,4.708631,3.370388,1.415299,0.007391,1.413342,0.007391,3.370388,0
2026-07-02 16:36:19.362809,4.711036,3.380752,1.415299,0.007391,1.418524,0.007391,3.380752,0
2026-07-02 16:36:19.372891,4.713421,3.375570,1.415299,0.007391,1.413342,0.007391,3.375570,0
2026-07-02 16:36:19.372891,4.716565,3.380752,1.415299,0.007391,1.418524,0.007391,3.380752,0
2026-07-02 16:36:19.372891,4.719021,3.375570,1.415299,0.007391,1.413342,0.007391,3.375570,0
2026-07-02 16:36:19.372891,4.721433,3.375570,1.415299,0.007391,1.413342,0.007391,3.375570,0
2026-07-02 16:36:19.382980,4.723830,3.380752,1.415299,0.007391,1.413342,0.007391,3.380752,0
2026-07-02 16:36:19.382980,4.726212,3.375570,1.410120,0.007391,1.413342,0.007391,3.375570,0
2026-07-02 16:36:19.382980,4.728843,3.375570,1.415299,0.007391,1.413342,0.007391,3.375570,0
2026-07-02 16:36:19.382980,4.731389,3.375570,1.415299,0.007391,1.418524,0.007391,3.375570,0
2026-07-02 16:36:19.393111,4.733786,3.375570,1.415299,0.007391,1.418524,0.007391,3.375570,0
2026-07-02 16:36:19.393111,4.736173,3.380752,1.415299,0.007391,1.413342,0.007391,3.380752,0
2026-07-02 16:36:19.393111,4.738652,3.380752,1.415299,0.007391,1.418524,0.007391,3.380752,0
2026-07-02 16:36:19.393111,4.741278,3.375570,1.415299,0.007391,1.413342,0.007391,3.375570,0
2026-07-02 16:36:19.403232,4.743695,3.375570,1.415299,0.007391,1.413342,0.007391,3.375570,0
2026-07-02 16:36:19.403232,4.745998,3.375570,1.415299,0.007391,1.413342,0.007391,3.375570,0
2026-07-02 16:36:19.408795,4.748382,3.375570,1.415299,0.007391,1.413342,0.007391,3.375570,0
2026-07-02 16:36:19.408795,4.750844,3.380752,1.415299,0.007391,1.413342,0.007391,3.380752,0
2026-07-02 16:36:19.413328,4.753216,3.375570,1.415299,0.007391,1.413342,0.007391,3.375570,0
2026-07-02 16:36:19.413328,4.755810,3.375570,1.415299,0.007391,1.413342,0.007391,3.375570,0
2026-07-02 16:36:19.413328,4.758231,3.380752,1.415299,0.007391,1.413342,0.007391,3.380752,0
2026-07-02 16:36:19.413328,4.760603,3.380752,1.415299,0.007391,1.418524,0.007391,3.380752,0
2026-07-02 16:36:19.413328,4.762986,3.370388,1.415299,0.007391,1.418524,0.007391,3.370388,0
2026-07-02 16:36:19.423466,4.766625,3.375570,1.415299,0.007391,1.418524,0.007391,3.375570,0
2026-07-02 16:36:19.431036,4.770282,3.375570,1.415299,0.007391,1.418524,0.007391,3.375570,0
2026-07-02 16:36:19.433816,4.773825,3.380752,1.415299,0.007391,1.413342,0.007391,3.380752,0
2026-07-02 16:36:19.434346,4.776115,3.380752,1.415299,0.007391,1.418524,0.007391,3.380752,0
2026-07-02 16:36:19.434346,4.778874,3.375570,1.415299,0.007391,1.413342,0.007391,3.375570,0
2026-07-02 16:36:19.434346,4.781213,3.375570,1.415299,0.007391,1.418524,0.007391,3.375570,0
2026-07-02 16:36:19.443378,4.783734,3.375570,1.415299,0.007391,1.418524,0.007391,3.375570,0
2026-07-02 16:36:19.443378,4.787862,3.380752,1.415299,0.007391,1.413342,0.007391,3.380752,0
2026-07-02 16:36:19.443378,4.790204,3.380752,1.415299,0.007391,1.418524,0.007391,3.380752,0
2026-07-02 16:36:19.452561,4.792595,3.380752,1.415299,0.007391,1.418524,0.007391,3.380752,0
2026-07-02 16:36:19.453596,4.794950,3.375570,1.415299,0.007391,1.413342,0.007391,3.375570,0
2026-07-02 16:36:19.457152,4.797820,3.375570,1.415299,0.007391,1.418524,0.007391,3.375570,0
2026-07-02 16:36:19.457152,4.800144,3.380752,1.415299,0.007391,1.413342,0.007391,3.380752,0
2026-07-02 16:36:19.457152,4.802601,3.375570,1.415299,0.007391,1.418524,0.007391,3.375570,0
2026-07-02 16:36:19.463190,4.804956,3.375570,1.415299,0.007391,1.413342,0.007391,3.375570,0
2026-07-02 16:36:19.466760,4.807695,3.375570,1.415299,0.002211,1.418524,0.002211,3.375570,0
2026-07-02 16:36:19.466760,4.810105,3.375570,1.415299,0.007391,1.413342,0.007391,3.375570,0
2026-07-02 16:36:19.466760,4.812826,3.380752,1.415299,0.007391,1.418524,0.007391,3.380752,0
2026-07-02 16:36:19.473295,4.815969,3.380752,1.415299,0.007391,1.413342,0.007391,3.380752,0
2026-07-02 16:36:19.473295,4.819437,3.375570,1.415299,0.007391,1.413342,0.007391,3.375570,0
2026-07-02 16:36:19.483450,4.823078,3.375570,1.415299,0.007391,1.413342,0.007391,3.375570,0
2026-07-02 16:36:19.484458,4.825533,3.380752,1.415299,0.007391,1.418524,0.007391,3.380752,0
2026-07-02 16:36:19.484458,4.828305,3.380752,1.415299,0.007391,1.413342,0.007391,3.380752,0
2026-07-02 16:36:19.484458,4.830592,3.375570,1.415299,0.007391,1.418524,0.007391,3.375570,0
2026-07-02 16:36:19.484458,4.832857,3.375570,1.415299,0.007391,1.413342,0.007391,3.375570,0
2026-07-02 16:36:19.493485,4.835245,3.375570,1.415299,0.007391,1.413342,0.007391,3.375570,0
2026-07-02 16:36:19.498083,4.838317,3.375570,1.415299,0.007391,1.418524,0.007391,3.375570,0
2026-07-02 16:36:19.498083,4.841018,3.375570,1.415299,0.007391,1.413342,0.007391,3.375570,0
2026-07-02 16:36:19.505854,4.844003,3.375570,1.415299,0.007391,1.418524,0.007391,3.375570,0
2026-07-02 16:36:19.509135,4.848442,3.380752,1.415299,0.007391,1.413342,0.007391,3.380752,0
2026-07-02 16:36:19.512165,4.852447,3.380752,1.415299,0.007391,1.418524,0.007391,3.380752,0
2026-07-02 16:36:19.512165,4.855306,3.380752,1.415299,0.007391,1.413342,0.007391,3.380752,0
2026-07-02 16:36:19.512165,4.857488,3.375570,1.415299,0.007391,1.413342,0.007391,3.375570,0
2026-07-02 16:36:19.520626,4.860082,3.380752,1.415299,0.007391,1.413342,0.007391,3.380752,0
2026-07-02 16:36:19.520626,4.863234,3.380752,1.415299,0.007391,1.413342,0.007391,3.380752,0
2026-07-02 16:36:19.520626,4.869131,3.375570,1.415299,0.007391,1.413342,0.007391,3.375570,0
2026-07-02 16:36:19.530312,4.872367,3.380752,1.420479,0.007391,1.413342,0.007391,3.380752,0
2026-07-02 16:36:19.530312,4.875082,3.380752,1.415299,0.007391,1.413342,0.007391,3.380752,0
2026-07-02 16:36:19.530312,4.878376,3.380752,1.415299,0.007391,1.413342,0.007391,3.380752,0
2026-07-02 16:36:19.540393,4.881458,3.380752,1.415299,0.007391,1.418524,0.007391,3.380752,0
2026-07-02 16:36:19.544173,4.883807,3.375570,1.415299,0.007391,1.413342,0.007391,3.375570,0
2026-07-02 16:36:19.544173,4.886241,3.380752,1.415299,0.007391,1.418524,0.007391,3.380752,0
2026-07-02 16:36:19.544173,4.888657,3.375570,1.415299,0.007391,1.418524,0.007391,3.375570,0
2026-07-02 16:36:19.550704,4.891098,3.375570,1.415299,0.007391,1.413342,0.007391,3.375570,0
2026-07-02 16:36:19.550704,4.893508,3.375570,1.415299,0.007391,1.418524,0.007391,3.375570,0
2026-07-02 16:36:19.550704,4.895873,3.375570,1.415299,0.007391,1.413342,0.007391,3.375570,0
2026-07-02 16:36:19.550704,4.898338,3.380752,1.415299,0.007391,1.413342,0.007391,3.380752,0
2026-07-02 16:36:19.560776,4.900752,3.375570,1.415299,0.007391,1.418524,0.007391,3.375570,0
2026-07-02 16:36:19.563361,4.903121,3.380752,1.415299,0.007391,1.413342,0.007391,3.380752,0
2026-07-02 16:36:19.563361,4.905494,3.380752,1.415299,0.007391,1.418524,0.007391,3.380752,0
2026-07-02 16:36:19.563361,4.907887,3.380752,1.415299,0.007391,1.418524,0.007391,3.380752,0
2026-07-02 16:36:19.563361,4.910296,3.375570,1.415299,0.007391,1.413342,0.007391,3.375570,0
2026-07-02 16:36:19.570961,4.913096,3.375570,1.415299,0.007391,1.413342,0.007391,3.375570,0
2026-07-02 16:36:19.570961,4.915480,3.370388,1.415299,0.007391,1.418524,0.007391,3.370388,0
2026-07-02 16:36:19.570961,4.917860,3.370388,1.415299,0.007391,1.418524,0.007391,3.370388,0
2026-07-02 16:36:19.570961,4.920319,3.380752,1.415299,0.007391,1.418524,0.007391,3.380752,0
2026-07-02 16:36:19.581056,4.922703,3.380752,1.415299,0.007391,1.418524,0.007391,3.380752,0
2026-07-02 16:36:19.581056,4.925101,3.380752,1.415299,0.007391,1.413342,0.007391,3.380752,0
2026-07-02 16:36:19.581056,4.927492,3.380752,1.415299,0.007391,1.413342,0.007391,3.380752,0
2026-07-02 16:36:19.581056,4.929901,3.380752,1.415299,0.007391,1.418524,0.007391,3.380752,0
2026-07-02 16:36:19.591105,4.932284,3.375570,1.415299,0.007391,1.413342,0.007391,3.375570,0
2026-07-02 16:36:19.591105,4.934697,3.370388,1.415299,0.007391,1.413342,0.007391,3.370388,0
2026-07-02 16:36:19.591105,4.937252,3.370388,1.415299,0.007391,1.418524,0.007391,3.370388,0
2026-07-02 16:36:19.591105,4.939783,3.375570,1.415299,0.007391,1.418524,0.007391,3.375570,0
2026-07-02 16:36:19.601184,4.942164,3.370388,1.415299,0.007391,1.418524,0.007391,3.370388,0
2026-07-02 16:36:19.601184,4.944829,3.380752,1.415299,0.007391,1.413342,0.007391,3.380752,0
2026-07-02 16:36:19.611381,4.949302,3.380752,1.415299,0.007391,1.413342,0.007391,3.380752,0
2026-07-02 16:36:19.611381,4.953529,3.380752,1.415299,0.007391,1.413342,0.007391,3.380752,0
2026-07-02 16:36:19.611381,4.957539,3.370388,1.415299,0.007391,1.418524,0.007391,3.370388,0
2026-07-02 16:36:19.619934,4.959961,3.375570,1.415299,0.007391,1.413342,0.007391,3.375570,0
2026-07-02 16:36:19.622087,4.963248,3.375570,1.415299,0.007391,1.418524,0.007391,3.375570,0
2026-07-02 16:36:19.622087,4.966293,3.375570,1.415299,0.007391,1.413342,0.007391,3.375570,0
2026-07-02 16:36:19.622087,4.970529,3.380752,1.415299,0.007391,1.418524,0.007391,3.380752,0
2026-07-02 16:36:19.632108,4.972937,3.375570,1.415299,0.007391,1.413342,0.007391,3.375570,0
2026-07-02 16:36:19.632108,4.975301,3.375570,1.415299,0.007391,1.413342,0.007391,3.375570,0
2026-07-02 16:36:19.632108,4.977667,3.375570,1.415299,0.007391,1.418524,0.007391,3.375570,0
2026-07-02 16:36:19.632108,4.979956,3.380752,1.415299,0.007391,1.418524,0.007391,3.380752,0
2026-07-02 16:36:19.642274,4.982211,3.380752,1.415299,0.007391,1.418524,0.007391,3.380752,0
2026-07-02 16:36:19.642274,4.984667,3.370388,1.415299,0.007391,1.418524,0.007391,3.370388,0
2026-07-02 16:36:19.642274,4.987067,3.380752,1.415299,0.007391,1.418524,0.007391,3.380752,0
2026-07-02 16:36:19.642274,4.989490,3.375570,1.410120,0.007391,1.418524,0.007391,3.375570,0
2026-07-02 16:36:19.642274,4.991981,3.370388,1.415299,0.007391,1.413342,0.007391,3.370388,0
2026-07-02 16:36:19.652538,4.994422,3.380752,1.415299,0.007391,1.418524,0.007391,3.380752,0
2026-07-02 16:36:19.652538,4.997260,3.375570,1.415299,0.007391,1.418524,0.007391,3.375570,0
