horodatage,temps_s,AIN0,AIN1,AIN2,AIN3,courant,position,trigger
2026-07-02 15:41:44.124592,0.000001,-4.314013,1.415299,0.002211,1.413342,0.002211,-4.314013,0
2026-07-02 15:41:44.126609,0.003708,-4.314013,1.415299,0.002211,1.413342,0.002211,-4.314013,0
2026-07-02 15:41:44.130590,0.006148,-4.314013,1.415299,0.002211,1.413342,0.002211,-4.314013,0
2026-07-02 15:41:44.132568,0.008586,-4.314013,1.415299,0.002211,1.418524,0.002211,-4.314013,0
2026-07-02 15:41:44.135374,0.011016,-4.314013,1.415299,0.002211,1.413342,0.002211,-4.314013,0
2026-07-02 15:41:44.136639,0.013473,-4.314013,1.415299,0.002211,1.418524,0.002211,-4.314013,0
2026-07-02 15:41:44.140674,0.016279,-4.314013,1.415299,0.002211,1.413342,0.002211,-4.314013,0
2026-07-02 15:41:44.142949,0.018794,-4.314013,1.415299,0.002211,1.418524,0.002211,-4.314013,0
2026-07-02 15:41:44.145614,0.021303,-4.319194,1.415299,0.002211,1.413342,0.002211,-4.319194,0
2026-07-02 15:41:44.147638,0.023777,-4.308831,1.415299,0.002211,1.418524,0.002211,-4.308831,0
2026-07-02 15:41:44.150316,0.026283,-4.314013,1.415299,-0.002971,1.413342,-0.002971,-4.314013,0
2026-07-02 15:41:44.153033,0.028816,-4.314013,1.415299,0.002211,1.418524,0.002211,-4.314013,0
2026-07-02 15:41:44.155060,0.031390,-4.314013,1.415299,0.002211,1.413342,0.002211,-4.314013,0
2026-07-02 15:41:44.157087,0.033875,-4.314013,1.415299,0.002211,1.418524,0.002211,-4.314013,0
2026-07-02 15:41:44.158743,0.036348,-4.314013,1.415299,0.002211,1.413342,0.002211,-4.314013,0
2026-07-02 15:41:44.163001,0.038893,-4.314013,1.415299,0.002211,1.418524,0.002211,-4.314013,0
2026-07-02 15:41:44.165673,0.041414,-4.314013,1.415299,0.002211,1.413342,0.002211,-4.314013,0
2026-07-02 15:41:44.167575,0.044048,-4.314013,1.415299,0.002211,1.418524,0.002211,-4.314013,0
2026-07-02 15:41:44.170094,0.046753,-4.314013,1.415299,0.002211,1.413342,0.002211,-4.314013,0
2026-07-02 15:41:44.173358,0.049430,-4.314013,1.415299,0.002211,1.413342,0.002211,-4.314013,0
2026-07-02 15:41:44.173358,0.051988,-4.314013,1.415299,0.002211,1.413342,0.002211,-4.314013,0
2026-07-02 15:41:44.173358,0.054544,-4.314013,1.415299,0.002211,1.413342,0.002211,-4.314013,0
2026-07-02 15:41:44.173358,0.057026,-4.314013,1.415299,0.002211,1.413342,0.002211,-4.314013,0
2026-07-02 15:41:44.183540,0.059545,-4.314013,1.415299,0.002211,1.418524,0.002211,-4.314013,0
2026-07-02 15:41:44.186082,0.062021,-4.314013,1.415299,0.002211,1.418524,0.002211,-4.314013,0
2026-07-02 15:41:44.187135,0.064697,-4.314013,1.415299,0.002211,1.413342,0.002211,-4.314013,0
2026-07-02 15:41:44.187135,0.067351,-4.314013,1.415299,0.002211,1.413342,0.002211,-4.314013,0
2026-07-02 15:41:44.194255,0.069988,-4.314013,1.415299,0.002211,1.418524,0.002211,-4.314013,0
2026-07-02 15:41:44.195195,0.072340,-4.314013,1.415299,0.002211,1.413342,0.002211,-4.314013,0
2026-07-02 15:41:44.197209,0.074559,-4.314013,1.415299,0.002211,1.413342,0.002211,-4.314013,0
2026-07-02 15:41:44.200615,0.076992,-4.314013,1.415299,0.002211,1.413342,0.002211,-4.314013,0
2026-07-02 15:41:44.201625,0.079272,-4.314013,1.415299,0.002211,1.413342,0.002211,-4.314013,0
2026-07-02 15:41:44.201625,0.081548,-4.314013,1.415299,0.002211,1.413342,0.002211,-4.314013,0
2026-07-02 15:41:44.201625,0.083800,-4.314013,1.415299,0.002211,1.413342,0.002211,-4.314013,0
2026-07-02 15:41:44.209028,0.085989,-4.314013,1.415299,0.002211,1.413342,0.002211,-4.314013,0
2026-07-02 15:41:44.212566,0.088232,-4.314013,1.415299,0.002211,1.418524,0.002211,-4.314013,0
2026-07-02 15:41:44.214587,0.090456,-4.314013,1.415299,0.002211,1.413342,0.002211,-4.314013,0
2026-07-02 15:41:44.216051,0.092680,-4.314013,1.415299,0.002211,1.413342,0.002211,-4.314013,0
2026-07-02 15:41:44.218168,0.095051,-4.314013,1.415299,0.002211,1.413342,0.002211,-4.314013,0
2026-07-02 15:41:44.220175,0.097329,-4.314013,1.415299,0.002211,1.418524,0.002211,-4.314013,0
2026-07-02 15:41:44.222189,0.099544,-4.314013,1.415299,-0.002971,1.413342,-0.002971,-4.314013,0
2026-07-02 15:41:44.226094,0.101923,-4.314013,1.415299,0.002211,1.413342,0.002211,-4.314013,0
2026-07-02 15:41:44.226887,0.104402,-4.314013,1.415299,0.002211,1.418524,0.002211,-4.314013,0
2026-07-02 15:41:44.230002,0.106891,-4.314013,1.415299,0.002211,1.413342,0.002211,-4.314013,0
2026-07-02 15:41:44.232786,0.109383,-4.314013,1.415299,0.002211,1.413342,0.002211,-4.314013,0
2026-07-02 15:41:44.234793,0.112238,-4.314013,1.415299,0.002211,1.418524,0.002211,-4.314013,0
2026-07-02 15:41:44.239064,0.114650,-4.314013,1.415299,0.002211,1.413342,0.002211,-4.314013,0
2026-07-02 15:41:44.240082,0.117173,-4.314013,1.415299,0.002211,1.413342,0.002211,-4.314013,0
2026-07-02 15:41:44.242420,0.119682,-4.314013,1.415299,0.002211,1.413342,0.002211,-4.314013,0
2026-07-02 15:41:44.244837,0.122159,-4.314013,1.415299,0.002211,1.413342,0.002211,-4.314013,0
2026-07-02 15:41:44.248424,0.124624,-4.314013,1.415299,0.002211,1.413342,0.002211,-4.314013,0
2026-07-02 15:41:44.250982,0.126924,-4.314013,1.415299,0.002211,1.413342,0.002211,-4.314013,0
2026-07-02 15:41:44.252349,0.129306,-4.314013,1.415299,0.002211,1.413342,0.002211,-4.314013,0
2026-07-02 15:41:44.254369,0.131723,-4.314013,1.415299,0.002211,1.413342,0.002211,-4.314013,0
2026-07-02 15:41:44.259543,0.134558,-4.314013,1.415299,0.002211,1.413342,0.002211,-4.314013,0
2026-07-02 15:41:44.262077,0.138219,-4.314013,1.415299,0.002211,1.413342,0.002211,-4.314013,0
2026-07-02 15:41:44.264046,0.141043,-4.314013,1.415299,0.002211,1.413342,0.002211,-4.314013,0
2026-07-02 15:41:44.267236,0.143486,-4.314013,1.415299,0.002211,1.413342,0.002211,-4.314013,0
2026-07-02 15:41:44.269619,0.145890,-4.314013,1.415299,0.002211,1.413342,0.002211,-4.314013,0
2026-07-02 15:41:44.272500,0.148356,-4.314013,1.415299,0.002211,1.418524,0.002211,-4.314013,0
2026-07-02 15:41:44.272500,0.150732,-4.314013,1.415299,0.002211,1.418524,0.002211,-4.314013,0
2026-07-02 15:41:44.275569,0.153195,-4.314013,1.415299,0.002211,1.418524,0.002211,-4.314013,0
2026-07-02 15:41:44.275569,0.155613,-4.314013,1.415299,0.002211,1.418524,0.002211,-4.314013,0
2026-07-02 15:41:44.280658,0.157960,-4.314013,1.415299,0.002211,1.413342,0.002211,-4.314013,0
2026-07-02 15:41:44.283617,0.160361,-4.314013,1.415299,0.002211,1.413342,0.002211,-4.314013,0
2026-07-02 15:41:44.285640,0.162740,-4.314013,1.415299,0.002211,1.418524,0.002211,-4.314013,0
2026-07-02 15:41:44.288705,0.165131,-4.314013,1.415299,0.002211,1.413342,0.002211,-4.314013,0
2026-07-02 15:41:44.291953,0.167522,-4.314013,1.415299,0.002211,1.418524,0.002211,-4.314013,0
2026-07-02 15:41:44.293406,0.169891,-4.314013,1.415299,0.002211,1.418524,0.002211,-4.314013,0
2026-07-02 15:41:44.295459,0.172295,-4.314013,1.415299,0.002211,1.413342,0.002211,-4.314013,0
2026-07-02 15:41:44.300656,0.175039,-4.314013,1.415299,0.002211,1.413342,0.002211,-4.314013,0
2026-07-02 15:41:44.302668,0.179468,-4.314013,1.415299,0.002211,1.418524,0.002211,-4.314013,0
2026-07-02 15:41:44.304682,0.181860,-4.314013,1.415299,0.002211,1.418524,0.002211,-4.314013,0
2026-07-02 15:41:44.308933,0.184177,-4.314013,1.415299,0.002211,1.413342,0.002211,-4.314013,0
2026-07-02 15:41:44.308933,0.186941,-4.314013,1.415299,0.002211,1.418524,0.002211,-4.314013,0
2026-07-02 15:41:44.313605,0.189294,-4.314013,1.415299,0.002211,1.413342,0.002211,-4.314013,0
2026-07-02 15:41:44.313605,0.191903,-4.314013,1.415299,0.002211,1.413342,0.002211,-4.314013,0
2026-07-02 15:41:44.318075,0.194386,-4.314013,1.415299,0.002211,1.413342,0.002211,-4.314013,0
2026-07-02 15:41:44.318075,0.197304,-4.314013,1.415299,0.002211,1.418524,0.002211,-4.314013,0
2026-07-02 15:41:44.318075,0.199644,-4.319194,1.415299,0.002211,1.413342,0.002211,-4.319194,0
2026-07-02 15:41:44.325910,0.202024,-4.314013,1.415299,0.002211,1.413342,0.002211,-4.314013,0
2026-07-02 15:41:44.325910,0.204407,-4.314013,1.415299,0.002211,1.413342,0.002211,-4.314013,0
2026-07-02 15:41:44.325910,0.206765,-4.314013,1.415299,0.002211,1.413342,0.002211,-4.314013,0
2026-07-02 15:41:44.325910,0.209114,-4.314013,1.415299,0.002211,1.413342,0.002211,-4.314013,0
2026-07-02 15:41:44.335270,0.211363,-4.314013,1.415299,0.002211,1.418524,0.002211,-4.314013,0
2026-07-02 15:41:44.336445,0.213732,-4.314013,1.415299,0.002211,1.418524,0.002211,-4.314013,0
2026-07-02 15:41:44.340469,0.216174,-4.314013,1.415299,0.002211,1.413342,0.002211,-4.314013,0
2026-07-02 15:41:44.342529,0.218492,-4.319194,1.415299,0.002211,1.418524,0.002211,-4.319194,0
2026-07-02 15:41:44.342529,0.220748,-4.314013,1.415299,0.002211,1.413342,0.002211,-4.314013,0
2026-07-02 15:41:44.346370,0.223156,-4.314013,1.415299,0.002211,1.413342,0.002211,-4.314013,0
2026-07-02 15:41:44.348382,0.225551,-4.314013,1.415299,0.002211,1.413342,0.002211,-4.314013,0
2026-07-02 15:41:44.351069,0.227856,-4.314013,1.415299,0.002211,1.418524,0.002211,-4.314013,0
2026-07-02 15:41:44.354563,0.230233,-4.314013,1.415299,0.002211,1.413342,0.002211,-4.314013,0
2026-07-02 15:41:44.356577,0.232695,-4.314013,1.415299,0.002211,1.413342,0.002211,-4.314013,0
2026-07-02 15:41:44.359389,0.235052,-4.314013,1.415299,0.002211,1.413342,0.002211,-4.314013,0
2026-07-02 15:41:44.360811,0.237292,-4.314013,1.415299,0.002211,1.413342,0.002211,-4.314013,0
2026-07-02 15:41:44.363345,0.239742,-4.314013,1.415299,0.002211,1.413342,0.002211,-4.314013,0
2026-07-02 15:41:44.365379,0.242148,-4.314013,1.415299,0.002211,1.413342,0.002211,-4.314013,0
2026-07-02 15:41:44.367550,0.244600,-4.314013,1.415299,0.002211,1.418524,0.002211,-4.314013,0
2026-07-02 15:41:44.367550,0.247148,-4.314013,1.415299,0.002211,1.413342,0.002211,-4.314013,0
2026-07-02 15:41:44.367550,0.249505,-4.314013,1.415299,0.002211,1.418524,0.002211,-4.314013,0
2026-07-02 15:41:44.376167,0.251813,-4.314013,1.415299,0.002211,1.418524,0.002211,-4.314013,0
2026-07-02 15:41:44.378244,0.254384,-4.314013,1.415299,0.002211,1.418524,0.002211,-4.314013,0
2026-07-02 15:41:44.380255,0.256791,-4.314013,1.415299,0.002211,1.413342,0.002211,-4.314013,0
2026-07-02 15:41:44.380255,0.259115,-4.314013,1.415299,0.002211,1.413342,0.002211,-4.314013,0
2026-07-02 15:41:44.384224,0.261591,-4.314013,1.415299,0.002211,1.413342,0.002211,-4.314013,0
2026-07-02 15:41:44.386651,0.263906,-4.314013,1.415299,0.002211,1.413342,0.002211,-4.314013,0
2026-07-02 15:41:44.386651,0.266379,-4.314013,1.415299,0.002211,1.413342,0.002211,-4.314013,0
2026-07-02 15:41:44.392016,0.268663,-4.314013,1.415299,0.002211,1.418524,0.002211,-4.314013,0
2026-07-02 15:41:44.395171,0.270977,-4.314013,1.415299,0.002211,1.413342,0.002211,-4.314013,0
2026-07-02 15:41:44.395171,0.273312,-4.308831,1.415299,0.002211,1.413342,0.002211,-4.308831,0
2026-07-02 15:41:44.395171,0.275664,-4.314013,1.415299,0.002211,1.413342,0.002211,-4.314013,0
2026-07-02 15:41:44.402258,0.277905,-4.314013,1.415299,0.002211,1.418524,0.002211,-4.314013,0
2026-07-02 15:41:44.402258,0.280502,-4.314013,1.415299,0.002211,1.413342,0.002211,-4.314013,0
2026-07-02 15:41:44.402258,0.282942,-4.314013,1.415299,0.002211,1.418524,0.002211,-4.314013,0
2026-07-02 15:41:44.409268,0.285306,-4.314013,1.415299,0.002211,1.418524,0.002211,-4.314013,0
2026-07-02 15:41:44.411760,0.287669,-4.314013,1.415299,0.002211,1.413342,0.002211,-4.314013,0
2026-07-02 15:41:44.411760,0.290128,-4.314013,1.415299,0.002211,1.413342,0.002211,-4.314013,0
2026-07-02 15:41:44.417809,0.292493,-4.314013,1.415299,0.002211,1.413342,0.002211,-4.314013,0
2026-07-02 15:41:44.419115,0.296285,-4.314013,1.415299,0.002211,1.418524,0.002211,-4.314013,0
2026-07-02 15:41:44.421671,0.298638,-4.314013,1.415299,0.002211,1.413342,0.002211,-4.314013,0
2026-07-02 15:41:44.425387,0.300948,-4.314013,1.415299,0.002211,1.413342,0.002211,-4.314013,0
2026-07-02 15:41:44.428221,0.304223,-4.314013,1.415299,0.002211,1.418524,0.002211,-4.314013,0
2026-07-02 15:41:44.429599,0.306699,-4.314013,1.415299,0.002211,1.413342,0.002211,-4.314013,0
2026-07-02 15:41:44.431607,0.309035,-4.314013,1.415299,0.002211,1.413342,0.002211,-4.314013,0
2026-07-02 15:41:44.434398,0.311406,-4.314013,1.415299,0.002211,1.418524,0.002211,-4.314013,0
2026-07-02 15:41:44.434398,0.313770,-4.314013,1.415299,0.002211,1.418524,0.002211,-4.314013,0
2026-07-02 15:41:44.434398,0.316033,-4.314013,1.415299,0.002211,1.418524,0.002211,-4.314013,0
2026-07-02 15:41:44.442066,0.318247,-4.314013,1.415299,0.002211,1.418524,0.002211,-4.314013,0
2026-07-02 15:41:44.443097,0.320517,-4.314013,1.415299,0.002211,1.418524,0.002211,-4.314013,0
2026-07-02 15:41:44.445109,0.322861,-4.314013,1.415299,0.002211,1.418524,0.002211,-4.314013,0
2026-07-02 15:41:44.445109,0.325062,-4.314013,1.415299,0.002211,1.413342,0.002211,-4.314013,0
2026-07-02 15:41:44.450292,0.327494,-4.314013,1.415299,0.002211,1.413342,0.002211,-4.314013,0
2026-07-02 15:41:44.450292,0.329843,-4.314013,1.415299,-0.002971,1.413342,-0.002971,-4.314013,0
2026-07-02 15:41:44.450292,0.332107,-4.314013,1.415299,-0.002971,1.413342,-0.002971,-4.314013,0
2026-07-02 15:41:44.458629,0.334326,-4.314013,1.415299,0.002211,1.418524,0.002211,-4.314013,0
2026-07-02 15:41:44.458629,0.336895,-4.314013,1.415299,-0.002971,1.418524,-0.002971,-4.314013,0
2026-07-02 15:41:44.463338,0.339146,-4.314013,1.415299,0.002211,1.413342,0.002211,-4.314013,0
2026-07-02 15:41:44.463338,0.341418,-4.314013,1.415299,0.002211,1.413342,0.002211,-4.314013,0
2026-07-02 15:41:44.463338,0.343659,-4.314013,1.415299,0.002211,1.413342,0.002211,-4.314013,0
2026-07-02 15:41:44.471369,0.345930,-4.314013,1.415299,0.002211,1.418524,0.002211,-4.314013,0
2026-07-02 15:41:44.473381,0.350828,-4.314013,1.415299,0.002211,1.418524,0.002211,-4.314013,0
2026-07-02 15:41:44.477381,0.353178,-4.314013,1.415299,0.002211,1.413342,0.002211,-4.314013,0
2026-07-02 15:41:44.489164,0.355611,-4.314013,1.415299,-0.002971,1.413342,-0.002971,-4.314013,0
2026-07-02 15:41:44.490465,0.367412,-4.314013,1.415299,0.002211,1.413342,0.002211,-4.314013,0
2026-07-02 15:41:44.497943,0.370922,-4.314013,1.415299,0.002211,1.418524,0.002211,-4.314013,0
2026-07-02 15:41:44.501456,0.376962,-4.314013,1.415299,0.002211,1.413342,0.002211,-4.314013,0
2026-07-02 15:41:44.501961,0.379486,-4.314013,1.415299,0.002211,1.413342,0.002211,-4.314013,0
2026-07-02 15:41:44.503970,0.381855,-4.314013,1.415299,0.002211,1.413342,0.002211,-4.314013,0
2026-07-02 15:41:44.503970,0.384226,-4.314013,1.415299,0.002211,1.418524,0.002211,-4.314013,0
2026-07-02 15:41:44.511966,0.387113,-4.314013,1.415299,0.002211,1.418524,0.002211,-4.314013,0
2026-07-02 15:41:44.516828,0.390105,-4.314013,1.415299,0.002211,1.418524,0.002211,-4.314013,0
2026-07-02 15:41:44.523455,0.396561,-4.314013,1.415299,0.002211,1.413342,0.002211,-4.314013,0
2026-07-02 15:41:44.527478,0.401997,-4.314013,1.415299,0.002211,1.413342,0.002211,-4.314013,0
2026-07-02 15:41:44.528614,0.405600,-4.314013,1.415299,0.002211,1.413342,0.002211,-4.314013,0
2026-07-02 15:41:44.530755,0.407897,-4.314013,1.415299,0.002211,1.413342,0.002211,-4.314013,0
2026-07-02 15:41:44.532762,0.410242,-4.314013,1.415299,0.002211,1.413342,0.002211,-4.314013,0
2026-07-02 15:41:44.536950,0.412558,-4.314013,1.415299,0.002211,1.413342,0.002211,-4.314013,0
2026-07-02 15:41:44.538067,0.415089,-4.314013,1.415299,0.002211,1.413342,0.002211,-4.314013,0
2026-07-02 15:41:44.542605,0.417904,-4.314013,1.415299,0.002211,1.413342,0.002211,-4.314013,0
2026-07-02 15:41:44.544645,0.421901,-4.314013,1.415299,0.002211,1.413342,0.002211,-4.314013,0
2026-07-02 15:41:44.547283,0.424314,-4.314013,1.415299,0.002211,1.418524,0.002211,-4.314013,0
2026-07-02 15:41:44.550525,0.426588,-4.314013,1.415299,0.002211,1.418524,0.002211,-4.314013,0
2026-07-02 15:41:44.551816,0.428873,-4.314013,1.415299,0.002211,1.413342,0.002211,-4.314013,0
2026-07-02 15:41:44.554514,0.431281,-4.314013,1.415299,0.002211,1.413342,0.002211,-4.314013,0
2026-07-02 15:41:44.556715,0.433728,-4.314013,1.415299,0.002211,1.413342,0.002211,-4.314013,0
2026-07-02 15:41:44.558779,0.435971,-4.314013,1.415299,0.002211,1.413342,0.002211,-4.314013,0
2026-07-02 15:41:44.563552,0.438628,-4.314013,1.415299,0.002211,1.418524,0.002211,-4.314013,0
2026-07-02 15:41:44.564711,0.441570,-4.314013,1.415299,0.002211,1.413342,0.002211,-4.314013,0
2026-07-02 15:41:44.566718,0.444315,-4.314013,1.415299,0.002211,1.418524,0.002211,-4.314013,0
2026-07-02 15:41:44.571143,0.446690,-4.314013,1.415299,0.002211,1.413342,0.002211,-4.314013,0
2026-07-02 15:41:44.572336,0.449414,-4.308831,1.415299,0.002211,1.413342,0.002211,-4.308831,0
2026-07-02 15:41:44.574872,0.451937,-4.314013,1.415299,0.002211,1.413342,0.002211,-4.314013,0
2026-07-02 15:41:44.574872,0.454211,-4.314013,1.415299,0.002211,1.418524,0.002211,-4.314013,0
2026-07-02 15:41:44.580658,0.456423,-4.314013,1.415299,0.002211,1.413342,0.002211,-4.314013,0
2026-07-02 15:41:44.581657,0.458721,-4.314013,1.415299,0.002211,1.413342,0.002211,-4.314013,0
2026-07-02 15:41:44.584721,0.460949,-4.314013,1.415299,0.002211,1.418524,0.002211,-4.314013,0
2026-07-02 15:41:44.584721,0.463256,-4.314013,1.415299,0.002211,1.418524,0.002211,-4.314013,0
2026-07-02 15:41:44.584721,0.465695,-4.314013,1.415299,0.002211,1.413342,0.002211,-4.314013,0
2026-07-02 15:41:44.590678,0.467941,-4.308831,1.415299,0.002211,1.413342,0.002211,-4.308831,0
2026-07-02 15:41:44.590678,0.470201,-4.314013,1.415299,0.002211,1.413342,0.002211,-4.314013,0
2026-07-02 15:41:44.596887,0.472535,-4.314013,1.415299,0.002211,1.413342,0.002211,-4.314013,0
2026-07-02 15:41:44.597733,0.474789,-4.314013,1.415299,0.002211,1.418524,0.002211,-4.314013,0
2026-07-02 15:41:44.601088,0.477014,-4.314013,1.415299,0.002211,1.413342,0.002211,-4.314013,0
2026-07-02 15:41:44.602351,0.479291,-4.314013,1.415299,0.002211,1.418524,0.002211,-4.314013,0
2026-07-02 15:41:44.604431,0.481530,-4.314013,1.415299,0.002211,1.413342,0.002211,-4.314013,0
2026-07-02 15:41:44.606623,0.483733,-4.314013,1.415299,0.002211,1.418524,0.002211,-4.314013,0
2026-07-02 15:41:44.608810,0.485908,-4.314013,1.415299,0.002211,1.418524,0.002211,-4.314013,0
2026-07-02 15:41:44.611323,0.488214,-4.314013,1.415299,0.002211,1.413342,0.002211,-4.314013,0
2026-07-02 15:41:44.613385,0.490462,-4.314013,1.415299,0.002211,1.418524,0.002211,-4.314013,0
2026-07-02 15:41:44.615396,0.492901,-4.314013,1.415299,0.002211,1.413342,0.002211,-4.314013,0
2026-07-02 15:41:44.625554,0.495521,-4.314013,1.415299,0.002211,1.413342,0.002211,-4.314013,0
2026-07-02 15:41:44.627866,0.503661,-4.314013,1.415299,0.002211,1.418524,0.002211,-4.314013,0
2026-07-02 15:41:44.629611,0.506183,-4.314013,1.415299,0.002211,1.413342,0.002211,-4.314013,0
2026-07-02 15:41:44.634429,0.508821,-4.314013,1.415299,0.002211,1.418524,0.002211,-4.314013,0
2026-07-02 15:41:44.639223,0.514264,-4.314013,1.415299,0.002211,1.413342,0.002211,-4.314013,0
2026-07-02 15:41:44.641213,0.518783,-4.314013,1.415299,0.002211,1.413342,0.002211,-4.314013,0
2026-07-02 15:41:44.641213,0.521135,-4.314013,1.410120,0.002211,1.413342,0.002211,-4.314013,0
2026-07-02 15:41:44.641213,0.523469,-4.314013,1.415299,0.002211,1.418524,0.002211,-4.314013,0
2026-07-02 15:41:44.641213,0.525703,-4.314013,1.415299,0.002211,1.413342,0.002211,-4.314013,0
2026-07-02 15:41:44.651613,0.528419,-4.308831,1.415299,0.002211,1.413342,0.002211,-4.308831,0
2026-07-02 15:41:44.656694,0.530848,-4.314013,1.415299,0.002211,1.413342,0.002211,-4.314013,0
2026-07-02 15:41:44.657622,0.534689,-4.314013,1.415299,0.002211,1.413342,0.002211,-4.314013,0
2026-07-02 15:41:44.659785,0.536974,-4.308831,1.415299,0.002211,1.418524,0.002211,-4.308831,0
2026-07-02 15:41:44.663604,0.539297,-4.314013,1.415299,0.002211,1.413342,0.002211,-4.314013,0
2026-07-02 15:41:44.664645,0.541591,-4.314013,1.415299,0.002211,1.413342,0.002211,-4.314013,0
2026-07-02 15:41:44.664645,0.543846,-4.314013,1.415299,0.002211,1.413342,0.002211,-4.314013,0
2026-07-02 15:41:44.664645,0.546060,-4.314013,1.415299,0.002211,1.418524,0.002211,-4.314013,0
2026-07-02 15:41:44.671904,0.548249,-4.308831,1.415299,0.002211,1.418524,0.002211,-4.308831,0
2026-07-02 15:41:44.671904,0.550445,-4.314013,1.415299,0.002211,1.418524,0.002211,-4.314013,0
2026-07-02 15:41:44.676148,0.552666,-4.314013,1.415299,0.002211,1.418524,0.002211,-4.314013,0
2026-07-02 15:41:44.676148,0.554989,-4.314013,1.415299,0.002211,1.418524,0.002211,-4.314013,0
2026-07-02 15:41:44.676148,0.557308,-4.314013,1.415299,0.002211,1.413342,0.002211,-4.314013,0
2026-07-02 15:41:44.686763,0.559560,-4.314013,1.415299,0.002211,1.418524,0.002211,-4.314013,0
2026-07-02 15:41:44.687763,0.564831,-4.314013,1.415299,0.002211,1.418524,0.002211,-4.314013,0
2026-07-02 15:41:44.692303,0.567480,-4.314013,1.415299,0.002211,1.418524,0.002211,-4.314013,0
2026-07-02 15:41:44.695030,0.570651,-4.314013,1.415299,0.002211,1.413342,0.002211,-4.314013,0
2026-07-02 15:41:44.695030,0.573007,-4.314013,1.415299,0.002211,1.413342,0.002211,-4.314013,0
2026-07-02 15:41:44.695030,0.575291,-4.314013,1.415299,0.002211,1.413342,0.002211,-4.314013,0
2026-07-02 15:41:44.695030,0.577538,-4.314013,1.415299,0.002211,1.418524,0.002211,-4.314013,0
2026-07-02 15:41:44.702476,0.579801,-4.314013,1.415299,0.002211,1.418524,0.002211,-4.314013,0
2026-07-02 15:41:44.702476,0.582037,-4.314013,1.415299,0.002211,1.413342,0.002211,-4.314013,0
2026-07-02 15:41:44.707219,0.584285,-4.314013,1.415299,0.002211,1.413342,0.002211,-4.314013,0
2026-07-02 15:41:44.707219,0.586886,-4.314013,1.415299,0.002211,1.413342,0.002211,-4.314013,0
2026-07-02 15:41:44.713600,0.589142,-4.314013,1.415299,0.002211,1.413342,0.002211,-4.314013,0
2026-07-02 15:41:44.718131,0.592867,-4.314013,1.415299,0.002211,1.418524,0.002211,-4.314013,0
2026-07-02 15:41:44.719005,0.596027,-4.314013,1.415299,0.002211,1.413342,0.002211,-4.314013,0
2026-07-02 15:41:44.721517,0.598435,-4.314013,1.415299,0.002211,1.413342,0.002211,-4.314013,0
2026-07-02 15:41:44.742593,0.600767,-4.314013,1.415299,0.002211,1.418524,0.002211,-4.314013,0
2026-07-02 15:41:44.763522,0.622426,-4.314013,1.415299,0.002211,1.418524,0.002211,-4.314013,0
2026-07-02 15:41:44.767066,0.642506,-4.314013,1.415299,0.002211,1.418524,0.002211,-4.314013,0
2026-07-02 15:41:44.768807,0.645751,-4.319194,1.415299,0.002211,1.413342,0.002211,-4.319194,0
2026-07-02 15:41:44.773971,0.648170,-4.308831,1.415299,0.002211,1.413342,0.002211,-4.308831,0
2026-07-02 15:41:44.788006,0.652145,-4.314013,1.415299,0.002211,1.413342,0.002211,-4.314013,0
2026-07-02 15:41:44.800048,0.666054,-4.314013,1.415299,0.002211,1.413342,0.002211,-4.314013,0
2026-07-02 15:41:44.820683,0.679162,-4.314013,1.415299,0.002211,1.413342,0.002211,-4.314013,0
2026-07-02 15:41:44.835101,0.699500,-4.314013,1.415299,0.002211,1.418524,0.002211,-4.314013,0
2026-07-02 15:41:44.847633,0.714466,-4.314013,1.415299,0.002211,1.418524,0.002211,-4.314013,0
2026-07-02 15:41:44.864112,0.725844,-4.314013,1.415299,0.002211,1.413342,0.002211,-4.314013,0
2026-07-02 15:41:44.871335,0.743253,-4.314013,1.415299,0.002211,1.413342,0.002211,-4.314013,0
2026-07-02 15:41:44.875848,0.750833,-4.314013,1.415299,0.002211,1.418524,0.002211,-4.314013,0
2026-07-02 15:41:44.880400,0.755084,-4.314013,1.415299,0.002211,1.413342,0.002211,-4.314013,0
2026-07-02 15:41:44.884269,0.758593,-4.314013,1.415299,0.002211,1.413342,0.002211,-4.314013,0
2026-07-02 15:41:44.895345,0.763018,-4.314013,1.415299,0.002211,1.413342,0.002211,-4.314013,0
2026-07-02 15:41:44.902617,0.773941,-4.314013,1.415299,0.002211,1.413342,0.002211,-4.314013,0
2026-07-02 15:41:44.910762,0.782303,-4.314013,1.415299,0.002211,1.413342,0.002211,-4.314013,0
2026-07-02 15:41:44.914254,0.789258,-4.314013,1.415299,0.002211,1.418524,0.002211,-4.314013,0
2026-07-02 15:41:44.921833,0.792370,-4.314013,1.415299,0.002211,1.413342,0.002211,-4.314013,0
2026-07-02 15:41:44.945374,0.799836,-4.314013,1.415299,0.002211,1.413342,0.002211,-4.314013,0
2026-07-02 15:41:44.972074,0.823524,-4.314013,1.415299,0.002211,1.413342,0.002211,-4.314013,0
2026-07-02 15:41:44.986587,0.850296,-4.314013,1.415299,0.002211,1.418524,0.002211,-4.314013,0
2026-07-02 15:41:45.001420,0.864887,-4.314013,1.415299,0.002211,1.418524,0.002211,-4.314013,0
2026-07-02 15:41:45.004862,0.879805,-4.314013,1.415299,0.002211,1.413342,0.002211,-4.314013,0
2026-07-02 15:41:45.012256,0.883879,-4.314013,1.415299,0.002211,1.413342,0.002211,-4.314013,0
2026-07-02 15:41:45.013334,0.890307,-4.314013,1.415299,0.002211,1.413342,0.002211,-4.314013,0
2026-07-02 15:41:45.016191,0.892654,-4.308831,1.415299,0.002211,1.413342,0.002211,-4.308831,0
2026-07-02 15:41:45.018197,0.895741,-4.314013,1.415299,0.002211,1.413342,0.002211,-4.314013,0
2026-07-02 15:41:45.032896,0.898058,-4.314013,1.415299,0.002211,1.418524,0.002211,-4.314013,0
2026-07-02 15:41:45.036911,0.912139,-4.314013,1.415299,0.002211,1.413342,0.002211,-4.314013,0
2026-07-02 15:41:45.076166,0.916707,-4.314013,1.415299,0.002211,1.413342,0.002211,-4.314013,0
2026-07-02 15:41:45.093306,0.956333,-4.314013,1.415299,0.002211,1.418524,0.002211,-4.314013,0
2026-07-02 15:41:45.093306,0.974257,-4.314013,1.415299,0.002211,1.418524,0.002211,-4.314013,0
2026-07-02 15:41:45.101183,0.977168,-4.314013,1.415299,0.002211,1.418524,0.002211,-4.314013,0
2026-07-02 15:41:45.101183,0.980092,-4.314013,1.415299,-0.002971,1.413342,-0.002971,-4.314013,0
2026-07-02 15:41:45.101183,0.982536,-4.314013,1.415299,0.002211,1.418524,0.002211,-4.314013,0
2026-07-02 15:41:45.111531,0.984935,-4.314013,1.415299,0.002211,1.413342,0.002211,-4.314013,0
2026-07-02 15:41:45.111531,0.989668,-4.314013,1.415299,0.002211,1.418524,0.002211,-4.314013,0
2026-07-02 15:41:45.117864,0.994775,-4.314013,1.415299,0.002211,1.413342,0.002211,-4.314013,0
2026-07-02 15:41:45.117864,0.997717,-4.314013,1.415299,-0.002971,1.418524,-0.002971,-4.314013,0
2026-07-02 15:41:45.126125,1.001236,-4.314013,1.415299,0.002211,1.413342,0.002211,-4.314013,0
2026-07-02 15:41:45.126125,1.005899,-4.314013,1.415299,0.002211,1.418524,0.002211,-4.314013,0
2026-07-02 15:41:45.126125,1.008223,-4.314013,1.415299,0.002211,1.413342,0.002211,-4.314013,0
2026-07-02 15:41:45.134378,1.010607,-4.314013,1.415299,0.002211,1.413342,0.002211,-4.314013,0
2026-07-02 15:41:45.134378,1.014320,-4.314013,1.415299,0.002211,1.413342,0.002211,-4.314013,0
2026-07-02 15:41:45.134378,1.016703,-4.314013,1.415299,0.002211,1.413342,0.002211,-4.314013,0
2026-07-02 15:41:45.143727,1.019192,-4.314013,1.415299,0.002211,1.413342,0.002211,-4.314013,0
2026-07-02 15:41:45.144335,1.021641,-4.314013,1.415299,0.002211,1.418524,0.002211,-4.314013,0
2026-07-02 15:41:45.144335,1.024063,-4.314013,1.415299,0.002211,1.413342,0.002211,-4.314013,0
2026-07-02 15:41:45.150846,1.026451,-4.314013,1.415299,0.002211,1.418524,0.002211,-4.314013,0
2026-07-02 15:41:45.150846,1.028888,-4.314013,1.415299,0.002211,1.413342,0.002211,-4.314013,0
2026-07-02 15:41:45.150846,1.031257,-4.314013,1.415299,0.002211,1.413342,0.002211,-4.314013,0
2026-07-02 15:41:45.150846,1.033620,-4.314013,1.415299,0.002211,1.413342,0.002211,-4.314013,0
2026-07-02 15:41:45.159299,1.035892,-4.314013,1.415299,0.002211,1.418524,0.002211,-4.314013,0
2026-07-02 15:41:45.159299,1.038306,-4.314013,1.415299,0.002211,1.413342,0.002211,-4.314013,0
2026-07-02 15:41:45.164334,1.041055,-4.314013,1.415299,0.002211,1.413342,0.002211,-4.314013,0
2026-07-02 15:41:45.167686,1.043303,-4.308831,1.415299,0.002211,1.413342,0.002211,-4.308831,0
2026-07-02 15:41:45.167686,1.045787,-4.314013,1.415299,0.002211,1.418524,0.002211,-4.314013,0
2026-07-02 15:41:45.167686,1.048409,-4.308831,1.415299,0.002211,1.413342,0.002211,-4.308831,0
2026-07-02 15:41:45.175537,1.050712,-4.314013,1.415299,0.002211,1.413342,0.002211,-4.314013,0
2026-07-02 15:41:45.176716,1.054039,-4.314013,1.415299,0.002211,1.413342,0.002211,-4.314013,0
2026-07-02 15:41:45.176716,1.056689,-4.314013,1.415299,0.002211,1.413342,0.002211,-4.314013,0
2026-07-02 15:41:45.183752,1.059045,-4.314013,1.415299,0.002211,1.413342,0.002211,-4.314013,0
2026-07-02 15:41:45.184434,1.062094,-4.314013,1.415299,0.002211,1.413342,0.002211,-4.314013,0
2026-07-02 15:41:45.184434,1.064738,-4.314013,1.415299,0.002211,1.418524,0.002211,-4.314013,0
2026-07-02 15:41:45.184434,1.067005,-4.314013,1.415299,0.002211,1.413342,0.002211,-4.314013,0
2026-07-02 15:41:45.193374,1.069227,-4.314013,1.415299,0.002211,1.418524,0.002211,-4.314013,0
2026-07-02 15:41:45.195452,1.071528,-4.314013,1.415299,0.002211,1.413342,0.002211,-4.314013,0
2026-07-02 15:41:45.197465,1.073875,-4.314013,1.415299,0.002211,1.418524,0.002211,-4.314013,0
2026-07-02 15:41:45.200755,1.076262,-4.314013,1.415299,0.002211,1.413342,0.002211,-4.314013,0
2026-07-02 15:41:45.202638,1.078711,-4.314013,1.415299,0.002211,1.418524,0.002211,-4.314013,0
2026-07-02 15:41:45.204648,1.080973,-4.314013,1.415299,0.002211,1.418524,0.002211,-4.314013,0
2026-07-02 15:41:45.206663,1.083268,-4.314013,1.415299,0.002211,1.413342,0.002211,-4.314013,0
2026-07-02 15:41:45.208675,1.085424,-4.314013,1.415299,0.002211,1.418524,0.002211,-4.314013,0
2026-07-02 15:41:45.212344,1.087951,-4.314013,1.415299,0.002211,1.413342,0.002211,-4.314013,0
2026-07-02 15:41:45.214475,1.090325,-4.314013,1.415299,0.002211,1.418524,0.002211,-4.314013,0
2026-07-02 15:41:45.217439,1.092567,-4.314013,1.415299,0.002211,1.413342,0.002211,-4.314013,0
2026-07-02 15:41:45.219456,1.095383,-4.314013,1.415299,0.002211,1.418524,0.002211,-4.314013,0
2026-07-02 15:41:45.220477,1.097689,-4.314013,1.415299,0.002211,1.413342,0.002211,-4.314013,0
2026-07-02 15:41:45.220477,1.100236,-4.314013,1.415299,0.002211,1.418524,0.002211,-4.314013,0
2026-07-02 15:41:45.226554,1.102577,-4.314013,1.415299,0.002211,1.413342,0.002211,-4.314013,0
2026-07-02 15:41:45.229042,1.104949,-4.314013,1.415299,0.002211,1.418524,0.002211,-4.314013,0
2026-07-02 15:41:45.230725,1.107262,-4.314013,1.415299,0.002211,1.418524,0.002211,-4.314013,0
2026-07-02 15:41:45.233256,1.109561,-4.314013,1.415299,0.002211,1.413342,0.002211,-4.314013,0
2026-07-02 15:41:45.236252,1.112096,-4.314013,1.415299,0.002211,1.413342,0.002211,-4.314013,0
2026-07-02 15:41:45.237826,1.114617,-4.314013,1.415299,0.002211,1.413342,0.002211,-4.314013,0
2026-07-02 15:41:45.240503,1.116899,-4.314013,1.415299,0.002211,1.413342,0.002211,-4.314013,0
2026-07-02 15:41:45.245201,1.119165,-4.314013,1.415299,0.002211,1.418524,0.002211,-4.314013,0
2026-07-02 15:41:45.249231,1.124730,-4.314013,1.415299,0.002211,1.413342,0.002211,-4.314013,0
2026-07-02 15:41:45.253501,1.127308,-4.314013,1.415299,0.002211,1.418524,0.002211,-4.314013,0
2026-07-02 15:41:45.257528,1.132345,-4.314013,1.415299,0.002211,1.413342,0.002211,-4.314013,0
2026-07-02 15:41:45.258718,1.135617,-4.314013,1.415299,0.002211,1.418524,0.002211,-4.314013,0
2026-07-02 15:41:45.261780,1.138296,-4.314013,1.415299,0.002211,1.418524,0.002211,-4.314013,0
2026-07-02 15:41:45.264306,1.140925,-4.314013,1.415299,0.002211,1.413342,0.002211,-4.314013,0
2026-07-02 15:41:45.267303,1.143223,-4.314013,1.415299,0.002211,1.418524,0.002211,-4.314013,0
2026-07-02 15:41:45.269062,1.145518,-4.314013,1.415299,0.002211,1.413342,0.002211,-4.314013,0
2026-07-02 15:41:45.269062,1.147918,-4.314013,1.415299,0.002211,1.413342,0.002211,-4.314013,0
2026-07-02 15:41:45.273205,1.150220,-4.314013,1.415299,0.002211,1.413342,0.002211,-4.314013,0
2026-07-02 15:41:45.275990,1.152438,-4.314013,1.415299,0.002211,1.413342,0.002211,-4.314013,0
2026-07-02 15:41:45.275990,1.154757,-4.314013,1.415299,0.002211,1.413342,0.002211,-4.314013,0
2026-07-02 15:41:45.275990,1.157008,-4.314013,1.415299,0.002211,1.413342,0.002211,-4.314013,0
2026-07-02 15:41:45.284113,1.159231,-4.314013,1.415299,0.002211,1.413342,0.002211,-4.314013,0
2026-07-02 15:41:45.286700,1.162347,-4.314013,1.415299,0.002211,1.413342,0.002211,-4.314013,0
2026-07-02 15:41:45.286700,1.164681,-4.314013,1.415299,0.002211,1.413342,0.002211,-4.314013,0
2026-07-02 15:41:45.286700,1.166978,-4.314013,1.415299,0.002211,1.413342,0.002211,-4.314013,0
2026-07-02 15:41:45.292407,1.169277,-4.314013,1.415299,0.002211,1.413342,0.002211,-4.314013,0
2026-07-02 15:41:45.292407,1.171607,-4.314013,1.415299,0.002211,1.413342,0.002211,-4.314013,0
2026-07-02 15:41:45.297752,1.173976,-4.314013,1.415299,0.002211,1.418524,0.002211,-4.314013,0
2026-07-02 15:41:45.300909,1.176221,-4.314013,1.415299,0.002211,1.418524,0.002211,-4.314013,0
2026-07-02 15:41:45.300909,1.179148,-4.314013,1.415299,0.002211,1.418524,0.002211,-4.314013,0
2026-07-02 15:41:45.300909,1.181624,-4.314013,1.415299,0.002211,1.413342,0.002211,-4.314013,0
2026-07-02 15:41:45.300909,1.183897,-4.314013,1.415299,0.002211,1.418524,0.002211,-4.314013,0
2026-07-02 15:41:45.309091,1.186084,-4.314013,1.415299,0.002211,1.413342,0.002211,-4.314013,0
2026-07-02 15:41:45.309091,1.188347,-4.308831,1.415299,0.002211,1.413342,0.002211,-4.308831,0
2026-07-02 15:41:45.309091,1.190611,-4.314013,1.415299,0.002211,1.418524,0.002211,-4.314013,0
2026-07-02 15:41:45.316989,1.192888,-4.314013,1.415299,0.002211,1.413342,0.002211,-4.314013,0
2026-07-02 15:41:45.317505,1.195527,-4.314013,1.415299,0.002211,1.413342,0.002211,-4.314013,0
2026-07-02 15:41:45.317505,1.198002,-4.314013,1.415299,0.002211,1.418524,0.002211,-4.314013,0
2026-07-02 15:41:45.317505,1.200224,-4.314013,1.415299,0.002211,1.413342,0.002211,-4.314013,0
2026-07-02 15:41:45.325803,1.202405,-4.314013,1.415299,0.002211,1.418524,0.002211,-4.314013,0
2026-07-02 15:41:45.325803,1.204680,-4.314013,1.415299,0.002211,1.413342,0.002211,-4.314013,0
2026-07-02 15:41:45.325803,1.206975,-4.314013,1.415299,0.002211,1.413342,0.002211,-4.314013,0
2026-07-02 15:41:45.334072,1.209237,-4.314013,1.415299,0.002211,1.413342,0.002211,-4.314013,0
2026-07-02 15:41:45.334072,1.212066,-4.314013,1.415299,0.002211,1.413342,0.002211,-4.314013,0
2026-07-02 15:41:45.334072,1.214558,-4.314013,1.415299,0.002211,1.413342,0.002211,-4.314013,0
2026-07-02 15:41:45.334072,1.216909,-4.314013,1.415299,0.002211,1.418524,0.002211,-4.314013,0
2026-07-02 15:41:45.342508,1.219150,-4.314013,1.415299,0.002211,1.418524,0.002211,-4.314013,0
2026-07-02 15:41:45.344522,1.221379,-4.314013,1.415299,0.002211,1.418524,0.002211,-4.314013,0
2026-07-02 15:41:45.344522,1.223679,-4.314013,1.415299,0.002211,1.413342,0.002211,-4.314013,0
2026-07-02 15:41:45.350335,1.225892,-4.314013,1.415299,0.002211,1.413342,0.002211,-4.314013,0
2026-07-02 15:41:45.350798,1.228692,-4.314013,1.415299,0.002211,1.418524,0.002211,-4.314013,0
2026-07-02 15:41:45.350798,1.231208,-4.314013,1.415299,0.002211,1.413342,0.002211,-4.314013,0
2026-07-02 15:41:45.350798,1.233451,-4.314013,1.415299,0.002211,1.413342,0.002211,-4.314013,0
2026-07-02 15:41:45.359397,1.235632,-4.314013,1.415299,0.002211,1.413342,0.002211,-4.314013,0
2026-07-02 15:41:45.359397,1.237928,-4.314013,1.415299,0.002211,1.413342,0.002211,-4.314013,0
2026-07-02 15:41:45.364287,1.240292,-4.314013,1.415299,0.002211,1.418524,0.002211,-4.314013,0
2026-07-02 15:41:45.367161,1.242613,-4.314013,1.415299,0.002211,1.413342,0.002211,-4.314013,0
2026-07-02 15:41:45.368672,1.245668,-4.314013,1.415299,0.002211,1.418524,0.002211,-4.314013,0
2026-07-02 15:41:45.368672,1.248128,-4.314013,1.415299,0.002211,1.413342,0.002211,-4.314013,0
2026-07-02 15:41:45.368672,1.250399,-4.314013,1.415299,0.002211,1.418524,0.002211,-4.314013,0
2026-07-02 15:41:45.376656,1.252576,-4.314013,1.415299,0.002211,1.418524,0.002211,-4.314013,0
2026-07-02 15:41:45.378181,1.254838,-4.314013,1.415299,0.002211,1.413342,0.002211,-4.314013,0
2026-07-02 15:41:45.380188,1.257157,-4.314013,1.415299,0.002211,1.413342,0.002211,-4.314013,0
2026-07-02 15:41:45.383620,1.259421,-4.314013,1.415299,0.002211,1.413342,0.002211,-4.314013,0
2026-07-02 15:41:45.384166,1.261680,-4.314013,1.415299,0.002211,1.418524,0.002211,-4.314013,0
2026-07-02 15:41:45.384166,1.264016,-4.314013,1.415299,0.002211,1.418524,0.002211,-4.314013,0
2026-07-02 15:41:45.384166,1.266279,-4.314013,1.415299,0.002211,1.418524,0.002211,-4.314013,0
2026-07-02 15:41:45.393042,1.268573,-4.314013,1.415299,0.002211,1.413342,0.002211,-4.314013,0
2026-07-02 15:41:45.394349,1.271358,-4.314013,1.415299,0.002211,1.418524,0.002211,-4.314013,0
2026-07-02 15:41:45.394349,1.273728,-4.314013,1.415299,0.002211,1.413342,0.002211,-4.314013,0
2026-07-02 15:41:45.400439,1.276009,-4.314013,1.415299,0.002211,1.413342,0.002211,-4.314013,0
2026-07-02 15:41:45.414157,1.278377,-4.314013,1.415299,0.002211,1.418524,0.002211,-4.314013,0
2026-07-02 15:41:45.426684,1.292350,-4.314013,1.415299,0.002211,1.413342,0.002211,-4.314013,0
2026-07-02 15:41:45.431714,1.305439,-4.314013,1.415299,0.002211,1.413342,0.002211,-4.314013,0
2026-07-02 15:41:45.435102,1.310712,-4.314013,1.415299,0.002211,1.413342,0.002211,-4.314013,0
2026-07-02 15:41:45.446073,1.314734,-4.314013,1.415299,0.002211,1.418524,0.002211,-4.314013,0
2026-07-02 15:41:45.448853,1.325033,-4.314013,1.415299,0.002211,1.413342,0.002211,-4.314013,0
2026-07-02 15:41:45.483585,1.327693,-4.314013,1.415299,0.002211,1.418524,0.002211,-4.314013,0
2026-07-02 15:41:45.487304,1.362779,-4.314013,1.415299,0.002211,1.413342,0.002211,-4.314013,0
2026-07-02 15:41:45.489343,1.365513,-4.314013,1.415299,0.002211,1.413342,0.002211,-4.314013,0
2026-07-02 15:41:45.493436,1.368458,-4.314013,1.415299,0.002211,1.418524,0.002211,-4.314013,0
2026-07-02 15:41:45.496515,1.371496,-4.314013,1.415299,0.002211,1.413342,0.002211,-4.314013,0
2026-07-02 15:41:45.498528,1.374846,-4.314013,1.415299,0.002211,1.418524,0.002211,-4.314013,0
2026-07-02 15:41:45.505965,1.377740,-4.314013,1.415299,0.002211,1.413342,0.002211,-4.314013,0
2026-07-02 15:41:45.508053,1.384014,-4.314013,1.415299,0.002211,1.413342,0.002211,-4.314013,0
2026-07-02 15:41:45.510370,1.386440,-4.314013,1.415299,0.002211,1.413342,0.002211,-4.314013,0
2026-07-02 15:41:45.513175,1.388807,-4.314013,1.415299,0.002211,1.418524,0.002211,-4.314013,0
2026-07-02 15:41:45.514826,1.391160,-4.314013,1.415299,0.002211,1.413342,0.002211,-4.314013,0
2026-07-02 15:41:45.516906,1.393561,-4.314013,1.415299,0.002211,1.413342,0.002211,-4.314013,0
2026-07-02 15:41:45.518607,1.396032,-4.314013,1.415299,0.002211,1.418524,0.002211,-4.314013,0
2026-07-02 15:41:45.525317,1.398587,-4.319194,1.415299,0.002211,1.418524,0.002211,-4.319194,0
2026-07-02 15:41:45.538586,1.403896,-4.314013,1.415299,0.002211,1.413342,0.002211,-4.314013,0
2026-07-02 15:41:45.543753,1.417415,-4.314013,1.415299,-0.002971,1.418524,-0.002971,-4.314013,0
2026-07-02 15:41:45.556192,1.423539,-4.314013,1.415299,0.002211,1.413342,0.002211,-4.314013,0
2026-07-02 15:41:45.559169,1.434957,-4.314013,1.415299,0.002211,1.418524,0.002211,-4.314013,0
2026-07-02 15:41:45.579802,1.437589,-4.314013,1.415299,0.002211,1.418524,0.002211,-4.314013,0
2026-07-02 15:41:45.582824,1.458903,-4.314013,1.415299,0.002211,1.418524,0.002211,-4.314013,0
2026-07-02 15:41:45.595404,1.461565,-4.314013,1.415299,0.002211,1.413342,0.002211,-4.314013,0
2026-07-02 15:41:45.603209,1.475324,-4.314013,1.415299,0.002211,1.413342,0.002211,-4.314013,0
2026-07-02 15:41:45.605226,1.481728,-4.314013,1.415299,0.002211,1.413342,0.002211,-4.314013,0
2026-07-02 15:41:45.610010,1.484268,-4.314013,1.415299,0.002211,1.418524,0.002211,-4.314013,0
2026-07-02 15:41:45.612022,1.488460,-4.314013,1.415299,0.002211,1.413342,0.002211,-4.314013,0
2026-07-02 15:41:45.615513,1.491220,-4.314013,1.415299,0.002211,1.413342,0.002211,-4.314013,0
2026-07-02 15:41:45.619007,1.493910,-4.314013,1.415299,0.002211,1.413342,0.002211,-4.314013,0
2026-07-02 15:41:45.621980,1.497244,-4.314013,1.415299,0.002211,1.413342,0.002211,-4.314013,0
2026-07-02 15:41:45.624750,1.500094,-4.314013,1.415299,0.002211,1.413342,0.002211,-4.314013,0
2026-07-02 15:41:45.627988,1.502701,-4.314013,1.415299,0.002211,1.413342,0.002211,-4.314013,0
2026-07-02 15:41:45.631810,1.506053,-4.314013,1.415299,0.002211,1.418524,0.002211,-4.314013,0
2026-07-02 15:41:45.634438,1.510402,-4.314013,1.415299,0.002211,1.413342,0.002211,-4.314013,0
2026-07-02 15:41:45.636738,1.512743,-4.314013,1.415299,0.002211,1.413342,0.002211,-4.314013,0
2026-07-02 15:41:45.638751,1.515076,-4.314013,1.415299,0.002211,1.413342,0.002211,-4.314013,0
2026-07-02 15:41:45.640764,1.517420,-4.314013,1.415299,0.002211,1.413342,0.002211,-4.314013,0
2026-07-02 15:41:45.642773,1.519806,-4.314013,1.415299,0.002211,1.418524,0.002211,-4.314013,0
2026-07-02 15:41:45.644787,1.522144,-4.314013,1.415299,0.002211,1.413342,0.002211,-4.314013,0
2026-07-02 15:41:45.649904,1.524409,-4.314013,1.415299,0.002211,1.413342,0.002211,-4.314013,0
2026-07-02 15:41:45.651911,1.529164,-4.314013,1.415299,0.002211,1.413342,0.002211,-4.314013,0
2026-07-02 15:41:45.654427,1.531615,-4.314013,1.415299,0.002211,1.413342,0.002211,-4.314013,0
2026-07-02 15:41:45.657119,1.534027,-4.314013,1.415299,0.002211,1.413342,0.002211,-4.314013,0
2026-07-02 15:41:45.660559,1.536321,-4.314013,1.415299,0.002211,1.418524,0.002211,-4.314013,0
2026-07-02 15:41:45.661217,1.538588,-4.314013,1.415299,0.002211,1.413342,0.002211,-4.314013,0
2026-07-02 15:41:45.664747,1.540915,-4.314013,1.415299,0.002211,1.413342,0.002211,-4.314013,0
2026-07-02 15:41:45.667468,1.543321,-4.314013,1.415299,0.002211,1.413342,0.002211,-4.314013,0
2026-07-02 15:41:45.669666,1.545712,-4.314013,1.415299,0.002211,1.413342,0.002211,-4.314013,0
2026-07-02 15:41:45.673216,1.548092,-4.314013,1.415299,0.002211,1.418524,0.002211,-4.314013,0
2026-07-02 15:41:45.687722,1.551948,-4.314013,1.415299,0.002211,1.418524,0.002211,-4.314013,0
2026-07-02 15:41:45.693251,1.566847,-4.314013,1.415299,0.002211,1.413342,0.002211,-4.314013,0
2026-07-02 15:41:45.697099,1.571714,-4.314013,1.415299,0.002211,1.413342,0.002211,-4.314013,0
2026-07-02 15:41:45.701314,1.576594,-4.314013,1.415299,0.002211,1.418524,0.002211,-4.314013,0
2026-07-02 15:41:45.709233,1.580369,-4.314013,1.415299,0.002211,1.413342,0.002211,-4.314013,0
2026-07-02 15:41:45.713160,1.588956,-4.314013,1.415299,0.002211,1.413342,0.002211,-4.314013,0
2026-07-02 15:41:45.716153,1.591652,-4.314013,1.415299,0.002211,1.413342,0.002211,-4.314013,0
2026-07-02 15:41:45.718092,1.594529,-4.314013,1.415299,0.002211,1.418524,0.002211,-4.314013,0
2026-07-02 15:41:45.719427,1.596958,-4.308831,1.415299,0.002211,1.413342,0.002211,-4.308831,0
2026-07-02 15:41:45.723624,1.599245,-4.314013,1.415299,0.002211,1.413342,0.002211,-4.314013,0
2026-07-02 15:41:45.725473,1.601558,-4.314013,1.415299,0.002211,1.418524,0.002211,-4.314013,0
2026-07-02 15:41:45.726465,1.603902,-4.314013,1.415299,0.002211,1.413342,0.002211,-4.314013,0
2026-07-02 15:41:45.730491,1.606283,-4.314013,1.415299,0.002211,1.418524,0.002211,-4.314013,0
2026-07-02 15:41:45.732505,1.608574,-4.314013,1.415299,0.002211,1.418524,0.002211,-4.314013,0
2026-07-02 15:41:45.734962,1.610808,-4.314013,1.415299,0.002211,1.413342,0.002211,-4.314013,0
2026-07-02 15:41:45.736368,1.613107,-4.314013,1.415299,0.002211,1.413342,0.002211,-4.314013,0
2026-07-02 15:41:45.739932,1.615444,-4.314013,1.415299,0.002211,1.413342,0.002211,-4.314013,0
2026-07-02 15:41:45.741701,1.617879,-4.314013,1.415299,-0.002971,1.418524,-0.002971,-4.314013,0
2026-07-02 15:41:45.744640,1.620356,-4.314013,1.415299,0.002211,1.413342,0.002211,-4.314013,0
2026-07-02 15:41:45.746467,1.622758,-4.314013,1.415299,0.002211,1.418524,0.002211,-4.314013,0
2026-07-02 15:41:45.748708,1.625070,-4.314013,1.415299,0.002211,1.418524,0.002211,-4.314013,0
2026-07-02 15:41:45.750316,1.627413,-4.314013,1.415299,0.002211,1.413342,0.002211,-4.314013,0
2026-07-02 15:41:45.752947,1.629745,-4.314013,1.415299,0.002211,1.418524,0.002211,-4.314013,0
2026-07-02 15:41:45.754965,1.632100,-4.314013,1.415299,0.002211,1.418524,0.002211,-4.314013,0
2026-07-02 15:41:45.757733,1.634337,-4.314013,1.415299,0.002211,1.413342,0.002211,-4.314013,0
2026-07-02 15:41:45.759256,1.636586,-4.314013,1.415299,0.002211,1.413342,0.002211,-4.314013,0
2026-07-02 15:41:45.759256,1.638976,-4.314013,1.415299,0.002211,1.413342,0.002211,-4.314013,0
2026-07-02 15:41:45.764730,1.641233,-4.314013,1.415299,0.002211,1.413342,0.002211,-4.314013,0
2026-07-02 15:41:45.767770,1.643413,-4.314013,1.415299,0.002211,1.413342,0.002211,-4.314013,0
2026-07-02 15:41:45.767770,1.645750,-4.314013,1.415299,0.002211,1.418524,0.002211,-4.314013,0
2026-07-02 15:41:45.770284,1.648061,-4.314013,1.415299,0.002211,1.413342,0.002211,-4.314013,0
2026-07-02 15:41:45.770284,1.650330,-4.314013,1.415299,0.002211,1.413342,0.002211,-4.314013,0
2026-07-02 15:41:45.770284,1.652645,-4.314013,1.410120,0.002211,1.413342,0.002211,-4.314013,0
2026-07-02 15:41:45.778127,1.654916,-4.314013,1.415299,0.002211,1.413342,0.002211,-4.314013,0
2026-07-02 15:41:45.778127,1.657283,-4.314013,1.415299,0.002211,1.418524,0.002211,-4.314013,0
2026-07-02 15:41:45.778127,1.659563,-4.314013,1.415299,0.002211,1.413342,0.002211,-4.314013,0
2026-07-02 15:41:45.778127,1.661836,-4.314013,1.415299,0.002211,1.413342,0.002211,-4.314013,0
2026-07-02 15:41:45.778127,1.664136,-4.314013,1.415299,0.002211,1.413342,0.002211,-4.314013,0
2026-07-02 15:41:45.790265,1.666356,-4.314013,1.415299,0.002211,1.413342,0.002211,-4.314013,0
2026-07-02 15:41:45.792160,1.669199,-4.314013,1.415299,0.002211,1.418524,0.002211,-4.314013,0
2026-07-02 15:41:45.794688,1.671649,-4.314013,1.415299,0.002211,1.413342,0.002211,-4.314013,0
2026-07-02 15:41:45.796713,1.673948,-4.314013,1.415299,0.002211,1.418524,0.002211,-4.314013,0
2026-07-02 15:41:45.800481,1.676170,-4.314013,1.415299,0.002211,1.418524,0.002211,-4.314013,0
2026-07-02 15:41:45.800481,1.678737,-4.314013,1.415299,0.002211,1.418524,0.002211,-4.314013,0
2026-07-02 15:41:45.800481,1.681326,-4.314013,1.415299,0.002211,1.418524,0.002211,-4.314013,0
2026-07-02 15:41:45.806758,1.683615,-4.314013,1.415299,0.002211,1.413342,0.002211,-4.314013,0
2026-07-02 15:41:45.806758,1.685961,-4.314013,1.415299,0.002211,1.413342,0.002211,-4.314013,0
2026-07-02 15:41:45.806758,1.688259,-4.308831,1.415299,0.002211,1.413342,0.002211,-4.308831,0
2026-07-02 15:41:45.806758,1.690548,-4.308831,1.415299,0.002211,1.418524,0.002211,-4.308831,0
2026-07-02 15:41:45.817063,1.692882,-4.314013,1.415299,0.002211,1.413342,0.002211,-4.314013,0
2026-07-02 15:41:45.818024,1.695226,-4.314013,1.415299,0.002211,1.413342,0.002211,-4.314013,0
2026-07-02 15:41:45.818024,1.697518,-4.314013,1.415299,0.002211,1.418524,0.002211,-4.314013,0
2026-07-02 15:41:45.818024,1.700031,-4.314013,1.415299,-0.002971,1.418524,-0.002971,-4.314013,0
2026-07-02 15:41:45.818024,1.702453,-4.314013,1.415299,0.002211,1.413342,0.002211,-4.314013,0
2026-07-02 15:41:45.827110,1.704887,-4.314013,1.415299,0.002211,1.413342,0.002211,-4.314013,0
2026-07-02 15:41:45.827110,1.707281,-4.314013,1.415299,0.002211,1.413342,0.002211,-4.314013,0
2026-07-02 15:41:45.827110,1.709693,-4.314013,1.415299,0.002211,1.413342,0.002211,-4.314013,0
2026-07-02 15:41:45.827110,1.711951,-4.314013,1.415299,0.002211,1.413342,0.002211,-4.314013,0
2026-07-02 15:41:45.837604,1.714456,-4.314013,1.415299,0.002211,1.413342,0.002211,-4.314013,0
2026-07-02 15:41:45.840027,1.716867,-4.314013,1.415299,0.002211,1.413342,0.002211,-4.314013,0
2026-07-02 15:41:45.842553,1.719297,-4.314013,1.415299,0.002211,1.413342,0.002211,-4.314013,0
2026-07-02 15:41:45.844587,1.721669,-4.314013,1.415299,0.002211,1.413342,0.002211,-4.314013,0
2026-07-02 15:41:45.850367,1.724302,-4.314013,1.415299,0.002211,1.413342,0.002211,-4.314013,0
2026-07-02 15:41:45.864727,1.728940,-4.308831,1.415299,0.002211,1.413342,0.002211,-4.308831,0
2026-07-02 15:41:45.871692,1.742903,-4.314013,1.415299,0.002211,1.418524,0.002211,-4.314013,0
2026-07-02 15:41:45.876307,1.749757,-4.314013,1.415299,0.002211,1.413342,0.002211,-4.314013,0
2026-07-02 15:41:45.878819,1.754479,-4.314013,1.415299,0.002211,1.413342,0.002211,-4.314013,0
2026-07-02 15:41:45.879991,1.756967,-4.314013,1.415299,0.002211,1.413342,0.002211,-4.314013,0
2026-07-02 15:41:45.884005,1.759317,-4.314013,1.415299,0.002211,1.418524,0.002211,-4.314013,0
2026-07-02 15:41:45.886404,1.761990,-4.314013,1.415299,0.002211,1.418524,0.002211,-4.314013,0
2026-07-02 15:41:45.887863,1.764374,-4.314013,1.415299,0.002211,1.413342,0.002211,-4.314013,0
2026-07-02 15:41:45.887863,1.766680,-4.314013,1.415299,0.002211,1.418524,0.002211,-4.314013,0
2026-07-02 15:41:45.887863,1.768988,-4.314013,1.415299,0.002211,1.418524,0.002211,-4.314013,0
2026-07-02 15:41:45.894491,1.771391,-4.314013,1.415299,0.002211,1.418524,0.002211,-4.314013,0
2026-07-02 15:41:45.894491,1.773761,-4.314013,1.415299,0.002211,1.418524,0.002211,-4.314013,0
2026-07-02 15:41:45.894491,1.775973,-4.314013,1.415299,0.002211,1.413342,0.002211,-4.314013,0
2026-07-02 15:41:45.894491,1.778253,-4.314013,1.415299,0.002211,1.413342,0.002211,-4.314013,0
2026-07-02 15:41:45.904724,1.780530,-4.314013,1.415299,0.002211,1.418524,0.002211,-4.314013,0
2026-07-02 15:41:45.905825,1.782876,-4.314013,1.415299,0.002211,1.413342,0.002211,-4.314013,0
2026-07-02 15:41:45.908979,1.785097,-4.314013,1.415299,0.002211,1.413342,0.002211,-4.314013,0
2026-07-02 15:41:45.908979,1.787315,-4.314013,1.415299,0.002211,1.418524,0.002211,-4.314013,0
2026-07-02 15:41:45.908979,1.789612,-4.314013,1.415299,0.002211,1.413342,0.002211,-4.314013,0
2026-07-02 15:41:45.915075,1.791879,-4.314013,1.415299,0.002211,1.413342,0.002211,-4.314013,0
2026-07-02 15:41:45.917087,1.794224,-4.314013,1.415299,0.002211,1.413342,0.002211,-4.314013,0
2026-07-02 15:41:45.919604,1.796511,-4.314013,1.415299,0.002211,1.413342,0.002211,-4.314013,0
2026-07-02 15:41:45.919604,1.798740,-4.314013,1.415299,0.002211,1.418524,0.002211,-4.314013,0
2026-07-02 15:41:45.925098,1.800944,-4.314013,1.415299,0.002211,1.418524,0.002211,-4.314013,0
2026-07-02 15:41:45.925098,1.803680,-4.314013,1.415299,0.002211,1.418524,0.002211,-4.314013,0
2026-07-02 15:41:45.925098,1.805998,-4.314013,1.415299,0.002211,1.413342,0.002211,-4.314013,0
2026-07-02 15:41:45.925098,1.808414,-4.314013,1.415299,-0.002971,1.413342,-0.002971,-4.314013,0
2026-07-02 15:41:45.925098,1.810828,-4.314013,1.415299,0.002211,1.418524,0.002211,-4.314013,0
2026-07-02 15:41:45.935416,1.813231,-4.314013,1.415299,0.002211,1.413342,0.002211,-4.314013,0
2026-07-02 15:41:45.935416,1.815858,-4.314013,1.415299,0.002211,1.413342,0.002211,-4.314013,0
2026-07-02 15:41:45.935416,1.818108,-4.314013,1.415299,0.002211,1.418524,0.002211,-4.314013,0
2026-07-02 15:41:45.935416,1.820310,-4.314013,1.415299,0.002211,1.413342,0.002211,-4.314013,0
2026-07-02 15:41:45.945477,1.822581,-4.314013,1.415299,0.002211,1.413342,0.002211,-4.314013,0
2026-07-02 15:41:45.945477,1.824946,-4.314013,1.415299,0.002211,1.413342,0.002211,-4.314013,0
2026-07-02 15:41:45.945477,1.827223,-4.314013,1.415299,0.002211,1.418524,0.002211,-4.314013,0
2026-07-02 15:41:45.945477,1.829466,-4.314013,1.415299,0.002211,1.413342,0.002211,-4.314013,0
2026-07-02 15:41:45.955899,1.831736,-4.314013,1.415299,0.002211,1.413342,0.002211,-4.314013,0
2026-07-02 15:41:45.957115,1.834062,-4.314013,1.415299,0.002211,1.413342,0.002211,-4.314013,0
2026-07-02 15:41:45.957115,1.836316,-4.314013,1.415299,0.002211,1.413342,0.002211,-4.314013,0
2026-07-02 15:41:45.957115,1.838549,-4.314013,1.415299,0.002211,1.418524,0.002211,-4.314013,0
2026-07-02 15:41:45.964978,1.840782,-4.314013,1.415299,0.002211,1.413342,0.002211,-4.314013,0
2026-07-02 15:41:45.967169,1.843001,-4.314013,1.415299,0.002211,1.413342,0.002211,-4.314013,0
2026-07-02 15:41:45.967169,1.845433,-4.314013,1.415299,0.002211,1.418524,0.002211,-4.314013,0
2026-07-02 15:41:45.971385,1.847680,-4.314013,1.415299,0.002211,1.418524,0.002211,-4.314013,0
2026-07-02 15:41:45.971385,1.849875,-4.314013,1.415299,0.002211,1.418524,0.002211,-4.314013,0
2026-07-02 15:41:45.976298,1.852105,-4.314013,1.415299,0.002211,1.413342,0.002211,-4.314013,0
2026-07-02 15:41:45.980470,1.855653,-4.314013,1.415299,0.002211,1.418524,0.002211,-4.314013,0
2026-07-02 15:41:45.980470,1.859879,-4.314013,1.415299,0.002211,1.413342,0.002211,-4.314013,0
2026-07-02 15:41:45.986561,1.862250,-4.314013,1.415299,0.002211,1.413342,0.002211,-4.314013,0
2026-07-02 15:41:45.986561,1.864632,-4.314013,1.415299,0.002211,1.413342,0.002211,-4.314013,0
2026-07-02 15:41:45.986561,1.866963,-4.314013,1.415299,0.002211,1.418524,0.002211,-4.314013,0
2026-07-02 15:41:45.986561,1.869283,-4.314013,1.415299,0.002211,1.418524,0.002211,-4.314013,0
2026-07-02 15:41:45.986561,1.871611,-4.314013,1.415299,0.002211,1.418524,0.002211,-4.314013,0
2026-07-02 15:41:45.996878,1.873895,-4.314013,1.415299,0.002211,1.418524,0.002211,-4.314013,0
2026-07-02 15:41:45.996878,1.876216,-4.314013,1.415299,0.002211,1.418524,0.002211,-4.314013,0
2026-07-02 15:41:45.996878,1.878628,-4.314013,1.415299,0.002211,1.418524,0.002211,-4.314013,0
2026-07-02 15:41:45.996878,1.880938,-4.314013,1.415299,0.002211,1.418524,0.002211,-4.314013,0
2026-07-02 15:41:46.006948,1.883248,-4.314013,1.415299,0.002211,1.413342,0.002211,-4.314013,0
2026-07-02 15:41:46.012537,1.886921,-4.314013,1.415299,0.002211,1.413342,0.002211,-4.314013,0
2026-07-02 15:41:46.012537,1.890552,-4.314013,1.415299,0.002211,1.418524,0.002211,-4.314013,0
2026-07-02 15:41:46.024238,1.892944,-4.308831,1.415299,0.002211,1.413342,0.002211,-4.308831,0
2026-07-02 15:41:46.028244,1.903983,-4.314013,1.415299,0.002211,1.418524,0.002211,-4.314013,0
2026-07-02 15:41:46.029807,1.906376,-4.314013,1.415299,0.002211,1.418524,0.002211,-4.314013,0
2026-07-02 15:41:46.031267,1.908720,-4.314013,1.415299,0.002211,1.413342,0.002211,-4.314013,0
2026-07-02 15:41:46.031267,1.911072,-4.314013,1.415299,0.002211,1.413342,0.002211,-4.314013,0
2026-07-02 15:41:46.076082,1.914163,-4.314013,1.415299,0.002211,1.418524,0.002211,-4.314013,0
2026-07-02 15:41:46.093324,1.954882,-4.308831,1.415299,0.002211,1.413342,0.002211,-4.308831,0
2026-07-02 15:41:46.097337,1.971459,-4.314013,1.415299,0.007391,1.413342,0.007391,-4.314013,0
2026-07-02 15:41:46.100041,1.975508,-4.314013,1.415299,0.002211,1.418524,0.002211,-4.314013,0
2026-07-02 15:41:46.102399,1.978047,-4.314013,1.415299,0.002211,1.413342,0.002211,-4.314013,0
2026-07-02 15:41:46.103589,1.980432,-4.314013,1.415299,0.002211,1.418524,0.002211,-4.314013,0
2026-07-02 15:41:46.106101,1.982923,-4.314013,1.415299,0.002211,1.418524,0.002211,-4.314013,0
2026-07-02 15:41:46.109731,1.985300,-4.314013,1.415299,0.002211,1.418524,0.002211,-4.314013,0
2026-07-02 15:41:46.111099,1.987899,-4.314013,1.415299,0.002211,1.413342,0.002211,-4.314013,0
2026-07-02 15:41:46.113610,1.990473,-4.314013,1.415299,0.002211,1.413342,0.002211,-4.314013,0
2026-07-02 15:41:46.116923,1.992864,-4.308831,1.415299,0.002211,1.418524,0.002211,-4.308831,0
2026-07-02 15:41:46.116923,1.995599,-4.314013,1.415299,0.002211,1.413342,0.002211,-4.314013,0
2026-07-02 15:41:46.121026,1.998025,-4.314013,1.415299,0.002211,1.413342,0.002211,-4.314013,0
2026-07-02 15:41:46.123531,2.000467,-4.314013,1.415299,0.002211,1.413342,0.002211,-4.314013,0
2026-07-02 15:41:46.127714,2.003052,-4.314013,1.415299,0.002211,1.413342,0.002211,-4.314013,0
2026-07-02 15:41:46.128585,2.005615,-4.314013,1.415299,0.002211,1.413342,0.002211,-4.314013,0
2026-07-02 15:41:46.131100,2.007997,-4.314013,1.415299,0.002211,1.413342,0.002211,-4.314013,0
2026-07-02 15:41:46.133774,2.010566,-4.314013,1.415299,0.002211,1.413342,0.002211,-4.314013,0
2026-07-02 15:41:46.135522,2.012912,-4.314013,1.415299,0.002211,1.413342,0.002211,-4.314013,0
2026-07-02 15:41:46.139403,2.015292,-4.314013,1.415299,0.002211,1.413342,0.002211,-4.314013,0
2026-07-02 15:41:46.142227,2.017631,-4.314013,1.415299,0.002211,1.418524,0.002211,-4.314013,0
2026-07-02 15:41:46.142739,2.020465,-4.314013,1.415299,0.002211,1.413342,0.002211,-4.314013,0
2026-07-02 15:41:46.146793,2.022828,-4.314013,1.415299,0.002211,1.413342,0.002211,-4.314013,0
2026-07-02 15:41:46.150726,2.025250,-4.314013,1.415299,0.002211,1.418524,0.002211,-4.314013,0
2026-07-02 15:41:46.158828,2.028888,-4.314013,1.415299,0.002211,1.413342,0.002211,-4.314013,0
2026-07-02 15:41:46.164416,2.037219,-4.314013,1.415299,0.002211,1.418524,0.002211,-4.314013,0
2026-07-02 15:41:46.172461,2.042419,-4.314013,1.415299,0.002211,1.413342,0.002211,-4.314013,0
2026-07-02 15:41:46.175553,2.050527,-4.314013,1.415299,0.002211,1.413342,0.002211,-4.314013,0
2026-07-02 15:41:46.177992,2.053804,-4.314013,1.415299,0.002211,1.413342,0.002211,-4.314013,0
2026-07-02 15:41:46.178814,2.056010,-4.308831,1.415299,0.002211,1.413342,0.002211,-4.308831,0
2026-07-02 15:41:46.181327,2.058283,-4.314013,1.415299,0.002211,1.413342,0.002211,-4.314013,0
2026-07-02 15:41:46.181327,2.060524,-4.314013,1.415299,0.002211,1.413342,0.002211,-4.314013,0
2026-07-02 15:41:46.186763,2.062741,-4.314013,1.415299,0.002211,1.418524,0.002211,-4.314013,0
2026-07-02 15:41:46.187746,2.064947,-4.314013,1.415299,0.002211,1.413342,0.002211,-4.314013,0
2026-07-02 15:41:46.187746,2.067326,-4.308831,1.415299,0.002211,1.418524,0.002211,-4.308831,0
2026-07-02 15:41:46.187746,2.070099,-4.319194,1.415299,0.002211,1.413342,0.002211,-4.319194,0
2026-07-02 15:41:46.196121,2.072378,-4.314013,1.415299,0.002211,1.418524,0.002211,-4.314013,0
2026-07-02 15:41:46.196121,2.074666,-4.314013,1.415299,0.002211,1.413342,0.002211,-4.314013,0
2026-07-02 15:41:46.200856,2.076903,-4.314013,1.415299,0.002211,1.413342,0.002211,-4.314013,0
2026-07-02 15:41:46.203331,2.079209,-4.314013,1.415299,0.002211,1.413342,0.002211,-4.314013,0
2026-07-02 15:41:46.203331,2.081567,-4.314013,1.415299,0.002211,1.413342,0.002211,-4.314013,0
2026-07-02 15:41:46.206791,2.084143,-4.314013,1.415299,0.007391,1.413342,0.007391,-4.314013,0
2026-07-02 15:41:46.210609,2.087596,-4.314013,1.415299,0.002211,1.413342,0.002211,-4.314013,0
2026-07-02 15:41:46.213123,2.089962,-4.314013,1.415299,0.002211,1.413342,0.002211,-4.314013,0
2026-07-02 15:41:46.216377,2.092522,-4.314013,1.415299,0.002211,1.418524,0.002211,-4.314013,0
2026-07-02 15:41:46.217557,2.095375,-4.314013,1.415299,0.002211,1.413342,0.002211,-4.314013,0
2026-07-02 15:41:46.217557,2.097778,-4.314013,1.415299,0.002211,1.418524,0.002211,-4.314013,0
2026-07-02 15:41:46.224376,2.100212,-4.314013,1.415299,0.002211,1.413342,0.002211,-4.314013,0
2026-07-02 15:41:46.226778,2.102701,-4.314013,1.415299,0.002211,1.413342,0.002211,-4.314013,0
2026-07-02 15:41:46.226778,2.105161,-4.314013,1.415299,0.002211,1.413342,0.002211,-4.314013,0
2026-07-02 15:41:46.226778,2.107555,-4.314013,1.415299,0.007391,1.418524,0.007391,-4.314013,0
2026-07-02 15:41:46.234149,2.109975,-4.308831,1.415299,0.002211,1.413342,0.002211,-4.308831,0
2026-07-02 15:41:46.236813,2.112408,-4.308831,1.415299,0.002211,1.413342,0.002211,-4.308831,0
2026-07-02 15:41:46.236813,2.114839,-4.314013,1.415299,0.002211,1.413342,0.002211,-4.314013,0
2026-07-02 15:41:46.236813,2.117224,-4.314013,1.415299,0.002211,1.413342,0.002211,-4.314013,0
2026-07-02 15:41:46.243216,2.119499,-4.314013,1.415299,0.002211,1.418524,0.002211,-4.314013,0
2026-07-02 15:41:46.243216,2.121799,-4.314013,1.415299,0.002211,1.413342,0.002211,-4.314013,0
2026-07-02 15:41:46.251013,2.124148,-4.314013,1.415299,0.002211,1.413342,0.002211,-4.314013,0
2026-07-02 15:41:46.251993,2.129495,-4.314013,1.415299,0.002211,1.413342,0.002211,-4.314013,0
2026-07-02 15:41:46.251993,2.131823,-4.314013,1.415299,0.002211,1.413342,0.002211,-4.314013,0
2026-07-02 15:41:46.257283,2.134114,-4.319194,1.415299,0.002211,1.413342,0.002211,-4.319194,0
2026-07-02 15:41:46.257283,2.136674,-4.314013,1.415299,0.002211,1.413342,0.002211,-4.314013,0
2026-07-02 15:41:46.257283,2.139191,-4.314013,1.415299,0.002211,1.418524,0.002211,-4.314013,0
2026-07-02 15:41:46.265222,2.141514,-4.314013,1.415299,0.002211,1.418524,0.002211,-4.314013,0
2026-07-02 15:41:46.268023,2.143827,-4.314013,1.415299,0.002211,1.418524,0.002211,-4.314013,0
2026-07-02 15:41:46.269035,2.146216,-4.314013,1.415299,0.002211,1.413342,0.002211,-4.314013,0
2026-07-02 15:41:46.269035,2.148472,-4.314013,1.415299,0.002211,1.418524,0.002211,-4.314013,0
2026-07-02 15:41:46.275421,2.150688,-4.314013,1.415299,0.002211,1.418524,0.002211,-4.314013,0
2026-07-02 15:41:46.277460,2.153907,-4.314013,1.415299,0.002211,1.413342,0.002211,-4.314013,0
2026-07-02 15:41:46.281074,2.156211,-4.314013,1.415299,0.002211,1.413342,0.002211,-4.314013,0
2026-07-02 15:41:46.284982,2.158971,-4.314013,1.415299,0.002211,1.413342,0.002211,-4.314013,0
2026-07-02 15:41:46.286974,2.163204,-4.308831,1.415299,0.002211,1.413342,0.002211,-4.308831,0
2026-07-02 15:41:46.289004,2.165521,-4.314013,1.415299,0.002211,1.413342,0.002211,-4.314013,0
2026-07-02 15:41:46.291014,2.167840,-4.308831,1.415299,0.002211,1.413342,0.002211,-4.308831,0
2026-07-02 15:41:46.291014,2.170641,-4.314013,1.415299,0.002211,1.413342,0.002211,-4.314013,0
2026-07-02 15:41:46.295969,2.172998,-4.314013,1.415299,0.002211,1.413342,0.002211,-4.314013,0
2026-07-02 15:41:46.297476,2.175657,-4.314013,1.415299,0.002211,1.418524,0.002211,-4.314013,0
2026-07-02 15:41:46.297476,2.178890,-4.314013,1.415299,0.002211,1.413342,0.002211,-4.314013,0
2026-07-02 15:41:46.303698,2.181142,-4.314013,1.415299,0.002211,1.413342,0.002211,-4.314013,0
2026-07-02 15:41:46.307716,2.183423,-4.314013,1.415299,0.002211,1.418524,0.002211,-4.314013,0
2026-07-02 15:41:46.307716,2.185759,-4.314013,1.415299,0.007391,1.418524,0.007391,-4.314013,0
2026-07-02 15:41:46.307716,2.188002,-4.314013,1.415299,0.002211,1.413342,0.002211,-4.314013,0
2026-07-02 15:41:46.307716,2.190280,-4.314013,1.415299,0.002211,1.413342,0.002211,-4.314013,0
2026-07-02 15:41:46.307716,2.192654,-4.314013,1.415299,0.002211,1.413342,0.002211,-4.314013,0
2026-07-02 15:41:46.318706,2.194922,-4.314013,1.415299,0.002211,1.413342,0.002211,-4.314013,0
2026-07-02 15:41:46.319419,2.197172,-4.314013,1.415299,0.002211,1.413342,0.002211,-4.314013,0
2026-07-02 15:41:46.319419,2.200165,-4.314013,1.415299,0.002211,1.413342,0.002211,-4.314013,0
2026-07-02 15:41:46.325561,2.202599,-4.314013,1.415299,0.002211,1.413342,0.002211,-4.314013,0
2026-07-02 15:41:46.325561,2.205002,-4.314013,1.415299,0.002211,1.413342,0.002211,-4.314013,0
2026-07-02 15:41:46.325561,2.207407,-4.314013,1.415299,0.002211,1.418524,0.002211,-4.314013,0
2026-07-02 15:41:46.333954,2.209761,-4.314013,1.415299,0.002211,1.418524,0.002211,-4.314013,0
2026-07-02 15:41:46.335234,2.212176,-4.314013,1.415299,-0.002971,1.413342,-0.002971,-4.314013,0
2026-07-02 15:41:46.337745,2.214592,-4.314013,1.415299,0.002211,1.413342,0.002211,-4.314013,0
2026-07-02 15:41:46.339752,2.216975,-4.314013,1.415299,0.002211,1.413342,0.002211,-4.314013,0
2026-07-02 15:41:46.339752,2.219367,-4.314013,1.415299,0.002211,1.413342,0.002211,-4.314013,0
2026-07-02 15:41:46.344676,2.221787,-4.314013,1.415299,0.002211,1.418524,0.002211,-4.314013,0
2026-07-02 15:41:46.344676,2.224273,-4.314013,1.415299,0.002211,1.413342,0.002211,-4.314013,0
2026-07-02 15:41:46.344676,2.226646,-4.314013,1.415299,0.002211,1.413342,0.002211,-4.314013,0
2026-07-02 15:41:46.344676,2.229030,-4.314013,1.415299,0.002211,1.413342,0.002211,-4.314013,0
2026-07-02 15:41:46.354113,2.231465,-4.314013,1.415299,0.002211,1.413342,0.002211,-4.314013,0
2026-07-02 15:41:46.354113,2.233858,-4.314013,1.415299,0.002211,1.418524,0.002211,-4.314013,0
2026-07-02 15:41:46.354113,2.236122,-4.314013,1.415299,0.002211,1.418524,0.002211,-4.314013,0
2026-07-02 15:41:46.354113,2.238608,-4.314013,1.415299,0.002211,1.418524,0.002211,-4.314013,0
2026-07-02 15:41:46.365402,2.240902,-4.314013,1.415299,0.002211,1.418524,0.002211,-4.314013,0
2026-07-02 15:41:46.365402,2.243337,-4.314013,1.415299,0.002211,1.418524,0.002211,-4.314013,0
2026-07-02 15:41:46.365402,2.245563,-4.314013,1.415299,0.002211,1.418524,0.002211,-4.314013,0
2026-07-02 15:41:46.365402,2.247826,-4.314013,1.415299,0.002211,1.418524,0.002211,-4.314013,0
2026-07-02 15:41:46.365402,2.250062,-4.314013,1.415299,0.002211,1.418524,0.002211,-4.314013,0
2026-07-02 15:41:46.376502,2.252514,-4.308831,1.415299,0.002211,1.413342,0.002211,-4.308831,0
2026-07-02 15:41:46.376502,2.254750,-4.314013,1.415299,0.002211,1.418524,0.002211,-4.314013,0
2026-07-02 15:41:46.376502,2.257079,-4.314013,1.415299,0.002211,1.418524,0.002211,-4.314013,0
2026-07-02 15:41:46.376502,2.259365,-4.314013,1.415299,0.002211,1.413342,0.002211,-4.314013,0
2026-07-02 15:41:46.384836,2.261669,-4.314013,1.415299,0.002211,1.413342,0.002211,-4.314013,0
2026-07-02 15:41:46.384836,2.263969,-4.314013,1.415299,0.002211,1.413342,0.002211,-4.314013,0
2026-07-02 15:41:46.384836,2.266314,-4.314013,1.415299,0.002211,1.413342,0.002211,-4.314013,0
2026-07-02 15:41:46.384836,2.268592,-4.314013,1.415299,0.002211,1.418524,0.002211,-4.314013,0
2026-07-02 15:41:46.395238,2.271058,-4.314013,1.415299,0.002211,1.413342,0.002211,-4.314013,0
2026-07-02 15:41:46.395238,2.273966,-4.314013,1.415299,0.002211,1.418524,0.002211,-4.314013,0
2026-07-02 15:41:46.395238,2.276336,-4.314013,1.415299,0.002211,1.413342,0.002211,-4.314013,0
2026-07-02 15:41:46.395238,2.278859,-4.314013,1.415299,0.002211,1.418524,0.002211,-4.314013,0
2026-07-02 15:41:46.405480,2.281173,-4.314013,1.415299,0.002211,1.413342,0.002211,-4.314013,0
2026-07-02 15:41:46.405480,2.283393,-4.314013,1.415299,0.002211,1.413342,0.002211,-4.314013,0
2026-07-02 15:41:46.405480,2.285658,-4.314013,1.415299,0.002211,1.418524,0.002211,-4.314013,0
2026-07-02 15:41:46.405480,2.287947,-4.314013,1.415299,0.002211,1.413342,0.002211,-4.314013,0
2026-07-02 15:41:46.405480,2.290329,-4.314013,1.415299,0.002211,1.418524,0.002211,-4.314013,0
2026-07-02 15:41:46.415842,2.292672,-4.314013,1.415299,0.002211,1.413342,0.002211,-4.314013,0
2026-07-02 15:41:46.421798,2.294920,-4.314013,1.415299,0.002211,1.413342,0.002211,-4.314013,0
2026-07-02 15:41:46.429190,2.300591,-4.314013,1.415299,0.002211,1.418524,0.002211,-4.314013,0
2026-07-02 15:41:46.432402,2.307508,-4.314013,1.415299,0.002211,1.413342,0.002211,-4.314013,0
2026-07-02 15:41:46.433212,2.310768,-4.314013,1.415299,0.002211,1.413342,0.002211,-4.314013,0
2026-07-02 15:41:46.438443,2.313207,-4.314013,1.415299,0.002211,1.418524,0.002211,-4.314013,0
2026-07-02 15:41:46.438443,2.317336,-4.314013,1.415299,0.002211,1.413342,0.002211,-4.314013,0
2026-07-02 15:41:46.445315,2.320706,-4.314013,1.415299,0.002211,1.413342,0.002211,-4.314013,0
2026-07-02 15:41:46.450241,2.323598,-4.314013,1.415299,0.002211,1.418524,0.002211,-4.314013,0
2026-07-02 15:41:46.453248,2.328217,-4.314013,1.415299,0.002211,1.418524,0.002211,-4.314013,0
2026-07-02 15:41:46.455762,2.332354,-4.314013,1.415299,0.002211,1.413342,0.002211,-4.314013,0
2026-07-02 15:41:46.461307,2.334697,-4.314013,1.415299,0.002211,1.418524,0.002211,-4.314013,0
2026-07-02 15:41:46.463382,2.340409,-4.314013,1.415299,0.002211,1.418524,0.002211,-4.314013,0
2026-07-02 15:41:46.467724,2.342860,-4.314013,1.415299,0.002211,1.413342,0.002211,-4.314013,0
2026-07-02 15:41:46.468695,2.345766,-4.314013,1.415299,0.002211,1.413342,0.002211,-4.314013,0
2026-07-02 15:41:46.470705,2.348180,-4.314013,1.415299,0.002211,1.413342,0.002211,-4.314013,0
2026-07-02 15:41:46.474518,2.350606,-4.314013,1.415299,0.002211,1.413342,0.002211,-4.314013,0
2026-07-02 15:41:46.480109,2.353195,-4.314013,1.415299,0.002211,1.418524,0.002211,-4.314013,0
2026-07-02 15:41:46.483311,2.358361,-4.314013,1.415299,0.002211,1.418524,0.002211,-4.314013,0
2026-07-02 15:41:46.490620,2.362291,-4.314013,1.415299,0.002211,1.413342,0.002211,-4.314013,0
2026-07-02 15:41:46.495738,2.368779,-4.314013,1.415299,0.002211,1.413342,0.002211,-4.314013,0
2026-07-02 15:41:46.498374,2.373934,-4.314013,1.415299,0.002211,1.413342,0.002211,-4.314013,0
2026-07-02 15:41:46.499532,2.377065,-4.314013,1.415299,0.002211,1.413342,0.002211,-4.314013,0
2026-07-02 15:41:46.503115,2.379376,-4.314013,1.415299,0.002211,1.413342,0.002211,-4.314013,0
2026-07-02 15:41:46.504321,2.381697,-4.314013,1.415299,0.002211,1.413342,0.002211,-4.314013,0
2026-07-02 15:41:46.508331,2.384021,-4.314013,1.415299,0.002211,1.413342,0.002211,-4.314013,0
2026-07-02 15:41:46.510432,2.387402,-4.314013,1.415299,0.002211,1.413342,0.002211,-4.314013,0
2026-07-02 15:41:46.512944,2.389752,-4.314013,1.415299,0.002211,1.413342,0.002211,-4.314013,0
2026-07-02 15:41:46.515087,2.392081,-4.314013,1.415299,-0.002971,1.413342,-0.002971,-4.314013,0
2026-07-02 15:41:46.518607,2.394431,-4.314013,1.415299,0.002211,1.413342,0.002211,-4.314013,0
2026-07-02 15:41:46.521225,2.397196,-4.314013,1.415299,0.002211,1.413342,0.002211,-4.314013,0
2026-07-02 15:41:46.522163,2.399554,-4.314013,1.415299,0.002211,1.413342,0.002211,-4.314013,0
2026-07-02 15:41:46.526173,2.401904,-4.314013,1.415299,0.002211,1.413342,0.002211,-4.314013,0
2026-07-02 15:41:46.528662,2.404305,-4.314013,1.415299,0.002211,1.413342,0.002211,-4.314013,0
2026-07-02 15:41:46.530671,2.407155,-4.314013,1.415299,0.002211,1.413342,0.002211,-4.314013,0
2026-07-02 15:41:46.532678,2.410638,-4.314013,1.415299,0.002211,1.418524,0.002211,-4.314013,0
2026-07-02 15:41:46.536213,2.412984,-4.314013,1.415299,0.002211,1.413342,0.002211,-4.314013,0
2026-07-02 15:41:46.538525,2.415347,-4.314013,1.415299,0.002211,1.413342,0.002211,-4.314013,0
2026-07-02 15:41:46.542419,2.417672,-4.314013,1.415299,0.002211,1.418524,0.002211,-4.314013,0
2026-07-02 15:41:46.543931,2.420423,-4.314013,1.415299,-0.002971,1.413342,-0.002971,-4.314013,0
2026-07-02 15:41:46.546653,2.422790,-4.314013,1.415299,0.002211,1.413342,0.002211,-4.314013,0
2026-07-02 15:41:46.549719,2.425239,-4.314013,1.415299,0.002211,1.418524,0.002211,-4.314013,0
2026-07-02 15:41:46.549719,2.427803,-4.314013,1.415299,0.002211,1.413342,0.002211,-4.314013,0
2026-07-02 15:41:46.549719,2.430222,-4.314013,1.415299,0.002211,1.413342,0.002211,-4.314013,0
2026-07-02 15:41:46.549719,2.432657,-4.314013,1.415299,0.002211,1.418524,0.002211,-4.314013,0
2026-07-02 15:41:46.558635,2.435033,-4.314013,1.415299,0.002211,1.418524,0.002211,-4.314013,0
2026-07-02 15:41:46.560584,2.437534,-4.314013,1.415299,0.002211,1.413342,0.002211,-4.314013,0
2026-07-02 15:41:46.560584,2.439898,-4.314013,1.415299,-0.002971,1.418524,-0.002971,-4.314013,0
2026-07-02 15:41:46.565514,2.442412,-4.314013,1.415299,0.002211,1.418524,0.002211,-4.314013,0
2026-07-02 15:41:46.568925,2.444823,-4.314013,1.415299,0.002211,1.418524,0.002211,-4.314013,0
2026-07-02 15:41:46.568925,2.447198,-4.314013,1.415299,0.002211,1.413342,0.002211,-4.314013,0
2026-07-02 15:41:46.568925,2.449454,-4.314013,1.415299,0.002211,1.413342,0.002211,-4.314013,0
2026-07-02 15:41:46.568925,2.451711,-4.314013,1.415299,0.002211,1.413342,0.002211,-4.314013,0
2026-07-02 15:41:46.577727,2.453915,-4.314013,1.415299,0.002211,1.413342,0.002211,-4.314013,0
2026-07-02 15:41:46.579239,2.456147,-4.314013,1.415299,-0.002971,1.418524,-0.002971,-4.314013,0
2026-07-02 15:41:46.579239,2.458365,-4.314013,1.415299,0.002211,1.413342,0.002211,-4.314013,0
2026-07-02 15:41:46.586311,2.460662,-4.314013,1.415299,0.002211,1.418524,0.002211,-4.314013,0
2026-07-02 15:41:46.587157,2.464274,-4.314013,1.415299,0.002211,1.413342,0.002211,-4.314013,0
2026-07-02 15:41:46.589386,2.466656,-4.314013,1.415299,0.002211,1.418524,0.002211,-4.314013,0
2026-07-02 15:41:46.589386,2.469084,-4.314013,1.415299,0.002211,1.413342,0.002211,-4.314013,0
2026-07-02 15:41:46.589386,2.471489,-4.314013,1.415299,0.002211,1.413342,0.002211,-4.314013,0
2026-07-02 15:41:46.589386,2.473927,-4.314013,1.415299,0.002211,1.413342,0.002211,-4.314013,0
2026-07-02 15:41:46.599888,2.476325,-4.314013,1.415299,0.002211,1.413342,0.002211,-4.314013,0
2026-07-02 15:41:46.599888,2.478595,-4.314013,1.415299,0.002211,1.413342,0.002211,-4.314013,0
2026-07-02 15:41:46.599888,2.480912,-4.314013,1.415299,0.002211,1.413342,0.002211,-4.314013,0
2026-07-02 15:41:46.599888,2.483213,-4.314013,1.415299,0.002211,1.413342,0.002211,-4.314013,0
2026-07-02 15:41:46.609932,2.485538,-4.314013,1.415299,0.002211,1.413342,0.002211,-4.314013,0
2026-07-02 15:41:46.609932,2.487860,-4.314013,1.415299,0.002211,1.413342,0.002211,-4.314013,0
2026-07-02 15:41:46.609932,2.490174,-4.314013,1.415299,0.002211,1.418524,0.002211,-4.314013,0
2026-07-02 15:41:46.609932,2.492441,-4.314013,1.415299,0.002211,1.413342,0.002211,-4.314013,0
2026-07-02 15:41:46.609932,2.494671,-4.314013,1.415299,0.002211,1.413342,0.002211,-4.314013,0
2026-07-02 15:41:46.621009,2.496933,-4.314013,1.415299,0.002211,1.413342,0.002211,-4.314013,0
2026-07-02 15:41:46.622112,2.499205,-4.314013,1.415299,0.002211,1.418524,0.002211,-4.314013,0
2026-07-02 15:41:46.624120,2.501464,-4.314013,1.415299,0.002211,1.413342,0.002211,-4.314013,0
2026-07-02 15:41:46.626731,2.503778,-4.314013,1.415299,0.002211,1.418524,0.002211,-4.314013,0
2026-07-02 15:41:46.629242,2.506141,-4.314013,1.415299,0.002211,1.413342,0.002211,-4.314013,0
2026-07-02 15:41:46.631367,2.508467,-4.314013,1.415299,0.002211,1.413342,0.002211,-4.314013,0
2026-07-02 15:41:46.633881,2.510729,-4.314013,1.415299,0.002211,1.418524,0.002211,-4.314013,0
2026-07-02 15:41:46.633881,2.512989,-4.314013,1.415299,0.002211,1.413342,0.002211,-4.314013,0
2026-07-02 15:41:46.633881,2.515270,-4.314013,1.415299,0.002211,1.413342,0.002211,-4.314013,0
2026-07-02 15:41:46.641161,2.517457,-4.314013,1.415299,0.002211,1.418524,0.002211,-4.314013,0
2026-07-02 15:41:46.641161,2.519724,-4.314013,1.415299,0.002211,1.413342,0.002211,-4.314013,0
2026-07-02 15:41:46.641161,2.522113,-4.314013,1.415299,0.002211,1.413342,0.002211,-4.314013,0
2026-07-02 15:41:46.641161,2.524361,-4.314013,1.415299,0.002211,1.413342,0.002211,-4.314013,0
2026-07-02 15:41:46.641161,2.526674,-4.314013,1.415299,0.002211,1.413342,0.002211,-4.314013,0
2026-07-02 15:41:46.651238,2.529158,-4.314013,1.415299,0.002211,1.413342,0.002211,-4.314013,0
2026-07-02 15:41:46.651238,2.531586,-4.314013,1.415299,0.002211,1.413342,0.002211,-4.314013,0
2026-07-02 15:41:46.651238,2.534005,-4.314013,1.415299,0.002211,1.413342,0.002211,-4.314013,0
2026-07-02 15:41:46.651238,2.536509,-4.314013,1.415299,0.002211,1.413342,0.002211,-4.314013,0
2026-07-02 15:41:46.662248,2.538936,-4.314013,1.415299,0.002211,1.413342,0.002211,-4.314013,0
2026-07-02 15:41:46.662248,2.541217,-4.314013,1.415299,0.002211,1.413342,0.002211,-4.314013,0
2026-07-02 15:41:46.665770,2.543464,-4.314013,1.415299,0.002211,1.413342,0.002211,-4.314013,0
2026-07-02 15:41:46.665770,2.545669,-4.314013,1.415299,0.002211,1.413342,0.002211,-4.314013,0
2026-07-02 15:41:46.671606,2.547915,-4.314013,1.415299,0.002211,1.413342,0.002211,-4.314013,0
2026-07-02 15:41:46.671606,2.550278,-4.314013,1.415299,0.002211,1.413342,0.002211,-4.314013,0
2026-07-02 15:41:46.671606,2.552554,-4.314013,1.415299,0.002211,1.418524,0.002211,-4.314013,0
2026-07-02 15:41:46.678032,2.554798,-4.314013,1.415299,0.002211,1.413342,0.002211,-4.314013,0
2026-07-02 15:41:46.678032,2.557050,-4.314013,1.415299,0.002211,1.413342,0.002211,-4.314013,0
2026-07-02 15:41:46.681939,2.559298,-4.314013,1.415299,0.002211,1.413342,0.002211,-4.314013,0
2026-07-02 15:41:46.681939,2.561866,-4.314013,1.415299,0.002211,1.418524,0.002211,-4.314013,0
2026-07-02 15:41:46.681939,2.564128,-4.314013,1.415299,0.002211,1.418524,0.002211,-4.314013,0
2026-07-02 15:41:46.681939,2.566495,-4.314013,1.415299,0.002211,1.418524,0.002211,-4.314013,0
2026-07-02 15:41:46.692055,2.568933,-4.314013,1.415299,0.002211,1.413342,0.002211,-4.314013,0
2026-07-02 15:41:46.692055,2.571399,-4.314013,1.415299,0.002211,1.413342,0.002211,-4.314013,0
2026-07-02 15:41:46.692055,2.573808,-4.314013,1.415299,0.002211,1.418524,0.002211,-4.314013,0
2026-07-02 15:41:46.692055,2.576178,-4.314013,1.415299,0.002211,1.413342,0.002211,-4.314013,0
2026-07-02 15:41:46.702178,2.578391,-4.314013,1.415299,0.002211,1.418524,0.002211,-4.314013,0
2026-07-02 15:41:46.702178,2.580703,-4.314013,1.415299,0.002211,1.418524,0.002211,-4.314013,0
2026-07-02 15:41:46.702178,2.583097,-4.314013,1.415299,0.002211,1.418524,0.002211,-4.314013,0
2026-07-02 15:41:46.702178,2.585486,-4.314013,1.415299,0.002211,1.413342,0.002211,-4.314013,0
2026-07-02 15:41:46.702178,2.587903,-4.314013,1.415299,0.002211,1.413342,0.002211,-4.314013,0
2026-07-02 15:41:46.718033,2.590306,-4.308831,1.415299,0.002211,1.418524,0.002211,-4.308831,0
2026-07-02 15:41:46.718971,2.595980,-4.314013,1.415299,-0.002971,1.413342,-0.002971,-4.314013,0
2026-07-02 15:41:46.721484,2.598521,-4.314013,1.415299,0.002211,1.418524,0.002211,-4.314013,0
2026-07-02 15:41:46.725707,2.600777,-4.314013,1.415299,0.002211,1.418524,0.002211,-4.314013,0
2026-07-02 15:41:46.725707,2.603659,-4.308831,1.415299,0.002211,1.418524,0.002211,-4.308831,0
2026-07-02 15:41:46.725707,2.606033,-4.314013,1.415299,0.002211,1.413342,0.002211,-4.314013,0
2026-07-02 15:41:46.725707,2.608435,-4.314013,1.415299,0.002211,1.413342,0.002211,-4.314013,0
2026-07-02 15:41:46.735090,2.610803,-4.314013,1.415299,0.002211,1.418524,0.002211,-4.314013,0
2026-07-02 15:41:46.738812,2.613809,-4.314013,1.415299,0.002211,1.413342,0.002211,-4.314013,0
2026-07-02 15:41:46.743538,2.617384,-4.314013,1.415299,0.002211,1.413342,0.002211,-4.314013,0
2026-07-02 15:41:46.745032,2.621979,-4.314013,1.415299,0.002211,1.413342,0.002211,-4.314013,0
2026-07-02 15:41:46.747585,2.624707,-4.314013,1.415299,0.002211,1.413342,0.002211,-4.314013,0
2026-07-02 15:41:46.750103,2.626994,-4.314013,1.415299,0.002211,1.413342,0.002211,-4.314013,0
2026-07-02 15:41:46.753300,2.629349,-4.314013,1.415299,0.002211,1.418524,0.002211,-4.314013,0
2026-07-02 15:41:46.758633,2.631717,-4.314013,1.415299,0.002211,1.413342,0.002211,-4.314013,0
2026-07-02 15:41:46.760089,2.637207,-4.314013,1.415299,0.002211,1.413342,0.002211,-4.314013,0
2026-07-02 15:41:46.764485,2.639545,-4.314013,1.415299,0.002211,1.418524,0.002211,-4.314013,0
2026-07-02 15:41:46.766029,2.642617,-4.314013,1.415299,0.002211,1.418524,0.002211,-4.314013,0
2026-07-02 15:41:46.766029,2.645636,-4.319194,1.415299,0.002211,1.413342,0.002211,-4.319194,0
2026-07-02 15:41:46.766029,2.647997,-4.314013,1.415299,0.002211,1.413342,0.002211,-4.314013,0
2026-07-02 15:41:46.773892,2.650249,-4.308831,1.415299,0.002211,1.418524,0.002211,-4.308831,0
2026-07-02 15:41:46.773892,2.652628,-4.314013,1.415299,0.002211,1.418524,0.002211,-4.314013,0
2026-07-02 15:41:46.778282,2.654967,-4.314013,1.415299,0.002211,1.413342,0.002211,-4.314013,0
2026-07-02 15:41:46.778282,2.657372,-4.314013,1.415299,0.002211,1.413342,0.002211,-4.314013,0
2026-07-02 15:41:46.784294,2.659771,-4.314013,1.415299,0.002211,1.418524,0.002211,-4.314013,0
2026-07-02 15:41:46.788042,2.662528,-4.314013,1.415299,0.002211,1.418524,0.002211,-4.314013,0
2026-07-02 15:41:46.791461,2.666506,-4.314013,1.415299,0.002211,1.418524,0.002211,-4.314013,0
2026-07-02 15:41:46.794137,2.669422,-4.308831,1.415299,0.002211,1.413342,0.002211,-4.308831,0
2026-07-02 15:41:46.794137,2.673136,-4.314013,1.415299,0.002211,1.418524,0.002211,-4.314013,0
2026-07-02 15:41:46.794137,2.675577,-4.314013,1.415299,0.002211,1.418524,0.002211,-4.314013,0
2026-07-02 15:41:46.794137,2.679041,-4.314013,1.415299,0.002211,1.418524,0.002211,-4.314013,0
2026-07-02 15:41:46.805747,2.681369,-4.314013,1.415299,0.002211,1.413342,0.002211,-4.314013,0
2026-07-02 15:41:46.805747,2.683741,-4.314013,1.415299,0.002211,1.418524,0.002211,-4.314013,0
2026-07-02 15:41:46.805747,2.686082,-4.314013,1.415299,0.002211,1.418524,0.002211,-4.314013,0
2026-07-02 15:41:46.805747,2.689229,-4.314013,1.415299,0.002211,1.413342,0.002211,-4.314013,0
2026-07-02 15:41:46.820346,2.691550,-4.314013,1.415299,0.002211,1.413342,0.002211,-4.314013,0
2026-07-02 15:41:46.821313,2.698325,-4.314013,1.415299,0.002211,1.413342,0.002211,-4.314013,0
2026-07-02 15:41:46.824875,2.700679,-4.319194,1.415299,0.002211,1.418524,0.002211,-4.319194,0
2026-07-02 15:41:46.829418,2.704330,-4.314013,1.415299,0.002211,1.418524,0.002211,-4.314013,0
2026-07-02 15:41:46.830168,2.709416,-4.314013,1.415299,0.002211,1.413342,0.002211,-4.314013,0
2026-07-02 15:41:46.834939,2.712451,-4.314013,1.415299,0.002211,1.418524,0.002211,-4.314013,0
2026-07-02 15:41:46.834939,2.714855,-4.314013,1.415299,0.002211,1.418524,0.002211,-4.314013,0
2026-07-02 15:41:46.834939,2.717710,-4.314013,1.415299,0.002211,1.413342,0.002211,-4.314013,0
2026-07-02 15:41:46.834939,2.720575,-4.314013,1.415299,0.002211,1.413342,0.002211,-4.314013,0
2026-07-02 15:41:46.853123,2.722895,-4.314013,1.415299,0.002211,1.413342,0.002211,-4.314013,0
2026-07-02 15:41:46.853123,2.732283,-4.314013,1.415299,0.002211,1.418524,0.002211,-4.314013,0
2026-07-02 15:41:46.859586,2.734669,-4.314013,1.415299,-0.002971,1.418524,-0.002971,-4.314013,0
2026-07-02 15:41:46.859586,2.737853,-4.308831,1.415299,0.002211,1.418524,0.002211,-4.308831,0
2026-07-02 15:41:46.865056,2.740102,-4.314013,1.415299,0.002211,1.418524,0.002211,-4.314013,0
2026-07-02 15:41:46.869638,2.743040,-4.314013,1.415299,0.002211,1.413342,0.002211,-4.314013,0
2026-07-02 15:41:46.870906,2.748300,-4.314013,1.415299,0.002211,1.418524,0.002211,-4.314013,0
2026-07-02 15:41:46.873485,2.750525,-4.314013,1.415299,0.002211,1.418524,0.002211,-4.314013,0
2026-07-02 15:41:46.873485,2.752808,-4.314013,1.415299,0.002211,1.413342,0.002211,-4.314013,0
2026-07-02 15:41:46.885205,2.756294,-4.314013,1.415299,0.002211,1.413342,0.002211,-4.314013,0
2026-07-02 15:41:46.885205,2.764002,-4.314013,1.415299,0.002211,1.418524,0.002211,-4.314013,0
2026-07-02 15:41:46.885205,2.766299,-4.314013,1.415299,0.002211,1.413342,0.002211,-4.314013,0
2026-07-02 15:41:46.885205,2.768570,-4.314013,1.415299,0.002211,1.413342,0.002211,-4.314013,0
2026-07-02 15:41:46.903415,2.770884,-4.314013,1.415299,0.002211,1.418524,0.002211,-4.314013,0
2026-07-02 15:41:46.905423,2.782910,-4.314013,1.415299,0.002211,1.413342,0.002211,-4.314013,0
2026-07-02 15:41:46.908204,2.785284,-4.314013,1.415299,0.002211,1.413342,0.002211,-4.314013,0
2026-07-02 15:41:46.908204,2.787637,-4.314013,1.415299,0.002211,1.418524,0.002211,-4.314013,0
2026-07-02 15:41:46.914927,2.789890,-4.314013,1.415299,0.002211,1.413342,0.002211,-4.314013,0
2026-07-02 15:41:46.914927,2.793383,-4.314013,1.415299,0.002211,1.413342,0.002211,-4.314013,0
2026-07-02 15:41:46.914927,2.795776,-4.314013,1.415299,0.002211,1.413342,0.002211,-4.314013,0
2026-07-02 15:41:46.923966,2.798081,-4.314013,1.415299,0.002211,1.418524,0.002211,-4.314013,0
2026-07-02 15:41:46.932275,2.802110,-4.314013,1.415299,0.002211,1.413342,0.002211,-4.314013,0
2026-07-02 15:41:46.939574,2.810251,-4.314013,1.415299,0.002211,1.418524,0.002211,-4.314013,0
2026-07-02 15:41:46.944529,2.817546,-4.314013,1.415299,0.002211,1.413342,0.002211,-4.314013,0
2026-07-02 15:41:46.944529,2.824174,-4.314013,1.415299,0.002211,1.413342,0.002211,-4.314013,0
2026-07-02 15:41:46.944529,2.826436,-4.314013,1.415299,0.002211,1.413342,0.002211,-4.314013,0
2026-07-02 15:41:46.951575,2.828658,-4.314013,1.415299,0.002211,1.418524,0.002211,-4.314013,0
2026-07-02 15:41:46.954090,2.830934,-4.314013,1.415299,0.002211,1.413342,0.002211,-4.314013,0
2026-07-02 15:41:46.954090,2.833159,-4.314013,1.415299,0.002211,1.413342,0.002211,-4.314013,0
2026-07-02 15:41:46.958792,2.835400,-4.314013,1.415299,0.002211,1.418524,0.002211,-4.314013,0
2026-07-02 15:41:46.958792,2.837737,-4.314013,1.415299,0.002211,1.413342,0.002211,-4.314013,0
2026-07-02 15:41:46.963600,2.840173,-4.314013,1.415299,0.002211,1.418524,0.002211,-4.314013,0
2026-07-02 15:41:46.966331,2.842513,-4.314013,1.415299,0.002211,1.418524,0.002211,-4.314013,0
2026-07-02 15:41:46.966331,2.844878,-4.314013,1.415299,0.002211,1.418524,0.002211,-4.314013,0
2026-07-02 15:41:46.966331,2.847232,-4.314013,1.415299,0.002211,1.413342,0.002211,-4.314013,0
2026-07-02 15:41:46.973902,2.849668,-4.314013,1.415299,0.002211,1.413342,0.002211,-4.314013,0
2026-07-02 15:41:46.974618,2.852059,-4.314013,1.415299,0.002211,1.418524,0.002211,-4.314013,0
2026-07-02 15:41:46.977435,2.854304,-4.314013,1.415299,0.002211,1.413342,0.002211,-4.314013,0
2026-07-02 15:41:46.979954,2.856549,-4.314013,1.415299,0.002211,1.413342,0.002211,-4.314013,0
2026-07-02 15:41:46.979954,2.858782,-4.314013,1.415299,0.002211,1.413342,0.002211,-4.314013,0
2026-07-02 15:41:46.985124,2.861141,-4.314013,1.415299,0.002211,1.418524,0.002211,-4.314013,0
2026-07-02 15:41:46.985124,2.863515,-4.314013,1.415299,0.002211,1.413342,0.002211,-4.314013,0
2026-07-02 15:41:46.985124,2.865794,-4.314013,1.415299,0.002211,1.418524,0.002211,-4.314013,0
2026-07-02 15:41:46.985124,2.868031,-4.314013,1.415299,0.002211,1.413342,0.002211,-4.314013,0
2026-07-02 15:41:46.994253,2.870252,-4.314013,1.415299,0.002211,1.413342,0.002211,-4.314013,0
2026-07-02 15:41:46.999475,2.872651,-4.314013,1.415299,0.002211,1.413342,0.002211,-4.314013,0
2026-07-02 15:41:47.001489,2.877462,-4.314013,1.415299,0.002211,1.413342,0.002211,-4.314013,0
2026-07-02 15:41:47.001489,2.879677,-4.314013,1.415299,0.002211,1.413342,0.002211,-4.314013,0
2026-07-02 15:41:47.004633,2.881939,-4.314013,1.415299,0.002211,1.413342,0.002211,-4.314013,0
2026-07-02 15:41:47.004633,2.884191,-4.308831,1.415299,0.002211,1.418524,0.002211,-4.308831,0
2026-07-02 15:41:47.004633,2.886986,-4.314013,1.415299,0.002211,1.413342,0.002211,-4.314013,0
2026-07-02 15:41:47.004633,2.889276,-4.314013,1.415299,0.002211,1.413342,0.002211,-4.314013,0
2026-07-02 15:41:47.014683,2.891487,-4.314013,1.415299,0.002211,1.413342,0.002211,-4.314013,0
2026-07-02 15:41:47.014683,2.893689,-4.314013,1.415299,0.002211,1.413342,0.002211,-4.314013,0
2026-07-02 15:41:47.014683,2.895962,-4.314013,1.415299,0.002211,1.413342,0.002211,-4.314013,0
2026-07-02 15:41:47.014683,2.898198,-4.314013,1.415299,0.002211,1.413342,0.002211,-4.314013,0
2026-07-02 15:41:47.028067,2.900437,-4.314013,1.415299,0.002211,1.413342,0.002211,-4.314013,0
2026-07-02 15:41:47.028977,2.906049,-4.314013,1.415299,0.002211,1.413342,0.002211,-4.314013,0
2026-07-02 15:41:47.031201,2.908286,-4.314013,1.415299,0.002211,1.413342,0.002211,-4.314013,0
2026-07-02 15:41:47.031201,2.910526,-4.314013,1.415299,0.002211,1.413342,0.002211,-4.314013,0
2026-07-02 15:41:47.039467,2.912702,-4.314013,1.415299,0.002211,1.413342,0.002211,-4.314013,0
2026-07-02 15:41:47.063264,2.917824,-4.314013,1.415299,0.002211,1.418524,0.002211,-4.314013,0
2026-07-02 15:41:47.072311,2.941463,-4.314013,1.415299,0.002211,1.413342,0.002211,-4.314013,0
2026-07-02 15:41:47.075747,2.951734,-4.314013,1.415299,0.002211,1.418524,0.002211,-4.314013,0
2026-07-02 15:41:47.077093,2.954190,-4.314013,1.415299,0.002211,1.418524,0.002211,-4.314013,0
2026-07-02 15:41:47.079915,2.956595,-4.314013,1.415299,0.002211,1.413342,0.002211,-4.314013,0
2026-07-02 15:41:47.081925,2.958999,-4.314013,1.415299,0.002211,1.413342,0.002211,-4.314013,0
2026-07-02 15:41:47.086596,2.961424,-4.314013,1.415299,0.002211,1.413342,0.002211,-4.314013,0
2026-07-02 15:41:47.089440,2.965030,-4.314013,1.415299,0.002211,1.418524,0.002211,-4.314013,0
2026-07-02 15:41:47.091456,2.967546,-4.314013,1.415299,0.002211,1.413342,0.002211,-4.314013,0
2026-07-02 15:41:47.092898,2.969861,-4.314013,1.415299,0.002211,1.413342,0.002211,-4.314013,0
2026-07-02 15:41:47.096426,2.972248,-4.314013,1.415299,0.002211,1.413342,0.002211,-4.314013,0
2026-07-02 15:41:47.098356,2.974669,-4.314013,1.415299,0.002211,1.413342,0.002211,-4.314013,0
2026-07-02 15:41:47.099633,2.977038,-4.314013,1.415299,0.002211,1.418524,0.002211,-4.314013,0
2026-07-02 15:41:47.102145,2.979416,-4.314013,1.415299,0.002211,1.418524,0.002211,-4.314013,0
2026-07-02 15:41:47.106173,2.981792,-4.314013,1.415299,0.002211,1.418524,0.002211,-4.314013,0
2026-07-02 15:41:47.106173,2.984198,-4.314013,1.415299,0.002211,1.418524,0.002211,-4.314013,0
2026-07-02 15:41:47.106173,2.987110,-4.314013,1.415299,0.002211,1.413342,0.002211,-4.314013,0
2026-07-02 15:41:47.111571,2.989398,-4.314013,1.415299,0.002211,1.413342,0.002211,-4.314013,0
2026-07-02 15:41:47.111571,2.991725,-4.314013,1.415299,0.002211,1.418524,0.002211,-4.314013,0
2026-07-02 15:41:47.118892,2.994000,-4.314013,1.415299,0.002211,1.413342,0.002211,-4.314013,0
2026-07-02 15:41:47.119707,2.996788,-4.314013,1.415299,0.002211,1.418524,0.002211,-4.314013,0
2026-07-02 15:41:47.119707,2.999360,-4.314013,1.415299,0.002211,1.413342,0.002211,-4.314013,0
2026-07-02 15:41:47.119707,3.001654,-4.314013,1.415299,0.002211,1.413342,0.002211,-4.314013,0
2026-07-02 15:41:47.128232,3.003875,-4.314013,1.415299,0.002211,1.418524,0.002211,-4.314013,0
2026-07-02 15:41:47.128232,3.006177,-4.314013,1.415299,0.002211,1.413342,0.002211,-4.314013,0
2026-07-02 15:41:47.128232,3.008453,-4.314013,1.415299,0.002211,1.413342,0.002211,-4.314013,0
2026-07-02 15:41:47.128232,3.010697,-4.314013,1.415299,0.002211,1.413342,0.002211,-4.314013,0
2026-07-02 15:41:47.137238,3.012935,-4.314013,1.415299,0.002211,1.413342,0.002211,-4.314013,0
2026-07-02 15:41:47.138218,3.015433,-4.314013,1.415299,-0.002971,1.413342,-0.002971,-4.314013,0
2026-07-02 15:41:47.138218,3.017678,-4.314013,1.415299,-0.002971,1.418524,-0.002971,-4.314013,0
2026-07-02 15:41:47.138218,3.020162,-4.314013,1.415299,0.002211,1.413342,0.002211,-4.314013,0
2026-07-02 15:41:47.138218,3.022390,-4.314013,1.415299,0.002211,1.413342,0.002211,-4.314013,0
2026-07-02 15:41:47.149312,3.024593,-4.314013,1.415299,0.002211,1.413342,0.002211,-4.314013,0
2026-07-02 15:41:47.151025,3.027234,-4.314013,1.415299,0.002211,1.413342,0.002211,-4.314013,0
2026-07-02 15:41:47.154554,3.030771,-4.308831,1.415299,0.002211,1.413342,0.002211,-4.308831,0
2026-07-02 15:41:47.157417,3.033091,-4.314013,1.415299,0.002211,1.413342,0.002211,-4.314013,0
2026-07-02 15:41:47.158348,3.035451,-4.314013,1.415299,0.002211,1.413342,0.002211,-4.314013,0
2026-07-02 15:41:47.158348,3.037743,-4.314013,1.415299,0.002211,1.413342,0.002211,-4.314013,0
2026-07-02 15:41:47.158348,3.039998,-4.314013,1.415299,0.002211,1.413342,0.002211,-4.314013,0
2026-07-02 15:41:47.166524,3.042329,-4.314013,1.415299,0.002211,1.418524,0.002211,-4.314013,0
2026-07-02 15:41:47.170451,3.045096,-4.314013,1.415299,0.002211,1.418524,0.002211,-4.314013,0
2026-07-02 15:41:47.170451,3.048515,-4.308831,1.415299,0.002211,1.418524,0.002211,-4.308831,0
2026-07-02 15:41:47.170451,3.050833,-4.314013,1.415299,0.002211,1.413342,0.002211,-4.314013,0
2026-07-02 15:41:47.178420,3.053580,-4.314013,1.415299,0.002211,1.413342,0.002211,-4.314013,0
2026-07-02 15:41:47.180421,3.056872,-4.314013,1.415299,0.002211,1.418524,0.002211,-4.314013,0
2026-07-02 15:41:47.180421,3.059090,-4.314013,1.415299,0.002211,1.413342,0.002211,-4.314013,0
2026-07-02 15:41:47.180421,3.061936,-4.314013,1.415299,0.002211,1.413342,0.002211,-4.314013,0
2026-07-02 15:41:47.187897,3.064210,-4.314013,1.415299,0.002211,1.418524,0.002211,-4.314013,0
2026-07-02 15:41:47.192858,3.066362,-4.314013,1.415299,0.002211,1.413342,0.002211,-4.314013,0
2026-07-02 15:41:47.192858,3.071581,-4.314013,1.415299,0.002211,1.413342,0.002211,-4.314013,0
2026-07-02 15:41:47.197630,3.073863,-4.314013,1.415299,0.002211,1.413342,0.002211,-4.314013,0
2026-07-02 15:41:47.199480,3.076042,-4.314013,1.415299,0.002211,1.413342,0.002211,-4.314013,0
2026-07-02 15:41:47.199480,3.078644,-4.314013,1.415299,0.002211,1.413342,0.002211,-4.314013,0
2026-07-02 15:41:47.205237,3.080887,-4.314013,1.415299,0.002211,1.413342,0.002211,-4.314013,0
2026-07-02 15:41:47.205237,3.083143,-4.314013,1.415299,0.002211,1.413342,0.002211,-4.314013,0
2026-07-02 15:41:47.214613,3.085398,-4.314013,1.415299,0.002211,1.418524,0.002211,-4.314013,0
2026-07-02 15:41:47.222651,3.092624,-4.314013,1.415299,0.002211,1.413342,0.002211,-4.314013,0
2026-07-02 15:41:47.230216,3.100621,-4.314013,1.415299,0.002211,1.413342,0.002211,-4.314013,0
2026-07-02 15:41:47.235881,3.108197,-4.314013,1.415299,0.002211,1.418524,0.002211,-4.314013,0
2026-07-02 15:41:47.245478,3.113859,-4.314013,1.415299,0.002211,1.413342,0.002211,-4.314013,0
2026-07-02 15:41:47.247809,3.123816,-4.314013,1.415299,0.002211,1.413342,0.002211,-4.314013,0
2026-07-02 15:41:47.249822,3.126203,-4.314013,1.415299,0.002211,1.418524,0.002211,-4.314013,0
2026-07-02 15:41:47.251827,3.128786,-4.314013,1.420479,0.002211,1.413342,0.002211,-4.314013,0
2026-07-02 15:41:47.253839,3.131174,-4.308831,1.415299,0.002211,1.418524,0.002211,-4.308831,0
2026-07-02 15:41:47.256539,3.133534,-4.314013,1.415299,0.002211,1.413342,0.002211,-4.314013,0
2026-07-02 15:41:47.260483,3.135952,-4.314013,1.415299,0.002211,1.413342,0.002211,-4.314013,0
2026-07-02 15:41:47.262807,3.138389,-4.314013,1.415299,0.002211,1.413342,0.002211,-4.314013,0
2026-07-02 15:41:47.263396,3.140802,-4.314013,1.415299,0.002211,1.413342,0.002211,-4.314013,0
2026-07-02 15:41:47.266917,3.143281,-4.314013,1.415299,0.002211,1.418524,0.002211,-4.314013,0
2026-07-02 15:41:47.268674,3.145624,-4.314013,1.415299,0.002211,1.418524,0.002211,-4.314013,0
2026-07-02 15:41:47.268674,3.147929,-4.314013,1.415299,0.002211,1.413342,0.002211,-4.314013,0
2026-07-02 15:41:47.273908,3.150256,-4.314013,1.415299,0.002211,1.413342,0.002211,-4.314013,0
2026-07-02 15:41:47.275134,3.152543,-4.314013,1.415299,0.002211,1.418524,0.002211,-4.314013,0
2026-07-02 15:41:47.278679,3.154893,-4.314013,1.415299,0.002211,1.413342,0.002211,-4.314013,0
2026-07-02 15:41:47.280943,3.157336,-4.314013,1.415299,0.002211,1.418524,0.002211,-4.314013,0
2026-07-02 15:41:47.280943,3.159730,-4.314013,1.415299,0.002211,1.418524,0.002211,-4.314013,0
2026-07-02 15:41:47.280943,3.162139,-4.314013,1.415299,0.002211,1.413342,0.002211,-4.314013,0
2026-07-02 15:41:47.289063,3.164619,-4.308831,1.415299,0.002211,1.418524,0.002211,-4.308831,0
2026-07-02 15:41:47.291078,3.167157,-4.314013,1.415299,0.002211,1.413342,0.002211,-4.314013,0
2026-07-02 15:41:47.293790,3.169648,-4.314013,1.415299,0.002211,1.418524,0.002211,-4.314013,0
2026-07-02 15:41:47.295304,3.172105,-4.314013,1.415299,0.002211,1.413342,0.002211,-4.314013,0
2026-07-02 15:41:47.295304,3.174518,-4.314013,1.415299,0.002211,1.418524,0.002211,-4.314013,0
2026-07-02 15:41:47.300624,3.177047,-4.314013,1.415299,0.002211,1.413342,0.002211,-4.314013,0
2026-07-02 15:41:47.302686,3.179490,-4.314013,1.415299,0.002211,1.418524,0.002211,-4.314013,0
2026-07-02 15:41:47.304699,3.181891,-4.314013,1.415299,0.002211,1.418524,0.002211,-4.314013,0
2026-07-02 15:41:47.306710,3.184394,-4.314013,1.415299,0.002211,1.418524,0.002211,-4.314013,0
2026-07-02 15:41:47.309732,3.186656,-4.314013,1.415299,0.002211,1.413342,0.002211,-4.314013,0
2026-07-02 15:41:47.313531,3.189107,-4.314013,1.415299,0.002211,1.413342,0.002211,-4.314013,0
2026-07-02 15:41:47.313531,3.191823,-4.314013,1.415299,0.002211,1.413342,0.002211,-4.314013,0
2026-07-02 15:41:47.313531,3.194237,-4.314013,1.415299,0.002211,1.413342,0.002211,-4.314013,0
2026-07-02 15:41:47.319260,3.196589,-4.308831,1.415299,0.002211,1.418524,0.002211,-4.308831,0
2026-07-02 15:41:47.321779,3.198907,-4.314013,1.415299,0.002211,1.413342,0.002211,-4.314013,0
2026-07-02 15:41:47.321779,3.201155,-4.314013,1.415299,0.002211,1.413342,0.002211,-4.314013,0
2026-07-02 15:41:47.326486,3.203531,-4.314013,1.415299,0.002211,1.413342,0.002211,-4.314013,0
2026-07-02 15:41:47.329584,3.205928,-4.314013,1.415299,0.002211,1.413342,0.002211,-4.314013,0
2026-07-02 15:41:47.329584,3.208126,-4.314013,1.415299,0.002211,1.418524,0.002211,-4.314013,0
2026-07-02 15:41:47.329584,3.210329,-4.314013,1.415299,0.002211,1.413342,0.002211,-4.314013,0
2026-07-02 15:41:47.329584,3.212532,-4.314013,1.415299,0.002211,1.413342,0.002211,-4.314013,0
2026-07-02 15:41:47.329584,3.214825,-4.314013,1.415299,0.002211,1.413342,0.002211,-4.314013,0
2026-07-02 15:41:47.340202,3.217108,-4.314013,1.415299,0.002211,1.413342,0.002211,-4.314013,0
2026-07-02 15:41:47.340202,3.219412,-4.314013,1.415299,0.002211,1.418524,0.002211,-4.314013,0
2026-07-02 15:41:47.340202,3.221742,-4.314013,1.415299,0.002211,1.418524,0.002211,-4.314013,0
2026-07-02 15:41:47.340202,3.224115,-4.314013,1.415299,0.002211,1.413342,0.002211,-4.314013,0
2026-07-02 15:41:47.350097,3.226411,-4.314013,1.415299,0.002211,1.413342,0.002211,-4.314013,0
2026-07-02 15:41:47.350097,3.228791,-4.314013,1.415299,0.002211,1.413342,0.002211,-4.314013,0
2026-07-02 15:41:47.350097,3.231050,-4.314013,1.415299,0.002211,1.413342,0.002211,-4.314013,0
2026-07-02 15:41:47.350097,3.233282,-4.314013,1.415299,0.002211,1.413342,0.002211,-4.314013,0
2026-07-02 15:41:47.350097,3.235491,-4.314013,1.415299,0.002211,1.418524,0.002211,-4.314013,0
2026-07-02 15:41:47.360543,3.237733,-4.314013,1.415299,0.002211,1.413342,0.002211,-4.314013,0
2026-07-02 15:41:47.360543,3.240051,-4.314013,1.415299,0.002211,1.413342,0.002211,-4.314013,0
2026-07-02 15:41:47.360543,3.242387,-4.314013,1.415299,0.002211,1.413342,0.002211,-4.314013,0
2026-07-02 15:41:47.367186,3.244808,-4.314013,1.415299,0.002211,1.413342,0.002211,-4.314013,0
2026-07-02 15:41:47.371799,3.247242,-4.314013,1.415299,0.002211,1.413342,0.002211,-4.314013,0
2026-07-02 15:41:47.372734,3.249719,-4.314013,1.415299,0.002211,1.413342,0.002211,-4.314013,0
2026-07-02 15:41:47.376501,3.252147,-4.314013,1.415299,0.002211,1.413342,0.002211,-4.314013,0
2026-07-02 15:41:47.376501,3.254399,-4.314013,1.415299,0.002211,1.413342,0.002211,-4.314013,0
2026-07-02 15:41:47.378950,3.256718,-4.314013,1.415299,0.002211,1.413342,0.002211,-4.314013,0
2026-07-02 15:41:47.384144,3.259088,-4.314013,1.415299,0.002211,1.418524,0.002211,-4.314013,0
2026-07-02 15:41:47.384144,3.262178,-4.314013,1.415299,-0.002971,1.418524,-0.002971,-4.314013,0
2026-07-02 15:41:47.389558,3.264676,-4.314013,1.415299,0.002211,1.413342,0.002211,-4.314013,0
2026-07-02 15:41:47.391027,3.268217,-4.314013,1.415299,0.002211,1.413342,0.002211,-4.314013,0
2026-07-02 15:41:47.393039,3.270808,-4.308831,1.415299,0.002211,1.413342,0.002211,-4.308831,0
2026-07-02 15:41:47.393039,3.273167,-4.314013,1.415299,0.002211,1.413342,0.002211,-4.314013,0
2026-07-02 15:41:47.399666,3.275482,-4.314013,1.415299,0.002211,1.413342,0.002211,-4.314013,0
2026-07-02 15:41:47.399666,3.277886,-4.314013,1.415299,0.002211,1.418524,0.002211,-4.314013,0
2026-07-02 15:41:47.399666,3.280282,-4.314013,1.415299,0.002211,1.413342,0.002211,-4.314013,0
2026-07-02 15:41:47.399666,3.282564,-4.314013,1.415299,0.002211,1.413342,0.002211,-4.314013,0
2026-07-02 15:41:47.408131,3.284895,-4.314013,1.415299,0.002211,1.413342,0.002211,-4.314013,0
2026-07-02 15:41:47.408131,3.287130,-4.314013,1.415299,0.002211,1.413342,0.002211,-4.314013,0
2026-07-02 15:41:47.408131,3.289486,-4.314013,1.415299,0.002211,1.413342,0.002211,-4.314013,0
2026-07-02 15:41:47.415976,3.291924,-4.314013,1.415299,0.002211,1.413342,0.002211,-4.314013,0
2026-07-02 15:41:47.420890,3.294314,-4.314013,1.415299,0.002211,1.413342,0.002211,-4.314013,0
2026-07-02 15:41:47.425946,3.299095,-4.314013,1.415299,0.002211,1.418524,0.002211,-4.314013,0
2026-07-02 15:41:47.429734,3.303942,-4.314013,1.415299,0.002211,1.413342,0.002211,-4.314013,0
2026-07-02 15:41:47.429734,3.308217,-4.314013,1.415299,0.002211,1.413342,0.002211,-4.314013,0
2026-07-02 15:41:47.429734,3.310619,-4.314013,1.415299,0.002211,1.413342,0.002211,-4.314013,0
2026-07-02 15:41:47.429734,3.312852,-4.314013,1.415299,0.002211,1.418524,0.002211,-4.314013,0
2026-07-02 15:41:47.442674,3.315295,-4.314013,1.415299,0.002211,1.413342,0.002211,-4.314013,0
2026-07-02 15:41:47.442674,3.320649,-4.314013,1.415299,0.002211,1.413342,0.002211,-4.314013,0
2026-07-02 15:41:47.442674,3.323051,-4.314013,1.415299,0.002211,1.413342,0.002211,-4.314013,0
2026-07-02 15:41:47.451369,3.325400,-4.314013,1.415299,0.002211,1.418524,0.002211,-4.314013,0
2026-07-02 15:41:47.454210,3.329315,-4.314013,1.415299,0.002211,1.418524,0.002211,-4.314013,0
2026-07-02 15:41:47.454210,3.333146,-4.314013,1.415299,0.002211,1.413342,0.002211,-4.314013,0
2026-07-02 15:41:47.459639,3.335556,-4.314013,1.415299,0.002211,1.413342,0.002211,-4.314013,0
2026-07-02 15:41:47.459639,3.337841,-4.308831,1.415299,0.002211,1.418524,0.002211,-4.308831,0
2026-07-02 15:41:47.459639,3.340233,-4.314013,1.415299,0.002211,1.413342,0.002211,-4.314013,0
2026-07-02 15:41:47.467088,3.342565,-4.314013,1.415299,0.002211,1.413342,0.002211,-4.314013,0
2026-07-02 15:41:47.469948,3.345684,-4.314013,1.415299,0.002211,1.418524,0.002211,-4.314013,0
2026-07-02 15:41:47.469948,3.348189,-4.314013,1.415299,0.002211,1.413342,0.002211,-4.314013,0
2026-07-02 15:41:47.473515,3.350501,-4.314013,1.415299,0.002211,1.418524,0.002211,-4.314013,0
2026-07-02 15:41:47.473515,3.353640,-4.314013,1.415299,0.002211,1.413342,0.002211,-4.314013,0
2026-07-02 15:41:47.480241,3.355975,-4.314013,1.415299,0.002211,1.413342,0.002211,-4.314013,0
2026-07-02 15:41:47.484886,3.358706,-4.314013,1.415299,0.002211,1.418524,0.002211,-4.314013,0
2026-07-02 15:41:47.486897,3.364482,-4.314013,1.415299,0.002211,1.413342,0.002211,-4.314013,0
2026-07-02 15:41:47.490494,3.366859,-4.314013,1.415299,0.002211,1.413342,0.002211,-4.314013,0
2026-07-02 15:41:47.490494,3.369162,-4.314013,1.415299,0.002211,1.413342,0.002211,-4.314013,0
2026-07-02 15:41:47.490494,3.371554,-4.314013,1.415299,0.002211,1.418524,0.002211,-4.314013,0
2026-07-02 15:41:47.490494,3.373892,-4.314013,1.415299,0.002211,1.413342,0.002211,-4.314013,0
2026-07-02 15:41:47.500541,3.376226,-4.314013,1.415299,0.002211,1.418524,0.002211,-4.314013,0
2026-07-02 15:41:47.502332,3.379364,-4.314013,1.415299,0.002211,1.418524,0.002211,-4.314013,0
2026-07-02 15:41:47.502332,3.381676,-4.314013,1.415299,0.002211,1.413342,0.002211,-4.314013,0
2026-07-02 15:41:47.502332,3.383935,-4.314013,1.415299,0.002211,1.418524,0.002211,-4.314013,0
2026-07-02 15:41:47.510944,3.386936,-4.314013,1.415299,0.002211,1.413342,0.002211,-4.314013,0
2026-07-02 15:41:47.510944,3.389288,-4.314013,1.415299,0.002211,1.413342,0.002211,-4.314013,0
2026-07-02 15:41:47.510944,3.391604,-4.314013,1.415299,0.002211,1.413342,0.002211,-4.314013,0
2026-07-02 15:41:47.510944,3.393910,-4.314013,1.415299,0.002211,1.413342,0.002211,-4.314013,0
2026-07-02 15:41:47.519250,3.396232,-4.314013,1.415299,0.002211,1.413342,0.002211,-4.314013,0
2026-07-02 15:41:47.523654,3.398555,-4.314013,1.415299,0.002211,1.418524,0.002211,-4.314013,0
2026-07-02 15:41:47.526512,3.402284,-4.314013,1.415299,0.002211,1.413342,0.002211,-4.314013,0
2026-07-02 15:41:47.531101,3.406830,-4.314013,1.415299,0.002211,1.418524,0.002211,-4.314013,0
2026-07-02 15:41:47.531101,3.409336,-4.314013,1.415299,0.002211,1.418524,0.002211,-4.314013,0
2026-07-02 15:41:47.531101,3.412407,-4.314013,1.415299,0.002211,1.413342,0.002211,-4.314013,0
2026-07-02 15:41:47.531101,3.414683,-4.314013,1.415299,0.002211,1.413342,0.002211,-4.314013,0
2026-07-02 15:41:47.541271,3.417022,-4.314013,1.415299,0.002211,1.413342,0.002211,-4.314013,0
2026-07-02 15:41:47.543409,3.419454,-4.314013,1.415299,0.002211,1.413342,0.002211,-4.314013,0
2026-07-02 15:41:47.543409,3.421795,-4.314013,1.415299,0.002211,1.418524,0.002211,-4.314013,0
2026-07-02 15:41:47.543409,3.424237,-4.314013,1.415299,0.002211,1.413342,0.002211,-4.314013,0
2026-07-02 15:41:47.543409,3.426510,-4.314013,1.415299,0.002211,1.413342,0.002211,-4.314013,0
2026-07-02 15:41:47.553481,3.428835,-4.314013,1.415299,0.002211,1.418524,0.002211,-4.314013,0
2026-07-02 15:41:47.556852,3.432026,-4.314013,1.415299,0.002211,1.413342,0.002211,-4.314013,0
2026-07-02 15:41:47.557628,3.434822,-4.314013,1.415299,0.002211,1.413342,0.002211,-4.314013,0
2026-07-02 15:41:47.557628,3.437466,-4.314013,1.415299,0.002211,1.413342,0.002211,-4.314013,0
2026-07-02 15:41:47.563356,3.440389,-4.314013,1.415299,0.002211,1.418524,0.002211,-4.314013,0
2026-07-02 15:41:47.567105,3.442798,-4.314013,1.415299,0.002211,1.418524,0.002211,-4.314013,0
2026-07-02 15:41:47.567105,3.445702,-4.314013,1.415299,0.002211,1.413342,0.002211,-4.314013,0
2026-07-02 15:41:47.572003,3.447979,-4.314013,1.415299,0.002211,1.418524,0.002211,-4.314013,0
2026-07-02 15:41:47.574876,3.451213,-4.314013,1.415299,0.002211,1.413342,0.002211,-4.314013,0
2026-07-02 15:41:47.574876,3.453810,-4.314013,1.415299,0.002211,1.413342,0.002211,-4.314013,0
2026-07-02 15:41:47.580276,3.456094,-4.314013,1.415299,0.002211,1.418524,0.002211,-4.314013,0
2026-07-02 15:41:47.582631,3.458309,-4.314013,1.415299,0.002211,1.418524,0.002211,-4.314013,0
2026-07-02 15:41:47.586883,3.462014,-4.314013,1.415299,0.002211,1.418524,0.002211,-4.314013,0
2026-07-02 15:41:47.586883,3.465752,-4.314013,1.415299,0.002211,1.418524,0.002211,-4.314013,0
2026-07-02 15:41:47.586883,3.468178,-4.314013,1.415299,0.002211,1.418524,0.002211,-4.314013,0
2026-07-02 15:41:47.593057,3.470646,-4.314013,1.415299,0.002211,1.413342,0.002211,-4.314013,0
2026-07-02 15:41:47.593057,3.472925,-4.314013,1.415299,0.002211,1.413342,0.002211,-4.314013,0
2026-07-02 15:41:47.598182,3.475158,-4.314013,1.415299,0.002211,1.413342,0.002211,-4.314013,0
2026-07-02 15:41:47.601795,3.477549,-4.314013,1.415299,0.002211,1.418524,0.002211,-4.314013,0
2026-07-02 15:41:47.612593,3.479845,-4.314013,1.415299,0.002211,1.418524,0.002211,-4.314013,0
2026-07-02 15:41:47.616541,3.491416,-4.314013,1.415299,0.002211,1.413342,0.002211,-4.314013,0
2026-07-02 15:41:47.620989,3.495430,-4.314013,1.415299,0.002211,1.413342,0.002211,-4.314013,0
2026-07-02 15:41:47.624872,3.500554,-4.314013,1.415299,0.002211,1.413342,0.002211,-4.314013,0
2026-07-02 15:41:47.626785,3.503200,-4.314013,1.415299,0.002211,1.413342,0.002211,-4.314013,0
2026-07-02 15:41:47.628793,3.505668,-4.314013,1.415299,0.002211,1.413342,0.002211,-4.314013,0
2026-07-02 15:41:47.631324,3.508070,-4.314013,1.415299,0.002211,1.413342,0.002211,-4.314013,0
2026-07-02 15:41:47.633845,3.510561,-4.314013,1.415299,0.002211,1.413342,0.002211,-4.314013,0
2026-07-02 15:41:47.636076,3.512998,-4.314013,1.415299,0.002211,1.418524,0.002211,-4.314013,0
2026-07-02 15:41:47.638589,3.515413,-4.314013,1.415299,0.002211,1.413342,0.002211,-4.314013,0
2026-07-02 15:41:47.642400,3.517842,-4.314013,1.415299,-0.002971,1.418524,-0.002971,-4.314013,0
2026-07-02 15:41:47.643565,3.520415,-4.314013,1.415299,0.002211,1.413342,0.002211,-4.314013,0
2026-07-02 15:41:47.646841,3.522827,-4.314013,1.415299,0.002211,1.413342,0.002211,-4.314013,0
2026-07-02 15:41:47.647822,3.525223,-4.314013,1.415299,0.002211,1.413342,0.002211,-4.314013,0
2026-07-02 15:41:47.650750,3.527615,-4.314013,1.415299,0.002211,1.413342,0.002211,-4.314013,0
2026-07-02 15:41:47.653970,3.530015,-4.314013,1.415299,0.002211,1.413342,0.002211,-4.314013,0
2026-07-02 15:41:47.655298,3.532276,-4.314013,1.420479,0.002211,1.418524,0.002211,-4.314013,0
2026-07-02 15:41:47.659054,3.534705,-4.314013,1.415299,0.002211,1.418524,0.002211,-4.314013,0
2026-07-02 15:41:47.662942,3.538397,-4.314013,1.415299,0.002211,1.413342,0.002211,-4.314013,0
2026-07-02 15:41:47.665254,3.541022,-4.314013,1.415299,0.002211,1.418524,0.002211,-4.314013,0
2026-07-02 15:41:47.667055,3.543488,-4.314013,1.415299,0.002211,1.413342,0.002211,-4.314013,0
2026-07-02 15:41:47.670157,3.545876,-4.314013,1.415299,0.002211,1.418524,0.002211,-4.314013,0
2026-07-02 15:41:47.672889,3.548294,-4.314013,1.415299,0.002211,1.413342,0.002211,-4.314013,0
2026-07-02 15:41:47.672889,3.551117,-4.314013,1.415299,0.002211,1.413342,0.002211,-4.314013,0
2026-07-02 15:41:47.672889,3.553421,-4.314013,1.415299,-0.002971,1.413342,-0.002971,-4.314013,0
2026-07-02 15:41:47.672889,3.555780,-4.314013,1.415299,0.002211,1.418524,0.002211,-4.314013,0
2026-07-02 15:41:47.672889,3.558045,-4.314013,1.415299,0.002211,1.413342,0.002211,-4.314013,0
2026-07-02 15:41:47.683457,3.560278,-4.314013,1.415299,0.002211,1.418524,0.002211,-4.314013,0
2026-07-02 15:41:47.683457,3.562492,-4.314013,1.415299,0.002211,1.418524,0.002211,-4.314013,0
2026-07-02 15:41:47.683457,3.564777,-4.314013,1.415299,0.002211,1.418524,0.002211,-4.314013,0
2026-07-02 15:41:47.683457,3.566968,-4.314013,1.415299,0.002211,1.413342,0.002211,-4.314013,0
2026-07-02 15:41:47.693580,3.569196,-4.314013,1.415299,0.002211,1.413342,0.002211,-4.314013,0
2026-07-02 15:41:47.693580,3.571685,-4.314013,1.415299,0.002211,1.413342,0.002211,-4.314013,0
2026-07-02 15:41:47.693580,3.573960,-4.314013,1.415299,0.002211,1.418524,0.002211,-4.314013,0
2026-07-02 15:41:47.693580,3.576194,-4.314013,1.415299,0.002211,1.413342,0.002211,-4.314013,0
2026-07-02 15:41:47.693580,3.578455,-4.314013,1.415299,0.002211,1.413342,0.002211,-4.314013,0
2026-07-02 15:41:47.704824,3.580724,-4.314013,1.415299,0.002211,1.413342,0.002211,-4.314013,0
2026-07-02 15:41:47.704824,3.582955,-4.314013,1.415299,0.002211,1.418524,0.002211,-4.314013,0
2026-07-02 15:41:47.704824,3.585208,-4.314013,1.415299,0.002211,1.413342,0.002211,-4.314013,0
2026-07-02 15:41:47.710355,3.587449,-4.314013,1.415299,0.002211,1.418524,0.002211,-4.314013,0
2026-07-02 15:41:47.710355,3.589696,-4.314013,1.415299,0.002211,1.413342,0.002211,-4.314013,0
2026-07-02 15:41:47.719715,3.592771,-4.314013,1.415299,0.002211,1.418524,0.002211,-4.314013,0
2026-07-02 15:41:47.720634,3.597699,-4.308831,1.415299,0.002211,1.413342,0.002211,-4.308831,0
2026-07-02 15:41:47.725027,3.600212,-4.314013,1.415299,0.002211,1.418524,0.002211,-4.314013,0
2026-07-02 15:41:47.728054,3.603711,-4.314013,1.415299,0.002211,1.413342,0.002211,-4.314013,0
2026-07-02 15:41:47.728856,3.605972,-4.314013,1.415299,0.002211,1.413342,0.002211,-4.314013,0
2026-07-02 15:41:47.731098,3.608202,-4.314013,1.415299,0.002211,1.413342,0.002211,-4.314013,0
2026-07-02 15:41:47.733303,3.610415,-4.314013,1.415299,0.002211,1.418524,0.002211,-4.314013,0
2026-07-02 15:41:47.734811,3.613053,-4.314013,1.415299,0.002211,1.418524,0.002211,-4.314013,0
2026-07-02 15:41:47.734811,3.615325,-4.314013,1.415299,0.002211,1.413342,0.002211,-4.314013,0
2026-07-02 15:41:47.734811,3.617556,-4.314013,1.415299,0.002211,1.418524,0.002211,-4.314013,0
2026-07-02 15:41:47.734811,3.620217,-4.314013,1.415299,0.002211,1.413342,0.002211,-4.314013,0
2026-07-02 15:41:47.749189,3.622413,-4.314013,1.415299,0.002211,1.413342,0.002211,-4.314013,0
2026-07-02 15:41:47.753641,3.627172,-4.314013,1.415299,0.002211,1.418524,0.002211,-4.314013,0
2026-07-02 15:41:47.760019,3.631550,-4.314013,1.415299,-0.002971,1.413342,-0.002971,-4.314013,0
2026-07-02 15:41:47.768192,3.637925,-4.314013,1.415299,0.002211,1.413342,0.002211,-4.314013,0
2026-07-02 15:41:47.770205,3.646757,-4.308831,1.415299,0.002211,1.413342,0.002211,-4.308831,0
2026-07-02 15:41:47.772218,3.649249,-4.314013,1.415299,0.002211,1.418524,0.002211,-4.314013,0
2026-07-02 15:41:47.776662,3.651632,-4.314013,1.415299,0.002211,1.413342,0.002211,-4.314013,0
2026-07-02 15:41:47.788208,3.654650,-4.314013,1.415299,0.002211,1.418524,0.002211,-4.314013,0
2026-07-02 15:41:47.794976,3.666202,-4.314013,1.415299,0.002211,1.413342,0.002211,-4.314013,0
2026-07-02 15:41:47.809448,3.672979,-4.314013,1.415299,0.002211,1.418524,0.002211,-4.314013,0
2026-07-02 15:41:47.815818,3.688678,-4.308831,1.415299,0.002211,1.413342,0.002211,-4.308831,0
2026-07-02 15:41:47.818317,3.693811,-4.314013,1.415299,0.002211,1.413342,0.002211,-4.314013,0
2026-07-02 15:41:47.822412,3.697703,-4.314013,1.415299,0.002211,1.413342,0.002211,-4.314013,0
2026-07-02 15:41:47.824975,3.700738,-4.314013,1.415299,0.002211,1.413342,0.002211,-4.314013,0
2026-07-02 15:41:47.827003,3.703134,-4.314013,1.415299,0.002211,1.413342,0.002211,-4.314013,0
2026-07-02 15:41:47.830296,3.705430,-4.314013,1.415299,0.002211,1.413342,0.002211,-4.314013,0
2026-07-02 15:41:47.832309,3.708875,-4.314013,1.415299,0.007391,1.413342,0.007391,-4.314013,0
2026-07-02 15:41:47.834829,3.711270,-4.314013,1.415299,0.002211,1.413342,0.002211,-4.314013,0
2026-07-02 15:41:47.837487,3.713662,-4.314013,1.415299,0.002211,1.418524,0.002211,-4.314013,0
2026-07-02 15:41:47.841150,3.716041,-4.314013,1.415299,0.002211,1.413342,0.002211,-4.314013,0
2026-07-02 15:41:47.843164,3.719931,-4.314013,1.415299,0.002211,1.418524,0.002211,-4.314013,0
2026-07-02 15:41:47.847126,3.722468,-4.314013,1.415299,0.002211,1.413342,0.002211,-4.314013,0
2026-07-02 15:41:47.848584,3.725580,-4.308831,1.415299,0.002211,1.418524,0.002211,-4.308831,0
2026-07-02 15:41:47.851610,3.727996,-4.314013,1.415299,0.002211,1.413342,0.002211,-4.314013,0
2026-07-02 15:41:47.854953,3.730406,-4.314013,1.415299,0.002211,1.418524,0.002211,-4.314013,0
2026-07-02 15:41:47.859124,3.734151,-4.314013,1.415299,0.002211,1.413342,0.002211,-4.314013,0
2026-07-02 15:41:47.860537,3.737553,-4.314013,1.415299,0.002211,1.418524,0.002211,-4.314013,0
2026-07-02 15:41:47.863051,3.739946,-4.314013,1.415299,0.002211,1.413342,0.002211,-4.314013,0
2026-07-02 15:41:47.867073,3.742380,-4.314013,1.415299,0.002211,1.413342,0.002211,-4.314013,0
2026-07-02 15:41:47.868367,3.745427,-4.314013,1.415299,0.002211,1.413342,0.002211,-4.314013,0
2026-07-02 15:41:47.870375,3.747795,-4.314013,1.415299,0.002211,1.413342,0.002211,-4.314013,0
2026-07-02 15:41:47.874407,3.750169,-4.314013,1.415299,0.002211,1.413342,0.002211,-4.314013,0
2026-07-02 15:41:47.876927,3.752545,-4.314013,1.415299,0.002211,1.418524,0.002211,-4.314013,0
2026-07-02 15:41:47.877578,3.755045,-4.314013,1.415299,0.002211,1.413342,0.002211,-4.314013,0
2026-07-02 15:41:47.881612,3.757426,-4.314013,1.415299,0.002211,1.418524,0.002211,-4.314013,0
2026-07-02 15:41:47.883619,3.759828,-4.314013,1.415299,0.002211,1.413342,0.002211,-4.314013,0
2026-07-02 15:41:47.885351,3.762206,-4.314013,1.415299,0.002211,1.413342,0.002211,-4.314013,0
2026-07-02 15:41:47.893140,3.764629,-4.314013,1.415299,0.002211,1.413342,0.002211,-4.314013,0
2026-07-02 15:41:47.898239,3.772534,-4.314013,1.415299,0.002211,1.418524,0.002211,-4.314013,0
2026-07-02 15:41:47.905286,3.777775,-4.314013,1.415299,0.002211,1.418524,0.002211,-4.314013,0
2026-07-02 15:41:47.909594,3.783250,-4.314013,1.415299,0.002211,1.413342,0.002211,-4.314013,0
2026-07-02 15:41:47.915810,3.791602,-4.314013,1.415299,0.002211,1.413342,0.002211,-4.314013,0
2026-07-02 15:41:47.922196,3.794458,-4.314013,1.415299,0.002211,1.418524,0.002211,-4.314013,0
2026-07-02 15:41:47.923271,3.800347,-4.314013,1.415299,0.002211,1.413342,0.002211,-4.314013,0
2026-07-02 15:41:47.925277,3.802700,-4.314013,1.415299,0.002211,1.413342,0.002211,-4.314013,0
2026-07-02 15:41:47.927524,3.804969,-4.314013,1.415299,-0.002971,1.418524,-0.002971,-4.314013,0
2026-07-02 15:41:47.931546,3.807259,-4.314013,1.415299,0.002211,1.418524,0.002211,-4.314013,0
2026-07-02 15:41:47.933161,3.809584,-4.314013,1.415299,0.002211,1.413342,0.002211,-4.314013,0
2026-07-02 15:41:47.935255,3.812332,-4.314013,1.415299,0.002211,1.413342,0.002211,-4.314013,0
2026-07-02 15:41:47.937265,3.814541,-4.314013,1.415299,0.002211,1.413342,0.002211,-4.314013,0
2026-07-02 15:41:47.939276,3.816707,-4.314013,1.415299,0.002211,1.418524,0.002211,-4.314013,0
2026-07-02 15:41:47.942832,3.818909,-4.314013,1.415299,0.002211,1.413342,0.002211,-4.314013,0
2026-07-02 15:41:47.944851,3.821128,-4.314013,1.415299,0.002211,1.413342,0.002211,-4.314013,0
2026-07-02 15:41:47.947914,3.823423,-4.314013,1.415299,0.002211,1.413342,0.002211,-4.314013,0
2026-07-02 15:41:47.948941,3.825799,-4.314013,1.415299,0.002211,1.413342,0.002211,-4.314013,0
2026-07-02 15:41:47.954431,3.828024,-4.314013,1.415299,0.002211,1.418524,0.002211,-4.314013,0
2026-07-02 15:41:47.955939,3.832880,-4.314013,1.415299,0.002211,1.418524,0.002211,-4.314013,0
2026-07-02 15:41:47.959299,3.835148,-4.314013,1.415299,0.002211,1.418524,0.002211,-4.314013,0
2026-07-02 15:41:47.960343,3.837406,-4.314013,1.415299,0.002211,1.413342,0.002211,-4.314013,0
2026-07-02 15:41:47.962949,3.839611,-4.314013,1.415299,0.002211,1.413342,0.002211,-4.314013,0
2026-07-02 15:41:47.964961,3.841826,-4.314013,1.415299,0.002211,1.418524,0.002211,-4.314013,0
2026-07-02 15:41:47.967527,3.844218,-4.314013,1.415299,0.002211,1.418524,0.002211,-4.314013,0
2026-07-02 15:41:47.970549,3.846443,-4.314013,1.415299,0.002211,1.413342,0.002211,-4.314013,0
2026-07-02 15:41:47.971606,3.848689,-4.314013,1.415299,0.002211,1.413342,0.002211,-4.314013,0
2026-07-02 15:41:47.975270,3.850887,-4.314013,1.415299,0.002211,1.413342,0.002211,-4.314013,0
2026-07-02 15:41:47.976581,3.853648,-4.314013,1.415299,0.002211,1.413342,0.002211,-4.314013,0
2026-07-02 15:41:47.979150,3.855869,-4.314013,1.415299,0.002211,1.413342,0.002211,-4.314013,0
2026-07-02 15:41:47.981163,3.858058,-4.314013,1.415299,0.002211,1.413342,0.002211,-4.314013,0
2026-07-02 15:41:47.983725,3.860228,-4.314013,1.415299,0.002211,1.413342,0.002211,-4.314013,0
2026-07-02 15:41:47.986723,3.862457,-4.314013,1.415299,0.002211,1.413342,0.002211,-4.314013,0
2026-07-02 15:41:47.987324,3.864733,-4.314013,1.415299,0.002211,1.418524,0.002211,-4.314013,0
2026-07-02 15:41:47.991345,3.867021,-4.314013,1.415299,0.002211,1.413342,0.002211,-4.314013,0
2026-07-02 15:41:47.991851,3.869219,-4.314013,1.410120,0.002211,1.413342,0.002211,-4.314013,0
2026-07-02 15:41:47.994652,3.871478,-4.314013,1.415299,0.002211,1.413342,0.002211,-4.314013,0
2026-07-02 15:41:47.996667,3.873785,-4.314013,1.415299,0.002211,1.413342,0.002211,-4.314013,0
2026-07-02 15:41:47.998678,3.875985,-4.314013,1.415299,0.002211,1.413342,0.002211,-4.314013,0
2026-07-02 15:41:48.002443,3.878385,-4.314013,1.415299,0.002211,1.413342,0.002211,-4.314013,0
2026-07-02 15:41:48.003745,3.880624,-4.314013,1.415299,0.002211,1.418524,0.002211,-4.314013,0
2026-07-02 15:41:48.005756,3.882833,-4.314013,1.415299,0.002211,1.413342,0.002211,-4.314013,0
2026-07-02 15:41:48.008628,3.884999,-4.314013,1.415299,0.002211,1.418524,0.002211,-4.314013,0
2026-07-02 15:41:48.010711,3.887254,-4.314013,1.415299,0.002211,1.418524,0.002211,-4.314013,0
2026-07-02 15:41:48.012650,3.889839,-4.314013,1.415299,0.002211,1.413342,0.002211,-4.314013,0
2026-07-02 15:41:48.017254,3.892078,-4.314013,1.415299,0.002211,1.413342,0.002211,-4.314013,0
2026-07-02 15:41:48.022071,3.895885,-4.314013,1.415299,0.002211,1.413342,0.002211,-4.314013,0
2026-07-02 15:41:48.023244,3.900366,-4.314013,1.415299,0.002211,1.413342,0.002211,-4.314013,0
2026-07-02 15:41:48.026070,3.902782,-4.314013,1.415299,0.002211,1.413342,0.002211,-4.314013,0
2026-07-02 15:41:48.029091,3.905092,-4.314013,1.415299,0.002211,1.418524,0.002211,-4.314013,0
2026-07-02 15:41:48.029968,3.907360,-4.314013,1.415299,0.002211,1.413342,0.002211,-4.314013,0
2026-07-02 15:41:48.033637,3.909566,-4.314013,1.415299,0.002211,1.413342,0.002211,-4.314013,0
2026-07-02 15:41:48.043278,3.912296,-4.314013,1.415299,0.002211,1.418524,0.002211,-4.314013,0
2026-07-02 15:41:48.077341,3.921234,-4.314013,1.415299,0.002211,1.413342,0.002211,-4.314013,0
2026-07-02 15:41:48.083014,3.955516,-4.308831,1.415299,0.002211,1.413342,0.002211,-4.308831,0
2026-07-02 15:41:48.087079,3.961634,-4.314013,1.415299,0.002211,1.413342,0.002211,-4.314013,0
2026-07-02 15:41:48.088765,3.965319,-4.314013,1.415299,0.002211,1.413342,0.002211,-4.314013,0
2026-07-02 15:41:48.092590,3.967620,-4.314013,1.415299,0.002211,1.413342,0.002211,-4.314013,0
2026-07-02 15:41:48.093527,3.970507,-4.308831,1.415299,0.002211,1.413342,0.002211,-4.308831,0
2026-07-02 15:41:48.095690,3.972809,-4.314013,1.415299,0.002211,1.418524,0.002211,-4.314013,0
2026-07-02 15:41:48.097854,3.974981,-4.314013,1.415299,0.002211,1.418524,0.002211,-4.314013,0
2026-07-02 15:41:48.101171,3.977232,-4.314013,1.415299,0.002211,1.413342,0.002211,-4.314013,0
2026-07-02 15:41:48.102939,3.979625,-4.314013,1.415299,0.002211,1.418524,0.002211,-4.314013,0
2026-07-02 15:41:48.104944,3.981957,-4.314013,1.415299,0.002211,1.418524,0.002211,-4.314013,0
2026-07-02 15:41:48.109185,3.984270,-4.308831,1.415299,0.002211,1.413342,0.002211,-4.308831,0
2026-07-02 15:41:48.111289,3.987261,-4.314013,1.415299,0.002211,1.418524,0.002211,-4.314013,0
2026-07-02 15:41:48.112232,3.989679,-4.314013,1.415299,0.002211,1.413342,0.002211,-4.314013,0
2026-07-02 15:41:48.115007,3.991981,-4.314013,1.415299,0.002211,1.418524,0.002211,-4.314013,0
2026-07-02 15:41:48.117186,3.994295,-4.314013,1.415299,0.002211,1.413342,0.002211,-4.314013,0
2026-07-02 15:41:48.119417,3.996516,-4.314013,1.415299,0.002211,1.413342,0.002211,-4.314013,0
2026-07-02 15:41:48.121675,3.998731,-4.314013,1.415299,0.002211,1.413342,0.002211,-4.314013,0
2026-07-02 15:41:48.128218,4.001041,-4.314013,1.415299,0.002211,1.413342,0.002211,-4.314013,0
2026-07-02 15:41:48.137370,4.006213,-4.314013,1.415299,0.002211,1.418524,0.002211,-4.314013,0
2026-07-02 15:41:48.144766,4.015395,-4.314013,1.415299,0.002211,1.418524,0.002211,-4.314013,0
2026-07-02 15:41:48.149686,4.022827,-4.314013,1.415299,0.002211,1.413342,0.002211,-4.314013,0
2026-07-02 15:41:48.156897,4.027669,-4.314013,1.415299,0.002211,1.413342,0.002211,-4.314013,0
2026-07-02 15:41:48.162509,4.035089,-4.314013,1.415299,0.002211,1.418524,0.002211,-4.314013,0
2026-07-02 15:41:48.174639,4.044470,-4.314013,1.415299,0.002211,1.413342,0.002211,-4.314013,0
2026-07-02 15:41:48.181917,4.052715,-4.308831,1.415299,0.002211,1.418524,0.002211,-4.308831,0
2026-07-02 15:41:48.189451,4.060191,-4.314013,1.415299,0.002211,1.413342,0.002211,-4.314013,0
2026-07-02 15:41:48.245261,4.067612,-4.314013,1.415299,0.002211,1.418524,0.002211,-4.314013,0
2026-07-02 15:41:48.321682,4.123831,-4.314013,1.415299,0.002211,1.418524,0.002211,-4.314013,0
2026-07-02 15:41:48.325704,4.201446,-4.314013,1.415299,0.002211,1.413342,0.002211,-4.314013,0
2026-07-02 15:41:48.326859,4.203952,-4.314013,1.415299,0.002211,1.413342,0.002211,-4.314013,0
2026-07-02 15:41:48.337317,4.206355,-4.314013,1.415299,0.002211,1.413342,0.002211,-4.314013,0
2026-07-02 15:41:48.345224,4.215794,-4.314013,1.415299,0.002211,1.413342,0.002211,-4.314013,0
2026-07-02 15:41:48.347239,4.223595,-4.314013,1.415299,0.002211,1.418524,0.002211,-4.314013,0
2026-07-02 15:41:48.353444,4.226471,-4.314013,1.415299,0.002211,1.418524,0.002211,-4.314013,0
2026-07-02 15:41:48.354698,4.231773,-4.314013,1.415299,0.002211,1.413342,0.002211,-4.314013,0
2026-07-02 15:41:48.356948,4.234146,-4.314013,1.415299,0.002211,1.413342,0.002211,-4.314013,0
2026-07-02 15:41:48.361104,4.236742,-4.314013,1.415299,0.002211,1.418524,0.002211,-4.314013,0
2026-07-02 15:41:48.361987,4.239422,-4.314013,1.415299,0.002211,1.413342,0.002211,-4.314013,0
2026-07-02 15:41:48.365261,4.241847,-4.314013,1.415299,0.002211,1.418524,0.002211,-4.314013,0
2026-07-02 15:41:48.368286,4.244378,-4.314013,1.415299,0.002211,1.418524,0.002211,-4.314013,0
2026-07-02 15:41:48.370957,4.246785,-4.314013,1.415299,0.002211,1.413342,0.002211,-4.314013,0
2026-07-02 15:41:48.373683,4.249127,-4.314013,1.415299,0.002211,1.413342,0.002211,-4.314013,0
2026-07-02 15:41:48.375654,4.251651,-4.314013,1.415299,0.002211,1.413342,0.002211,-4.314013,0
2026-07-02 15:41:48.376665,4.254069,-4.314013,1.415299,0.002211,1.413342,0.002211,-4.314013,0
2026-07-02 15:41:48.380538,4.256461,-4.314013,1.415299,0.002211,1.413342,0.002211,-4.314013,0
2026-07-02 15:41:48.381359,4.258735,-4.314013,1.415299,0.002211,1.418524,0.002211,-4.314013,0
2026-07-02 15:41:48.385391,4.261304,-4.314013,1.415299,0.002211,1.418524,0.002211,-4.314013,0
2026-07-02 15:41:48.387722,4.263576,-4.319194,1.415299,0.002211,1.418524,0.002211,-4.319194,0
2026-07-02 15:41:48.388996,4.265964,-4.314013,1.415299,0.002211,1.413342,0.002211,-4.314013,0
2026-07-02 15:41:48.391404,4.268405,-4.314013,1.415299,0.002211,1.413342,0.002211,-4.314013,0
2026-07-02 15:41:48.393410,4.270749,-4.314013,1.415299,0.002211,1.413342,0.002211,-4.314013,0
2026-07-02 15:41:48.396319,4.273197,-4.314013,1.415299,0.002211,1.413342,0.002211,-4.314013,0
2026-07-02 15:41:48.398833,4.275683,-4.314013,1.415299,0.002211,1.413342,0.002211,-4.314013,0
2026-07-02 15:41:48.401636,4.278029,-4.314013,1.415299,0.002211,1.413342,0.002211,-4.314013,0
2026-07-02 15:41:48.404073,4.280436,-4.314013,1.415299,0.002211,1.418524,0.002211,-4.314013,0
2026-07-02 15:41:48.406118,4.282829,-4.314013,1.415299,0.002211,1.418524,0.002211,-4.314013,0
2026-07-02 15:41:48.408193,4.285226,-4.314013,1.415299,0.002211,1.413342,0.002211,-4.314013,0
2026-07-02 15:41:48.411217,4.287468,-4.314013,1.415299,0.002211,1.418524,0.002211,-4.314013,0
2026-07-02 15:41:48.413108,4.290027,-4.308831,1.415299,0.002211,1.413342,0.002211,-4.308831,0
2026-07-02 15:41:48.415624,4.292473,-4.314013,1.415299,0.002211,1.418524,0.002211,-4.314013,0
2026-07-02 15:41:48.417786,4.294806,-4.314013,1.415299,-0.002971,1.413342,-0.002971,-4.314013,0
2026-07-02 15:41:48.421366,4.297296,-4.314013,1.415299,0.002211,1.413342,0.002211,-4.314013,0
2026-07-02 15:41:48.424093,4.299620,-4.314013,1.415299,0.002211,1.413342,0.002211,-4.314013,0
2026-07-02 15:41:48.424602,4.301952,-4.314013,1.415299,0.002211,1.413342,0.002211,-4.314013,0
2026-07-02 15:41:48.426816,4.304191,-4.314013,1.415299,0.002211,1.413342,0.002211,-4.314013,0
2026-07-02 15:41:48.430335,4.306491,-4.314013,1.415299,0.002211,1.413342,0.002211,-4.314013,0
2026-07-02 15:41:48.432348,4.308795,-4.314013,1.415299,0.002211,1.418524,0.002211,-4.314013,0
2026-07-02 15:41:48.435001,4.311184,-4.314013,1.415299,0.002211,1.413342,0.002211,-4.314013,0
2026-07-02 15:41:48.436218,4.313376,-4.314013,1.415299,0.002211,1.418524,0.002211,-4.314013,0
2026-07-02 15:41:48.438240,4.315620,-4.314013,1.415299,0.002211,1.413342,0.002211,-4.314013,0
2026-07-02 15:41:48.441855,4.317885,-4.314013,1.415299,0.002211,1.413342,0.002211,-4.314013,0
2026-07-02 15:41:48.443761,4.320595,-4.314013,1.415299,0.002211,1.413342,0.002211,-4.314013,0
2026-07-02 15:41:48.446876,4.323007,-4.314013,1.415299,0.002211,1.413342,0.002211,-4.314013,0
2026-07-02 15:41:48.447963,4.325345,-4.314013,1.415299,0.002211,1.413342,0.002211,-4.314013,0
2026-07-02 15:41:48.451656,4.327643,-4.314013,1.415299,0.002211,1.413342,0.002211,-4.314013,0
2026-07-02 15:41:48.452880,4.329914,-4.314013,1.415299,0.002211,1.413342,0.002211,-4.314013,0
2026-07-02 15:41:48.455404,4.332461,-4.314013,1.415299,0.002211,1.413342,0.002211,-4.314013,0
2026-07-02 15:41:48.459106,4.334974,-4.314013,1.415299,0.002211,1.413342,0.002211,-4.314013,0
2026-07-02 15:41:48.460830,4.337373,-4.314013,1.415299,0.002211,1.413342,0.002211,-4.314013,0
2026-07-02 15:41:48.462716,4.339644,-4.314013,1.415299,0.002211,1.413342,0.002211,-4.314013,0
2026-07-02 15:41:48.465230,4.342102,-4.314013,1.415299,0.002211,1.413342,0.002211,-4.314013,0
2026-07-02 15:41:48.468255,4.344519,-4.314013,1.415299,0.002211,1.418524,0.002211,-4.314013,0
2026-07-02 15:41:48.470897,4.347051,-4.314013,1.415299,0.002211,1.413342,0.002211,-4.314013,0
2026-07-02 15:41:48.472076,4.349503,-4.314013,1.415299,0.002211,1.418524,0.002211,-4.314013,0
2026-07-02 15:41:48.475708,4.351911,-4.314013,1.415299,-0.002971,1.418524,-0.002971,-4.314013,0
2026-07-02 15:41:48.476882,4.354300,-4.314013,1.415299,0.002211,1.413342,0.002211,-4.314013,0
2026-07-02 15:41:48.479815,4.356691,-4.314013,1.415299,0.002211,1.413342,0.002211,-4.314013,0
2026-07-02 15:41:48.481776,4.359202,-4.314013,1.415299,0.002211,1.413342,0.002211,-4.314013,0
2026-07-02 15:41:48.484486,4.361502,-4.314013,1.415299,0.002211,1.418524,0.002211,-4.314013,0
2026-07-02 15:41:48.487030,4.363969,-4.314013,1.415299,0.002211,1.413342,0.002211,-4.314013,0
2026-07-02 15:41:48.490809,4.366695,-4.314013,1.415299,0.002211,1.413342,0.002211,-4.314013,0
2026-07-02 15:41:48.492169,4.369132,-4.314013,1.415299,0.002211,1.418524,0.002211,-4.314013,0
2026-07-02 15:41:48.494709,4.371614,-4.314013,1.415299,0.002211,1.418524,0.002211,-4.314013,0
2026-07-02 15:41:48.497734,4.374084,-4.314013,1.415299,0.002211,1.418524,0.002211,-4.314013,0
2026-07-02 15:41:48.500750,4.376506,-4.314013,1.415299,-0.002971,1.413342,-0.002971,-4.314013,0
2026-07-02 15:41:48.501443,4.378833,-4.314013,1.415299,0.002211,1.413342,0.002211,-4.314013,0
2026-07-02 15:41:48.504225,4.381217,-4.314013,1.415299,0.002211,1.418524,0.002211,-4.314013,0
2026-07-02 15:41:48.506960,4.383761,-4.314013,1.415299,0.002211,1.413342,0.002211,-4.314013,0
2026-07-02 15:41:48.510980,4.386478,-4.314013,1.415299,0.002211,1.413342,0.002211,-4.314013,0
2026-07-02 15:41:48.511486,4.389017,-4.314013,1.415299,0.002211,1.413342,0.002211,-4.314013,0
2026-07-02 15:41:48.514661,4.391556,-4.314013,1.415299,0.002211,1.413342,0.002211,-4.314013,0
2026-07-02 15:41:48.517175,4.393962,-4.314013,1.415299,-0.002971,1.413342,-0.002971,-4.314013,0
2026-07-02 15:41:48.519348,4.396339,-4.314013,1.415299,0.002211,1.413342,0.002211,-4.314013,0
2026-07-02 15:41:48.521097,4.398791,-4.314013,1.415299,0.002211,1.418524,0.002211,-4.314013,0
2026-07-02 15:41:48.524333,4.401223,-4.314013,1.415299,0.002211,1.418524,0.002211,-4.314013,0
2026-07-02 15:41:48.526845,4.403717,-4.314013,1.415299,0.002211,1.418524,0.002211,-4.314013,0
2026-07-02 15:41:48.529358,4.406096,-4.314013,1.415299,0.002211,1.413342,0.002211,-4.314013,0
2026-07-02 15:41:48.531513,4.408429,-4.314013,1.415299,0.002211,1.413342,0.002211,-4.314013,0
2026-07-02 15:41:48.533523,4.410876,-4.314013,1.415299,0.002211,1.418524,0.002211,-4.314013,0
2026-07-02 15:41:48.536285,4.413266,-4.314013,1.415299,0.002211,1.418524,0.002211,-4.314013,0
2026-07-02 15:41:48.538293,4.415728,-4.314013,1.415299,0.002211,1.418524,0.002211,-4.314013,0
2026-07-02 15:41:48.541588,4.418111,-4.314013,1.415299,0.002211,1.413342,0.002211,-4.314013,0
2026-07-02 15:41:48.543335,4.420403,-4.314013,1.415299,0.002211,1.413342,0.002211,-4.314013,0
2026-07-02 15:41:48.545521,4.422841,-4.314013,1.415299,0.002211,1.413342,0.002211,-4.314013,0
2026-07-02 15:41:48.548329,4.425155,-4.314013,1.415299,0.002211,1.418524,0.002211,-4.314013,0
2026-07-02 15:41:48.552090,4.427620,-4.314013,1.415299,0.002211,1.418524,0.002211,-4.314013,0
2026-07-02 15:41:48.553040,4.429988,-4.314013,1.415299,0.002211,1.413342,0.002211,-4.314013,0
2026-07-02 15:41:48.555767,4.432317,-4.314013,1.415299,0.002211,1.418524,0.002211,-4.314013,0
2026-07-02 15:41:48.558287,4.434588,-4.314013,1.415299,0.002211,1.418524,0.002211,-4.314013,0
2026-07-02 15:41:48.560301,4.436776,-4.314013,1.415299,0.002211,1.413342,0.002211,-4.314013,0
2026-07-02 15:41:48.563042,4.439063,-4.314013,1.415299,0.002211,1.418524,0.002211,-4.314013,0
2026-07-02 15:41:48.564094,4.441290,-4.314013,1.415299,0.002211,1.413342,0.002211,-4.314013,0
2026-07-02 15:41:48.566740,4.443615,-4.314013,1.415299,0.002211,1.413342,0.002211,-4.314013,0
2026-07-02 15:41:48.569060,4.446034,-4.314013,1.415299,0.002211,1.418524,0.002211,-4.314013,0
2026-07-02 15:41:48.572583,4.448492,-4.314013,1.415299,0.002211,1.413342,0.002211,-4.314013,0
2026-07-02 15:41:48.576457,4.450826,-4.314013,1.415299,0.002211,1.418524,0.002211,-4.314013,0
2026-07-02 15:41:48.577505,4.454417,-4.314013,1.415299,-0.002971,1.418524,-0.002971,-4.314013,0
2026-07-02 15:41:48.580018,4.456864,-4.314013,1.415299,0.002211,1.413342,0.002211,-4.314013,0
2026-07-02 15:41:48.582531,4.459304,-4.314013,1.415299,0.002211,1.413342,0.002211,-4.314013,0
2026-07-02 15:41:48.582531,4.461754,-4.314013,1.415299,0.002211,1.413342,0.002211,-4.314013,0
2026-07-02 15:41:48.582531,4.463986,-4.314013,1.415299,0.002211,1.418524,0.002211,-4.314013,0
2026-07-02 15:41:48.588999,4.466295,-4.314013,1.415299,0.002211,1.418524,0.002211,-4.314013,0
2026-07-02 15:41:48.593336,4.468519,-4.314013,1.415299,0.002211,1.413342,0.002211,-4.314013,0
2026-07-02 15:41:48.593860,4.471508,-4.314013,1.415299,0.002211,1.413342,0.002211,-4.314013,0
2026-07-02 15:41:48.593860,4.473868,-4.314013,1.415299,0.002211,1.418524,0.002211,-4.314013,0
2026-07-02 15:41:48.593860,4.476132,-4.314013,1.415299,0.002211,1.413342,0.002211,-4.314013,0
2026-07-02 15:41:48.602705,4.478411,-4.314013,1.415299,0.002211,1.418524,0.002211,-4.314013,0
2026-07-02 15:41:48.602705,4.480816,-4.314013,1.415299,0.002211,1.413342,0.002211,-4.314013,0
2026-07-02 15:41:48.602705,4.483101,-4.314013,1.415299,0.002211,1.418524,0.002211,-4.314013,0
2026-07-02 15:41:48.602705,4.485377,-4.314013,1.415299,0.002211,1.418524,0.002211,-4.314013,0
2026-07-02 15:41:48.602705,4.487641,-4.314013,1.415299,0.002211,1.418524,0.002211,-4.314013,0
2026-07-02 15:41:48.613089,4.489914,-4.314013,1.415299,-0.002971,1.413342,-0.002971,-4.314013,0
2026-07-02 15:41:48.613089,4.492171,-4.314013,1.415299,0.002211,1.413342,0.002211,-4.314013,0
2026-07-02 15:41:48.613089,4.494436,-4.314013,1.415299,0.002211,1.418524,0.002211,-4.314013,0
2026-07-02 15:41:48.618864,4.496688,-4.314013,1.415299,0.002211,1.418524,0.002211,-4.314013,0
2026-07-02 15:41:48.623133,4.499019,-4.314013,1.415299,0.002211,1.413342,0.002211,-4.314013,0
2026-07-02 15:41:48.623828,4.501671,-4.314013,1.415299,0.002211,1.413342,0.002211,-4.314013,0
2026-07-02 15:41:48.623828,4.503937,-4.314013,1.415299,0.002211,1.413342,0.002211,-4.314013,0
2026-07-02 15:41:48.623828,4.506256,-4.314013,1.415299,0.002211,1.413342,0.002211,-4.314013,0
2026-07-02 15:41:48.623828,4.508518,-4.314013,1.415299,0.002211,1.413342,0.002211,-4.314013,0
2026-07-02 15:41:48.633605,4.510975,-4.314013,1.415299,0.002211,1.413342,0.002211,-4.314013,0
2026-07-02 15:41:48.633605,4.513839,-4.314013,1.415299,0.002211,1.418524,0.002211,-4.314013,0
2026-07-02 15:41:48.633605,4.516478,-4.314013,1.415299,0.002211,1.418524,0.002211,-4.314013,0
2026-07-02 15:41:48.633605,4.518868,-4.314013,1.415299,0.002211,1.413342,0.002211,-4.314013,0
2026-07-02 15:41:48.647681,4.521127,-4.314013,1.415299,0.002211,1.413342,0.002211,-4.314013,0
2026-07-02 15:41:48.648554,4.525636,-4.314013,1.415299,0.002211,1.413342,0.002211,-4.314013,0
2026-07-02 15:41:48.650562,4.527885,-4.314013,1.415299,0.002211,1.413342,0.002211,-4.314013,0
2026-07-02 15:41:48.654029,4.530262,-4.314013,1.415299,0.002211,1.418524,0.002211,-4.314013,0
2026-07-02 15:41:48.654029,4.532529,-4.314013,1.415299,0.002211,1.413342,0.002211,-4.314013,0
2026-07-02 15:41:48.654029,4.534763,-4.314013,1.415299,0.002211,1.413342,0.002211,-4.314013,0
2026-07-02 15:41:48.654029,4.536990,-4.314013,1.415299,0.002211,1.413342,0.002211,-4.314013,0
2026-07-02 15:41:48.654029,4.539283,-4.314013,1.415299,0.002211,1.413342,0.002211,-4.314013,0
2026-07-02 15:41:48.664186,4.541519,-4.314013,1.415299,-0.002971,1.413342,-0.002971,-4.314013,0
2026-07-02 15:41:48.664186,4.543927,-4.314013,1.415299,0.002211,1.418524,0.002211,-4.314013,0
2026-07-02 15:41:48.668422,4.546294,-4.314013,1.415299,0.002211,1.413342,0.002211,-4.314013,0
2026-07-02 15:41:48.668422,4.548710,-4.314013,1.415299,-0.002971,1.413342,-0.002971,-4.314013,0
2026-07-02 15:41:48.675253,4.551193,-4.314013,1.415299,0.002211,1.418524,0.002211,-4.314013,0
2026-07-02 15:41:48.677204,4.553563,-4.314013,1.415299,0.002211,1.413342,0.002211,-4.314013,0
2026-07-02 15:41:48.679215,4.556064,-4.314013,1.415299,0.002211,1.413342,0.002211,-4.314013,0
2026-07-02 15:41:48.679215,4.558530,-4.314013,1.415299,0.002211,1.418524,0.002211,-4.314013,0
2026-07-02 15:41:48.684604,4.560963,-4.314013,1.415299,0.002211,1.413342,0.002211,-4.314013,0
2026-07-02 15:41:48.684604,4.563412,-4.314013,1.415299,0.002211,1.418524,0.002211,-4.314013,0
2026-07-02 15:41:48.689468,4.565821,-4.308831,1.415299,0.002211,1.418524,0.002211,-4.308831,0
2026-07-02 15:41:48.689468,4.568239,-4.314013,1.415299,0.002211,1.418524,0.002211,-4.314013,0
2026-07-02 15:41:48.694917,4.570643,-4.314013,1.415299,0.002211,1.413342,0.002211,-4.314013,0
2026-07-02 15:41:48.694917,4.573331,-4.314013,1.415299,0.002211,1.413342,0.002211,-4.314013,0
2026-07-02 15:41:48.699578,4.575620,-4.314013,1.415299,0.002211,1.413342,0.002211,-4.314013,0
2026-07-02 15:41:48.699578,4.578042,-4.314013,1.415299,0.002211,1.418524,0.002211,-4.314013,0
2026-07-02 15:41:48.699578,4.580365,-4.314013,1.415299,0.002211,1.418524,0.002211,-4.314013,0
2026-07-02 15:41:48.705599,4.582981,-4.314013,1.415299,0.002211,1.418524,0.002211,-4.314013,0
2026-07-02 15:41:48.705599,4.585299,-4.314013,1.415299,0.002211,1.418524,0.002211,-4.314013,0
2026-07-02 15:41:48.705599,4.587677,-4.314013,1.415299,0.002211,1.413342,0.002211,-4.314013,0
2026-07-02 15:41:48.712995,4.589977,-4.314013,1.415299,0.002211,1.413342,0.002211,-4.314013,0
2026-07-02 15:41:48.715661,4.592311,-4.314013,1.415299,0.002211,1.418524,0.002211,-4.314013,0
2026-07-02 15:41:48.715661,4.595298,-4.314013,1.415299,0.002211,1.413342,0.002211,-4.314013,0
2026-07-02 15:41:48.715661,4.597604,-4.308831,1.415299,-0.002971,1.418524,-0.002971,-4.308831,0
2026-07-02 15:41:48.715661,4.599841,-4.314013,1.415299,0.002211,1.413342,0.002211,-4.314013,0
2026-07-02 15:41:48.725272,4.602086,-4.314013,1.415299,0.002211,1.418524,0.002211,-4.314013,0
2026-07-02 15:41:48.725272,4.604344,-4.314013,1.415299,0.002211,1.413342,0.002211,-4.314013,0
2026-07-02 15:41:48.725272,4.606638,-4.314013,1.415299,0.002211,1.418524,0.002211,-4.314013,0
2026-07-02 15:41:48.725272,4.608899,-4.314013,1.415299,0.002211,1.413342,0.002211,-4.314013,0
2026-07-02 15:41:48.735372,4.611240,-4.314013,1.415299,0.002211,1.418524,0.002211,-4.314013,0
2026-07-02 15:41:48.735372,4.613461,-4.314013,1.415299,0.002211,1.418524,0.002211,-4.314013,0
2026-07-02 15:41:48.735372,4.615693,-4.314013,1.415299,0.002211,1.418524,0.002211,-4.314013,0
2026-07-02 15:41:48.735372,4.617908,-4.314013,1.415299,-0.002971,1.418524,-0.002971,-4.314013,0
2026-07-02 15:41:48.735372,4.620139,-4.314013,1.415299,0.002211,1.413342,0.002211,-4.314013,0
2026-07-02 15:41:48.745655,4.622339,-4.314013,1.415299,0.002211,1.413342,0.002211,-4.314013,0
2026-07-02 15:41:48.745655,4.624653,-4.314013,1.415299,0.002211,1.418524,0.002211,-4.314013,0
2026-07-02 15:41:48.745655,4.626995,-4.314013,1.415299,0.002211,1.413342,0.002211,-4.314013,0
2026-07-02 15:41:48.745655,4.629300,-4.314013,1.415299,0.002211,1.413342,0.002211,-4.314013,0
2026-07-02 15:41:48.755798,4.631584,-4.314013,1.415299,0.002211,1.413342,0.002211,-4.314013,0
2026-07-02 15:41:48.755798,4.633931,-4.314013,1.415299,0.002211,1.413342,0.002211,-4.314013,0
2026-07-02 15:41:48.755798,4.637128,-4.314013,1.415299,0.002211,1.418524,0.002211,-4.314013,0
2026-07-02 15:41:48.762290,4.639381,-4.314013,1.415299,0.002211,1.413342,0.002211,-4.314013,0
2026-07-02 15:41:48.764511,4.641626,-4.314013,1.415299,0.002211,1.413342,0.002211,-4.314013,0
2026-07-02 15:41:48.766270,4.643831,-4.314013,1.415299,0.002211,1.413342,0.002211,-4.314013,0
2026-07-02 15:41:48.768642,4.646089,-4.314013,1.415299,0.002211,1.413342,0.002211,-4.314013,0
2026-07-02 15:41:48.768642,4.648388,-4.314013,1.415299,0.002211,1.418524,0.002211,-4.314013,0
2026-07-02 15:41:48.768642,4.650733,-4.314013,1.415299,0.002211,1.413342,0.002211,-4.314013,0
2026-07-02 15:41:48.782492,4.653475,-4.314013,1.415299,0.002211,1.418524,0.002211,-4.314013,0
2026-07-02 15:41:48.783548,4.660683,-4.314013,1.415299,0.002211,1.413342,0.002211,-4.314013,0
2026-07-02 15:41:48.787065,4.662936,-4.314013,1.415299,0.002211,1.413342,0.002211,-4.314013,0
2026-07-02 15:41:48.787065,4.665246,-4.314013,1.415299,0.002211,1.413342,0.002211,-4.314013,0
2026-07-02 15:41:48.790040,4.667513,-4.314013,1.415299,0.002211,1.413342,0.002211,-4.314013,0
2026-07-02 15:41:48.790040,4.670420,-4.314013,1.415299,0.002211,1.413342,0.002211,-4.314013,0
2026-07-02 15:41:48.790040,4.672757,-4.314013,1.415299,0.002211,1.418524,0.002211,-4.314013,0
2026-07-02 15:41:48.800620,4.675071,-4.314013,1.415299,0.002211,1.418524,0.002211,-4.314013,0
2026-07-02 15:41:48.800620,4.678639,-4.314013,1.415299,0.002211,1.413342,0.002211,-4.314013,0
2026-07-02 15:41:48.800620,4.680950,-4.314013,1.415299,0.002211,1.413342,0.002211,-4.314013,0
2026-07-02 15:41:48.807420,4.683278,-4.314013,1.415299,0.002211,1.418524,0.002211,-4.314013,0
2026-07-02 15:41:48.813640,4.685978,-4.314013,1.415299,0.002211,1.413342,0.002211,-4.314013,0
2026-07-02 15:41:48.815655,4.691681,-4.314013,1.415299,0.002211,1.418524,0.002211,-4.314013,0
2026-07-02 15:41:48.817875,4.693964,-4.314013,1.415299,0.002211,1.413342,0.002211,-4.314013,0
2026-07-02 15:41:48.817875,4.696208,-4.314013,1.415299,0.002211,1.413342,0.002211,-4.314013,0
2026-07-02 15:41:48.817875,4.698534,-4.314013,1.415299,0.002211,1.413342,0.002211,-4.314013,0
2026-07-02 15:41:48.825087,4.700893,-4.314013,1.415299,0.002211,1.413342,0.002211,-4.314013,0
2026-07-02 15:41:48.828072,4.703765,-4.314013,1.415299,0.002211,1.413342,0.002211,-4.314013,0
2026-07-02 15:41:48.860545,4.706492,-4.314013,1.415299,0.002211,1.418524,0.002211,-4.314013,0
2026-07-02 15:41:48.864377,4.740138,-4.314013,1.415299,0.002211,1.418524,0.002211,-4.314013,0
2026-07-02 15:41:48.864377,4.742599,-4.314013,1.415299,0.002211,1.418524,0.002211,-4.314013,0
2026-07-02 15:41:48.870453,4.745571,-4.314013,1.415299,0.002211,1.418524,0.002211,-4.314013,0
2026-07-02 15:41:48.874474,4.749557,-4.314013,1.415299,0.002211,1.413342,0.002211,-4.314013,0
2026-07-02 15:41:48.878765,4.754255,-4.314013,1.415299,0.002211,1.418524,0.002211,-4.314013,0
2026-07-02 15:41:48.879681,4.756730,-4.314013,1.415299,0.002211,1.418524,0.002211,-4.314013,0
2026-07-02 15:41:48.884239,4.759135,-4.314013,1.415299,0.002211,1.413342,0.002211,-4.314013,0
2026-07-02 15:41:48.884921,4.762217,-4.314013,1.415299,0.002211,1.413342,0.002211,-4.314013,0
2026-07-02 15:41:48.887696,4.764627,-4.314013,1.415299,0.002211,1.413342,0.002211,-4.314013,0
2026-07-02 15:41:48.890387,4.766988,-4.314013,1.415299,0.002211,1.418524,0.002211,-4.314013,0
2026-07-02 15:41:48.892395,4.769478,-4.314013,1.415299,0.002211,1.413342,0.002211,-4.314013,0
2026-07-02 15:41:48.895898,4.771788,-4.314013,1.415299,0.002211,1.413342,0.002211,-4.314013,0
2026-07-02 15:41:48.897215,4.774145,-4.314013,1.415299,0.002211,1.413342,0.002211,-4.314013,0
2026-07-02 15:41:48.901441,4.776521,-4.314013,1.415299,0.002211,1.418524,0.002211,-4.314013,0
2026-07-02 15:41:48.902436,4.779407,-4.314013,1.415299,0.002211,1.413342,0.002211,-4.314013,0
2026-07-02 15:41:48.904445,4.781864,-4.314013,1.415299,0.002211,1.413342,0.002211,-4.314013,0
2026-07-02 15:41:48.904445,4.784225,-4.314013,1.415299,0.002211,1.413342,0.002211,-4.314013,0
2026-07-02 15:41:48.913824,4.786937,-4.314013,1.415299,0.002211,1.413342,0.002211,-4.314013,0
2026-07-02 15:41:48.915497,4.791794,-4.314013,1.415299,0.002211,1.418524,0.002211,-4.314013,0
2026-07-02 15:41:48.916918,4.794079,-4.314013,1.415299,0.002211,1.418524,0.002211,-4.314013,0
2026-07-02 15:41:48.919838,4.796365,-4.314013,1.415299,0.002211,1.413342,0.002211,-4.314013,0
2026-07-02 15:41:48.922858,4.798625,-4.314013,1.415299,0.002211,1.418524,0.002211,-4.314013,0
2026-07-02 15:41:48.922858,4.800971,-4.314013,1.415299,0.002211,1.418524,0.002211,-4.314013,0
2026-07-02 15:41:48.922858,4.803709,-4.314013,1.415299,0.002211,1.418524,0.002211,-4.314013,0
2026-07-02 15:41:48.930172,4.805955,-4.314013,1.415299,0.002211,1.413342,0.002211,-4.314013,0
2026-07-02 15:41:48.930172,4.808266,-4.314013,1.415299,0.002211,1.413342,0.002211,-4.314013,0
2026-07-02 15:41:48.930172,4.810564,-4.314013,1.415299,0.002211,1.413342,0.002211,-4.314013,0
2026-07-02 15:41:48.930172,4.812805,-4.314013,1.415299,0.002211,1.418524,0.002211,-4.314013,0
2026-07-02 15:41:48.930172,4.815054,-4.314013,1.415299,0.002211,1.418524,0.002211,-4.314013,0
2026-07-02 15:41:48.946736,4.817298,-4.314013,1.415299,0.002211,1.418524,0.002211,-4.314013,0
2026-07-02 15:41:48.947757,4.824820,-4.314013,1.415299,0.002211,1.413342,0.002211,-4.314013,0
2026-07-02 15:41:48.950548,4.827103,-4.319194,1.415299,0.002211,1.418524,0.002211,-4.319194,0
2026-07-02 15:41:48.950548,4.829473,-4.314013,1.415299,0.002211,1.413342,0.002211,-4.314013,0
2026-07-02 15:41:48.954079,4.831922,-4.314013,1.415299,-0.002971,1.413342,-0.002971,-4.314013,0
2026-07-02 15:41:48.954079,4.834161,-4.314013,1.415299,0.002211,1.418524,0.002211,-4.314013,0
2026-07-02 15:41:48.962598,4.836994,-4.314013,1.415299,0.002211,1.413342,0.002211,-4.314013,0
2026-07-02 15:41:48.965823,4.842370,-4.314013,1.415299,0.002211,1.418524,0.002211,-4.314013,0
2026-07-02 15:41:48.968954,4.844679,-4.314013,1.415299,0.002211,1.413342,0.002211,-4.314013,0
2026-07-02 15:41:48.969926,4.846989,-4.314013,1.415299,0.002211,1.413342,0.002211,-4.314013,0
2026-07-02 15:41:48.969926,4.849334,-4.314013,1.415299,0.002211,1.413342,0.002211,-4.314013,0
2026-07-02 15:41:48.976007,4.851599,-4.314013,1.415299,0.002211,1.418524,0.002211,-4.314013,0
2026-07-02 15:41:48.981062,4.854481,-4.314013,1.415299,0.002211,1.418524,0.002211,-4.314013,0
2026-07-02 15:41:48.982001,4.859091,-4.314013,1.415299,0.002211,1.413342,0.002211,-4.314013,0
2026-07-02 15:41:48.982001,4.861634,-4.314013,1.415299,0.002211,1.418524,0.002211,-4.314013,0
2026-07-02 15:41:48.988358,4.864051,-4.314013,1.415299,0.002211,1.413342,0.002211,-4.314013,0
2026-07-02 15:41:48.989373,4.866413,-4.314013,1.415299,0.002211,1.413342,0.002211,-4.314013,0
2026-07-02 15:41:48.990880,4.868678,-4.314013,1.415299,0.002211,1.418524,0.002211,-4.314013,0
2026-07-02 15:41:48.990880,4.871212,-4.314013,1.415299,0.002211,1.413342,0.002211,-4.314013,0
2026-07-02 15:41:48.990880,4.873446,-4.314013,1.415299,0.002211,1.418524,0.002211,-4.314013,0
2026-07-02 15:41:48.999845,4.875665,-4.314013,1.415299,0.002211,1.413342,0.002211,-4.314013,0
2026-07-02 15:41:48.999845,4.878823,-4.314013,1.415299,0.002211,1.418524,0.002211,-4.314013,0
2026-07-02 15:41:48.999845,4.881103,-4.314013,1.415299,0.002211,1.413342,0.002211,-4.314013,0
2026-07-02 15:41:49.005896,4.883338,-4.314013,1.415299,0.002211,1.418524,0.002211,-4.314013,0
2026-07-02 15:41:49.009879,4.885583,-4.314013,1.415299,0.002211,1.413342,0.002211,-4.314013,0
2026-07-02 15:41:49.015067,4.888134,-4.314013,1.415299,0.002211,1.418524,0.002211,-4.314013,0
2026-07-02 15:41:49.015950,4.893045,-4.314013,1.415299,0.002211,1.413342,0.002211,-4.314013,0
2026-07-02 15:41:49.015950,4.895293,-4.314013,1.415299,0.002211,1.418524,0.002211,-4.314013,0
2026-07-02 15:41:49.022000,4.897644,-4.314013,1.415299,0.002211,1.413342,0.002211,-4.314013,0
2026-07-02 15:41:49.022000,4.901927,-4.314013,1.415299,0.002211,1.418524,0.002211,-4.314013,0
2026-07-02 15:41:49.022000,4.904147,-4.314013,1.415299,0.002211,1.418524,0.002211,-4.314013,0
2026-07-02 15:41:49.032796,4.906369,-4.314013,1.415299,0.002211,1.413342,0.002211,-4.314013,0
2026-07-02 15:41:49.032796,4.910837,-4.314013,1.415299,0.002211,1.413342,0.002211,-4.314013,0
2026-07-02 15:41:49.032796,4.913120,-4.314013,1.415299,0.002211,1.413342,0.002211,-4.314013,0
2026-07-02 15:41:49.032796,4.915455,-4.314013,1.415299,0.002211,1.418524,0.002211,-4.314013,0
2026-07-02 15:41:49.058466,4.917636,-4.314013,1.415299,0.002211,1.418524,0.002211,-4.314013,0
2026-07-02 15:41:49.062712,4.937316,-4.314013,1.415299,0.002211,1.413342,0.002211,-4.314013,0
2026-07-02 15:41:49.064719,4.941907,-4.314013,1.415299,0.002211,1.413342,0.002211,-4.314013,0
2026-07-02 15:41:49.064719,4.944303,-4.314013,1.415299,0.002211,1.418524,0.002211,-4.314013,0
2026-07-02 15:41:49.072884,4.946595,-4.314013,1.415299,0.002211,1.413342,0.002211,-4.314013,0
2026-07-02 15:41:49.075399,4.951893,-4.314013,1.415299,0.002211,1.418524,0.002211,-4.314013,0
2026-07-02 15:41:49.075399,4.954134,-4.314013,1.415299,0.002211,1.413342,0.002211,-4.314013,0
2026-07-02 15:41:49.075399,4.956380,-4.314013,1.415299,0.002211,1.418524,0.002211,-4.314013,0
2026-07-02 15:41:49.081306,4.958605,-4.314013,1.415299,0.002211,1.418524,0.002211,-4.314013,0
2026-07-02 15:41:49.083320,4.961038,-4.314013,1.415299,0.002211,1.418524,0.002211,-4.314013,0
2026-07-02 15:41:49.083320,4.963456,-4.314013,1.415299,0.002211,1.418524,0.002211,-4.314013,0
2026-07-02 15:41:49.083320,4.965890,-4.314013,1.415299,0.002211,1.413342,0.002211,-4.314013,0
2026-07-02 15:41:49.091473,4.968300,-4.314013,1.415299,0.002211,1.413342,0.002211,-4.314013,0
2026-07-02 15:41:49.093480,4.970675,-4.314013,1.415299,0.002211,1.418524,0.002211,-4.314013,0
2026-07-02 15:41:49.097583,4.973309,-4.314013,1.415299,0.002211,1.413342,0.002211,-4.314013,0
2026-07-02 15:41:49.100338,4.975740,-4.314013,1.415299,0.002211,1.418524,0.002211,-4.314013,0
2026-07-02 15:41:49.101842,4.978221,-4.314013,1.415299,0.002211,1.413342,0.002211,-4.314013,0
2026-07-02 15:41:49.103229,4.980653,-4.319194,1.415299,0.002211,1.413342,0.002211,-4.319194,0
2026-07-02 15:41:49.107250,4.983051,-4.314013,1.415299,0.002211,1.413342,0.002211,-4.314013,0
2026-07-02 15:41:49.107250,4.985466,-4.314013,1.415299,0.002211,1.413342,0.002211,-4.314013,0
2026-07-02 15:41:49.111294,4.987879,-4.314013,1.415299,0.002211,1.418524,0.002211,-4.314013,0
2026-07-02 15:41:49.113300,4.990297,-4.314013,1.415299,0.002211,1.413342,0.002211,-4.314013,0
2026-07-02 15:41:49.115308,4.992669,-4.314013,1.415299,0.002211,1.418524,0.002211,-4.314013,0
2026-07-02 15:41:49.118067,4.995055,-4.314013,1.415299,0.002211,1.418524,0.002211,-4.314013,0
2026-07-02 15:41:49.121592,4.997419,-4.314013,1.415299,-0.002971,1.418524,-0.002971,-4.314013,0
2026-07-02 15:41:49.123068,4.999995,-4.314013,1.415299,0.002211,1.413342,0.002211,-4.314013,0
