horodatage,temps_s,AIN0,AIN1,AIN2,AIN3,courant,position,trigger
2026-07-02 15:40:46.508782,0.000001,-5.744151,1.415299,-0.002971,1.413342,-0.002971,-5.744151,0
2026-07-02 15:40:46.510978,0.003055,-5.744151,1.415299,-0.008152,1.413342,-0.008152,-5.744151,0
2026-07-02 15:40:46.512991,0.005609,-5.744151,1.415299,-0.002971,1.413342,-0.002971,-5.744151,0
2026-07-02 15:40:46.517043,0.008082,-5.744151,1.415299,-0.002971,1.413342,-0.002971,-5.744151,0
2026-07-02 15:40:46.518333,0.010680,-5.754514,1.415299,-0.002971,1.418524,-0.002971,-5.754514,0
2026-07-02 15:40:46.522231,0.013489,-5.744151,1.415299,-0.002971,1.418524,-0.002971,-5.744151,0
2026-07-02 15:40:46.523735,0.015945,-5.754514,1.415299,-0.002971,1.413342,-0.002971,-5.754514,0
2026-07-02 15:40:46.526487,0.018444,-5.744151,1.415299,-0.002971,1.418524,-0.002971,-5.744151,0
2026-07-02 15:40:46.529164,0.020838,-5.744151,1.415299,-0.002971,1.413342,-0.002971,-5.744151,0
2026-07-02 15:40:46.531179,0.023863,-5.749332,1.415299,-0.002971,1.418524,-0.002971,-5.749332,0
2026-07-02 15:40:46.535342,0.026270,-5.749332,1.415299,-0.002971,1.413342,-0.002971,-5.749332,0
2026-07-02 15:40:46.538054,0.028769,-5.738969,1.415299,-0.002971,1.418524,-0.002971,-5.738969,0
2026-07-02 15:40:46.539231,0.031326,-5.744151,1.415299,-0.002971,1.418524,-0.002971,-5.744151,0
2026-07-02 15:40:46.542658,0.033870,-5.738969,1.415299,-0.002971,1.418524,-0.002971,-5.738969,0
2026-07-02 15:40:46.544991,0.036420,-5.754514,1.415299,-0.002971,1.418524,-0.002971,-5.754514,0
2026-07-02 15:40:46.546999,0.038985,-5.754514,1.410120,-0.002971,1.418524,-0.002971,-5.754514,0
2026-07-02 15:40:46.550678,0.041602,-5.749332,1.415299,-0.008152,1.413342,-0.008152,-5.749332,0
2026-07-02 15:40:46.552084,0.044329,-5.738969,1.415299,-0.008152,1.413342,-0.008152,-5.738969,0
2026-07-02 15:40:46.555365,0.046935,-5.754514,1.415299,-0.002971,1.418524,-0.002971,-5.754514,0
2026-07-02 15:40:46.557448,0.049509,-5.749332,1.410120,-0.002971,1.413342,-0.002971,-5.749332,0
2026-07-02 15:40:46.560108,0.052051,-5.744151,1.415299,-0.002971,1.418524,-0.002971,-5.744151,0
2026-07-02 15:40:46.562631,0.054604,-5.749332,1.410120,-0.002971,1.418524,-0.002971,-5.749332,0
2026-07-02 15:40:46.565665,0.057084,-5.744151,1.415299,-0.002971,1.413342,-0.002971,-5.744151,0
2026-07-02 15:40:46.568334,0.059601,-5.738969,1.415299,-0.008152,1.413342,-0.008152,-5.738969,0
2026-07-02 15:40:46.570643,0.062150,-5.744151,1.415299,-0.002971,1.413342,-0.002971,-5.744151,0
2026-07-02 15:40:46.570643,0.064762,-5.738969,1.415299,-0.002971,1.418524,-0.002971,-5.738969,0
2026-07-02 15:40:46.575875,0.067360,-5.749332,1.415299,-0.008152,1.413342,-0.008152,-5.749332,0
2026-07-02 15:40:46.577924,0.069918,-5.749332,1.415299,-0.002971,1.413342,-0.002971,-5.749332,0
2026-07-02 15:40:46.579438,0.072447,-5.744151,1.415299,-0.002971,1.418524,-0.002971,-5.744151,0
2026-07-02 15:40:46.584237,0.075018,-5.744151,1.415299,-0.002971,1.413342,-0.002971,-5.744151,0
2026-07-02 15:40:46.585311,0.077562,-5.738969,1.415299,-0.002971,1.413342,-0.002971,-5.738969,0
2026-07-02 15:40:46.587367,0.080106,-5.744151,1.415299,-0.002971,1.418524,-0.002971,-5.744151,0
2026-07-02 15:40:46.591614,0.082641,-5.738969,1.415299,-0.008152,1.418524,-0.008152,-5.738969,0
2026-07-02 15:40:46.593652,0.086058,-5.744151,1.415299,-0.008152,1.413342,-0.008152,-5.744151,0
2026-07-02 15:40:46.596993,0.088390,-5.744151,1.415299,-0.002971,1.418524,-0.002971,-5.744151,0
2026-07-02 15:40:46.598378,0.090620,-5.754514,1.415299,-0.002971,1.413342,-0.002971,-5.754514,0
2026-07-02 15:40:46.600405,0.092842,-5.738969,1.415299,-0.002971,1.413342,-0.002971,-5.738969,0
2026-07-02 15:40:46.600405,0.095051,-5.744151,1.415299,-0.002971,1.413342,-0.002971,-5.744151,0
2026-07-02 15:40:46.600405,0.097313,-5.749332,1.415299,-0.002971,1.413342,-0.002971,-5.749332,0
2026-07-02 15:40:46.606810,0.099553,-5.744151,1.415299,-0.002971,1.413342,-0.002971,-5.744151,0
2026-07-02 15:40:46.610674,0.101841,-5.744151,1.415299,-0.008152,1.413342,-0.008152,-5.744151,0
2026-07-02 15:40:46.611580,0.104122,-5.738969,1.415299,-0.008152,1.418524,-0.008152,-5.738969,0
2026-07-02 15:40:46.613633,0.106362,-5.749332,1.415299,-0.002971,1.418524,-0.002971,-5.749332,0
2026-07-02 15:40:46.616258,0.108602,-5.744151,1.415299,-0.002971,1.413342,-0.002971,-5.744151,0
2026-07-02 15:40:46.618974,0.110992,-5.744151,1.420479,-0.002971,1.413342,-0.002971,-5.744151,0
2026-07-02 15:40:46.621526,0.113251,-5.744151,1.415299,-0.002971,1.413342,-0.002971,-5.744151,0
2026-07-02 15:40:46.624045,0.115564,-5.744151,1.415299,-0.008152,1.413342,-0.008152,-5.744151,0
2026-07-02 15:40:46.626421,0.117833,-5.744151,1.415299,-0.002971,1.418524,-0.002971,-5.744151,0
2026-07-02 15:40:46.627368,0.120103,-5.738969,1.415299,-0.008152,1.413342,-0.008152,-5.738969,0
2026-07-02 15:40:46.630399,0.122453,-5.749332,1.415299,-0.002971,1.418524,-0.002971,-5.749332,0
2026-07-02 15:40:46.632665,0.124864,-5.744151,1.415299,-0.002971,1.418524,-0.002971,-5.744151,0
2026-07-02 15:40:46.635558,0.127725,-5.744151,1.415299,-0.002971,1.418524,-0.002971,-5.744151,0
2026-07-02 15:40:46.637884,0.130185,-5.749332,1.415299,-0.002971,1.413342,-0.002971,-5.749332,0
2026-07-02 15:40:46.640803,0.132506,-5.744151,1.410120,-0.002971,1.413342,-0.002971,-5.744151,0
2026-07-02 15:40:46.640803,0.134748,-5.738969,1.415299,-0.002971,1.413342,-0.002971,-5.738969,0
2026-07-02 15:40:46.640803,0.137079,-5.738969,1.415299,-0.008152,1.413342,-0.008152,-5.738969,0
2026-07-02 15:40:46.640803,0.139468,-5.744151,1.415299,-0.002971,1.413342,-0.002971,-5.744151,0
2026-07-02 15:40:46.649555,0.141759,-5.738969,1.415299,-0.008152,1.418524,-0.008152,-5.738969,0
2026-07-02 15:40:46.651808,0.144150,-5.738969,1.415299,-0.002971,1.413342,-0.002971,-5.738969,0
2026-07-02 15:40:46.654318,0.146527,-5.754514,1.415299,-0.002971,1.413342,-0.002971,-5.754514,0
2026-07-02 15:40:46.654318,0.148886,-5.744151,1.415299,-0.002971,1.413342,-0.002971,-5.744151,0
2026-07-02 15:40:46.654318,0.151154,-5.749332,1.415299,-0.008152,1.413342,-0.008152,-5.749332,0
2026-07-02 15:40:46.661515,0.153487,-5.754514,1.415299,-0.002971,1.413342,-0.002971,-5.754514,0
2026-07-02 15:40:46.661515,0.155868,-5.754514,1.415299,-0.002971,1.413342,-0.002971,-5.754514,0
2026-07-02 15:40:46.667122,0.158371,-5.754514,1.415299,-0.008152,1.418524,-0.008152,-5.754514,0
2026-07-02 15:40:46.667122,0.160688,-5.738969,1.415299,-0.008152,1.418524,-0.008152,-5.738969,0
2026-07-02 15:40:46.671740,0.162960,-5.738969,1.415299,-0.008152,1.413342,-0.008152,-5.738969,0
2026-07-02 15:40:46.673688,0.165423,-5.754514,1.415299,-0.002971,1.418524,-0.002971,-5.754514,0
2026-07-02 15:40:46.675695,0.167784,-5.744151,1.415299,-0.002971,1.413342,-0.002971,-5.744151,0
2026-07-02 15:40:46.678716,0.170085,-5.749332,1.415299,-0.002971,1.418524,-0.002971,-5.749332,0
2026-07-02 15:40:46.678716,0.172590,-5.749332,1.415299,-0.002971,1.418524,-0.002971,-5.749332,0
2026-07-02 15:40:46.683804,0.174937,-5.738969,1.415299,-0.002971,1.413342,-0.002971,-5.738969,0
2026-07-02 15:40:46.685814,0.178145,-5.738969,1.415299,-0.002971,1.413342,-0.002971,-5.738969,0
2026-07-02 15:40:46.685814,0.180450,-5.744151,1.415299,-0.002971,1.413342,-0.002971,-5.744151,0
2026-07-02 15:40:46.691888,0.182713,-5.744151,1.415299,-0.002971,1.418524,-0.002971,-5.744151,0
2026-07-02 15:40:46.693914,0.186266,-5.744151,1.415299,-0.002971,1.413342,-0.002971,-5.744151,0
2026-07-02 15:40:46.693914,0.188556,-5.744151,1.415299,-0.002971,1.413342,-0.002971,-5.744151,0
2026-07-02 15:40:46.693914,0.190974,-5.749332,1.415299,-0.002971,1.418524,-0.002971,-5.749332,0
2026-07-02 15:40:46.702067,0.193340,-5.738969,1.415299,-0.002971,1.418524,-0.002971,-5.738969,0
2026-07-02 15:40:46.705705,0.195682,-5.738969,1.415299,-0.008152,1.418524,-0.008152,-5.738969,0
2026-07-02 15:40:46.707682,0.198923,-5.749332,1.415299,-0.002971,1.413342,-0.002971,-5.749332,0
2026-07-02 15:40:46.709688,0.201224,-5.744151,1.415299,-0.002971,1.413342,-0.002971,-5.744151,0
2026-07-02 15:40:46.715710,0.203560,-5.738969,1.415299,-0.002971,1.413342,-0.002971,-5.738969,0
2026-07-02 15:40:46.718744,0.209915,-5.744151,1.415299,-0.002971,1.413342,-0.002971,-5.744151,0
2026-07-02 15:40:46.718744,0.212287,-5.744151,1.415299,-0.002971,1.413342,-0.002971,-5.744151,0
2026-07-02 15:40:46.724164,0.214497,-5.744151,1.415299,-0.002971,1.413342,-0.002971,-5.744151,0
2026-07-02 15:40:46.728189,0.217837,-5.744151,1.415299,-0.002971,1.418524,-0.002971,-5.744151,0
2026-07-02 15:40:46.730959,0.221787,-5.749332,1.415299,-0.002971,1.413342,-0.002971,-5.749332,0
2026-07-02 15:40:46.731696,0.224821,-5.749332,1.415299,-0.002971,1.418524,-0.002971,-5.749332,0
2026-07-02 15:40:46.735577,0.228080,-5.733788,1.415299,-0.002971,1.418524,-0.002971,-5.733788,0
2026-07-02 15:40:46.735577,0.230344,-5.744151,1.415299,-0.002971,1.418524,-0.002971,-5.744151,0
2026-07-02 15:40:46.742711,0.233245,-5.749332,1.415299,-0.002971,1.418524,-0.002971,-5.749332,0
2026-07-02 15:40:46.743877,0.236282,-5.738969,1.415299,-0.002971,1.413342,-0.002971,-5.738969,0
2026-07-02 15:40:46.745888,0.238663,-5.744151,1.415299,-0.002971,1.413342,-0.002971,-5.744151,0
2026-07-02 15:40:46.749905,0.241089,-5.744151,1.415299,-0.002971,1.413342,-0.002971,-5.744151,0
2026-07-02 15:40:46.752701,0.243731,-5.744151,1.415299,-0.008152,1.418524,-0.008152,-5.744151,0
2026-07-02 15:40:46.754711,0.246134,-5.738969,1.415299,-0.008152,1.418524,-0.008152,-5.738969,0
2026-07-02 15:40:46.754711,0.248529,-5.749332,1.415299,-0.002971,1.413342,-0.002971,-5.749332,0
2026-07-02 15:40:46.754711,0.250926,-5.738969,1.415299,-0.008152,1.413342,-0.008152,-5.738969,0
2026-07-02 15:40:46.765031,0.253289,-5.754514,1.415299,-0.002971,1.418524,-0.002971,-5.754514,0
2026-07-02 15:40:46.769060,0.258963,-5.744151,1.415299,-0.002971,1.413342,-0.002971,-5.744151,0
2026-07-02 15:40:46.769976,0.262487,-5.754514,1.415299,-0.002971,1.418524,-0.002971,-5.754514,0
2026-07-02 15:40:46.772499,0.264768,-5.744151,1.415299,-0.002971,1.413342,-0.002971,-5.744151,0
2026-07-02 15:40:46.772499,0.267256,-5.749332,1.415299,-0.008152,1.418524,-0.008152,-5.749332,0
2026-07-02 15:40:46.772499,0.269632,-5.738969,1.415299,-0.008152,1.413342,-0.008152,-5.738969,0
2026-07-02 15:40:46.772499,0.272174,-5.738969,1.415299,-0.008152,1.413342,-0.008152,-5.738969,0
2026-07-02 15:40:46.782823,0.274630,-5.744151,1.415299,-0.002971,1.413342,-0.002971,-5.744151,0
2026-07-02 15:40:46.784789,0.276823,-5.744151,1.415299,-0.002971,1.413342,-0.002971,-5.744151,0
2026-07-02 15:40:46.788058,0.279066,-5.744151,1.415299,-0.002971,1.413342,-0.002971,-5.744151,0
2026-07-02 15:40:46.790069,0.281504,-5.744151,1.415299,-0.002971,1.418524,-0.002971,-5.744151,0
2026-07-02 15:40:46.792081,0.283937,-5.744151,1.415299,-0.008152,1.413342,-0.008152,-5.744151,0
2026-07-02 15:40:46.794100,0.286272,-5.744151,1.415299,-0.008152,1.418524,-0.008152,-5.744151,0
2026-07-02 15:40:46.797099,0.288718,-5.744151,1.415299,-0.002971,1.413342,-0.002971,-5.744151,0
2026-07-02 15:40:46.799111,0.291083,-5.738969,1.415299,-0.008152,1.413342,-0.008152,-5.738969,0
2026-07-02 15:40:46.799111,0.293421,-5.738969,1.415299,-0.008152,1.418524,-0.008152,-5.738969,0
2026-07-02 15:40:46.803559,0.295905,-5.744151,1.415299,-0.008152,1.418524,-0.008152,-5.744151,0
2026-07-02 15:40:46.805571,0.298260,-5.744151,1.415299,-0.008152,1.418524,-0.008152,-5.744151,0
2026-07-02 15:40:46.809589,0.300761,-5.749332,1.415299,-0.008152,1.413342,-0.008152,-5.749332,0
2026-07-02 15:40:46.810854,0.303165,-5.744151,1.415299,-0.002971,1.418524,-0.002971,-5.744151,0
2026-07-02 15:40:46.815897,0.305706,-5.744151,1.415299,-0.002971,1.418524,-0.002971,-5.744151,0
2026-07-02 15:40:46.817914,0.309301,-5.749332,1.415299,-0.002971,1.418524,-0.002971,-5.749332,0
2026-07-02 15:40:46.819929,0.311865,-5.749332,1.415299,-0.002971,1.413342,-0.002971,-5.749332,0
2026-07-02 15:40:46.821942,0.314458,-5.744151,1.415299,-0.002971,1.413342,-0.002971,-5.744151,0
2026-07-02 15:40:46.825975,0.317015,-5.754514,1.415299,-0.002971,1.418524,-0.002971,-5.754514,0
2026-07-02 15:40:46.828922,0.319680,-5.744151,1.415299,-0.002971,1.413342,-0.002971,-5.744151,0
2026-07-02 15:40:46.830938,0.322462,-5.738969,1.415299,-0.002971,1.413342,-0.002971,-5.738969,0
2026-07-02 15:40:46.832953,0.324838,-5.749332,1.415299,-0.002971,1.418524,-0.002971,-5.749332,0
2026-07-02 15:40:46.834468,0.327295,-5.744151,1.410120,-0.002971,1.418524,-0.002971,-5.744151,0
2026-07-02 15:40:46.834468,0.329581,-5.738969,1.415299,-0.008152,1.413342,-0.008152,-5.738969,0
2026-07-02 15:40:46.834468,0.331887,-5.744151,1.415299,-0.002971,1.413342,-0.002971,-5.744151,0
2026-07-02 15:40:46.834468,0.334134,-5.754514,1.410120,-0.002971,1.413342,-0.002971,-5.754514,0
2026-07-02 15:40:46.844651,0.336394,-5.744151,1.410120,-0.002971,1.418524,-0.002971,-5.744151,0
2026-07-02 15:40:46.846665,0.338664,-5.749332,1.415299,-0.002971,1.413342,-0.002971,-5.749332,0
2026-07-02 15:40:46.848679,0.340991,-5.754514,1.415299,-0.002971,1.413342,-0.002971,-5.754514,0
2026-07-02 15:40:46.851199,0.343214,-5.754514,1.415299,-0.002971,1.418524,-0.002971,-5.754514,0
2026-07-02 15:40:46.851199,0.345512,-5.738969,1.420479,-0.008152,1.413342,-0.008152,-5.738969,0
2026-07-02 15:40:46.858648,0.347796,-5.738969,1.415299,-0.008152,1.418524,-0.008152,-5.738969,0
2026-07-02 15:40:46.859987,0.352553,-5.744151,1.415299,-0.002971,1.413342,-0.002971,-5.744151,0
2026-07-02 15:40:46.861998,0.354931,-5.754514,1.415299,-0.002971,1.413342,-0.002971,-5.754514,0
2026-07-02 15:40:46.865624,0.357195,-5.749332,1.410120,-0.002971,1.418524,-0.002971,-5.749332,0
2026-07-02 15:40:46.865624,0.359602,-5.754514,1.415299,-0.008152,1.418524,-0.008152,-5.754514,0
2026-07-02 15:40:46.869422,0.361985,-5.749332,1.415299,-0.002971,1.418524,-0.002971,-5.749332,0
2026-07-02 15:40:46.871433,0.364257,-5.749332,1.415299,-0.002971,1.413342,-0.002971,-5.749332,0
2026-07-02 15:40:46.875201,0.366490,-5.744151,1.415299,-0.002971,1.413342,-0.002971,-5.744151,0
2026-07-02 15:40:46.876849,0.368735,-5.749332,1.415299,-0.002971,1.418524,-0.002971,-5.749332,0
2026-07-02 15:40:46.876849,0.371112,-5.744151,1.415299,-0.002971,1.418524,-0.002971,-5.744151,0
2026-07-02 15:40:46.876849,0.373493,-5.744151,1.415299,-0.002971,1.418524,-0.002971,-5.744151,0
2026-07-02 15:40:46.876849,0.375777,-5.749332,1.415299,-0.002971,1.418524,-0.002971,-5.749332,0
2026-07-02 15:40:46.885360,0.378057,-5.744151,1.415299,-0.002971,1.413342,-0.002971,-5.744151,0
2026-07-02 15:40:46.885360,0.380377,-5.744151,1.415299,-0.002971,1.413342,-0.002971,-5.744151,0
2026-07-02 15:40:46.885360,0.382650,-5.749332,1.415299,-0.002971,1.418524,-0.002971,-5.749332,0
2026-07-02 15:40:46.885360,0.384893,-5.749332,1.415299,-0.002971,1.418524,-0.002971,-5.749332,0
2026-07-02 15:40:46.895866,0.387132,-5.744151,1.415299,-0.002971,1.418524,-0.002971,-5.744151,0
2026-07-02 15:40:46.897880,0.389524,-5.744151,1.415299,-0.002971,1.418524,-0.002971,-5.744151,0
2026-07-02 15:40:46.899895,0.391978,-5.738969,1.415299,-0.008152,1.418524,-0.008152,-5.738969,0
2026-07-02 15:40:46.903916,0.394721,-5.744151,1.415299,-0.002971,1.418524,-0.002971,-5.744151,0
2026-07-02 15:40:46.905940,0.397174,-5.744151,1.415299,-0.002971,1.413342,-0.002971,-5.744151,0
2026-07-02 15:40:46.905940,0.399511,-5.744151,1.415299,-0.002971,1.413342,-0.002971,-5.744151,0
2026-07-02 15:40:46.905940,0.401830,-5.738969,1.415299,-0.002971,1.418524,-0.002971,-5.738969,0
2026-07-02 15:40:46.912604,0.404209,-5.744151,1.415299,-0.008152,1.418524,-0.008152,-5.744151,0
2026-07-02 15:40:46.914617,0.406633,-5.744151,1.420479,-0.002971,1.413342,-0.002971,-5.744151,0
2026-07-02 15:40:46.916367,0.409009,-5.738969,1.415299,-0.002971,1.413342,-0.002971,-5.738969,0
2026-07-02 15:40:46.916367,0.411549,-5.744151,1.415299,-0.002971,1.413342,-0.002971,-5.744151,0
2026-07-02 15:40:46.922380,0.413875,-5.754514,1.415299,-0.002971,1.418524,-0.002971,-5.754514,0
2026-07-02 15:40:46.924394,0.416235,-5.744151,1.415299,-0.002971,1.413342,-0.002971,-5.744151,0
2026-07-02 15:40:46.926407,0.418726,-5.744151,1.415299,-0.002971,1.418524,-0.002971,-5.744151,0
2026-07-02 15:40:46.926407,0.421019,-5.754514,1.415299,-0.008152,1.413342,-0.008152,-5.754514,0
2026-07-02 15:40:46.926407,0.423275,-5.744151,1.415299,-0.002971,1.418524,-0.002971,-5.744151,0
2026-07-02 15:40:46.934618,0.425822,-5.738969,1.415299,-0.008152,1.413342,-0.008152,-5.738969,0
2026-07-02 15:40:46.936630,0.428280,-5.754514,1.415299,-0.002971,1.418524,-0.002971,-5.754514,0
2026-07-02 15:40:46.938643,0.430724,-5.738969,1.415299,-0.002971,1.418524,-0.002971,-5.738969,0
2026-07-02 15:40:46.940655,0.433191,-5.749332,1.415299,-0.002971,1.413342,-0.002971,-5.749332,0
2026-07-02 15:40:46.942665,0.435523,-5.744151,1.415299,-0.002971,1.413342,-0.002971,-5.744151,0
2026-07-02 15:40:46.947452,0.438061,-5.754514,1.415299,-0.002971,1.413342,-0.002971,-5.754514,0
2026-07-02 15:40:46.947452,0.441087,-5.749332,1.415299,-0.002971,1.413342,-0.002971,-5.749332,0
2026-07-02 15:40:46.947452,0.443527,-5.744151,1.415299,-0.002971,1.413342,-0.002971,-5.744151,0
2026-07-02 15:40:46.947452,0.445923,-5.754514,1.415299,-0.002971,1.413342,-0.002971,-5.754514,0
2026-07-02 15:40:46.957029,0.448331,-5.744151,1.415299,-0.002971,1.413342,-0.002971,-5.744151,0
2026-07-02 15:40:46.961045,0.451066,-5.744151,1.415299,-0.002971,1.418524,-0.002971,-5.744151,0
2026-07-02 15:40:46.963051,0.454947,-5.744151,1.410120,-0.002971,1.413342,-0.002971,-5.744151,0
2026-07-02 15:40:46.965056,0.457154,-5.744151,1.415299,-0.002971,1.413342,-0.002971,-5.744151,0
2026-07-02 15:40:46.969063,0.459392,-5.738969,1.415299,-0.008152,1.418524,-0.008152,-5.738969,0
2026-07-02 15:40:46.971068,0.462582,-5.744151,1.415299,-0.002971,1.418524,-0.002971,-5.744151,0
2026-07-02 15:40:46.975079,0.465164,-5.754514,1.415299,-0.002971,1.413342,-0.002971,-5.754514,0
2026-07-02 15:40:46.979242,0.468567,-5.744151,1.415299,-0.002971,1.413342,-0.002971,-5.744151,0
2026-07-02 15:40:46.981254,0.472747,-5.754514,1.415299,-0.002971,1.413342,-0.002971,-5.754514,0
2026-07-02 15:40:46.983263,0.475180,-5.744151,1.415299,-0.008152,1.413342,-0.008152,-5.744151,0
2026-07-02 15:40:46.985276,0.477903,-5.744151,1.415299,-0.008152,1.418524,-0.008152,-5.744151,0
2026-07-02 15:40:46.987997,0.480349,-5.744151,1.415299,-0.008152,1.418524,-0.008152,-5.744151,0
2026-07-02 15:40:46.990513,0.482763,-5.749332,1.415299,-0.002971,1.418524,-0.002971,-5.749332,0
2026-07-02 15:40:46.992707,0.485175,-5.738969,1.415299,-0.002971,1.413342,-0.002971,-5.738969,0
2026-07-02 15:40:46.995752,0.487604,-5.749332,1.415299,-0.002971,1.418524,-0.002971,-5.749332,0
2026-07-02 15:40:46.999956,0.490108,-5.738969,1.415299,-0.002971,1.418524,-0.002971,-5.738969,0
2026-07-02 15:40:47.002466,0.494433,-5.749332,1.415299,-0.002971,1.413342,-0.002971,-5.749332,0
2026-07-02 15:40:47.004704,0.496943,-5.738969,1.415299,-0.008152,1.418524,-0.008152,-5.738969,0
2026-07-02 15:40:47.007223,0.499369,-5.738969,1.415299,-0.008152,1.418524,-0.008152,-5.738969,0
2026-07-02 15:40:47.009661,0.501845,-5.749332,1.415299,-0.008152,1.418524,-0.008152,-5.749332,0
2026-07-02 15:40:47.012178,0.504317,-5.744151,1.415299,-0.008152,1.413342,-0.008152,-5.744151,0
2026-07-02 15:40:47.015703,0.506741,-5.738969,1.415299,-0.008152,1.418524,-0.008152,-5.738969,0
2026-07-02 15:40:47.018074,0.509209,-5.749332,1.415299,-0.008152,1.413342,-0.008152,-5.749332,0
2026-07-02 15:40:47.019955,0.511745,-5.744151,1.415299,-0.002971,1.413342,-0.002971,-5.744151,0
2026-07-02 15:40:47.019955,0.514146,-5.744151,1.415299,-0.008152,1.418524,-0.008152,-5.744151,0
2026-07-02 15:40:47.024044,0.516480,-5.738969,1.415299,-0.008152,1.413342,-0.008152,-5.738969,0
2026-07-02 15:40:47.026512,0.518863,-5.744151,1.415299,-0.002971,1.418524,-0.002971,-5.744151,0
2026-07-02 15:40:47.029195,0.521465,-5.744151,1.415299,-0.002971,1.418524,-0.002971,-5.744151,0
2026-07-02 15:40:47.029195,0.523873,-5.744151,1.415299,-0.002971,1.413342,-0.002971,-5.744151,0
2026-07-02 15:40:47.035555,0.526435,-5.738969,1.415299,-0.008152,1.413342,-0.008152,-5.738969,0
2026-07-02 15:40:47.037957,0.529007,-5.738969,1.415299,-0.002971,1.413342,-0.002971,-5.738969,0
2026-07-02 15:40:47.037957,0.531433,-5.744151,1.415299,-0.002971,1.413342,-0.002971,-5.744151,0
2026-07-02 15:40:47.042736,0.533942,-5.749332,1.410120,-0.002971,1.413342,-0.002971,-5.749332,0
2026-07-02 15:40:47.042736,0.536415,-5.738969,1.415299,-0.002971,1.418524,-0.002971,-5.738969,0
2026-07-02 15:40:47.047646,0.538670,-5.749332,1.415299,-0.002971,1.413342,-0.002971,-5.749332,0
2026-07-02 15:40:47.052178,0.541967,-5.754514,1.415299,-0.002971,1.418524,-0.002971,-5.754514,0
2026-07-02 15:40:47.055465,0.546533,-5.749332,1.415299,-0.002971,1.413342,-0.002971,-5.749332,0
2026-07-02 15:40:47.055465,0.548954,-5.744151,1.415299,-0.002971,1.413342,-0.002971,-5.744151,0
2026-07-02 15:40:47.055465,0.551222,-5.744151,1.415299,-0.002971,1.413342,-0.002971,-5.744151,0
2026-07-02 15:40:47.055465,0.553467,-5.744151,1.415299,-0.008152,1.413342,-0.008152,-5.744151,0
2026-07-02 15:40:47.064446,0.555704,-5.749332,1.415299,-0.002971,1.418524,-0.002971,-5.749332,0
2026-07-02 15:40:47.065963,0.558037,-5.744151,1.415299,-0.002971,1.413342,-0.002971,-5.744151,0
2026-07-02 15:40:47.065963,0.560976,-5.749332,1.415299,-0.002971,1.413342,-0.002971,-5.749332,0
2026-07-02 15:40:47.065963,0.563204,-5.749332,1.415299,-0.002971,1.413342,-0.002971,-5.749332,0
2026-07-02 15:40:47.065963,0.565428,-5.744151,1.415299,-0.002971,1.413342,-0.002971,-5.744151,0
2026-07-02 15:40:47.076654,0.567637,-5.749332,1.410120,-0.002971,1.418524,-0.002971,-5.749332,0
2026-07-02 15:40:47.076654,0.569924,-5.744151,1.415299,-0.002971,1.418524,-0.002971,-5.744151,0
2026-07-02 15:40:47.076654,0.572339,-5.749332,1.415299,-0.002971,1.413342,-0.002971,-5.749332,0
2026-07-02 15:40:47.076654,0.574651,-5.749332,1.415299,-0.002971,1.413342,-0.002971,-5.749332,0
2026-07-02 15:40:47.086466,0.576879,-5.738969,1.415299,-0.002971,1.418524,-0.002971,-5.738969,0
2026-07-02 15:40:47.086466,0.580278,-5.749332,1.415299,-0.008152,1.413342,-0.008152,-5.749332,0
2026-07-02 15:40:47.086466,0.582691,-5.744151,1.415299,-0.002971,1.413342,-0.002971,-5.744151,0
2026-07-02 15:40:47.086466,0.585162,-5.738969,1.415299,-0.008152,1.413342,-0.008152,-5.738969,0
2026-07-02 15:40:47.095844,0.587631,-5.744151,1.410120,-0.002971,1.413342,-0.002971,-5.744151,0
2026-07-02 15:40:47.105366,0.590032,-5.744151,1.415299,-0.008152,1.413342,-0.008152,-5.744151,0
2026-07-02 15:40:47.120814,0.598651,-5.754514,1.415299,-0.002971,1.418524,-0.002971,-5.754514,0
2026-07-02 15:40:47.129678,0.614261,-5.744151,1.415299,-0.002971,1.413342,-0.002971,-5.744151,0
2026-07-02 15:40:47.137524,0.623155,-5.749332,1.415299,-0.002971,1.413342,-0.002971,-5.749332,0
2026-07-02 15:40:47.144261,0.632726,-5.744151,1.420479,-0.008152,1.413342,-0.008152,-5.744151,0
2026-07-02 15:40:47.146363,0.637691,-5.744151,1.415299,-0.002971,1.418524,-0.002971,-5.744151,0
2026-07-02 15:40:47.151946,0.640791,-5.738969,1.415299,-0.002971,1.413342,-0.002971,-5.738969,0
2026-07-02 15:40:47.160024,0.645739,-5.744151,1.415299,-0.002971,1.418524,-0.002971,-5.744151,0
2026-07-02 15:40:47.163510,0.654224,-5.744151,1.415299,-0.002971,1.413342,-0.002971,-5.744151,0
2026-07-02 15:40:47.164136,0.656829,-5.744151,1.415299,-0.008152,1.413342,-0.008152,-5.744151,0
2026-07-02 15:40:47.170295,0.659345,-5.754514,1.415299,-0.002971,1.423706,-0.002971,-5.754514,0
2026-07-02 15:40:47.172300,0.663634,-5.749332,1.410120,-0.002971,1.418524,-0.002971,-5.749332,0
2026-07-02 15:40:47.176393,0.667391,-5.754514,1.410120,-0.002971,1.413342,-0.002971,-5.754514,0
2026-07-02 15:40:47.178395,0.670834,-5.744151,1.415299,-0.002971,1.413342,-0.002971,-5.744151,0
2026-07-02 15:40:47.181572,0.673266,-5.754514,1.415299,-0.002971,1.418524,-0.002971,-5.754514,0
2026-07-02 15:40:47.184788,0.675706,-5.744151,1.415299,-0.002971,1.413342,-0.002971,-5.744151,0
2026-07-02 15:40:47.186793,0.679068,-5.754514,1.415299,-0.002971,1.418524,-0.002971,-5.754514,0
2026-07-02 15:40:47.188807,0.681382,-5.744151,1.415299,-0.002971,1.418524,-0.002971,-5.744151,0
2026-07-02 15:40:47.192741,0.683579,-5.754514,1.415299,-0.008152,1.413342,-0.008152,-5.754514,0
2026-07-02 15:40:47.195388,0.686335,-5.749332,1.415299,-0.002971,1.418524,-0.002971,-5.749332,0
2026-07-02 15:40:47.196393,0.688721,-5.754514,1.415299,-0.002971,1.413342,-0.002971,-5.754514,0
2026-07-02 15:40:47.198398,0.691085,-5.738969,1.415299,-0.008152,1.418524,-0.008152,-5.738969,0
2026-07-02 15:40:47.202287,0.693487,-5.754514,1.415299,-0.002971,1.413342,-0.002971,-5.754514,0
2026-07-02 15:40:47.203072,0.695795,-5.749332,1.415299,-0.002971,1.418524,-0.002971,-5.749332,0
2026-07-02 15:40:47.205083,0.698075,-5.738969,1.415299,-0.008152,1.413342,-0.008152,-5.738969,0
2026-07-02 15:40:47.209102,0.700282,-5.744151,1.415299,-0.002971,1.413342,-0.002971,-5.744151,0
2026-07-02 15:40:47.211247,0.702822,-5.744151,1.415299,-0.002971,1.413342,-0.002971,-5.744151,0
2026-07-02 15:40:47.212774,0.705078,-5.744151,1.415299,-0.002971,1.413342,-0.002971,-5.744151,0
2026-07-02 15:40:47.214787,0.707309,-5.744151,1.415299,-0.002971,1.413342,-0.002971,-5.744151,0
2026-07-02 15:40:47.218426,0.709557,-5.749332,1.415299,-0.002971,1.413342,-0.002971,-5.749332,0
2026-07-02 15:40:47.220396,0.711880,-5.744151,1.415299,-0.002971,1.413342,-0.002971,-5.744151,0
2026-07-02 15:40:47.222550,0.714239,-5.744151,1.420479,-0.002971,1.413342,-0.002971,-5.744151,0
2026-07-02 15:40:47.225952,0.716521,-5.744151,1.415299,-0.002971,1.413342,-0.002971,-5.744151,0
2026-07-02 15:40:47.229412,0.720968,-5.749332,1.415299,-0.002971,1.413342,-0.002971,-5.749332,0
2026-07-02 15:40:47.232630,0.723508,-5.738969,1.415299,-0.008152,1.418524,-0.008152,-5.738969,0
2026-07-02 15:40:47.234111,0.725906,-5.738969,1.415299,-0.002971,1.413342,-0.002971,-5.738969,0
2026-07-02 15:40:47.237088,0.729428,-5.738969,1.415299,-0.002971,1.413342,-0.002971,-5.738969,0
2026-07-02 15:40:47.239099,0.731851,-5.754514,1.415299,-0.002971,1.413342,-0.002971,-5.754514,0
2026-07-02 15:40:47.242121,0.734237,-5.749332,1.415299,-0.002971,1.413342,-0.002971,-5.749332,0
2026-07-02 15:40:47.245535,0.736580,-5.744151,1.415299,-0.002971,1.413342,-0.002971,-5.744151,0
2026-07-02 15:40:47.246279,0.739070,-5.744151,1.415299,-0.002971,1.413342,-0.002971,-5.744151,0
2026-07-02 15:40:47.250699,0.741479,-5.744151,1.415299,-0.002971,1.413342,-0.002971,-5.744151,0
2026-07-02 15:40:47.252812,0.744175,-5.744151,1.415299,-0.002971,1.418524,-0.002971,-5.744151,0
2026-07-02 15:40:47.253802,0.746584,-5.749332,1.415299,-0.002971,1.418524,-0.002971,-5.749332,0
2026-07-02 15:40:47.257827,0.748959,-5.744151,1.410120,-0.002971,1.418524,-0.002971,-5.744151,0
2026-07-02 15:40:47.258835,0.751397,-5.738969,1.415299,-0.002971,1.418524,-0.002971,-5.738969,0
2026-07-02 15:40:47.260841,0.753654,-5.749332,1.415299,-0.002971,1.418524,-0.002971,-5.749332,0
2026-07-02 15:40:47.262852,0.756017,-5.744151,1.415299,-0.002971,1.418524,-0.002971,-5.744151,0
2026-07-02 15:40:47.269726,0.758238,-5.738969,1.415299,-0.002971,1.418524,-0.002971,-5.738969,0
2026-07-02 15:40:47.269726,0.763626,-5.754514,1.415299,-0.002971,1.418524,-0.002971,-5.754514,0
2026-07-02 15:40:47.275357,0.766111,-5.738969,1.415299,-0.008152,1.413342,-0.008152,-5.738969,0
2026-07-02 15:40:47.278133,0.769827,-5.738969,1.415299,-0.008152,1.418524,-0.008152,-5.738969,0
2026-07-02 15:40:47.280418,0.772152,-5.754514,1.415299,-0.002971,1.413342,-0.002971,-5.754514,0
2026-07-02 15:40:47.287704,0.774418,-5.738969,1.415299,-0.002971,1.418524,-0.002971,-5.738969,0
2026-07-02 15:40:47.294080,0.783397,-5.738969,1.415299,-0.008152,1.418524,-0.008152,-5.738969,0
2026-07-02 15:40:47.296732,0.788188,-5.744151,1.415299,-0.008152,1.418524,-0.008152,-5.744151,0
2026-07-02 15:40:47.297888,0.790665,-5.738969,1.415299,-0.002971,1.418524,-0.002971,-5.738969,0
2026-07-02 15:40:47.301874,0.792932,-5.744151,1.415299,-0.002971,1.413342,-0.002971,-5.744151,0
2026-07-02 15:40:47.302461,0.795184,-5.744151,1.415299,-0.002971,1.418524,-0.002971,-5.744151,0
2026-07-02 15:40:47.304472,0.797422,-5.738969,1.415299,-0.002971,1.418524,-0.002971,-5.738969,0
2026-07-02 15:40:47.320141,0.799639,-5.744151,1.415299,-0.008152,1.418524,-0.008152,-5.744151,0
2026-07-02 15:40:47.326366,0.813554,-5.754514,1.415299,-0.008152,1.413342,-0.008152,-5.754514,0
2026-07-02 15:40:47.328930,0.819953,-5.744151,1.415299,-0.002971,1.413342,-0.002971,-5.744151,0
2026-07-02 15:40:47.330833,0.822384,-5.738969,1.415299,-0.002971,1.418524,-0.002971,-5.738969,0
2026-07-02 15:40:47.334817,0.824719,-5.749332,1.415299,-0.002971,1.418524,-0.002971,-5.749332,0
2026-07-02 15:40:47.338347,0.828230,-5.744151,1.415299,-0.002971,1.413342,-0.002971,-5.744151,0
2026-07-02 15:40:47.340695,0.831660,-5.744151,1.415299,-0.002971,1.418524,-0.002971,-5.744151,0
2026-07-02 15:40:47.342307,0.833938,-5.754514,1.415299,-0.002971,1.413342,-0.002971,-5.754514,0
2026-07-02 15:40:47.342307,0.836301,-5.749332,1.415299,-0.002971,1.413342,-0.002971,-5.749332,0
2026-07-02 15:40:47.347492,0.838600,-5.749332,1.415299,-0.002971,1.413342,-0.002971,-5.749332,0
2026-07-02 15:40:47.349158,0.840854,-5.738969,1.415299,-0.002971,1.418524,-0.002971,-5.738969,0
2026-07-02 15:40:47.351714,0.843078,-5.744151,1.415299,-0.002971,1.418524,-0.002971,-5.744151,0
2026-07-02 15:40:47.352611,0.845345,-5.749332,1.415299,-0.002971,1.418524,-0.002971,-5.749332,0
2026-07-02 15:40:47.355130,0.847731,-5.744151,1.415299,-0.002971,1.413342,-0.002971,-5.744151,0
2026-07-02 15:40:47.359134,0.850076,-5.749332,1.410120,-0.002971,1.413342,-0.002971,-5.749332,0
2026-07-02 15:40:47.362405,0.853394,-5.744151,1.415299,-0.002971,1.418524,-0.002971,-5.744151,0
2026-07-02 15:40:47.364413,0.855694,-5.744151,1.415299,-0.002971,1.418524,-0.002971,-5.744151,0
2026-07-02 15:40:47.367386,0.858233,-5.754514,1.415299,-0.002971,1.413342,-0.002971,-5.754514,0
2026-07-02 15:40:47.367386,0.860754,-5.738969,1.415299,-0.008152,1.418524,-0.008152,-5.738969,0
2026-07-02 15:40:47.371649,0.863190,-5.754514,1.415299,-0.002971,1.418524,-0.002971,-5.754514,0
2026-07-02 15:40:47.372803,0.865483,-5.744151,1.415299,-0.002971,1.413342,-0.002971,-5.744151,0
2026-07-02 15:40:47.376992,0.867803,-5.744151,1.415299,-0.002971,1.413342,-0.002971,-5.744151,0
2026-07-02 15:40:47.376992,0.870895,-5.744151,1.415299,-0.008152,1.413342,-0.008152,-5.744151,0
2026-07-02 15:40:47.381117,0.873649,-5.749332,1.420479,-0.008152,1.418524,-0.008152,-5.749332,0
2026-07-02 15:40:47.384766,0.875928,-5.738969,1.415299,-0.008152,1.413342,-0.008152,-5.738969,0
2026-07-02 15:40:47.396192,0.878163,-5.738969,1.415299,-0.002971,1.413342,-0.002971,-5.738969,0
2026-07-02 15:40:47.397205,0.889511,-5.744151,1.415299,-0.002971,1.413342,-0.002971,-5.744151,0
2026-07-02 15:40:47.401558,0.893220,-5.749332,1.415299,-0.008152,1.418524,-0.008152,-5.749332,0
2026-07-02 15:40:47.401558,0.895579,-5.738969,1.415299,-0.008152,1.418524,-0.008152,-5.738969,0
2026-07-02 15:40:47.401558,0.897921,-5.738969,1.415299,-0.008152,1.418524,-0.008152,-5.738969,0
2026-07-02 15:40:47.408393,0.900251,-5.738969,1.415299,-0.008152,1.413342,-0.008152,-5.738969,0
2026-07-02 15:40:47.410406,0.902528,-5.749332,1.420479,-0.002971,1.418524,-0.002971,-5.749332,0
2026-07-02 15:40:47.412419,0.904825,-5.749332,1.410120,-0.002971,1.418524,-0.002971,-5.749332,0
2026-07-02 15:40:47.414430,0.907066,-5.744151,1.415299,-0.002971,1.413342,-0.002971,-5.744151,0
2026-07-02 15:40:47.418197,0.909263,-5.738969,1.410120,-0.002971,1.413342,-0.002971,-5.738969,0
2026-07-02 15:40:47.420209,0.911681,-5.744151,1.420479,-0.002971,1.418524,-0.002971,-5.744151,0
2026-07-02 15:40:47.422223,0.914098,-5.744151,1.415299,-0.002971,1.418524,-0.002971,-5.744151,0
2026-07-02 15:40:47.424235,0.916437,-5.744151,1.415299,-0.002971,1.413342,-0.002971,-5.744151,0
2026-07-02 15:40:47.426245,0.918751,-5.738969,1.415299,-0.002971,1.418524,-0.002971,-5.738969,0
2026-07-02 15:40:47.428257,0.921092,-5.749332,1.415299,-0.002971,1.418524,-0.002971,-5.749332,0
2026-07-02 15:40:47.432279,0.923368,-5.738969,1.415299,-0.008152,1.418524,-0.008152,-5.738969,0
2026-07-02 15:40:47.434294,0.925619,-5.749332,1.415299,-0.002971,1.413342,-0.002971,-5.749332,0
2026-07-02 15:40:47.434294,0.927845,-5.744151,1.415299,-0.002971,1.418524,-0.002971,-5.744151,0
2026-07-02 15:40:47.438771,0.930149,-5.749332,1.415299,-0.002971,1.413342,-0.002971,-5.749332,0
2026-07-02 15:40:47.438771,0.932404,-5.744151,1.415299,-0.002971,1.413342,-0.002971,-5.744151,0
2026-07-02 15:40:47.442796,0.934764,-5.744151,1.415299,-0.008152,1.413342,-0.008152,-5.744151,0
2026-07-02 15:40:47.444810,0.937067,-5.744151,1.420479,-0.008152,1.413342,-0.008152,-5.744151,0
2026-07-02 15:40:47.444810,0.939332,-5.754514,1.415299,-0.002971,1.413342,-0.002971,-5.754514,0
2026-07-02 15:40:47.450968,0.941587,-5.749332,1.410120,-0.002971,1.418524,-0.002971,-5.749332,0
2026-07-02 15:40:47.451683,0.944571,-5.738969,1.415299,-0.008152,1.418524,-0.008152,-5.738969,0
2026-07-02 15:40:47.455707,0.946785,-5.744151,1.410120,-0.002971,1.413342,-0.002971,-5.744151,0
2026-07-02 15:40:47.457716,0.948981,-5.744151,1.415299,-0.002971,1.413342,-0.002971,-5.744151,0
2026-07-02 15:40:47.459871,0.951240,-5.738969,1.415299,-0.002971,1.413342,-0.002971,-5.738969,0
2026-07-02 15:40:47.461778,0.953641,-5.744151,1.415299,-0.002971,1.418524,-0.002971,-5.744151,0
2026-07-02 15:40:47.463793,0.955895,-5.744151,1.415299,-0.002971,1.413342,-0.002971,-5.744151,0
2026-07-02 15:40:47.463793,0.958121,-5.754514,1.410120,-0.002971,1.413342,-0.002971,-5.754514,0
2026-07-02 15:40:47.469324,0.960389,-5.738969,1.415299,-0.008152,1.418524,-0.008152,-5.738969,0
2026-07-02 15:40:47.469324,0.962655,-5.744151,1.415299,-0.002971,1.413342,-0.002971,-5.744151,0
2026-07-02 15:40:47.469324,0.964919,-5.744151,1.415299,-0.002971,1.413342,-0.002971,-5.744151,0
2026-07-02 15:40:47.469324,0.967217,-5.749332,1.415299,-0.008152,1.418524,-0.008152,-5.749332,0
2026-07-02 15:40:47.469324,0.969520,-5.744151,1.415299,-0.002971,1.413342,-0.002971,-5.744151,0
2026-07-02 15:40:47.479756,0.971920,-5.749332,1.415299,-0.008152,1.413342,-0.008152,-5.749332,0
2026-07-02 15:40:47.481767,0.974871,-5.754514,1.415299,-0.002971,1.413342,-0.002971,-5.754514,0
2026-07-02 15:40:47.481767,0.978080,-5.754514,1.415299,-0.002971,1.418524,-0.002971,-5.754514,0
2026-07-02 15:40:47.481767,0.980384,-5.744151,1.415299,-0.002971,1.418524,-0.002971,-5.744151,0
2026-07-02 15:40:47.490654,0.982713,-5.749332,1.415299,-0.002971,1.413342,-0.002971,-5.749332,0
2026-07-02 15:40:47.494669,0.985290,-5.738969,1.415299,-0.008152,1.413342,-0.008152,-5.738969,0
2026-07-02 15:40:47.497722,0.988084,-5.754514,1.415299,-0.008152,1.418524,-0.008152,-5.754514,0
2026-07-02 15:40:47.500454,0.991665,-5.744151,1.415299,-0.002971,1.418524,-0.002971,-5.744151,0
2026-07-02 15:40:47.500454,0.994740,-5.744151,1.415299,-0.002971,1.413342,-0.002971,-5.744151,0
2026-07-02 15:40:47.500454,0.996985,-5.754514,1.415299,-0.002971,1.413342,-0.002971,-5.754514,0
2026-07-02 15:40:47.500454,0.999201,-5.744151,1.415299,-0.002971,1.413342,-0.002971,-5.744151,0
2026-07-02 15:40:47.509767,1.001401,-5.749332,1.415299,-0.002971,1.413342,-0.002971,-5.749332,0
2026-07-02 15:40:47.509767,1.003594,-5.744151,1.415299,-0.008152,1.413342,-0.008152,-5.744151,0
2026-07-02 15:40:47.509767,1.005824,-5.749332,1.415299,-0.002971,1.413342,-0.002971,-5.749332,0
2026-07-02 15:40:47.509767,1.008029,-5.749332,1.415299,-0.002971,1.418524,-0.002971,-5.749332,0
2026-07-02 15:40:47.520093,1.011259,-5.744151,1.415299,-0.002971,1.418524,-0.002971,-5.744151,0
2026-07-02 15:40:47.520093,1.013903,-5.738969,1.415299,-0.008152,1.413342,-0.008152,-5.738969,0
2026-07-02 15:40:47.520093,1.016141,-5.744151,1.415299,-0.002971,1.418524,-0.002971,-5.744151,0
2026-07-02 15:40:47.520093,1.018376,-5.754514,1.415299,-0.002971,1.413342,-0.002971,-5.754514,0
2026-07-02 15:40:47.520093,1.020603,-5.749332,1.415299,-0.002971,1.413342,-0.002971,-5.749332,0
2026-07-02 15:40:47.531766,1.022829,-5.744151,1.410120,-0.002971,1.418524,-0.002971,-5.744151,0
2026-07-02 15:40:47.534624,1.025151,-5.744151,1.415299,-0.002971,1.413342,-0.002971,-5.744151,0
2026-07-02 15:40:47.535160,1.027895,-5.754514,1.415299,-0.002971,1.418524,-0.002971,-5.754514,0
2026-07-02 15:40:47.538390,1.030121,-5.738969,1.415299,-0.008152,1.418524,-0.008152,-5.738969,0
2026-07-02 15:40:47.538390,1.032318,-5.744151,1.415299,-0.008152,1.418524,-0.008152,-5.744151,0
2026-07-02 15:40:47.543378,1.034619,-5.744151,1.415299,-0.002971,1.418524,-0.002971,-5.744151,0
2026-07-02 15:40:47.544117,1.036896,-5.754514,1.415299,-0.002971,1.418524,-0.002971,-5.754514,0
2026-07-02 15:40:47.544117,1.039141,-5.738969,1.415299,-0.002971,1.413342,-0.002971,-5.738969,0
2026-07-02 15:40:47.548749,1.041342,-5.744151,1.410120,-0.002971,1.413342,-0.002971,-5.744151,0
2026-07-02 15:40:47.551340,1.043746,-5.744151,1.415299,-0.002971,1.413342,-0.002971,-5.744151,0
2026-07-02 15:40:47.553349,1.046007,-5.744151,1.415299,-0.008152,1.413342,-0.008152,-5.744151,0
2026-07-02 15:40:47.555361,1.048215,-5.749332,1.415299,-0.002971,1.418524,-0.002971,-5.749332,0
2026-07-02 15:40:47.559124,1.050480,-5.754514,1.415299,-0.002971,1.413342,-0.002971,-5.754514,0
2026-07-02 15:40:47.560242,1.052865,-5.749332,1.415299,-0.008152,1.418524,-0.008152,-5.749332,0
2026-07-02 15:40:47.560242,1.055111,-5.744151,1.415299,-0.002971,1.413342,-0.002971,-5.744151,0
2026-07-02 15:40:47.560242,1.057369,-5.744151,1.415299,-0.002971,1.413342,-0.002971,-5.744151,0
2026-07-02 15:40:47.567130,1.059669,-5.744151,1.415299,-0.002971,1.413342,-0.002971,-5.744151,0
2026-07-02 15:40:47.569137,1.062009,-5.738969,1.420479,-0.008152,1.413342,-0.008152,-5.738969,0
2026-07-02 15:40:47.571577,1.064296,-5.749332,1.415299,-0.002971,1.418524,-0.002971,-5.749332,0
2026-07-02 15:40:47.571577,1.066554,-5.738969,1.415299,-0.002971,1.413342,-0.002971,-5.738969,0
2026-07-02 15:40:47.571577,1.068719,-5.738969,1.415299,-0.008152,1.418524,-0.008152,-5.738969,0
2026-07-02 15:40:47.579817,1.070972,-5.738969,1.415299,-0.002971,1.418524,-0.002971,-5.738969,0
2026-07-02 15:40:47.580494,1.073206,-5.738969,1.415299,-0.008152,1.413342,-0.008152,-5.738969,0
2026-07-02 15:40:47.583285,1.075569,-5.744151,1.415299,-0.002971,1.413342,-0.002971,-5.744151,0
2026-07-02 15:40:47.583285,1.077917,-5.738969,1.415299,-0.002971,1.418524,-0.002971,-5.738969,0
2026-07-02 15:40:47.583285,1.080177,-5.744151,1.415299,-0.008152,1.418524,-0.008152,-5.744151,0
2026-07-02 15:40:47.590227,1.082793,-5.744151,1.415299,-0.002971,1.418524,-0.002971,-5.744151,0
2026-07-02 15:40:47.590227,1.085192,-5.744151,1.415299,-0.002971,1.413342,-0.002971,-5.744151,0
2026-07-02 15:40:47.595894,1.087543,-5.754514,1.415299,-0.002971,1.418524,-0.002971,-5.754514,0
2026-07-02 15:40:47.598446,1.089840,-5.738969,1.415299,-0.008152,1.413342,-0.008152,-5.738969,0
2026-07-02 15:40:47.602145,1.092117,-5.744151,1.415299,-0.002971,1.418524,-0.002971,-5.744151,0
2026-07-02 15:40:47.604666,1.096985,-5.749332,1.415299,-0.002971,1.413342,-0.002971,-5.749332,0
2026-07-02 15:40:47.607237,1.099328,-5.744151,1.415299,-0.002971,1.418524,-0.002971,-5.744151,0
2026-07-02 15:40:47.609255,1.101624,-5.754514,1.415299,-0.008152,1.418524,-0.008152,-5.754514,0
2026-07-02 15:40:47.611267,1.103889,-5.749332,1.415299,-0.002971,1.413342,-0.002971,-5.749332,0
2026-07-02 15:40:47.611267,1.106256,-5.738969,1.415299,-0.008152,1.418524,-0.008152,-5.738969,0
2026-07-02 15:40:47.615800,1.108615,-5.744151,1.415299,-0.002971,1.413342,-0.002971,-5.744151,0
2026-07-02 15:40:47.619327,1.110855,-5.744151,1.410120,-0.002971,1.423706,-0.002971,-5.744151,0
2026-07-02 15:40:47.621264,1.113488,-5.754514,1.415299,-0.002971,1.418524,-0.002971,-5.754514,0
2026-07-02 15:40:47.624925,1.115813,-5.744151,1.415299,-0.008152,1.418524,-0.008152,-5.744151,0
2026-07-02 15:40:47.628943,1.118926,-5.744151,1.420479,-0.008152,1.418524,-0.008152,-5.744151,0
2026-07-02 15:40:47.633878,1.123458,-5.744151,1.415299,-0.002971,1.413342,-0.002971,-5.744151,0
2026-07-02 15:40:47.639345,1.128512,-5.744151,1.415299,-0.002971,1.418524,-0.002971,-5.744151,0
2026-07-02 15:40:47.642808,1.133159,-5.738969,1.415299,-0.002971,1.413342,-0.002971,-5.738969,0
2026-07-02 15:40:47.646201,1.136367,-5.749332,1.415299,-0.002971,1.413342,-0.002971,-5.749332,0
2026-07-02 15:40:47.648746,1.139938,-5.744151,1.415299,-0.002971,1.413342,-0.002971,-5.744151,0
2026-07-02 15:40:47.652939,1.142272,-5.744151,1.415299,-0.008152,1.413342,-0.008152,-5.744151,0
2026-07-02 15:40:47.655520,1.146446,-5.754514,1.415299,-0.002971,1.413342,-0.002971,-5.754514,0
2026-07-02 15:40:47.657305,1.149166,-5.744151,1.415299,-0.008152,1.413342,-0.008152,-5.744151,0
2026-07-02 15:40:47.662510,1.151688,-5.744151,1.415299,-0.002971,1.413342,-0.002971,-5.744151,0
2026-07-02 15:40:47.665230,1.156221,-5.744151,1.415299,-0.008152,1.418524,-0.008152,-5.744151,0
2026-07-02 15:40:47.671948,1.158688,-5.738969,1.415299,-0.008152,1.418524,-0.008152,-5.738969,0
2026-07-02 15:40:47.675346,1.166158,-5.744151,1.410120,-0.002971,1.413342,-0.002971,-5.744151,0
2026-07-02 15:40:47.678839,1.169601,-5.744151,1.415299,-0.002971,1.413342,-0.002971,-5.744151,0
2026-07-02 15:40:47.680490,1.172350,-5.744151,1.415299,-0.008152,1.418524,-0.008152,-5.744151,0
2026-07-02 15:40:47.683934,1.174787,-5.749332,1.415299,-0.002971,1.418524,-0.002971,-5.749332,0
2026-07-02 15:40:47.686268,1.177214,-5.754514,1.415299,-0.002971,1.418524,-0.002971,-5.754514,0
2026-07-02 15:40:47.686910,1.179655,-5.744151,1.410120,-0.002971,1.418524,-0.002971,-5.744151,0
2026-07-02 15:40:47.690937,1.181917,-5.754514,1.415299,-0.002971,1.418524,-0.002971,-5.754514,0
2026-07-02 15:40:47.692572,1.184316,-5.738969,1.415299,-0.002971,1.413342,-0.002971,-5.738969,0
2026-07-02 15:40:47.696150,1.187018,-5.744151,1.415299,-0.002971,1.413342,-0.002971,-5.744151,0
2026-07-02 15:40:47.697533,1.189707,-5.738969,1.415299,-0.008152,1.418524,-0.008152,-5.738969,0
2026-07-02 15:40:47.701047,1.192080,-5.749332,1.415299,-0.008152,1.413342,-0.008152,-5.749332,0
2026-07-02 15:40:47.703303,1.194441,-5.749332,1.415299,-0.002971,1.413342,-0.002971,-5.749332,0
2026-07-02 15:40:47.704847,1.196833,-5.744151,1.415299,-0.008152,1.413342,-0.008152,-5.744151,0
2026-07-02 15:40:47.707790,1.199259,-5.744151,1.415299,-0.002971,1.413342,-0.002971,-5.744151,0
2026-07-02 15:40:47.710771,1.201592,-5.738969,1.415299,-0.008152,1.413342,-0.008152,-5.738969,0
2026-07-02 15:40:47.712583,1.204291,-5.744151,1.410120,-0.002971,1.418524,-0.002971,-5.744151,0
2026-07-02 15:40:47.714596,1.206739,-5.744151,1.415299,-0.008152,1.413342,-0.008152,-5.744151,0
2026-07-02 15:40:47.717810,1.209083,-5.744151,1.415299,-0.008152,1.418524,-0.008152,-5.744151,0
2026-07-02 15:40:47.719667,1.211381,-5.749332,1.415299,-0.002971,1.418524,-0.002971,-5.749332,0
2026-07-02 15:40:47.721679,1.213787,-5.738969,1.415299,-0.008152,1.418524,-0.008152,-5.738969,0
2026-07-02 15:40:47.723694,1.216018,-5.744151,1.415299,-0.002971,1.418524,-0.002971,-5.744151,0
2026-07-02 15:40:47.726701,1.218262,-5.738969,1.415299,-0.008152,1.413342,-0.008152,-5.738969,0
2026-07-02 15:40:47.728469,1.220769,-5.738969,1.415299,-0.002971,1.418524,-0.002971,-5.738969,0
2026-07-02 15:40:47.730481,1.223266,-5.744151,1.415299,-0.002971,1.413342,-0.002971,-5.744151,0
2026-07-02 15:40:47.734898,1.225708,-5.744151,1.415299,-0.002971,1.413342,-0.002971,-5.744151,0
2026-07-02 15:40:47.737406,1.228318,-5.754514,1.415299,-0.008152,1.413342,-0.008152,-5.754514,0
2026-07-02 15:40:47.738635,1.230787,-5.738969,1.415299,-0.008152,1.413342,-0.008152,-5.738969,0
2026-07-02 15:40:47.742705,1.233177,-5.744151,1.415299,-0.002971,1.418524,-0.002971,-5.744151,0
2026-07-02 15:40:47.744304,1.236043,-5.749332,1.415299,-0.002971,1.418524,-0.002971,-5.749332,0
2026-07-02 15:40:47.747490,1.238435,-5.738969,1.415299,-0.008152,1.418524,-0.008152,-5.738969,0
2026-07-02 15:40:47.749653,1.240755,-5.744151,1.415299,-0.002971,1.413342,-0.002971,-5.744151,0
2026-07-02 15:40:47.752743,1.243219,-5.744151,1.415299,-0.002971,1.413342,-0.002971,-5.744151,0
2026-07-02 15:40:47.754719,1.246105,-5.738969,1.415299,-0.002971,1.413342,-0.002971,-5.738969,0
2026-07-02 15:40:47.755915,1.248507,-5.744151,1.415299,-0.002971,1.413342,-0.002971,-5.744151,0
2026-07-02 15:40:47.759415,1.251000,-5.754514,1.415299,-0.002971,1.418524,-0.002971,-5.754514,0
2026-07-02 15:40:47.762598,1.253912,-5.738969,1.420479,-0.008152,1.413342,-0.008152,-5.738969,0
2026-07-02 15:40:47.764878,1.256333,-5.749332,1.415299,-0.002971,1.418524,-0.002971,-5.749332,0
2026-07-02 15:40:47.767475,1.258728,-5.744151,1.415299,-0.002971,1.413342,-0.002971,-5.744151,0
2026-07-02 15:40:47.770030,1.261471,-5.744151,1.415299,-0.002971,1.418524,-0.002971,-5.744151,0
2026-07-02 15:40:47.772421,1.263724,-5.744151,1.415299,-0.008152,1.413342,-0.008152,-5.744151,0
2026-07-02 15:40:47.774428,1.265983,-5.754514,1.415299,-0.002971,1.413342,-0.002971,-5.754514,0
2026-07-02 15:40:47.776675,1.268275,-5.738969,1.415299,-0.008152,1.413342,-0.008152,-5.738969,0
2026-07-02 15:40:47.778794,1.270580,-5.744151,1.415299,-0.002971,1.418524,-0.002971,-5.744151,0
2026-07-02 15:40:47.781821,1.272853,-5.749332,1.410120,-0.002971,1.418524,-0.002971,-5.749332,0
2026-07-02 15:40:47.784004,1.275210,-5.744151,1.410120,-0.002971,1.418524,-0.002971,-5.744151,0
2026-07-02 15:40:47.787265,1.278379,-5.744151,1.410120,-0.008152,1.413342,-0.008152,-5.744151,0
2026-07-02 15:40:47.787929,1.280712,-5.744151,1.415299,-0.002971,1.413342,-0.002971,-5.744151,0
2026-07-02 15:40:47.791334,1.283053,-5.754514,1.410120,-0.002971,1.418524,-0.002971,-5.754514,0
2026-07-02 15:40:47.794810,1.286061,-5.738969,1.415299,-0.008152,1.413342,-0.008152,-5.738969,0
2026-07-02 15:40:47.798157,1.288827,-5.738969,1.415299,-0.008152,1.418524,-0.008152,-5.738969,0
2026-07-02 15:40:47.800377,1.291480,-5.749332,1.415299,-0.002971,1.413342,-0.002971,-5.749332,0
2026-07-02 15:40:47.802133,1.294023,-5.738969,1.415299,-0.008152,1.418524,-0.008152,-5.738969,0
2026-07-02 15:40:47.804145,1.296346,-5.738969,1.415299,-0.002971,1.418524,-0.002971,-5.738969,0
2026-07-02 15:40:47.806155,1.298664,-5.744151,1.410120,-0.008152,1.418524,-0.008152,-5.744151,0
2026-07-02 15:40:47.809294,1.300928,-5.744151,1.415299,-0.002971,1.413342,-0.002971,-5.744151,0
2026-07-02 15:40:47.812527,1.303553,-5.744151,1.415299,-0.002971,1.413342,-0.002971,-5.744151,0
2026-07-02 15:40:47.814344,1.305965,-5.738969,1.415299,-0.008152,1.418524,-0.008152,-5.738969,0
2026-07-02 15:40:47.817037,1.308249,-5.738969,1.420479,-0.008152,1.413342,-0.008152,-5.738969,0
2026-07-02 15:40:47.819391,1.310644,-5.738969,1.415299,-0.002971,1.418524,-0.002971,-5.738969,0
2026-07-02 15:40:47.820217,1.312966,-5.744151,1.415299,-0.002971,1.413342,-0.002971,-5.744151,0
2026-07-02 15:40:47.824241,1.315309,-5.749332,1.420479,-0.002971,1.413342,-0.002971,-5.749332,0
2026-07-02 15:40:47.826542,1.317624,-5.744151,1.415299,-0.002971,1.413342,-0.002971,-5.744151,0
2026-07-02 15:40:47.827926,1.319873,-5.744151,1.415299,-0.002971,1.418524,-0.002971,-5.744151,0
2026-07-02 15:40:47.829938,1.322203,-5.749332,1.410120,-0.002971,1.418524,-0.002971,-5.749332,0
2026-07-02 15:40:47.831949,1.324517,-5.744151,1.415299,-0.002971,1.418524,-0.002971,-5.744151,0
2026-07-02 15:40:47.835900,1.326814,-5.749332,1.410120,-0.002971,1.418524,-0.002971,-5.749332,0
2026-07-02 15:40:47.837909,1.329174,-5.744151,1.415299,-0.002971,1.413342,-0.002971,-5.744151,0
2026-07-02 15:40:47.839915,1.331416,-5.744151,1.415299,-0.002971,1.413342,-0.002971,-5.744151,0
2026-07-02 15:40:47.842592,1.333665,-5.749332,1.415299,-0.002971,1.418524,-0.002971,-5.749332,0
2026-07-02 15:40:47.845408,1.335924,-5.744151,1.415299,-0.002971,1.413342,-0.002971,-5.744151,0
2026-07-02 15:40:47.847840,1.338780,-5.744151,1.415299,-0.002971,1.413342,-0.002971,-5.744151,0
2026-07-02 15:40:47.850338,1.341219,-5.738969,1.415299,-0.002971,1.413342,-0.002971,-5.738969,0
2026-07-02 15:40:47.852348,1.343714,-5.744151,1.415299,-0.002971,1.418524,-0.002971,-5.744151,0
2026-07-02 15:40:47.854978,1.345976,-5.738969,1.415299,-0.002971,1.413342,-0.002971,-5.738969,0
2026-07-02 15:40:47.857206,1.348457,-5.754514,1.415299,-0.002971,1.418524,-0.002971,-5.754514,0
2026-07-02 15:40:47.859756,1.350807,-5.754514,1.415299,-0.002971,1.418524,-0.002971,-5.754514,0
2026-07-02 15:40:47.861249,1.353115,-5.749332,1.415299,-0.008152,1.413342,-0.008152,-5.749332,0
2026-07-02 15:40:47.864538,1.355551,-5.738969,1.415299,-0.002971,1.418524,-0.002971,-5.738969,0
2026-07-02 15:40:47.866551,1.357789,-5.744151,1.415299,-0.002971,1.413342,-0.002971,-5.744151,0
2026-07-02 15:40:47.868692,1.359989,-5.744151,1.415299,-0.008152,1.418524,-0.008152,-5.744151,0
2026-07-02 15:40:47.870702,1.362637,-5.738969,1.415299,-0.008152,1.413342,-0.008152,-5.738969,0
2026-07-02 15:40:47.872713,1.365123,-5.738969,1.415299,-0.008152,1.413342,-0.008152,-5.738969,0
2026-07-02 15:40:47.876351,1.367366,-5.744151,1.420479,-0.002971,1.413342,-0.002971,-5.744151,0
2026-07-02 15:40:47.877043,1.369635,-5.744151,1.415299,-0.002971,1.418524,-0.002971,-5.744151,0
2026-07-02 15:40:47.881064,1.372031,-5.749332,1.415299,-0.002971,1.418524,-0.002971,-5.749332,0
2026-07-02 15:40:47.883080,1.374332,-5.744151,1.415299,-0.002971,1.418524,-0.002971,-5.744151,0
2026-07-02 15:40:47.885295,1.376557,-5.744151,1.415299,-0.002971,1.418524,-0.002971,-5.744151,0
2026-07-02 15:40:47.887308,1.378864,-5.738969,1.415299,-0.008152,1.418524,-0.008152,-5.738969,0
2026-07-02 15:40:47.889322,1.381301,-5.738969,1.415299,-0.002971,1.413342,-0.002971,-5.738969,0
2026-07-02 15:40:47.892526,1.383562,-5.744151,1.415299,-0.002971,1.418524,-0.002971,-5.744151,0
2026-07-02 15:40:47.893766,1.385823,-5.738969,1.415299,-0.008152,1.413342,-0.008152,-5.738969,0
2026-07-02 15:40:47.896290,1.388200,-5.749332,1.415299,-0.002971,1.413342,-0.002971,-5.749332,0
2026-07-02 15:40:47.898334,1.390484,-5.749332,1.415299,-0.002971,1.418524,-0.002971,-5.749332,0
2026-07-02 15:40:47.900953,1.392674,-5.738969,1.415299,-0.002971,1.418524,-0.002971,-5.738969,0
2026-07-02 15:40:47.903582,1.395026,-5.744151,1.415299,-0.008152,1.418524,-0.008152,-5.744151,0
2026-07-02 15:40:47.905594,1.397494,-5.738969,1.420479,-0.002971,1.413342,-0.002971,-5.738969,0
2026-07-02 15:40:47.908809,1.399924,-5.744151,1.415299,-0.002971,1.413342,-0.002971,-5.744151,0
2026-07-02 15:40:47.910371,1.402238,-5.754514,1.415299,-0.002971,1.413342,-0.002971,-5.754514,0
2026-07-02 15:40:47.912382,1.404601,-5.744151,1.415299,-0.002971,1.413342,-0.002971,-5.744151,0
2026-07-02 15:40:47.914395,1.406962,-5.744151,1.415299,-0.002971,1.413342,-0.002971,-5.744151,0
2026-07-02 15:40:47.918206,1.409241,-5.749332,1.415299,-0.002971,1.418524,-0.002971,-5.749332,0
2026-07-02 15:40:47.920754,1.411856,-5.744151,1.415299,-0.002971,1.413342,-0.002971,-5.744151,0
2026-07-02 15:40:47.922834,1.414252,-5.738969,1.415299,-0.008152,1.413342,-0.008152,-5.738969,0
2026-07-02 15:40:47.926812,1.417208,-5.749332,1.410120,-0.002971,1.418524,-0.002971,-5.749332,0
2026-07-02 15:40:47.930142,1.421875,-5.744151,1.415299,-0.008152,1.418524,-0.008152,-5.744151,0
2026-07-02 15:40:47.932156,1.424280,-5.749332,1.415299,-0.002971,1.418524,-0.002971,-5.749332,0
2026-07-02 15:40:47.936213,1.427186,-5.744151,1.415299,-0.002971,1.418524,-0.002971,-5.744151,0
2026-07-02 15:40:47.937225,1.429733,-5.754514,1.415299,-0.002971,1.413342,-0.002971,-5.754514,0
2026-07-02 15:40:47.941253,1.432198,-5.744151,1.415299,-0.002971,1.418524,-0.002971,-5.744151,0
2026-07-02 15:40:47.943835,1.434561,-5.744151,1.415299,-0.002971,1.413342,-0.002971,-5.744151,0
2026-07-02 15:40:47.945577,1.437149,-5.744151,1.415299,-0.002971,1.413342,-0.002971,-5.744151,0
2026-07-02 15:40:47.954691,1.439597,-5.754514,1.415299,-0.002971,1.413342,-0.002971,-5.754514,0
2026-07-02 15:40:47.957517,1.448585,-5.744151,1.415299,-0.002971,1.418524,-0.002971,-5.744151,0
2026-07-02 15:40:47.960212,1.451029,-5.744151,1.415299,-0.002971,1.413342,-0.002971,-5.744151,0
2026-07-02 15:40:47.964378,1.454806,-5.749332,1.415299,-0.002971,1.413342,-0.002971,-5.749332,0
2026-07-02 15:40:47.969177,1.457684,-5.744151,1.415299,-0.002971,1.413342,-0.002971,-5.744151,0
2026-07-02 15:40:47.970197,1.462539,-5.738969,1.415299,-0.002971,1.413342,-0.002971,-5.738969,0
2026-07-02 15:40:47.972203,1.464859,-5.744151,1.415299,-0.008152,1.418524,-0.008152,-5.744151,0
2026-07-02 15:40:47.975620,1.467162,-5.744151,1.415299,-0.002971,1.413342,-0.002971,-5.744151,0
2026-07-02 15:40:47.977800,1.470083,-5.744151,1.415299,-0.002971,1.413342,-0.002971,-5.744151,0
2026-07-02 15:40:47.979811,1.472535,-5.738969,1.415299,-0.002971,1.413342,-0.002971,-5.738969,0
2026-07-02 15:40:47.983830,1.474862,-5.754514,1.415299,-0.002971,1.413342,-0.002971,-5.754514,0
2026-07-02 15:40:47.986000,1.477329,-5.738969,1.415299,-0.002971,1.413342,-0.002971,-5.738969,0
2026-07-02 15:40:47.988011,1.479904,-5.738969,1.415299,-0.002971,1.413342,-0.002971,-5.738969,0
2026-07-02 15:40:47.990025,1.482339,-5.754514,1.415299,-0.002971,1.418524,-0.002971,-5.754514,0
2026-07-02 15:40:47.992812,1.484666,-5.744151,1.415299,-0.002971,1.413342,-0.002971,-5.744151,0
2026-07-02 15:40:47.994824,1.487003,-5.744151,1.410120,-0.002971,1.418524,-0.002971,-5.744151,0
2026-07-02 15:40:47.996848,1.489471,-5.744151,1.415299,-0.002971,1.413342,-0.002971,-5.744151,0
2026-07-02 15:40:48.000373,1.491840,-5.744151,1.415299,-0.002971,1.418524,-0.002971,-5.744151,0
2026-07-02 15:40:48.002389,1.494878,-5.738969,1.415299,-0.008152,1.413342,-0.008152,-5.738969,0
2026-07-02 15:40:48.005043,1.497265,-5.749332,1.415299,-0.002971,1.418524,-0.002971,-5.749332,0
2026-07-02 15:40:48.011402,1.499833,-5.754514,1.415299,-0.008152,1.413342,-0.008152,-5.754514,0
2026-07-02 15:40:48.012825,1.505149,-5.744151,1.415299,-0.002971,1.413342,-0.002971,-5.744151,0
2026-07-02 15:40:48.015080,1.507674,-5.738969,1.415299,-0.002971,1.413342,-0.002971,-5.738969,0
2026-07-02 15:40:48.018617,1.510536,-5.749332,1.415299,-0.002971,1.413342,-0.002971,-5.749332,0
2026-07-02 15:40:48.020630,1.512930,-5.744151,1.415299,-0.002971,1.413342,-0.002971,-5.744151,0
2026-07-02 15:40:48.022643,1.515189,-5.749332,1.415299,-0.002971,1.418524,-0.002971,-5.749332,0
2026-07-02 15:40:48.025425,1.517409,-5.749332,1.415299,-0.002971,1.418524,-0.002971,-5.749332,0
2026-07-02 15:40:48.026903,1.519715,-5.754514,1.415299,-0.002971,1.418524,-0.002971,-5.754514,0
2026-07-02 15:40:48.030920,1.522057,-5.749332,1.415299,-0.002971,1.418524,-0.002971,-5.749332,0
2026-07-02 15:40:48.032966,1.524312,-5.738969,1.415299,-0.008152,1.413342,-0.008152,-5.738969,0
2026-07-02 15:40:48.038981,1.526599,-5.744151,1.415299,-0.008152,1.413342,-0.008152,-5.744151,0
2026-07-02 15:40:48.039520,1.532345,-5.754514,1.415299,-0.002971,1.413342,-0.002971,-5.754514,0
2026-07-02 15:40:48.042039,1.534673,-5.744151,1.415299,-0.002971,1.413342,-0.002971,-5.744151,0
2026-07-02 15:40:48.045209,1.537110,-5.754514,1.415299,-0.002971,1.413342,-0.002971,-5.754514,0
2026-07-02 15:40:48.049494,1.539451,-5.744151,1.415299,-0.002971,1.413342,-0.002971,-5.744151,0
2026-07-02 15:40:48.052584,1.542976,-5.744151,1.415299,-0.002971,1.418524,-0.002971,-5.744151,0
2026-07-02 15:40:48.055024,1.546180,-5.749332,1.415299,-0.002971,1.413342,-0.002971,-5.749332,0
2026-07-02 15:40:48.058129,1.549056,-5.738969,1.415299,-0.008152,1.418524,-0.008152,-5.738969,0
2026-07-02 15:40:48.062917,1.551357,-5.744151,1.410120,-0.002971,1.413342,-0.002971,-5.744151,0
2026-07-02 15:40:48.071851,1.556376,-5.744151,1.415299,-0.002971,1.418524,-0.002971,-5.744151,0
2026-07-02 15:40:48.073187,1.565300,-5.749332,1.415299,-0.002971,1.413342,-0.002971,-5.749332,0
2026-07-02 15:40:48.075990,1.567877,-5.749332,1.415299,-0.002971,1.413342,-0.002971,-5.749332,0
2026-07-02 15:40:48.077912,1.570473,-5.744151,1.415299,-0.002971,1.418524,-0.002971,-5.744151,0
2026-07-02 15:40:48.079923,1.572872,-5.738969,1.415299,-0.008152,1.413342,-0.008152,-5.738969,0
2026-07-02 15:40:48.086406,1.575127,-5.744151,1.415299,-0.008152,1.413342,-0.008152,-5.744151,0
2026-07-02 15:40:48.087525,1.579797,-5.754514,1.415299,-0.002971,1.418524,-0.002971,-5.754514,0
2026-07-02 15:40:48.093522,1.582128,-5.754514,1.415299,-0.002971,1.413342,-0.002971,-5.754514,0
2026-07-02 15:40:48.095191,1.586913,-5.754514,1.415299,-0.008152,1.413342,-0.008152,-5.754514,0
2026-07-02 15:40:48.096720,1.589264,-5.749332,1.415299,-0.008152,1.413342,-0.008152,-5.749332,0
2026-07-02 15:40:48.101242,1.591499,-5.744151,1.415299,-0.002971,1.413342,-0.002971,-5.744151,0
2026-07-02 15:40:48.102256,1.594941,-5.744151,1.415299,-0.008152,1.413342,-0.008152,-5.744151,0
2026-07-02 15:40:48.106277,1.597284,-5.744151,1.415299,-0.008152,1.413342,-0.008152,-5.744151,0
2026-07-02 15:40:48.108291,1.599491,-5.749332,1.415299,-0.002971,1.413342,-0.002971,-5.749332,0
2026-07-02 15:40:48.110127,1.602012,-5.754514,1.415299,-0.002971,1.418524,-0.002971,-5.754514,0
2026-07-02 15:40:48.112143,1.604374,-5.738969,1.415299,-0.002971,1.418524,-0.002971,-5.738969,0
2026-07-02 15:40:48.114783,1.606690,-5.744151,1.415299,-0.002971,1.418524,-0.002971,-5.744151,0
2026-07-02 15:40:48.117777,1.609023,-5.744151,1.415299,-0.002971,1.413342,-0.002971,-5.744151,0
2026-07-02 15:40:48.119101,1.611896,-5.744151,1.420479,-0.002971,1.413342,-0.002971,-5.744151,0
2026-07-02 15:40:48.121616,1.614263,-5.744151,1.415299,-0.002971,1.418524,-0.002971,-5.744151,0
2026-07-02 15:40:48.126062,1.616499,-5.744151,1.415299,-0.002971,1.418524,-0.002971,-5.744151,0
2026-07-02 15:40:48.127191,1.619996,-5.744151,1.415299,-0.002971,1.413342,-0.002971,-5.744151,0
2026-07-02 15:40:48.131215,1.622412,-5.744151,1.415299,-0.002971,1.413342,-0.002971,-5.744151,0
2026-07-02 15:40:48.133870,1.624642,-5.749332,1.415299,-0.008152,1.418524,-0.008152,-5.749332,0
2026-07-02 15:40:48.136664,1.628387,-5.744151,1.415299,-0.002971,1.418524,-0.002971,-5.744151,0
2026-07-02 15:40:48.138678,1.630726,-5.744151,1.415299,-0.002971,1.413342,-0.002971,-5.744151,0
2026-07-02 15:40:48.140717,1.633142,-5.744151,1.415299,-0.002971,1.418524,-0.002971,-5.744151,0
2026-07-02 15:40:48.144269,1.635603,-5.749332,1.415299,-0.002971,1.418524,-0.002971,-5.749332,0
2026-07-02 15:40:48.145150,1.637881,-5.749332,1.415299,-0.002971,1.413342,-0.002971,-5.749332,0
2026-07-02 15:40:48.147696,1.640125,-5.738969,1.415299,-0.002971,1.418524,-0.002971,-5.738969,0
2026-07-02 15:40:48.150880,1.642304,-5.749332,1.415299,-0.002971,1.413342,-0.002971,-5.749332,0
2026-07-02 15:40:48.152513,1.644840,-5.738969,1.415299,-0.008152,1.418524,-0.008152,-5.738969,0
2026-07-02 15:40:48.156035,1.647159,-5.749332,1.415299,-0.002971,1.418524,-0.002971,-5.749332,0
2026-07-02 15:40:48.159278,1.649890,-5.744151,1.415299,-0.002971,1.413342,-0.002971,-5.744151,0
2026-07-02 15:40:48.162223,1.653593,-5.744151,1.415299,-0.002971,1.413342,-0.002971,-5.744151,0
2026-07-02 15:40:48.164252,1.656019,-5.738969,1.415299,-0.002971,1.413342,-0.002971,-5.738969,0
2026-07-02 15:40:48.167191,1.658576,-5.749332,1.415299,-0.002971,1.418524,-0.002971,-5.749332,0
2026-07-02 15:40:48.170463,1.661554,-5.744151,1.415299,-0.002971,1.413342,-0.002971,-5.744151,0
2026-07-02 15:40:48.171689,1.663968,-5.738969,1.415299,-0.008152,1.413342,-0.008152,-5.738969,0
2026-07-02 15:40:48.175874,1.666397,-5.744151,1.410120,-0.008152,1.413342,-0.008152,-5.744151,0
2026-07-02 15:40:48.177078,1.669764,-5.744151,1.415299,-0.002971,1.418524,-0.002971,-5.744151,0
2026-07-02 15:40:48.180451,1.672105,-5.744151,1.415299,-0.002971,1.418524,-0.002971,-5.744151,0
2026-07-02 15:40:48.182564,1.674371,-5.744151,1.415299,-0.002971,1.413342,-0.002971,-5.744151,0
2026-07-02 15:40:48.185821,1.676817,-5.749332,1.420479,-0.002971,1.413342,-0.002971,-5.749332,0
2026-07-02 15:40:48.185821,1.679178,-5.754514,1.415299,-0.002971,1.418524,-0.002971,-5.754514,0
2026-07-02 15:40:48.185821,1.681594,-5.744151,1.415299,-0.002971,1.413342,-0.002971,-5.744151,0
2026-07-02 15:40:48.192204,1.684002,-5.749332,1.410120,-0.002971,1.413342,-0.002971,-5.749332,0
2026-07-02 15:40:48.194384,1.686625,-5.749332,1.415299,-0.008152,1.418524,-0.008152,-5.749332,0
2026-07-02 15:40:48.196393,1.688908,-5.738969,1.415299,-0.002971,1.418524,-0.002971,-5.738969,0
2026-07-02 15:40:48.196393,1.691227,-5.744151,1.415299,-0.002971,1.418524,-0.002971,-5.744151,0
2026-07-02 15:40:48.202335,1.693567,-5.738969,1.415299,-0.008152,1.413342,-0.008152,-5.738969,0
2026-07-02 15:40:48.204349,1.696098,-5.744151,1.410120,-0.002971,1.413342,-0.002971,-5.744151,0
2026-07-02 15:40:48.206364,1.698523,-5.749332,1.415299,-0.002971,1.418524,-0.002971,-5.749332,0
2026-07-02 15:40:48.209190,1.700826,-5.744151,1.415299,-0.002971,1.418524,-0.002971,-5.744151,0
2026-07-02 15:40:48.212199,1.703144,-5.749332,1.415299,-0.002971,1.413342,-0.002971,-5.749332,0
2026-07-02 15:40:48.214217,1.705495,-5.738969,1.415299,-0.008152,1.418524,-0.008152,-5.738969,0
2026-07-02 15:40:48.216228,1.707830,-5.749332,1.415299,-0.002971,1.418524,-0.002971,-5.749332,0
2026-07-02 15:40:48.216228,1.710059,-5.738969,1.415299,-0.008152,1.413342,-0.008152,-5.738969,0
2026-07-02 15:40:48.216228,1.712814,-5.744151,1.415299,-0.002971,1.418524,-0.002971,-5.744151,0
2026-07-02 15:40:48.223190,1.715171,-5.749332,1.415299,-0.002971,1.418524,-0.002971,-5.749332,0
2026-07-02 15:40:48.225833,1.717409,-5.744151,1.415299,-0.002971,1.413342,-0.002971,-5.744151,0
2026-07-02 15:40:48.225833,1.719704,-5.738969,1.415299,-0.008152,1.413342,-0.008152,-5.738969,0
2026-07-02 15:40:48.225833,1.722106,-5.749332,1.415299,-0.002971,1.413342,-0.002971,-5.749332,0
2026-07-02 15:40:48.232762,1.724395,-5.749332,1.420479,-0.002971,1.413342,-0.002971,-5.749332,0
2026-07-02 15:40:48.235461,1.726656,-5.738969,1.415299,-0.002971,1.418524,-0.002971,-5.738969,0
2026-07-02 15:40:48.236824,1.729030,-5.749332,1.415299,-0.002971,1.413342,-0.002971,-5.749332,0
2026-07-02 15:40:48.236824,1.731438,-5.744151,1.415299,-0.002971,1.413342,-0.002971,-5.744151,0
2026-07-02 15:40:48.242692,1.733721,-5.754514,1.415299,-0.002971,1.413342,-0.002971,-5.754514,0
2026-07-02 15:40:48.243812,1.736641,-5.749332,1.415299,-0.002971,1.418524,-0.002971,-5.749332,0
2026-07-02 15:40:48.243812,1.738991,-5.744151,1.415299,-0.002971,1.413342,-0.002971,-5.744151,0
2026-07-02 15:40:48.250516,1.741337,-5.744151,1.415299,-0.002971,1.413342,-0.002971,-5.744151,0
2026-07-02 15:40:48.252182,1.743909,-5.749332,1.415299,-0.008152,1.413342,-0.008152,-5.749332,0
2026-07-02 15:40:48.254193,1.746270,-5.744151,1.415299,-0.002971,1.418524,-0.002971,-5.744151,0
2026-07-02 15:40:48.256203,1.748750,-5.744151,1.415299,-0.002971,1.413342,-0.002971,-5.744151,0
2026-07-02 15:40:48.256203,1.751133,-5.754514,1.415299,-0.002971,1.418524,-0.002971,-5.754514,0
2026-07-02 15:40:48.260788,1.753470,-5.754514,1.415299,-0.002971,1.418524,-0.002971,-5.754514,0
2026-07-02 15:40:48.260788,1.755963,-5.744151,1.415299,-0.002971,1.418524,-0.002971,-5.744151,0
2026-07-02 15:40:48.268377,1.758302,-5.738969,1.415299,-0.002971,1.418524,-0.002971,-5.738969,0
2026-07-02 15:40:48.271011,1.761791,-5.744151,1.415299,-0.002971,1.413342,-0.002971,-5.744151,0
2026-07-02 15:40:48.271011,1.764471,-5.744151,1.415299,-0.002971,1.418524,-0.002971,-5.744151,0
2026-07-02 15:40:48.271011,1.767131,-5.738969,1.420479,-0.008152,1.413342,-0.008152,-5.738969,0
2026-07-02 15:40:48.277916,1.769896,-5.754514,1.415299,-0.002971,1.413342,-0.002971,-5.754514,0
2026-07-02 15:40:48.281360,1.772456,-5.738969,1.415299,-0.008152,1.418524,-0.008152,-5.738969,0
2026-07-02 15:40:48.284021,1.774850,-5.738969,1.415299,-0.002971,1.413342,-0.002971,-5.738969,0
2026-07-02 15:40:48.284343,1.777258,-5.754514,1.415299,-0.002971,1.413342,-0.002971,-5.754514,0
2026-07-02 15:40:48.284343,1.779751,-5.744151,1.415299,-0.002971,1.418524,-0.002971,-5.744151,0
2026-07-02 15:40:48.291538,1.782301,-5.754514,1.415299,-0.002971,1.413342,-0.002971,-5.754514,0
2026-07-02 15:40:48.293290,1.784906,-5.749332,1.415299,-0.008152,1.418524,-0.008152,-5.749332,0
2026-07-02 15:40:48.296318,1.787644,-5.744151,1.410120,-0.002971,1.413342,-0.002971,-5.744151,0
2026-07-02 15:40:48.298363,1.789938,-5.749332,1.415299,-0.002971,1.418524,-0.002971,-5.749332,0
2026-07-02 15:40:48.300950,1.792679,-5.738969,1.410120,-0.002971,1.413342,-0.002971,-5.738969,0
2026-07-02 15:40:48.302988,1.795042,-5.754514,1.415299,-0.008152,1.413342,-0.008152,-5.754514,0
2026-07-02 15:40:48.305293,1.797580,-5.749332,1.415299,-0.002971,1.413342,-0.002971,-5.749332,0
2026-07-02 15:40:48.307303,1.800128,-5.749332,1.415299,-0.002971,1.418524,-0.002971,-5.749332,0
2026-07-02 15:40:48.311993,1.803177,-5.744151,1.415299,-0.002971,1.413342,-0.002971,-5.744151,0
2026-07-02 15:40:48.311993,1.805542,-5.754514,1.415299,-0.002971,1.413342,-0.002971,-5.754514,0
2026-07-02 15:40:48.311993,1.807993,-5.744151,1.415299,-0.008152,1.413342,-0.008152,-5.744151,0
2026-07-02 15:40:48.317223,1.810442,-5.744151,1.415299,-0.002971,1.418524,-0.002971,-5.744151,0
2026-07-02 15:40:48.322229,1.813050,-5.744151,1.415299,-0.002971,1.413342,-0.002971,-5.744151,0
2026-07-02 15:40:48.322229,1.815607,-5.738969,1.415299,-0.008152,1.413342,-0.008152,-5.738969,0
2026-07-02 15:40:48.326982,1.817877,-5.754514,1.415299,-0.002971,1.413342,-0.002971,-5.754514,0
2026-07-02 15:40:48.326982,1.820241,-5.749332,1.415299,-0.002971,1.413342,-0.002971,-5.749332,0
2026-07-02 15:40:48.326982,1.822598,-5.754514,1.415299,-0.002971,1.413342,-0.002971,-5.754514,0
2026-07-02 15:40:48.334496,1.824964,-5.754514,1.415299,-0.002971,1.418524,-0.002971,-5.754514,0
2026-07-02 15:40:48.335553,1.827817,-5.744151,1.415299,-0.002971,1.413342,-0.002971,-5.744151,0
2026-07-02 15:40:48.337562,1.830357,-5.744151,1.410120,-0.002971,1.418524,-0.002971,-5.744151,0
2026-07-02 15:40:48.337562,1.832665,-5.738969,1.415299,-0.008152,1.413342,-0.008152,-5.738969,0
2026-07-02 15:40:48.342151,1.835665,-5.744151,1.415299,-0.002971,1.413342,-0.002971,-5.744151,0
2026-07-02 15:40:48.342151,1.838007,-5.744151,1.415299,-0.002971,1.418524,-0.002971,-5.744151,0
2026-07-02 15:40:48.349285,1.840370,-5.749332,1.415299,-0.008152,1.413342,-0.008152,-5.749332,0
2026-07-02 15:40:48.351640,1.842714,-5.744151,1.415299,-0.002971,1.418524,-0.002971,-5.744151,0
2026-07-02 15:40:48.352364,1.844975,-5.749332,1.415299,-0.002971,1.413342,-0.002971,-5.749332,0
2026-07-02 15:40:48.356394,1.847347,-5.749332,1.415299,-0.002971,1.413342,-0.002971,-5.749332,0
2026-07-02 15:40:48.358407,1.849645,-5.754514,1.415299,-0.002971,1.418524,-0.002971,-5.754514,0
2026-07-02 15:40:48.360931,1.852078,-5.744151,1.415299,-0.002971,1.413342,-0.002971,-5.744151,0
2026-07-02 15:40:48.362396,1.854542,-5.749332,1.415299,-0.002971,1.413342,-0.002971,-5.749332,0
2026-07-02 15:40:48.362396,1.856942,-5.744151,1.415299,-0.002971,1.413342,-0.002971,-5.744151,0
2026-07-02 15:40:48.367248,1.859232,-5.744151,1.415299,-0.002971,1.413342,-0.002971,-5.744151,0
2026-07-02 15:40:48.367248,1.861550,-5.744151,1.410120,-0.002971,1.418524,-0.002971,-5.744151,0
2026-07-02 15:40:48.372619,1.863872,-5.744151,1.415299,-0.002971,1.413342,-0.002971,-5.744151,0
2026-07-02 15:40:48.374636,1.866165,-5.749332,1.415299,-0.002971,1.413342,-0.002971,-5.749332,0
2026-07-02 15:40:48.377182,1.868619,-5.744151,1.415299,-0.002971,1.413342,-0.002971,-5.744151,0
2026-07-02 15:40:48.378747,1.871020,-5.744151,1.415299,-0.002971,1.413342,-0.002971,-5.744151,0
2026-07-02 15:40:48.381429,1.873507,-5.754514,1.415299,-0.002971,1.413342,-0.002971,-5.754514,0
2026-07-02 15:40:48.384262,1.875872,-5.744151,1.415299,-0.002971,1.418524,-0.002971,-5.744151,0
2026-07-02 15:40:48.384262,1.878268,-5.738969,1.415299,-0.002971,1.418524,-0.002971,-5.738969,0
2026-07-02 15:40:48.384262,1.880948,-5.744151,1.415299,-0.002971,1.413342,-0.002971,-5.744151,0
2026-07-02 15:40:48.391875,1.883436,-5.738969,1.415299,-0.008152,1.413342,-0.008152,-5.738969,0
2026-07-02 15:40:48.392722,1.885991,-5.754514,1.415299,-0.002971,1.418524,-0.002971,-5.754514,0
2026-07-02 15:40:48.396247,1.888305,-5.744151,1.415299,-0.002971,1.413342,-0.002971,-5.744151,0
2026-07-02 15:40:48.396247,1.890570,-5.754514,1.415299,-0.002971,1.413342,-0.002971,-5.754514,0
2026-07-02 15:40:48.400495,1.892763,-5.744151,1.415299,-0.002971,1.413342,-0.002971,-5.744151,0
2026-07-02 15:40:48.403636,1.895074,-5.754514,1.415299,-0.002971,1.413342,-0.002971,-5.754514,0
2026-07-02 15:40:48.403636,1.897330,-5.744151,1.415299,-0.002971,1.413342,-0.002971,-5.744151,0
2026-07-02 15:40:48.403636,1.899591,-5.744151,1.415299,-0.002971,1.418524,-0.002971,-5.744151,0
2026-07-02 15:40:48.410545,1.901930,-5.749332,1.415299,-0.002971,1.413342,-0.002971,-5.749332,0
2026-07-02 15:40:48.412530,1.904289,-5.749332,1.410120,-0.002971,1.418524,-0.002971,-5.749332,0
2026-07-02 15:40:48.412530,1.906619,-5.744151,1.415299,-0.002971,1.413342,-0.002971,-5.744151,0
2026-07-02 15:40:48.417241,1.908864,-5.744151,1.415299,-0.002971,1.418524,-0.002971,-5.744151,0
2026-07-02 15:40:48.419109,1.911320,-5.738969,1.415299,-0.002971,1.413342,-0.002971,-5.738969,0
2026-07-02 15:40:48.421484,1.913715,-5.744151,1.415299,-0.002971,1.413342,-0.002971,-5.744151,0
2026-07-02 15:40:48.421484,1.916037,-5.744151,1.415299,-0.002971,1.418524,-0.002971,-5.744151,0
2026-07-02 15:40:48.427286,1.918264,-5.744151,1.415299,-0.002971,1.418524,-0.002971,-5.744151,0
2026-07-02 15:40:48.431054,1.921992,-5.744151,1.415299,-0.002971,1.413342,-0.002971,-5.744151,0
2026-07-02 15:40:48.433065,1.924632,-5.749332,1.415299,-0.002971,1.413342,-0.002971,-5.749332,0
2026-07-02 15:40:48.436159,1.927234,-5.749332,1.415299,-0.002971,1.413342,-0.002971,-5.749332,0
2026-07-02 15:40:48.436159,1.929593,-5.744151,1.415299,-0.002971,1.418524,-0.002971,-5.744151,0
2026-07-02 15:40:48.441096,1.932066,-5.744151,1.410120,-0.002971,1.418524,-0.002971,-5.744151,0
2026-07-02 15:40:48.443650,1.934645,-5.744151,1.415299,-0.002971,1.418524,-0.002971,-5.744151,0
2026-07-02 15:40:48.444424,1.936975,-5.738969,1.415299,-0.008152,1.413342,-0.008152,-5.738969,0
2026-07-02 15:40:48.448451,1.939361,-5.733788,1.415299,-0.002971,1.418524,-0.002971,-5.733788,0
2026-07-02 15:40:48.451900,1.941771,-5.754514,1.415299,-0.002971,1.418524,-0.002971,-5.754514,0
2026-07-02 15:40:48.453083,1.945593,-5.744151,1.415299,-0.002971,1.413342,-0.002971,-5.744151,0
2026-07-02 15:40:48.457090,1.948018,-5.754514,1.415299,-0.002971,1.413342,-0.002971,-5.754514,0
2026-07-02 15:40:48.460034,1.951146,-5.749332,1.415299,-0.002971,1.418524,-0.002971,-5.749332,0
2026-07-02 15:40:48.462124,1.953493,-5.738969,1.415299,-0.002971,1.413342,-0.002971,-5.738969,0
2026-07-02 15:40:48.464136,1.956135,-5.744151,1.415299,-0.002971,1.413342,-0.002971,-5.744151,0
2026-07-02 15:40:48.466146,1.958544,-5.749332,1.415299,-0.008152,1.413342,-0.008152,-5.749332,0
2026-07-02 15:40:48.469272,1.960935,-5.738969,1.415299,-0.002971,1.413342,-0.002971,-5.738969,0
2026-07-02 15:40:48.471284,1.963894,-5.744151,1.415299,-0.008152,1.413342,-0.008152,-5.744151,0
2026-07-02 15:40:48.475302,1.966312,-5.744151,1.415299,-0.008152,1.413342,-0.008152,-5.744151,0
2026-07-02 15:40:48.476165,1.968889,-5.738969,1.415299,-0.008152,1.413342,-0.008152,-5.738969,0
2026-07-02 15:40:48.480327,1.971432,-5.754514,1.415299,-0.002971,1.418524,-0.002971,-5.754514,0
2026-07-02 15:40:48.482336,1.973840,-5.744151,1.410120,-0.002971,1.418524,-0.002971,-5.744151,0
2026-07-02 15:40:48.484374,1.976257,-5.754514,1.415299,-0.002971,1.418524,-0.002971,-5.754514,0
2026-07-02 15:40:48.487524,1.978637,-5.744151,1.415299,-0.002971,1.413342,-0.002971,-5.744151,0
2026-07-02 15:40:48.489540,1.980990,-5.744151,1.415299,-0.002971,1.418524,-0.002971,-5.744151,0
2026-07-02 15:40:48.491551,1.983429,-5.738969,1.415299,-0.008152,1.413342,-0.008152,-5.738969,0
2026-07-02 15:40:48.491551,1.985873,-5.744151,1.415299,-0.008152,1.413342,-0.008152,-5.744151,0
2026-07-02 15:40:48.496507,1.988544,-5.744151,1.415299,-0.002971,1.413342,-0.002971,-5.744151,0
2026-07-02 15:40:48.501386,1.990939,-5.744151,1.415299,-0.002971,1.413342,-0.002971,-5.744151,0
2026-07-02 15:40:48.501990,1.994664,-5.744151,1.415299,-0.008152,1.418524,-0.008152,-5.744151,0
2026-07-02 15:40:48.504503,1.996985,-5.744151,1.415299,-0.002971,1.418524,-0.002971,-5.744151,0
2026-07-02 15:40:48.508526,1.999391,-5.744151,1.410120,-0.002971,1.418524,-0.002971,-5.744151,0
2026-07-02 15:40:48.510284,2.001809,-5.738969,1.415299,-0.008152,1.418524,-0.008152,-5.738969,0
2026-07-02 15:40:48.510284,2.004237,-5.738969,1.415299,-0.008152,1.418524,-0.008152,-5.738969,0
2026-07-02 15:40:48.510284,2.006753,-5.744151,1.415299,-0.008152,1.413342,-0.008152,-5.744151,0
2026-07-02 15:40:48.510284,2.009283,-5.738969,1.415299,-0.002971,1.413342,-0.002971,-5.738969,0
2026-07-02 15:40:48.520422,2.011811,-5.738969,1.415299,-0.008152,1.418524,-0.008152,-5.738969,0
2026-07-02 15:40:48.522484,2.014128,-5.744151,1.415299,-0.002971,1.418524,-0.002971,-5.744151,0
2026-07-02 15:40:48.524498,2.016496,-5.738969,1.415299,-0.002971,1.413342,-0.002971,-5.738969,0
2026-07-02 15:40:48.526512,2.019566,-5.744151,1.415299,-0.002971,1.418524,-0.002971,-5.744151,0
2026-07-02 15:40:48.530589,2.022124,-5.744151,1.415299,-0.008152,1.413342,-0.008152,-5.744151,0
2026-07-02 15:40:48.530589,2.024469,-5.744151,1.415299,-0.002971,1.413342,-0.002971,-5.744151,0
2026-07-02 15:40:48.530589,2.026823,-5.744151,1.415299,-0.002971,1.413342,-0.002971,-5.744151,0
2026-07-02 15:40:48.530589,2.029087,-5.749332,1.415299,-0.002971,1.413342,-0.002971,-5.749332,0
2026-07-02 15:40:48.530589,2.031353,-5.749332,1.415299,-0.002971,1.418524,-0.002971,-5.749332,0
2026-07-02 15:40:48.541861,2.033704,-5.738969,1.415299,-0.008152,1.413342,-0.008152,-5.738969,0
2026-07-02 15:40:48.544084,2.035930,-5.754514,1.415299,-0.002971,1.418524,-0.002971,-5.754514,0
2026-07-02 15:40:48.546087,2.038237,-5.744151,1.415299,-0.002971,1.413342,-0.002971,-5.744151,0
2026-07-02 15:40:48.548094,2.040489,-5.744151,1.415299,-0.002971,1.418524,-0.002971,-5.744151,0
2026-07-02 15:40:48.551100,2.042704,-5.754514,1.415299,-0.002971,1.413342,-0.002971,-5.754514,0
2026-07-02 15:40:48.553104,2.045422,-5.744151,1.415299,-0.002971,1.413342,-0.002971,-5.744151,0
2026-07-02 15:40:48.555109,2.047666,-5.754514,1.415299,-0.002971,1.413342,-0.002971,-5.754514,0
2026-07-02 15:40:48.557112,2.049924,-5.754514,1.415299,-0.002971,1.413342,-0.002971,-5.754514,0
2026-07-02 15:40:48.561124,2.052160,-5.744151,1.415299,-0.002971,1.418524,-0.002971,-5.744151,0
2026-07-02 15:40:48.563127,2.054860,-5.754514,1.415299,-0.002971,1.413342,-0.002971,-5.754514,0
2026-07-02 15:40:48.565130,2.057113,-5.749332,1.415299,-0.002971,1.413342,-0.002971,-5.749332,0
2026-07-02 15:40:48.567134,2.059338,-5.744151,1.410120,-0.008152,1.413342,-0.008152,-5.744151,0
2026-07-02 15:40:48.569137,2.061621,-5.744151,1.415299,-0.002971,1.413342,-0.002971,-5.744151,0
2026-07-02 15:40:48.571139,2.063879,-5.744151,1.415299,-0.008152,1.413342,-0.008152,-5.744151,0
2026-07-02 15:40:48.573142,2.066118,-5.738969,1.415299,-0.008152,1.418524,-0.008152,-5.738969,0
2026-07-02 15:40:48.573142,2.068483,-5.754514,1.420479,-0.002971,1.413342,-0.002971,-5.754514,0
2026-07-02 15:40:48.578582,2.070889,-5.749332,1.415299,-0.002971,1.413342,-0.002971,-5.749332,0
2026-07-02 15:40:48.586770,2.073335,-5.749332,1.415299,-0.002971,1.413342,-0.002971,-5.749332,0
2026-07-02 15:40:48.588786,2.080342,-5.749332,1.415299,-0.002971,1.413342,-0.002971,-5.749332,0
2026-07-02 15:40:48.593610,2.082816,-5.749332,1.410120,-0.002971,1.418524,-0.002971,-5.749332,0
2026-07-02 15:40:48.594524,2.086860,-5.749332,1.415299,-0.002971,1.413342,-0.002971,-5.749332,0
2026-07-02 15:40:48.598516,2.089400,-5.744151,1.415299,-0.002971,1.413342,-0.002971,-5.744151,0
2026-07-02 15:40:48.600497,2.091890,-5.749332,1.415299,-0.002971,1.413342,-0.002971,-5.749332,0
2026-07-02 15:40:48.603183,2.094299,-5.749332,1.415299,-0.002971,1.418524,-0.002971,-5.749332,0
2026-07-02 15:40:48.605198,2.096890,-5.744151,1.415299,-0.002971,1.413342,-0.002971,-5.744151,0
2026-07-02 15:40:48.608834,2.099305,-5.749332,1.415299,-0.002971,1.418524,-0.002971,-5.749332,0
2026-07-02 15:40:48.610026,2.102060,-5.744151,1.415299,-0.002971,1.413342,-0.002971,-5.744151,0
2026-07-02 15:40:48.612045,2.104493,-5.749332,1.415299,-0.002971,1.418524,-0.002971,-5.749332,0
2026-07-02 15:40:48.616068,2.106915,-5.744151,1.415299,-0.002971,1.418524,-0.002971,-5.744151,0
2026-07-02 15:40:48.616068,2.109329,-5.744151,1.415299,-0.002971,1.418524,-0.002971,-5.744151,0
2026-07-02 15:40:48.621708,2.111835,-5.744151,1.415299,-0.002971,1.418524,-0.002971,-5.744151,0
2026-07-02 15:40:48.624349,2.115223,-5.744151,1.415299,-0.002971,1.413342,-0.002971,-5.744151,0
2026-07-02 15:40:48.626710,2.117812,-5.744151,1.415299,-0.002971,1.413342,-0.002971,-5.744151,0
2026-07-02 15:40:48.629588,2.120269,-5.738969,1.415299,-0.008152,1.413342,-0.008152,-5.738969,0
2026-07-02 15:40:48.633293,2.122828,-5.744151,1.415299,-0.002971,1.413342,-0.002971,-5.744151,0
2026-07-02 15:40:48.634353,2.126648,-5.744151,1.410120,-0.002971,1.413342,-0.002971,-5.744151,0
2026-07-02 15:40:48.634353,2.128910,-5.733788,1.415299,-0.002971,1.413342,-0.002971,-5.733788,0
2026-07-02 15:40:48.639647,2.131173,-5.744151,1.415299,-0.002971,1.418524,-0.002971,-5.744151,0
2026-07-02 15:40:48.639647,2.133409,-5.754514,1.415299,-0.002971,1.418524,-0.002971,-5.754514,0
2026-07-02 15:40:48.639647,2.135597,-5.744151,1.415299,-0.002971,1.413342,-0.002971,-5.744151,0
2026-07-02 15:40:48.639647,2.137851,-5.754514,1.415299,-0.002971,1.418524,-0.002971,-5.754514,0
2026-07-02 15:40:48.639647,2.140112,-5.749332,1.415299,-0.002971,1.418524,-0.002971,-5.749332,0
2026-07-02 15:40:48.649846,2.142333,-5.744151,1.410120,-0.002971,1.413342,-0.002971,-5.744151,0
2026-07-02 15:40:48.649846,2.144653,-5.749332,1.415299,-0.002971,1.418524,-0.002971,-5.749332,0
2026-07-02 15:40:48.656001,2.146995,-5.749332,1.415299,-0.002971,1.413342,-0.002971,-5.749332,0
2026-07-02 15:40:48.656001,2.149437,-5.738969,1.415299,-0.002971,1.413342,-0.002971,-5.738969,0
2026-07-02 15:40:48.660171,2.151726,-5.744151,1.415299,-0.002971,1.413342,-0.002971,-5.744151,0
2026-07-02 15:40:48.660171,2.153960,-5.749332,1.415299,-0.002971,1.413342,-0.002971,-5.749332,0
2026-07-02 15:40:48.660171,2.156354,-5.744151,1.415299,-0.002971,1.413342,-0.002971,-5.744151,0
2026-07-02 15:40:48.660171,2.158621,-5.744151,1.415299,-0.002971,1.413342,-0.002971,-5.744151,0
2026-07-02 15:40:48.668325,2.160976,-5.749332,1.415299,-0.008152,1.418524,-0.008152,-5.749332,0
2026-07-02 15:40:48.670333,2.163223,-5.744151,1.415299,-0.008152,1.413342,-0.008152,-5.744151,0
2026-07-02 15:40:48.674352,2.165488,-5.744151,1.415299,-0.002971,1.413342,-0.002971,-5.744151,0
2026-07-02 15:40:48.674352,2.167743,-5.738969,1.415299,-0.002971,1.413342,-0.002971,-5.738969,0
2026-07-02 15:40:48.677721,2.169971,-5.744151,1.415299,-0.008152,1.418524,-0.008152,-5.744151,0
2026-07-02 15:40:48.679851,2.172238,-5.738969,1.415299,-0.002971,1.418524,-0.002971,-5.738969,0
2026-07-02 15:40:48.681864,2.174512,-5.744151,1.415299,-0.002971,1.413342,-0.002971,-5.744151,0
2026-07-02 15:40:48.685883,2.176819,-5.749332,1.415299,-0.002971,1.413342,-0.002971,-5.749332,0
2026-07-02 15:40:48.685883,2.179102,-5.744151,1.415299,-0.002971,1.413342,-0.002971,-5.744151,0
2026-07-02 15:40:48.690117,2.181431,-5.744151,1.420479,-0.002971,1.413342,-0.002971,-5.744151,0
2026-07-02 15:40:48.692132,2.183776,-5.744151,1.415299,-0.002971,1.413342,-0.002971,-5.744151,0
2026-07-02 15:40:48.694149,2.186015,-5.749332,1.415299,-0.002971,1.418524,-0.002971,-5.749332,0
2026-07-02 15:40:48.696585,2.188425,-5.744151,1.415299,-0.002971,1.418524,-0.002971,-5.744151,0
2026-07-02 15:40:48.696585,2.190840,-5.738969,1.415299,-0.008152,1.418524,-0.008152,-5.738969,0
2026-07-02 15:40:48.701586,2.193089,-5.738969,1.415299,-0.002971,1.413342,-0.002971,-5.738969,0
2026-07-02 15:40:48.703596,2.195335,-5.744151,1.415299,-0.008152,1.413342,-0.008152,-5.744151,0
2026-07-02 15:40:48.705610,2.197624,-5.744151,1.410120,-0.002971,1.418524,-0.002971,-5.744151,0
2026-07-02 15:40:48.707623,2.199866,-5.749332,1.410120,-0.002971,1.413342,-0.002971,-5.749332,0
2026-07-02 15:40:48.710647,2.202108,-5.749332,1.415299,-0.008152,1.418524,-0.008152,-5.749332,0
2026-07-02 15:40:48.712660,2.204309,-5.744151,1.415299,-0.002971,1.413342,-0.002971,-5.744151,0
2026-07-02 15:40:48.714675,2.206629,-5.738969,1.415299,-0.002971,1.413342,-0.002971,-5.738969,0
2026-07-02 15:40:48.716688,2.208878,-5.744151,1.410120,-0.002971,1.413342,-0.002971,-5.744151,0
2026-07-02 15:40:48.716688,2.211084,-5.754514,1.415299,-0.002971,1.413342,-0.002971,-5.754514,0
2026-07-02 15:40:48.720791,2.213345,-5.744151,1.415299,-0.002971,1.418524,-0.002971,-5.744151,0
2026-07-02 15:40:48.720791,2.215640,-5.749332,1.410120,-0.008152,1.413342,-0.008152,-5.749332,0
2026-07-02 15:40:48.720791,2.217881,-5.744151,1.415299,-0.002971,1.413342,-0.002971,-5.744151,0
2026-07-02 15:40:48.726942,2.220146,-5.749332,1.415299,-0.002971,1.413342,-0.002971,-5.749332,0
2026-07-02 15:40:48.737211,2.222470,-5.744151,1.420479,-0.002971,1.413342,-0.002971,-5.744151,0
2026-07-02 15:40:48.740878,2.231161,-5.749332,1.415299,-0.002971,1.413342,-0.002971,-5.749332,0
2026-07-02 15:40:48.744295,2.234766,-5.744151,1.415299,-0.002971,1.413342,-0.002971,-5.744151,0
2026-07-02 15:40:48.748312,2.238584,-5.744151,1.415299,-0.002971,1.413342,-0.002971,-5.744151,0
2026-07-02 15:40:48.752737,2.242614,-5.754514,1.415299,-0.002971,1.418524,-0.002971,-5.754514,0
2026-07-02 15:40:48.756679,2.246583,-5.744151,1.415299,-0.002971,1.413342,-0.002971,-5.744151,0
2026-07-02 15:40:48.757561,2.249991,-5.744151,1.415299,-0.002971,1.413342,-0.002971,-5.744151,0
2026-07-02 15:40:48.760078,2.252570,-5.749332,1.415299,-0.002971,1.418524,-0.002971,-5.749332,0
2026-07-02 15:40:48.765888,2.255453,-5.744151,1.415299,-0.002971,1.413342,-0.002971,-5.744151,0
2026-07-02 15:40:48.769625,2.259304,-5.744151,1.415299,-0.002971,1.413342,-0.002971,-5.744151,0
2026-07-02 15:40:48.772859,2.263318,-5.744151,1.415299,-0.002971,1.418524,-0.002971,-5.744151,0
2026-07-02 15:40:48.776122,2.267370,-5.744151,1.415299,-0.002971,1.413342,-0.002971,-5.744151,0
2026-07-02 15:40:48.779339,2.269770,-5.744151,1.415299,-0.002971,1.413342,-0.002971,-5.744151,0
2026-07-02 15:40:48.784598,2.274394,-5.744151,1.415299,-0.002971,1.413342,-0.002971,-5.744151,0
2026-07-02 15:40:48.787920,2.278363,-5.738969,1.415299,-0.002971,1.418524,-0.002971,-5.738969,0
2026-07-02 15:40:48.795713,2.282424,-5.738969,1.415299,-0.008152,1.413342,-0.008152,-5.738969,0
2026-07-02 15:40:48.798525,2.289033,-5.749332,1.415299,-0.002971,1.418524,-0.002971,-5.749332,0
2026-07-02 15:40:48.803477,2.293234,-5.754514,1.415299,-0.002971,1.418524,-0.002971,-5.754514,0
2026-07-02 15:40:48.807224,2.297715,-5.744151,1.415299,-0.002971,1.413342,-0.002971,-5.744151,0
2026-07-02 15:40:48.811244,2.301773,-5.744151,1.415299,-0.002971,1.418524,-0.002971,-5.744151,0
2026-07-02 15:40:48.815706,2.304794,-5.749332,1.415299,-0.002971,1.413342,-0.002971,-5.749332,0
2026-07-02 15:40:48.820222,2.310530,-5.738969,1.420479,-0.002971,1.418524,-0.002971,-5.738969,0
2026-07-02 15:40:48.829996,2.315124,-5.754514,1.415299,-0.002971,1.418524,-0.002971,-5.754514,0
2026-07-02 15:40:48.834896,2.323373,-5.744151,1.415299,-0.002971,1.418524,-0.002971,-5.744151,0
2026-07-02 15:40:48.837662,2.328184,-5.744151,1.415299,-0.002971,1.418524,-0.002971,-5.744151,0
2026-07-02 15:40:48.845813,2.332771,-5.744151,1.415299,-0.002971,1.418524,-0.002971,-5.744151,0
2026-07-02 15:40:48.845813,2.339088,-5.744151,1.415299,-0.002971,1.418524,-0.002971,-5.744151,0
2026-07-02 15:40:48.845813,2.341380,-5.749332,1.415299,-0.002971,1.413342,-0.002971,-5.749332,0
2026-07-02 15:40:48.852643,2.343946,-5.744151,1.420479,-0.002971,1.418524,-0.002971,-5.744151,0
2026-07-02 15:40:48.852643,2.346167,-5.744151,1.415299,-0.008152,1.418524,-0.008152,-5.744151,0
2026-07-02 15:40:48.852643,2.348534,-5.744151,1.415299,-0.002971,1.413342,-0.002971,-5.744151,0
2026-07-02 15:40:48.852643,2.350764,-5.754514,1.415299,-0.002971,1.413342,-0.002971,-5.754514,0
2026-07-02 15:40:48.852643,2.353007,-5.749332,1.415299,-0.002971,1.413342,-0.002971,-5.749332,0
2026-07-02 15:40:48.873441,2.360603,-5.738969,1.415299,-0.002971,1.413342,-0.002971,-5.738969,0
2026-07-02 15:40:48.878862,2.367303,-5.744151,1.410120,-0.002971,1.413342,-0.002971,-5.744151,0
2026-07-02 15:40:48.886774,2.372958,-5.744151,1.410120,-0.002971,1.418524,-0.002971,-5.744151,0
2026-07-02 15:40:48.887563,2.380019,-5.749332,1.415299,-0.002971,1.413342,-0.002971,-5.749332,0
2026-07-02 15:40:48.891047,2.382289,-5.744151,1.415299,-0.008152,1.413342,-0.008152,-5.744151,0
2026-07-02 15:40:48.894063,2.384565,-5.744151,1.415299,-0.002971,1.418524,-0.002971,-5.744151,0
2026-07-02 15:40:48.897196,2.388082,-5.744151,1.415299,-0.002971,1.418524,-0.002971,-5.744151,0
2026-07-02 15:40:48.901265,2.392123,-5.738969,1.415299,-0.008152,1.413342,-0.008152,-5.738969,0
2026-07-02 15:40:48.902844,2.394602,-5.744151,1.415299,-0.002971,1.413342,-0.002971,-5.744151,0
2026-07-02 15:40:48.904191,2.396936,-5.744151,1.415299,-0.002971,1.413342,-0.002971,-5.744151,0
2026-07-02 15:40:48.907712,2.399340,-5.744151,1.415299,-0.002971,1.418524,-0.002971,-5.744151,0
2026-07-02 15:40:48.910231,2.401828,-5.744151,1.415299,-0.002971,1.413342,-0.002971,-5.744151,0
2026-07-02 15:40:48.912751,2.404248,-5.749332,1.410120,-0.002971,1.418524,-0.002971,-5.749332,0
2026-07-02 15:40:48.914262,2.406604,-5.744151,1.415299,-0.002971,1.418524,-0.002971,-5.744151,0
2026-07-02 15:40:48.917954,2.409034,-5.744151,1.415299,-0.002971,1.413342,-0.002971,-5.744151,0
2026-07-02 15:40:48.920563,2.411319,-5.749332,1.415299,-0.002971,1.413342,-0.002971,-5.749332,0
2026-07-02 15:40:48.922949,2.413797,-5.744151,1.415299,-0.002971,1.418524,-0.002971,-5.744151,0
2026-07-02 15:40:48.925968,2.416309,-5.744151,1.410120,-0.002971,1.418524,-0.002971,-5.744151,0
2026-07-02 15:40:48.926599,2.419305,-5.744151,1.415299,-0.002971,1.413342,-0.002971,-5.744151,0
2026-07-02 15:40:48.929427,2.421713,-5.744151,1.415299,-0.002971,1.413342,-0.002971,-5.744151,0
2026-07-02 15:40:48.932974,2.424195,-5.749332,1.415299,-0.002971,1.418524,-0.002971,-5.749332,0
2026-07-02 15:40:48.935811,2.426704,-5.749332,1.415299,-0.002971,1.413342,-0.002971,-5.749332,0
2026-07-02 15:40:48.935811,2.429095,-5.744151,1.415299,-0.008152,1.413342,-0.008152,-5.744151,0
2026-07-02 15:40:48.935811,2.431337,-5.749332,1.415299,-0.002971,1.413342,-0.002971,-5.749332,0
2026-07-02 15:40:48.935811,2.433601,-5.738969,1.415299,-0.002971,1.418524,-0.002971,-5.738969,0
2026-07-02 15:40:48.943165,2.435922,-5.744151,1.415299,-0.008152,1.413342,-0.008152,-5.744151,0
2026-07-02 15:40:48.945174,2.438260,-5.744151,1.415299,-0.002971,1.413342,-0.002971,-5.744151,0
2026-07-02 15:40:48.945174,2.440672,-5.744151,1.415299,-0.008152,1.413342,-0.008152,-5.744151,0
2026-07-02 15:40:48.945174,2.442907,-5.738969,1.415299,-0.008152,1.418524,-0.008152,-5.738969,0
2026-07-02 15:40:48.953588,2.445117,-5.749332,1.415299,-0.002971,1.413342,-0.002971,-5.749332,0
2026-07-02 15:40:48.953588,2.447486,-5.749332,1.415299,-0.002971,1.413342,-0.002971,-5.749332,0
2026-07-02 15:40:48.953588,2.449736,-5.744151,1.415299,-0.002971,1.413342,-0.002971,-5.744151,0
2026-07-02 15:40:48.953588,2.452229,-5.744151,1.415299,-0.002971,1.413342,-0.002971,-5.744151,0
2026-07-02 15:40:48.953588,2.454456,-5.749332,1.415299,-0.008152,1.413342,-0.008152,-5.749332,0
2026-07-02 15:40:48.967803,2.456678,-5.744151,1.415299,-0.002971,1.418524,-0.002971,-5.744151,0
2026-07-02 15:40:48.970660,2.461655,-5.749332,1.415299,-0.002971,1.418524,-0.002971,-5.749332,0
2026-07-02 15:40:48.970660,2.463999,-5.749332,1.415299,-0.002971,1.418524,-0.002971,-5.749332,0
2026-07-02 15:40:48.974758,2.466261,-5.749332,1.415299,-0.002971,1.413342,-0.002971,-5.749332,0
2026-07-02 15:40:48.977928,2.468981,-5.738969,1.415299,-0.008152,1.418524,-0.008152,-5.738969,0
2026-07-02 15:40:48.977928,2.471348,-5.754514,1.415299,-0.002971,1.413342,-0.002971,-5.754514,0
2026-07-02 15:40:48.977928,2.473621,-5.744151,1.415299,-0.002971,1.413342,-0.002971,-5.744151,0
2026-07-02 15:40:48.984190,2.475851,-5.749332,1.415299,-0.002971,1.413342,-0.002971,-5.749332,0
2026-07-02 15:40:48.984190,2.478091,-5.744151,1.415299,-0.002971,1.413342,-0.002971,-5.744151,0
2026-07-02 15:40:48.984190,2.480329,-5.744151,1.415299,-0.002971,1.413342,-0.002971,-5.744151,0
2026-07-02 15:40:48.984190,2.482607,-5.744151,1.415299,-0.002971,1.413342,-0.002971,-5.744151,0
2026-07-02 15:40:48.993620,2.484818,-5.744151,1.415299,-0.002971,1.413342,-0.002971,-5.744151,0
2026-07-02 15:40:48.999379,2.487264,-5.744151,1.415299,-0.008152,1.418524,-0.008152,-5.744151,0
2026-07-02 15:40:49.001197,2.492702,-5.749332,1.415299,-0.002971,1.418524,-0.002971,-5.749332,0
2026-07-02 15:40:49.001197,2.495023,-5.744151,1.415299,-0.002971,1.413342,-0.002971,-5.744151,0
2026-07-02 15:40:49.004700,2.497294,-5.744151,1.415299,-0.002971,1.413342,-0.002971,-5.744151,0
2026-07-02 15:40:49.007543,2.499556,-5.749332,1.415299,-0.002971,1.418524,-0.002971,-5.749332,0
2026-07-02 15:40:49.010394,2.502367,-5.744151,1.415299,-0.008152,1.418524,-0.008152,-5.744151,0
2026-07-02 15:40:49.010394,2.504668,-5.744151,1.415299,-0.002971,1.413342,-0.002971,-5.744151,0
2026-07-02 15:40:49.014932,2.507021,-5.744151,1.415299,-0.002971,1.413342,-0.002971,-5.744151,0
2026-07-02 15:40:49.014932,2.509316,-5.749332,1.415299,-0.008152,1.418524,-0.008152,-5.749332,0
2026-07-02 15:40:49.018613,2.511633,-5.738969,1.415299,-0.002971,1.413342,-0.002971,-5.738969,0
2026-07-02 15:40:49.018613,2.514046,-5.744151,1.415299,-0.002971,1.413342,-0.002971,-5.744151,0
2026-07-02 15:40:49.030327,2.516276,-5.744151,1.415299,-0.002971,1.418524,-0.002971,-5.744151,0
2026-07-02 15:40:49.032335,2.524303,-5.749332,1.415299,-0.002971,1.418524,-0.002971,-5.749332,0
2026-07-02 15:40:49.039290,2.527285,-5.744151,1.415299,-0.002971,1.418524,-0.002971,-5.744151,0
2026-07-02 15:40:49.043299,2.533055,-5.744151,1.415299,0.002211,1.413342,0.002211,-5.744151,0
2026-07-02 15:40:49.047308,2.537689,-5.744151,1.415299,-0.002971,1.413342,-0.002971,-5.744151,0
2026-07-02 15:40:49.053323,2.541060,-5.738969,1.415299,-0.008152,1.413342,-0.008152,-5.738969,0
2026-07-02 15:40:49.056049,2.546796,-5.744151,1.415299,-0.002971,1.418524,-0.002971,-5.744151,0
2026-07-02 15:40:49.059892,2.549282,-5.744151,1.415299,-0.002971,1.413342,-0.002971,-5.744151,0
2026-07-02 15:40:49.063027,2.553554,-5.744151,1.415299,-0.002971,1.418524,-0.002971,-5.744151,0
2026-07-02 15:40:49.069046,2.557520,-5.749332,1.415299,-0.002971,1.413342,-0.002971,-5.749332,0
2026-07-02 15:40:49.077202,2.562456,-5.744151,1.415299,-0.008152,1.418524,-0.008152,-5.744151,0
2026-07-02 15:40:49.077958,2.570455,-5.738969,1.415299,-0.008152,1.413342,-0.008152,-5.738969,0
2026-07-02 15:40:49.077958,2.572707,-5.754514,1.415299,-0.002971,1.418524,-0.002971,-5.754514,0
2026-07-02 15:40:49.077958,2.575154,-5.738969,1.415299,-0.008152,1.413342,-0.008152,-5.738969,0
2026-07-02 15:40:49.086370,2.577522,-5.754514,1.415299,-0.002971,1.413342,-0.002971,-5.754514,0
2026-07-02 15:40:49.087675,2.579912,-5.744151,1.415299,-0.002971,1.418524,-0.002971,-5.744151,0
2026-07-02 15:40:49.089691,2.582293,-5.754514,1.415299,-0.002971,1.418524,-0.002971,-5.754514,0
2026-07-02 15:40:49.091702,2.584724,-5.744151,1.415299,-0.008152,1.418524,-0.008152,-5.744151,0
2026-07-02 15:40:49.095909,2.587241,-5.744151,1.410120,-0.002971,1.418524,-0.002971,-5.744151,0
2026-07-02 15:40:49.098945,2.589780,-5.744151,1.420479,-0.002971,1.413342,-0.002971,-5.744151,0
2026-07-02 15:40:49.100959,2.592226,-5.749332,1.415299,-0.002971,1.418524,-0.002971,-5.749332,0
2026-07-02 15:40:49.101967,2.594723,-5.749332,1.415299,-0.002971,1.418524,-0.002971,-5.749332,0
2026-07-02 15:40:49.105997,2.597109,-5.749332,1.415299,-0.008152,1.413342,-0.008152,-5.749332,0
2026-07-02 15:40:49.108214,2.599529,-5.749332,1.415299,-0.008152,1.413342,-0.008152,-5.749332,0
2026-07-02 15:40:49.109583,2.601944,-5.749332,1.415299,-0.002971,1.413342,-0.002971,-5.749332,0
2026-07-02 15:40:49.111593,2.604341,-5.738969,1.415299,-0.002971,1.418524,-0.002971,-5.738969,0
2026-07-02 15:40:49.114530,2.606705,-5.744151,1.415299,-0.008152,1.418524,-0.008152,-5.744151,0
2026-07-02 15:40:49.118824,2.609173,-5.744151,1.415299,-0.002971,1.413342,-0.002971,-5.744151,0
2026-07-02 15:40:49.120830,2.612861,-5.744151,1.415299,-0.002971,1.413342,-0.002971,-5.744151,0
2026-07-02 15:40:49.122836,2.615189,-5.744151,1.415299,-0.002971,1.418524,-0.002971,-5.744151,0
2026-07-02 15:40:49.127222,2.617693,-5.744151,1.415299,-0.002971,1.418524,-0.002971,-5.744151,0
2026-07-02 15:40:49.127222,2.620982,-5.749332,1.420479,-0.002971,1.418524,-0.002971,-5.749332,0
2026-07-02 15:40:49.127222,2.623243,-5.744151,1.415299,-0.002971,1.418524,-0.002971,-5.744151,0
2026-07-02 15:40:49.134229,2.625455,-5.744151,1.415299,-0.002971,1.418524,-0.002971,-5.744151,0
2026-07-02 15:40:49.136475,2.627807,-5.744151,1.415299,-0.002971,1.418524,-0.002971,-5.744151,0
2026-07-02 15:40:49.136475,2.630160,-5.738969,1.415299,-0.002971,1.418524,-0.002971,-5.738969,0
2026-07-02 15:40:49.136475,2.632421,-5.744151,1.415299,-0.002971,1.418524,-0.002971,-5.744151,0
2026-07-02 15:40:49.143620,2.634629,-5.744151,1.415299,-0.002971,1.413342,-0.002971,-5.744151,0
2026-07-02 15:40:49.143620,2.637040,-5.744151,1.415299,-0.002971,1.413342,-0.002971,-5.744151,0
2026-07-02 15:40:49.148854,2.639349,-5.744151,1.415299,-0.008152,1.413342,-0.008152,-5.744151,0
2026-07-02 15:40:49.153662,2.643963,-5.738969,1.415299,-0.002971,1.413342,-0.002971,-5.738969,0
2026-07-02 15:40:49.153662,2.647283,-5.744151,1.415299,-0.002971,1.418524,-0.002971,-5.744151,0
2026-07-02 15:40:49.157651,2.649748,-5.749332,1.415299,-0.002971,1.413342,-0.002971,-5.749332,0
2026-07-02 15:40:49.160167,2.652388,-5.744151,1.415299,-0.002971,1.413342,-0.002971,-5.744151,0
2026-07-02 15:40:49.160167,2.654661,-5.754514,1.415299,-0.002971,1.418524,-0.002971,-5.754514,0
2026-07-02 15:40:49.160167,2.656958,-5.738969,1.415299,-0.008152,1.418524,-0.008152,-5.738969,0
2026-07-02 15:40:49.167014,2.659176,-5.744151,1.415299,0.002211,1.418524,0.002211,-5.744151,0
2026-07-02 15:40:49.167014,2.661384,-5.738969,1.415299,-0.002971,1.418524,-0.002971,-5.738969,0
2026-07-02 15:40:49.167014,2.663638,-5.754514,1.415299,-0.002971,1.413342,-0.002971,-5.754514,0
2026-07-02 15:40:49.167014,2.665857,-5.749332,1.415299,-0.008152,1.413342,-0.008152,-5.749332,0
2026-07-02 15:40:49.176438,2.668080,-5.744151,1.415299,-0.002971,1.413342,-0.002971,-5.744151,0
2026-07-02 15:40:49.180002,2.670284,-5.744151,1.415299,-0.002971,1.418524,-0.002971,-5.744151,0
2026-07-02 15:40:49.182921,2.673343,-5.744151,1.415299,-0.002971,1.418524,-0.002971,-5.744151,0
2026-07-02 15:40:49.184929,2.677251,-5.744151,1.410120,-0.002971,1.418524,-0.002971,-5.744151,0
2026-07-02 15:40:49.187774,2.679504,-5.744151,1.415299,-0.002971,1.413342,-0.002971,-5.744151,0
2026-07-02 15:40:49.189696,2.682078,-5.749332,1.415299,-0.002971,1.418524,-0.002971,-5.749332,0
2026-07-02 15:40:49.189696,2.684346,-5.738969,1.415299,-0.008152,1.413342,-0.008152,-5.738969,0
2026-07-02 15:40:49.189696,2.686732,-5.733788,1.415299,-0.002971,1.413342,-0.002971,-5.733788,0
2026-07-02 15:40:49.197305,2.688967,-5.738969,1.415299,-0.008152,1.418524,-0.008152,-5.738969,0
2026-07-02 15:40:49.200527,2.691242,-5.744151,1.415299,-0.002971,1.418524,-0.002971,-5.744151,0
2026-07-02 15:40:49.202454,2.694204,-5.744151,1.415299,-0.002971,1.418524,-0.002971,-5.744151,0
2026-07-02 15:40:49.202454,2.696566,-5.738969,1.415299,-0.008152,1.413342,-0.008152,-5.738969,0
2026-07-02 15:40:49.209444,2.698818,-5.744151,1.415299,-0.002971,1.418524,-0.002971,-5.744151,0
2026-07-02 15:40:49.213020,2.702812,-5.744151,1.415299,-0.002971,1.413342,-0.002971,-5.744151,0
2026-07-02 15:40:49.214071,2.706423,-5.744151,1.415299,-0.002971,1.413342,-0.002971,-5.744151,0
2026-07-02 15:40:49.216582,2.708784,-5.738969,1.415299,-0.002971,1.413342,-0.002971,-5.738969,0
2026-07-02 15:40:49.218836,2.711006,-5.744151,1.415299,-0.002971,1.413342,-0.002971,-5.744151,0
2026-07-02 15:40:49.218836,2.713353,-5.749332,1.415299,-0.002971,1.418524,-0.002971,-5.749332,0
2026-07-02 15:40:49.218836,2.715621,-5.744151,1.415299,-0.002971,1.413342,-0.002971,-5.744151,0
2026-07-02 15:40:49.218836,2.717831,-5.738969,1.415299,-0.002971,1.413342,-0.002971,-5.738969,0
2026-07-02 15:40:49.228382,2.720156,-5.744151,1.415299,-0.008152,1.413342,-0.008152,-5.744151,0
2026-07-02 15:40:49.228382,2.722499,-5.744151,1.410120,-0.002971,1.418524,-0.002971,-5.744151,0
2026-07-02 15:40:49.228382,2.724740,-5.744151,1.415299,-0.002971,1.413342,-0.002971,-5.744151,0
2026-07-02 15:40:49.234566,2.727282,-5.738969,1.415299,-0.002971,1.413342,-0.002971,-5.738969,0
2026-07-02 15:40:49.241195,2.729632,-5.744151,1.415299,-0.002971,1.418524,-0.002971,-5.744151,0
2026-07-02 15:40:49.244389,2.734443,-5.749332,1.415299,-0.002971,1.413342,-0.002971,-5.749332,0
2026-07-02 15:40:49.244389,2.737906,-5.744151,1.415299,-0.002971,1.418524,-0.002971,-5.744151,0
2026-07-02 15:40:49.248500,2.740153,-5.744151,1.415299,-0.008152,1.418524,-0.008152,-5.744151,0
2026-07-02 15:40:49.248500,2.742354,-5.749332,1.415299,-0.002971,1.418524,-0.002971,-5.749332,0
2026-07-02 15:40:49.248500,2.744569,-5.744151,1.415299,-0.002971,1.418524,-0.002971,-5.744151,0
2026-07-02 15:40:49.248500,2.746880,-5.744151,1.415299,-0.002971,1.413342,-0.002971,-5.744151,0
2026-07-02 15:40:49.248500,2.749106,-5.744151,1.415299,-0.002971,1.413342,-0.002971,-5.744151,0
2026-07-02 15:40:49.259791,2.751326,-5.738969,1.415299,-0.002971,1.418524,-0.002971,-5.738969,0
2026-07-02 15:40:49.259791,2.753626,-5.744151,1.415299,-0.002971,1.413342,-0.002971,-5.744151,0
2026-07-02 15:40:49.259791,2.755862,-5.744151,1.415299,-0.002971,1.413342,-0.002971,-5.744151,0
2026-07-02 15:40:49.259791,2.758074,-5.744151,1.415299,-0.008152,1.418524,-0.008152,-5.744151,0
2026-07-02 15:40:49.272310,2.760654,-5.754514,1.415299,-0.002971,1.413342,-0.002971,-5.754514,0
2026-07-02 15:40:49.273213,2.765632,-5.749332,1.410120,-0.002971,1.413342,-0.002971,-5.749332,0
2026-07-02 15:40:49.273213,2.767918,-5.738969,1.415299,-0.008152,1.413342,-0.008152,-5.738969,0
2026-07-02 15:40:49.282251,2.770209,-5.749332,1.415299,-0.002971,1.418524,-0.002971,-5.749332,0
2026-07-02 15:40:49.282251,2.775960,-5.754514,1.415299,-0.008152,1.418524,-0.008152,-5.754514,0
2026-07-02 15:40:49.282251,2.778235,-5.749332,1.415299,-0.002971,1.413342,-0.002971,-5.749332,0
2026-07-02 15:40:49.289603,2.780518,-5.744151,1.415299,-0.008152,1.413342,-0.008152,-5.744151,0
2026-07-02 15:40:49.290983,2.783355,-5.744151,1.415299,-0.002971,1.418524,-0.002971,-5.744151,0
2026-07-02 15:40:49.290983,2.785688,-5.744151,1.415299,-0.002971,1.413342,-0.002971,-5.744151,0
2026-07-02 15:40:49.290983,2.787936,-5.738969,1.415299,-0.002971,1.413342,-0.002971,-5.738969,0
2026-07-02 15:40:49.299140,2.790271,-5.744151,1.415299,-0.002971,1.413342,-0.002971,-5.744151,0
2026-07-02 15:40:49.300231,2.792610,-5.744151,1.415299,-0.002971,1.413342,-0.002971,-5.744151,0
2026-07-02 15:40:49.300231,2.794902,-5.744151,1.415299,-0.002971,1.413342,-0.002971,-5.744151,0
2026-07-02 15:40:49.300231,2.797140,-5.749332,1.415299,-0.002971,1.413342,-0.002971,-5.749332,0
2026-07-02 15:40:49.300231,2.799361,-5.744151,1.415299,-0.002971,1.413342,-0.002971,-5.744151,0
2026-07-02 15:40:49.313651,2.801627,-5.738969,1.415299,-0.008152,1.413342,-0.008152,-5.738969,0
2026-07-02 15:40:49.314661,2.807194,-5.744151,1.415299,-0.002971,1.418524,-0.002971,-5.744151,0
2026-07-02 15:40:49.318120,2.809648,-5.744151,1.415299,-0.002971,1.413342,-0.002971,-5.744151,0
2026-07-02 15:40:49.319819,2.811845,-5.749332,1.415299,-0.002971,1.418524,-0.002971,-5.749332,0
2026-07-02 15:40:49.319819,2.814049,-5.738969,1.415299,-0.008152,1.413342,-0.008152,-5.738969,0
2026-07-02 15:40:49.319819,2.816282,-5.744151,1.415299,-0.002971,1.413342,-0.002971,-5.744151,0
2026-07-02 15:40:49.327457,2.819257,-5.738969,1.415299,-0.002971,1.413342,-0.002971,-5.738969,0
2026-07-02 15:40:49.330301,2.821629,-5.738969,1.415299,-0.002971,1.418524,-0.002971,-5.738969,0
2026-07-02 15:40:49.330301,2.823885,-5.744151,1.415299,-0.002971,1.418524,-0.002971,-5.744151,0
2026-07-02 15:40:49.330301,2.826103,-5.749332,1.415299,-0.002971,1.413342,-0.002971,-5.749332,0
2026-07-02 15:40:49.335282,2.828368,-5.754514,1.415299,-0.002971,1.413342,-0.002971,-5.754514,0
2026-07-02 15:40:49.335282,2.830799,-5.744151,1.415299,-0.002971,1.413342,-0.002971,-5.744151,0
2026-07-02 15:40:49.345036,2.833002,-5.738969,1.415299,-0.008152,1.418524,-0.008152,-5.738969,0
2026-07-02 15:40:49.345937,2.838361,-5.754514,1.415299,-0.002971,1.418524,-0.002971,-5.754514,0
2026-07-02 15:40:49.345937,2.840606,-5.749332,1.415299,-0.002971,1.413342,-0.002971,-5.749332,0
2026-07-02 15:40:49.350690,2.842836,-5.749332,1.415299,-0.002971,1.413342,-0.002971,-5.749332,0
2026-07-02 15:40:49.350690,2.845004,-5.749332,1.415299,-0.002971,1.418524,-0.002971,-5.749332,0
2026-07-02 15:40:49.350690,2.847257,-5.738969,1.415299,-0.002971,1.413342,-0.002971,-5.738969,0
2026-07-02 15:40:49.350690,2.849478,-5.749332,1.415299,-0.008152,1.413342,-0.008152,-5.749332,0
2026-07-02 15:40:49.361037,2.852319,-5.738969,1.415299,-0.002971,1.418524,-0.002971,-5.738969,0
2026-07-02 15:40:49.361037,2.854777,-5.749332,1.415299,-0.002971,1.413342,-0.002971,-5.749332,0
2026-07-02 15:40:49.361037,2.857032,-5.749332,1.415299,-0.002971,1.413342,-0.002971,-5.749332,0
2026-07-02 15:40:49.361037,2.859253,-5.744151,1.415299,-0.008152,1.418524,-0.008152,-5.744151,0
2026-07-02 15:40:49.361037,2.861466,-5.738969,1.415299,-0.002971,1.418524,-0.002971,-5.738969,0
2026-07-02 15:40:49.373553,2.863704,-5.744151,1.415299,-0.002971,1.413342,-0.002971,-5.744151,0
2026-07-02 15:40:49.378361,2.868723,-5.749332,1.415299,-0.002971,1.418524,-0.002971,-5.749332,0
2026-07-02 15:40:49.381881,2.872813,-5.754514,1.415299,-0.002971,1.418524,-0.002971,-5.754514,0
2026-07-02 15:40:49.382808,2.875310,-5.744151,1.415299,-0.002971,1.418524,-0.002971,-5.744151,0
2026-07-02 15:40:49.382808,2.877569,-5.744151,1.415299,-0.002971,1.418524,-0.002971,-5.744151,0
2026-07-02 15:40:49.382808,2.879799,-5.744151,1.415299,-0.002971,1.413342,-0.002971,-5.744151,0
2026-07-02 15:40:49.382808,2.882160,-5.744151,1.415299,-0.002971,1.413342,-0.002971,-5.744151,0
2026-07-02 15:40:49.392229,2.884375,-5.738969,1.415299,-0.008152,1.418524,-0.008152,-5.738969,0
2026-07-02 15:40:49.392229,2.886596,-5.738969,1.415299,-0.008152,1.413342,-0.008152,-5.738969,0
2026-07-02 15:40:49.397711,2.888812,-5.754514,1.415299,-0.002971,1.413342,-0.002971,-5.754514,0
2026-07-02 15:40:49.399305,2.891026,-5.744151,1.415299,-0.002971,1.413342,-0.002971,-5.744151,0
2026-07-02 15:40:49.402357,2.893273,-5.744151,1.415299,-0.002971,1.413342,-0.002971,-5.744151,0
2026-07-02 15:40:49.402357,2.895919,-5.738969,1.415299,-0.002971,1.418524,-0.002971,-5.738969,0
2026-07-02 15:40:49.402357,2.898167,-5.749332,1.415299,-0.002971,1.418524,-0.002971,-5.749332,0
2026-07-02 15:40:49.402357,2.900415,-5.749332,1.415299,-0.002971,1.413342,-0.002971,-5.749332,0
2026-07-02 15:40:49.410348,2.902627,-5.749332,1.415299,-0.002971,1.418524,-0.002971,-5.749332,0
2026-07-02 15:40:49.414392,2.904865,-5.744151,1.415299,-0.002971,1.413342,-0.002971,-5.744151,0
2026-07-02 15:40:49.417843,2.909385,-5.749332,1.415299,-0.008152,1.413342,-0.008152,-5.749332,0
2026-07-02 15:40:49.419851,2.913045,-5.744151,1.415299,-0.002971,1.418524,-0.002971,-5.744151,0
2026-07-02 15:40:49.422652,2.915301,-5.744151,1.415299,-0.002971,1.413342,-0.002971,-5.744151,0
2026-07-02 15:40:49.422652,2.917530,-5.749332,1.415299,-0.002971,1.413342,-0.002971,-5.749332,0
2026-07-02 15:40:49.427354,2.919706,-5.749332,1.415299,-0.008152,1.418524,-0.008152,-5.749332,0
2026-07-02 15:40:49.427354,2.922001,-5.744151,1.415299,-0.008152,1.413342,-0.008152,-5.744151,0
2026-07-02 15:40:49.435106,2.924245,-5.738969,1.415299,-0.008152,1.413342,-0.008152,-5.738969,0
2026-07-02 15:40:49.435106,2.928702,-5.738969,1.415299,-0.008152,1.418524,-0.008152,-5.738969,0
2026-07-02 15:40:49.435106,2.930882,-5.744151,1.415299,-0.002971,1.413342,-0.002971,-5.744151,0
2026-07-02 15:40:49.435106,2.933135,-5.744151,1.415299,-0.002971,1.413342,-0.002971,-5.744151,0
2026-07-02 15:40:49.447818,2.935669,-5.744151,1.415299,-0.008152,1.418524,-0.008152,-5.744151,0
2026-07-02 15:40:49.447818,2.941146,-5.749332,1.415299,-0.002971,1.418524,-0.002971,-5.749332,0
2026-07-02 15:40:49.447818,2.944188,-5.749332,1.415299,-0.002971,1.418524,-0.002971,-5.749332,0
2026-07-02 15:40:49.453764,2.946472,-5.738969,1.415299,-0.008152,1.413342,-0.008152,-5.738969,0
2026-07-02 15:40:49.456377,2.948815,-5.744151,1.415299,-0.002971,1.413342,-0.002971,-5.744151,0
2026-07-02 15:40:49.458891,2.951086,-5.744151,1.415299,-0.002971,1.418524,-0.002971,-5.744151,0
2026-07-02 15:40:49.458891,2.953385,-5.738969,1.415299,-0.002971,1.413342,-0.002971,-5.738969,0
2026-07-02 15:40:49.463985,2.955656,-5.744151,1.415299,-0.002971,1.418524,-0.002971,-5.744151,0
2026-07-02 15:40:49.463985,2.957839,-5.744151,1.415299,-0.002971,1.413342,-0.002971,-5.744151,0
2026-07-02 15:40:49.463985,2.960604,-5.738969,1.415299,-0.002971,1.418524,-0.002971,-5.738969,0
2026-07-02 15:40:49.463985,2.962912,-5.738969,1.415299,-0.002971,1.418524,-0.002971,-5.738969,0
2026-07-02 15:40:49.476698,2.965160,-5.744151,1.415299,-0.002971,1.413342,-0.002971,-5.744151,0
2026-07-02 15:40:49.480726,2.971666,-5.744151,1.415299,-0.002971,1.413342,-0.002971,-5.744151,0
2026-07-02 15:40:49.480726,2.974418,-5.749332,1.415299,-0.002971,1.418524,-0.002971,-5.749332,0
2026-07-02 15:40:49.484621,2.976616,-5.744151,1.415299,-0.002971,1.418524,-0.002971,-5.744151,0
2026-07-02 15:40:49.484621,2.979646,-5.744151,1.415299,-0.002971,1.418524,-0.002971,-5.744151,0
2026-07-02 15:40:49.484621,2.981889,-5.744151,1.415299,-0.002971,1.418524,-0.002971,-5.744151,0
2026-07-02 15:40:49.484621,2.984055,-5.749332,1.415299,-0.002971,1.413342,-0.002971,-5.749332,0
2026-07-02 15:40:49.494263,2.986317,-5.738969,1.415299,-0.008152,1.418524,-0.008152,-5.738969,0
2026-07-02 15:40:49.496421,2.988817,-5.754514,1.415299,-0.002971,1.418524,-0.002971,-5.754514,0
2026-07-02 15:40:49.497926,2.991108,-5.744151,1.415299,-0.002971,1.413342,-0.002971,-5.744151,0
2026-07-02 15:40:49.502280,2.993947,-5.744151,1.415299,-0.002971,1.413342,-0.002971,-5.744151,0
2026-07-02 15:40:49.504035,2.996225,-5.744151,1.415299,-0.002971,1.418524,-0.002971,-5.744151,0
2026-07-02 15:40:49.504035,2.998438,-5.744151,1.415299,-0.002971,1.418524,-0.002971,-5.744151,0
2026-07-02 15:40:49.504035,3.000703,-5.744151,1.415299,-0.002971,1.413342,-0.002971,-5.744151,0
2026-07-02 15:40:49.510868,3.002998,-5.744151,1.415299,-0.002971,1.413342,-0.002971,-5.744151,0
2026-07-02 15:40:49.514183,3.005226,-5.749332,1.415299,-0.002971,1.413342,-0.002971,-5.749332,0
2026-07-02 15:40:49.516061,3.007985,-5.738969,1.415299,-0.008152,1.418524,-0.008152,-5.738969,0
2026-07-02 15:40:49.518239,3.010662,-5.749332,1.415299,-0.002971,1.413342,-0.002971,-5.749332,0
2026-07-02 15:40:49.518239,3.012916,-5.749332,1.415299,-0.008152,1.418524,-0.008152,-5.749332,0
2026-07-02 15:40:49.518239,3.015150,-5.744151,1.415299,-0.002971,1.413342,-0.002971,-5.744151,0
2026-07-02 15:40:49.528932,3.019448,-5.744151,1.420479,-0.002971,1.413342,-0.002971,-5.744151,0
2026-07-02 15:40:49.531728,3.024131,-5.744151,1.415299,-0.002971,1.413342,-0.002971,-5.744151,0
2026-07-02 15:40:49.534748,3.026415,-5.744151,1.415299,-0.002971,1.413342,-0.002971,-5.744151,0
2026-07-02 15:40:49.534748,3.028633,-5.749332,1.415299,-0.002971,1.413342,-0.002971,-5.749332,0
2026-07-02 15:40:49.534748,3.030870,-5.754514,1.415299,-0.002971,1.418524,-0.002971,-5.754514,0
2026-07-02 15:40:49.534748,3.033110,-5.749332,1.415299,-0.002971,1.413342,-0.002971,-5.749332,0
2026-07-02 15:40:49.543529,3.035819,-5.744151,1.415299,-0.002971,1.418524,-0.002971,-5.744151,0
2026-07-02 15:40:49.545034,3.038084,-5.738969,1.415299,-0.002971,1.418524,-0.002971,-5.738969,0
2026-07-02 15:40:49.545034,3.040417,-5.738969,1.415299,-0.008152,1.413342,-0.008152,-5.738969,0
2026-07-02 15:40:49.545034,3.042623,-5.744151,1.415299,-0.002971,1.413342,-0.002971,-5.744151,0
2026-07-02 15:40:49.545034,3.044837,-5.744151,1.415299,-0.002971,1.418524,-0.002971,-5.744151,0
2026-07-02 15:40:49.558543,3.047092,-5.754514,1.415299,-0.002971,1.418524,-0.002971,-5.754514,0
2026-07-02 15:40:49.559979,3.052427,-5.744151,1.415299,-0.002971,1.413342,-0.002971,-5.744151,0
2026-07-02 15:40:49.562761,3.055143,-5.738969,1.415299,-0.008152,1.413342,-0.008152,-5.738969,0
2026-07-02 15:40:49.565806,3.057438,-5.754514,1.415299,-0.002971,1.413342,-0.002971,-5.754514,0
2026-07-02 15:40:49.565806,3.059628,-5.738969,1.415299,-0.002971,1.413342,-0.002971,-5.738969,0
2026-07-02 15:40:49.570322,3.061840,-5.738969,1.415299,-0.008152,1.413342,-0.008152,-5.738969,0
2026-07-02 15:40:49.572911,3.064089,-5.754514,1.415299,-0.002971,1.413342,-0.002971,-5.754514,0
2026-07-02 15:40:49.575227,3.067138,-5.738969,1.415299,-0.008152,1.413342,-0.008152,-5.738969,0
2026-07-02 15:40:49.578311,3.069330,-5.744151,1.415299,-0.002971,1.413342,-0.002971,-5.744151,0
2026-07-02 15:40:49.580321,3.071613,-5.744151,1.415299,-0.002971,1.413342,-0.002971,-5.744151,0
2026-07-02 15:40:49.582335,3.073920,-5.749332,1.415299,-0.002971,1.413342,-0.002971,-5.749332,0
2026-07-02 15:40:49.584350,3.076156,-5.744151,1.415299,-0.008152,1.418524,-0.008152,-5.744151,0
2026-07-02 15:40:49.590556,3.081292,-5.744151,1.415299,-0.008152,1.413342,-0.008152,-5.744151,0
2026-07-02 15:40:49.590556,3.084401,-5.744151,1.415299,-0.002971,1.413342,-0.002971,-5.744151,0
2026-07-02 15:40:49.595598,3.086632,-5.744151,1.410120,-0.002971,1.418524,-0.002971,-5.744151,0
2026-07-02 15:40:49.600257,3.089045,-5.754514,1.415299,-0.002971,1.413342,-0.002971,-5.754514,0
2026-07-02 15:40:49.609695,3.094365,-5.744151,1.415299,-0.002971,1.413342,-0.002971,-5.744151,0
2026-07-02 15:40:49.619130,3.103417,-5.744151,1.415299,-0.002971,1.413342,-0.002971,-5.744151,0
2026-07-02 15:40:49.623486,3.113281,-5.744151,1.415299,-0.002971,1.413342,-0.002971,-5.744151,0
2026-07-02 15:40:49.626540,3.117876,-5.744151,1.415299,-0.002971,1.413342,-0.002971,-5.744151,0
2026-07-02 15:40:49.629576,3.120698,-5.744151,1.415299,-0.002971,1.413342,-0.002971,-5.744151,0
2026-07-02 15:40:49.631092,3.122965,-5.738969,1.415299,-0.008152,1.418524,-0.008152,-5.738969,0
2026-07-02 15:40:49.633139,3.125866,-5.749332,1.415299,-0.002971,1.418524,-0.002971,-5.749332,0
2026-07-02 15:40:49.639178,3.128061,-5.754514,1.415299,-0.002971,1.418524,-0.002971,-5.754514,0
2026-07-02 15:40:49.639178,3.132448,-5.738969,1.415299,-0.002971,1.418524,-0.002971,-5.738969,0
2026-07-02 15:40:49.642758,3.134643,-5.749332,1.415299,-0.002971,1.413342,-0.002971,-5.749332,0
2026-07-02 15:40:49.646331,3.136910,-5.744151,1.415299,-0.002971,1.418524,-0.002971,-5.744151,0
2026-07-02 15:40:49.648754,3.140071,-5.744151,1.415299,-0.002971,1.413342,-0.002971,-5.744151,0
2026-07-02 15:40:49.651160,3.142479,-5.754514,1.415299,-0.002971,1.413342,-0.002971,-5.754514,0
2026-07-02 15:40:49.653568,3.144829,-5.744151,1.415299,-0.002971,1.418524,-0.002971,-5.744151,0
2026-07-02 15:40:49.655083,3.147028,-5.738969,1.415299,-0.002971,1.418524,-0.002971,-5.738969,0
2026-07-02 15:40:49.658366,3.149359,-5.738969,1.415299,-0.002971,1.413342,-0.002971,-5.738969,0
2026-07-02 15:40:49.659372,3.152078,-5.754514,1.415299,-0.002971,1.413342,-0.002971,-5.754514,0
2026-07-02 15:40:49.659372,3.154452,-5.738969,1.415299,-0.008152,1.418524,-0.008152,-5.738969,0
2026-07-02 15:40:49.665663,3.156946,-5.744151,1.415299,-0.002971,1.418524,-0.002971,-5.744151,0
2026-07-02 15:40:49.668216,3.159319,-5.744151,1.415299,-0.002971,1.418524,-0.002971,-5.744151,0
2026-07-02 15:40:49.670744,3.161751,-5.749332,1.415299,-0.002971,1.413342,-0.002971,-5.749332,0
2026-07-02 15:40:49.672756,3.164262,-5.749332,1.415299,-0.002971,1.413342,-0.002971,-5.749332,0
2026-07-02 15:40:49.675772,3.166836,-5.744151,1.415299,-0.002971,1.413342,-0.002971,-5.744151,0
2026-07-02 15:40:49.677779,3.169312,-5.744151,1.415299,-0.002971,1.413342,-0.002971,-5.744151,0
2026-07-02 15:40:49.680473,3.171835,-5.749332,1.415299,-0.002971,1.418524,-0.002971,-5.749332,0
2026-07-02 15:40:49.683172,3.174210,-5.738969,1.415299,-0.002971,1.413342,-0.002971,-5.738969,0
2026-07-02 15:40:49.684188,3.176737,-5.744151,1.415299,-0.008152,1.413342,-0.008152,-5.744151,0
2026-07-02 15:40:49.688227,3.179138,-5.744151,1.415299,-0.008152,1.413342,-0.008152,-5.744151,0
2026-07-02 15:40:49.690244,3.181541,-5.744151,1.415299,-0.002971,1.418524,-0.002971,-5.744151,0
2026-07-02 15:40:49.692877,3.183914,-5.738969,1.415299,-0.008152,1.413342,-0.008152,-5.738969,0
2026-07-02 15:40:49.694073,3.186354,-5.749332,1.415299,-0.002971,1.413342,-0.002971,-5.749332,0
2026-07-02 15:40:49.694073,3.188855,-5.738969,1.415299,-0.002971,1.418524,-0.002971,-5.738969,0
2026-07-02 15:40:49.700335,3.191359,-5.744151,1.415299,-0.002971,1.413342,-0.002971,-5.744151,0
2026-07-02 15:40:49.702351,3.193604,-5.754514,1.415299,-0.002971,1.413342,-0.002971,-5.754514,0
2026-07-02 15:40:49.704111,3.196041,-5.754514,1.415299,-0.002971,1.413342,-0.002971,-5.754514,0
2026-07-02 15:40:49.706125,3.198470,-5.744151,1.415299,-0.002971,1.413342,-0.002971,-5.744151,0
2026-07-02 15:40:49.710150,3.200960,-5.744151,1.415299,-0.002971,1.418524,-0.002971,-5.744151,0
2026-07-02 15:40:49.711661,3.203424,-5.749332,1.415299,-0.002971,1.418524,-0.002971,-5.749332,0
2026-07-02 15:40:49.713675,3.206024,-5.744151,1.415299,-0.002971,1.418524,-0.002971,-5.744151,0
2026-07-02 15:40:49.715685,3.208412,-5.744151,1.415299,-0.008152,1.413342,-0.008152,-5.744151,0
2026-07-02 15:40:49.719553,3.210757,-5.744151,1.415299,-0.002971,1.413342,-0.002971,-5.744151,0
2026-07-02 15:40:49.721566,3.213238,-5.754514,1.415299,-0.002971,1.413342,-0.002971,-5.754514,0
2026-07-02 15:40:49.723579,3.215732,-5.744151,1.415299,-0.002971,1.413342,-0.002971,-5.744151,0
2026-07-02 15:40:49.725592,3.218135,-5.744151,1.415299,-0.002971,1.413342,-0.002971,-5.744151,0
2026-07-02 15:40:49.729616,3.220645,-5.744151,1.415299,-0.002971,1.413342,-0.002971,-5.744151,0
2026-07-02 15:40:49.731631,3.223146,-5.744151,1.415299,-0.008152,1.413342,-0.008152,-5.744151,0
2026-07-02 15:40:49.734406,3.225696,-5.749332,1.410120,-0.002971,1.418524,-0.002971,-5.749332,0
2026-07-02 15:40:49.736418,3.228134,-5.754514,1.415299,-0.002971,1.418524,-0.002971,-5.754514,0
2026-07-02 15:40:49.738432,3.230695,-5.749332,1.415299,-0.002971,1.413342,-0.002971,-5.749332,0
2026-07-02 15:40:49.742451,3.233284,-5.744151,1.415299,-0.002971,1.413342,-0.002971,-5.744151,0
2026-07-02 15:40:49.745983,3.235695,-5.744151,1.415299,-0.002971,1.413342,-0.002971,-5.744151,0
2026-07-02 15:40:49.750015,3.239407,-5.744151,1.415299,-0.002971,1.413342,-0.002971,-5.744151,0
2026-07-02 15:40:49.751162,3.243328,-5.749332,1.415299,-0.002971,1.413342,-0.002971,-5.749332,0
2026-07-02 15:40:49.754183,3.245637,-5.744151,1.415299,-0.002971,1.418524,-0.002971,-5.744151,0
2026-07-02 15:40:49.754183,3.247837,-5.738969,1.415299,-0.008152,1.413342,-0.008152,-5.738969,0
2026-07-02 15:40:49.758853,3.250110,-5.744151,1.415299,-0.002971,1.413342,-0.002971,-5.744151,0
2026-07-02 15:40:49.760860,3.252471,-5.749332,1.415299,-0.002971,1.413342,-0.002971,-5.749332,0
2026-07-02 15:40:49.762876,3.254774,-5.749332,1.415299,-0.002971,1.418524,-0.002971,-5.749332,0
2026-07-02 15:40:49.764628,3.257033,-5.744151,1.415299,-0.002971,1.413342,-0.002971,-5.744151,0
2026-07-02 15:40:49.767956,3.259366,-5.738969,1.415299,-0.002971,1.413342,-0.002971,-5.738969,0
2026-07-02 15:40:49.769964,3.262365,-5.749332,1.415299,-0.002971,1.413342,-0.002971,-5.749332,0
2026-07-02 15:40:49.772293,3.264660,-5.744151,1.415299,-0.002971,1.413342,-0.002971,-5.744151,0
2026-07-02 15:40:49.778335,3.266967,-5.744151,1.415299,-0.002971,1.413342,-0.002971,-5.744151,0
2026-07-02 15:40:49.780349,3.271658,-5.744151,1.415299,-0.002971,1.413342,-0.002971,-5.744151,0
2026-07-02 15:40:49.782365,3.273954,-5.744151,1.410120,-0.008152,1.418524,-0.008152,-5.744151,0
2026-07-02 15:40:49.784374,3.276275,-5.744151,1.415299,-0.002971,1.418524,-0.002971,-5.744151,0
2026-07-02 15:40:49.785815,3.278564,-5.754514,1.415299,-0.002971,1.413342,-0.002971,-5.754514,0
2026-07-02 15:40:49.789840,3.280892,-5.744151,1.415299,-0.002971,1.418524,-0.002971,-5.744151,0
2026-07-02 15:40:49.791854,3.283237,-5.744151,1.415299,-0.002971,1.418524,-0.002971,-5.744151,0
2026-07-02 15:40:49.794712,3.285997,-5.744151,1.415299,-0.008152,1.413342,-0.008152,-5.744151,0
2026-07-02 15:40:49.796728,3.288278,-5.749332,1.415299,-0.002971,1.418524,-0.002971,-5.749332,0
2026-07-02 15:40:49.798242,3.290677,-5.738969,1.420479,-0.008152,1.413342,-0.008152,-5.738969,0
2026-07-02 15:40:49.800279,3.293035,-5.738969,1.415299,-0.008152,1.418524,-0.008152,-5.738969,0
2026-07-02 15:40:49.803800,3.295409,-5.738969,1.415299,-0.008152,1.413342,-0.008152,-5.738969,0
2026-07-02 15:40:49.808837,3.297779,-5.744151,1.415299,-0.002971,1.418524,-0.002971,-5.744151,0
2026-07-02 15:40:49.812153,3.302371,-5.754514,1.415299,-0.002971,1.418524,-0.002971,-5.754514,0
2026-07-02 15:40:49.814165,3.305712,-5.744151,1.415299,-0.002971,1.418524,-0.002971,-5.744151,0
2026-07-02 15:40:49.815174,3.308130,-5.738969,1.415299,-0.002971,1.413342,-0.002971,-5.738969,0
2026-07-02 15:40:49.815174,3.310856,-5.744151,1.415299,-0.002971,1.413342,-0.002971,-5.744151,0
2026-07-02 15:40:49.815174,3.313195,-5.744151,1.415299,-0.002971,1.413342,-0.002971,-5.744151,0
2026-07-02 15:40:49.824314,3.315444,-5.744151,1.415299,-0.002971,1.418524,-0.002971,-5.744151,0
2026-07-02 15:40:49.825324,3.317869,-5.738969,1.415299,-0.002971,1.413342,-0.002971,-5.738969,0
2026-07-02 15:40:49.829353,3.320252,-5.744151,1.415299,-0.002971,1.413342,-0.002971,-5.744151,0
2026-07-02 15:40:49.831368,3.322706,-5.749332,1.415299,-0.002971,1.413342,-0.002971,-5.749332,0
2026-07-02 15:40:49.833384,3.325106,-5.754514,1.415299,-0.002971,1.413342,-0.002971,-5.754514,0
2026-07-02 15:40:49.834851,3.327655,-5.749332,1.415299,-0.008152,1.418524,-0.008152,-5.749332,0
2026-07-02 15:40:49.836864,3.329994,-5.744151,1.415299,-0.002971,1.413342,-0.002971,-5.744151,0
2026-07-02 15:40:49.836864,3.332426,-5.749332,1.415299,-0.002971,1.413342,-0.002971,-5.749332,0
2026-07-02 15:40:49.836864,3.334668,-5.744151,1.415299,-0.002971,1.418524,-0.002971,-5.744151,0
2026-07-02 15:40:49.847874,3.336903,-5.744151,1.415299,-0.002971,1.413342,-0.002971,-5.744151,0
2026-07-02 15:40:49.851393,3.341196,-5.738969,1.415299,-0.008152,1.418524,-0.008152,-5.738969,0
2026-07-02 15:40:49.851393,3.345772,-5.744151,1.415299,-0.002971,1.413342,-0.002971,-5.744151,0
2026-07-02 15:40:49.855423,3.348088,-5.744151,1.415299,-0.002971,1.413342,-0.002971,-5.744151,0
2026-07-02 15:40:49.859443,3.350503,-5.738969,1.415299,-0.002971,1.413342,-0.002971,-5.738969,0
2026-07-02 15:40:49.860929,3.352756,-5.749332,1.420479,-0.002971,1.413342,-0.002971,-5.749332,0
2026-07-02 15:40:49.862937,3.355079,-5.744151,1.415299,-0.002971,1.413342,-0.002971,-5.744151,0
2026-07-02 15:40:49.864947,3.357466,-5.749332,1.415299,-0.008152,1.413342,-0.008152,-5.749332,0
2026-07-02 15:40:49.868322,3.359835,-5.749332,1.415299,-0.008152,1.418524,-0.008152,-5.749332,0
2026-07-02 15:40:49.870331,3.363135,-5.738969,1.415299,-0.008152,1.413342,-0.008152,-5.738969,0
2026-07-02 15:40:49.874358,3.365537,-5.754514,1.415299,-0.002971,1.418524,-0.002971,-5.754514,0
2026-07-02 15:40:49.878275,3.367936,-5.744151,1.415299,-0.008152,1.418524,-0.008152,-5.744151,0
2026-07-02 15:40:49.878275,3.371616,-5.754514,1.415299,-0.002971,1.413342,-0.002971,-5.754514,0
2026-07-02 15:40:49.878275,3.373898,-5.738969,1.415299,-0.008152,1.413342,-0.008152,-5.738969,0
2026-07-02 15:40:49.878275,3.376144,-5.754514,1.415299,-0.002971,1.413342,-0.002971,-5.754514,0
2026-07-02 15:40:49.885797,3.378448,-5.744151,1.415299,-0.002971,1.418524,-0.002971,-5.744151,0
2026-07-02 15:40:49.889827,3.380806,-5.744151,1.410120,-0.002971,1.413342,-0.002971,-5.744151,0
2026-07-02 15:40:49.892495,3.383169,-5.744151,1.415299,-0.002971,1.413342,-0.002971,-5.744151,0
2026-07-02 15:40:49.894510,3.386107,-5.749332,1.415299,-0.002971,1.418524,-0.002971,-5.749332,0
2026-07-02 15:40:49.904662,3.388422,-5.744151,1.415299,-0.002971,1.418524,-0.002971,-5.744151,0
2026-07-02 15:40:49.910435,3.397898,-5.738969,1.415299,-0.002971,1.413342,-0.002971,-5.738969,0
2026-07-02 15:40:49.912940,3.405427,-5.738969,1.415299,-0.008152,1.413342,-0.008152,-5.738969,0
2026-07-02 15:40:49.916714,3.407747,-5.754514,1.415299,-0.002971,1.413342,-0.002971,-5.754514,0
2026-07-02 15:40:49.918722,3.411784,-5.744151,1.415299,-0.002971,1.413342,-0.002971,-5.744151,0
2026-07-02 15:40:49.922506,3.414116,-5.744151,1.415299,0.002211,1.413342,0.002211,-5.744151,0
2026-07-02 15:40:49.924517,3.416458,-5.738969,1.415299,-0.002971,1.413342,-0.002971,-5.738969,0
2026-07-02 15:40:49.931892,3.419244,-5.749332,1.415299,-0.002971,1.418524,-0.002971,-5.749332,0
2026-07-02 15:40:49.936882,3.425198,-5.738969,1.415299,-0.008152,1.418524,-0.008152,-5.738969,0
2026-07-02 15:40:49.940910,3.430415,-5.738969,1.415299,-0.002971,1.418524,-0.002971,-5.738969,0
2026-07-02 15:40:49.942921,3.434219,-5.744151,1.415299,-0.002971,1.413342,-0.002971,-5.744151,0
2026-07-02 15:40:49.946430,3.436942,-5.744151,1.415299,-0.002971,1.413342,-0.002971,-5.744151,0
2026-07-02 15:40:49.951624,3.439850,-5.749332,1.415299,-0.002971,1.413342,-0.002971,-5.749332,0
2026-07-02 15:40:49.953631,3.446395,-5.744151,1.415299,-0.002971,1.413342,-0.002971,-5.744151,0
2026-07-02 15:40:49.960681,3.448901,-5.744151,1.415299,-0.002971,1.413342,-0.002971,-5.744151,0
2026-07-02 15:40:49.966728,3.454424,-5.749332,1.415299,-0.002971,1.413342,-0.002971,-5.749332,0
2026-07-02 15:40:49.972770,3.461704,-5.754514,1.415299,-0.002971,1.413342,-0.002971,-5.754514,0
2026-07-02 15:40:49.974782,3.467578,-5.744151,1.415299,-0.002971,1.413342,-0.002971,-5.744151,0
2026-07-02 15:40:49.978801,3.469960,-5.738969,1.415299,-0.002971,1.413342,-0.002971,-5.738969,0
2026-07-02 15:40:49.978801,3.472379,-5.744151,1.415299,-0.002971,1.418524,-0.002971,-5.744151,0
2026-07-02 15:40:49.978801,3.474687,-5.738969,1.415299,-0.008152,1.418524,-0.008152,-5.738969,0
2026-07-02 15:40:49.978801,3.476900,-5.749332,1.415299,-0.002971,1.418524,-0.002971,-5.749332,0
2026-07-02 15:40:49.987147,3.479181,-5.749332,1.415299,-0.002971,1.413342,-0.002971,-5.749332,0
2026-07-02 15:40:49.989161,3.481499,-5.744151,1.415299,-0.002971,1.418524,-0.002971,-5.744151,0
2026-07-02 15:40:49.993181,3.483918,-5.744151,1.415299,-0.008152,1.418524,-0.008152,-5.744151,0
2026-07-02 15:40:49.995196,3.486515,-5.754514,1.415299,-0.002971,1.413342,-0.002971,-5.754514,0
2026-07-02 15:40:49.997209,3.488936,-5.749332,1.415299,-0.002971,1.418524,-0.002971,-5.749332,0
2026-07-02 15:40:49.998723,3.491320,-5.744151,1.415299,-0.002971,1.413342,-0.002971,-5.744151,0
2026-07-02 15:40:50.000764,3.493823,-5.738969,1.415299,-0.002971,1.413342,-0.002971,-5.738969,0
2026-07-02 15:40:50.000764,3.496170,-5.738969,1.415299,-0.002971,1.418524,-0.002971,-5.738969,0
2026-07-02 15:40:50.007406,3.498451,-5.738969,1.415299,-0.008152,1.413342,-0.008152,-5.738969,0
2026-07-02 15:40:50.007406,3.500891,-5.744151,1.415299,-0.002971,1.418524,-0.002971,-5.744151,0
2026-07-02 15:40:50.012235,3.503269,-5.749332,1.415299,-0.002971,1.413342,-0.002971,-5.749332,0
2026-07-02 15:40:50.013750,3.505664,-5.744151,1.415299,-0.002971,1.413342,-0.002971,-5.744151,0
2026-07-02 15:40:50.015766,3.507981,-5.738969,1.415299,-0.002971,1.418524,-0.002971,-5.738969,0
2026-07-02 15:40:50.017521,3.510312,-5.744151,1.415299,-0.002971,1.413342,-0.002971,-5.744151,0
2026-07-02 15:40:50.021541,3.512714,-5.744151,1.415299,-0.002971,1.418524,-0.002971,-5.744151,0
2026-07-02 15:40:50.023558,3.515098,-5.738969,1.415299,-0.008152,1.418524,-0.008152,-5.738969,0
2026-07-02 15:40:50.025565,3.517464,-5.738969,1.415299,-0.008152,1.413342,-0.008152,-5.738969,0
2026-07-02 15:40:50.028775,3.519861,-5.738969,1.415299,-0.008152,1.413342,-0.008152,-5.738969,0
2026-07-02 15:40:50.030783,3.522250,-5.744151,1.415299,-0.008152,1.413342,-0.008152,-5.744151,0
2026-07-02 15:40:50.032794,3.524724,-5.744151,1.415299,-0.008152,1.413342,-0.008152,-5.744151,0
2026-07-02 15:40:50.034802,3.527825,-5.744151,1.415299,-0.002971,1.413342,-0.002971,-5.744151,0
2026-07-02 15:40:50.038764,3.530113,-5.738969,1.415299,-0.008152,1.413342,-0.008152,-5.738969,0
2026-07-02 15:40:50.039753,3.532885,-5.749332,1.415299,-0.002971,1.413342,-0.002971,-5.749332,0
2026-07-02 15:40:50.043019,3.535867,-5.744151,1.415299,-0.008152,1.418524,-0.008152,-5.744151,0
2026-07-02 15:40:50.047030,3.538072,-5.738969,1.415299,-0.002971,1.413342,-0.002971,-5.738969,0
2026-07-02 15:40:50.048034,3.540258,-5.749332,1.415299,-0.008152,1.413342,-0.008152,-5.749332,0
2026-07-02 15:40:50.051184,3.542449,-5.744151,1.415299,-0.002971,1.418524,-0.002971,-5.744151,0
2026-07-02 15:40:50.053193,3.544679,-5.749332,1.415299,-0.002971,1.418524,-0.002971,-5.749332,0
2026-07-02 15:40:50.055200,3.546890,-5.744151,1.415299,-0.002971,1.413342,-0.002971,-5.744151,0
2026-07-02 15:40:50.055200,3.549073,-5.738969,1.415299,-0.002971,1.413342,-0.002971,-5.738969,0
2026-07-02 15:40:50.060114,3.551274,-5.738969,1.415299,-0.008152,1.413342,-0.008152,-5.738969,0
2026-07-02 15:40:50.062123,3.553526,-5.744151,1.415299,-0.008152,1.418524,-0.008152,-5.744151,0
2026-07-02 15:40:50.064129,3.555781,-5.749332,1.420479,-0.002971,1.413342,-0.002971,-5.749332,0
2026-07-02 15:40:50.066137,3.558106,-5.744151,1.415299,-0.002971,1.413342,-0.002971,-5.744151,0
2026-07-02 15:40:50.068756,3.560984,-5.738969,1.415299,-0.008152,1.413342,-0.008152,-5.738969,0
2026-07-02 15:40:50.068756,3.563331,-5.754514,1.415299,-0.002971,1.413342,-0.002971,-5.754514,0
2026-07-02 15:40:50.068756,3.565629,-5.754514,1.415299,-0.002971,1.418524,-0.002971,-5.754514,0
2026-07-02 15:40:50.068756,3.567907,-5.744151,1.415299,-0.002971,1.418524,-0.002971,-5.744151,0
2026-07-02 15:40:50.079035,3.570229,-5.744151,1.415299,-0.002971,1.413342,-0.002971,-5.744151,0
2026-07-02 15:40:50.080038,3.572488,-5.749332,1.415299,-0.002971,1.413342,-0.002971,-5.749332,0
2026-07-02 15:40:50.082051,3.574864,-5.744151,1.415299,-0.008152,1.418524,-0.008152,-5.744151,0
2026-07-02 15:40:50.086071,3.577226,-5.744151,1.415299,-0.002971,1.413342,-0.002971,-5.744151,0
2026-07-02 15:40:50.088085,3.579744,-5.749332,1.415299,-0.008152,1.418524,-0.008152,-5.749332,0
2026-07-02 15:40:50.093128,3.582020,-5.744151,1.415299,-0.002971,1.413342,-0.002971,-5.744151,0
2026-07-02 15:40:50.093850,3.586378,-5.744151,1.415299,-0.002971,1.418524,-0.002971,-5.744151,0
2026-07-02 15:40:50.093850,3.588844,-5.744151,1.415299,-0.002971,1.413342,-0.002971,-5.744151,0
2026-07-02 15:40:50.099538,3.591118,-5.744151,1.415299,-0.002971,1.418524,-0.002971,-5.744151,0
2026-07-02 15:40:50.103554,3.593963,-5.738969,1.415299,-0.002971,1.413342,-0.002971,-5.738969,0
2026-07-02 15:40:50.103554,3.596857,-5.744151,1.415299,-0.002971,1.413342,-0.002971,-5.744151,0
2026-07-02 15:40:50.113276,3.599087,-5.754514,1.415299,-0.002971,1.418524,-0.002971,-5.754514,0
2026-07-02 15:40:50.115306,3.606893,-5.749332,1.415299,-0.008152,1.413342,-0.008152,-5.749332,0
2026-07-02 15:40:50.117822,3.609150,-5.749332,1.415299,-0.002971,1.413342,-0.002971,-5.749332,0
2026-07-02 15:40:50.119753,3.611342,-5.744151,1.415299,-0.002971,1.413342,-0.002971,-5.744151,0
2026-07-02 15:40:50.119753,3.613622,-5.754514,1.415299,-0.002971,1.413342,-0.002971,-5.754514,0
2026-07-02 15:40:50.119753,3.615881,-5.744151,1.415299,-0.002971,1.413342,-0.002971,-5.744151,0
2026-07-02 15:40:50.126878,3.618046,-5.749332,1.415299,-0.002971,1.418524,-0.002971,-5.749332,0
2026-07-02 15:40:50.127385,3.620269,-5.738969,1.415299,-0.002971,1.413342,-0.002971,-5.738969,0
2026-07-02 15:40:50.133464,3.622488,-5.744151,1.415299,-0.002971,1.413342,-0.002971,-5.744151,0
2026-07-02 15:40:50.133464,3.627995,-5.749332,1.415299,-0.002971,1.413342,-0.002971,-5.749332,0
2026-07-02 15:40:50.139533,3.630467,-5.744151,1.415299,-0.002971,1.413342,-0.002971,-5.744151,0
2026-07-02 15:40:50.139533,3.633174,-5.749332,1.415299,-0.002971,1.418524,-0.002971,-5.749332,0
2026-07-02 15:40:50.139533,3.636051,-5.744151,1.420479,-0.002971,1.413342,-0.002971,-5.744151,0
2026-07-02 15:40:50.139533,3.638505,-5.744151,1.415299,-0.008152,1.418524,-0.008152,-5.744151,0
2026-07-02 15:40:50.149632,3.641014,-5.744151,1.415299,-0.002971,1.413342,-0.002971,-5.744151,0
2026-07-02 15:40:50.149632,3.643449,-5.738969,1.415299,-0.002971,1.418524,-0.002971,-5.738969,0
2026-07-02 15:40:50.149632,3.645847,-5.749332,1.410120,-0.002971,1.418524,-0.002971,-5.749332,0
2026-07-02 15:40:50.149632,3.648170,-5.744151,1.415299,-0.002971,1.413342,-0.002971,-5.744151,0
2026-07-02 15:40:50.149632,3.650584,-5.744151,1.415299,-0.002971,1.413342,-0.002971,-5.744151,0
2026-07-02 15:40:50.159997,3.652966,-5.744151,1.410120,-0.002971,1.413342,-0.002971,-5.744151,0
2026-07-02 15:40:50.159997,3.655429,-5.744151,1.415299,-0.002971,1.413342,-0.002971,-5.744151,0
2026-07-02 15:40:50.167731,3.657850,-5.738969,1.415299,-0.008152,1.413342,-0.008152,-5.738969,0
2026-07-02 15:40:50.169789,3.661945,-5.744151,1.410120,-0.002971,1.413342,-0.002971,-5.744151,0
2026-07-02 15:40:50.178698,3.664840,-5.744151,1.415299,-0.002971,1.413342,-0.002971,-5.744151,0
2026-07-02 15:40:50.178698,3.672766,-5.749332,1.415299,-0.002971,1.413342,-0.002971,-5.749332,0
2026-07-02 15:40:50.184184,3.675177,-5.749332,1.415299,-0.002971,1.413342,-0.002971,-5.749332,0
2026-07-02 15:40:50.185988,3.677929,-5.738969,1.415299,-0.008152,1.418524,-0.008152,-5.738969,0
2026-07-02 15:40:50.185988,3.680395,-5.738969,1.415299,-0.008152,1.418524,-0.008152,-5.738969,0
2026-07-02 15:40:50.192177,3.682802,-5.744151,1.415299,-0.002971,1.418524,-0.002971,-5.744151,0
2026-07-02 15:40:50.193990,3.685424,-5.744151,1.415299,-0.002971,1.413342,-0.002971,-5.744151,0
2026-07-02 15:40:50.193990,3.687870,-5.738969,1.415299,-0.008152,1.413342,-0.008152,-5.738969,0
2026-07-02 15:40:50.199416,3.690264,-5.744151,1.415299,-0.002971,1.413342,-0.002971,-5.744151,0
2026-07-02 15:40:50.201482,3.692632,-5.744151,1.415299,-0.002971,1.413342,-0.002971,-5.744151,0
2026-07-02 15:40:50.201482,3.694928,-5.749332,1.415299,-0.008152,1.413342,-0.008152,-5.749332,0
2026-07-02 15:40:50.201482,3.697415,-5.754514,1.415299,-0.002971,1.413342,-0.002971,-5.754514,0
2026-07-02 15:40:50.208818,3.699812,-5.744151,1.415299,-0.002971,1.413342,-0.002971,-5.744151,0
2026-07-02 15:40:50.210014,3.702144,-5.749332,1.415299,-0.002971,1.418524,-0.002971,-5.749332,0
2026-07-02 15:40:50.210014,3.704612,-5.738969,1.415299,-0.002971,1.418524,-0.002971,-5.738969,0
2026-07-02 15:40:50.214561,3.707066,-5.754514,1.415299,-0.002971,1.413342,-0.002971,-5.754514,0
2026-07-02 15:40:50.218318,3.709514,-5.744151,1.415299,-0.002971,1.418524,-0.002971,-5.744151,0
2026-07-02 15:40:50.220973,3.711922,-5.744151,1.415299,-0.002971,1.418524,-0.002971,-5.744151,0
2026-07-02 15:40:50.220973,3.714268,-5.754514,1.415299,-0.002971,1.418524,-0.002971,-5.754514,0
2026-07-02 15:40:50.225068,3.716709,-5.738969,1.415299,-0.002971,1.418524,-0.002971,-5.738969,0
2026-07-02 15:40:50.228152,3.719027,-5.744151,1.415299,-0.002971,1.418524,-0.002971,-5.744151,0
2026-07-02 15:40:50.229204,3.721510,-5.738969,1.420479,-0.008152,1.413342,-0.008152,-5.738969,0
2026-07-02 15:40:50.231211,3.723961,-5.744151,1.415299,-0.002971,1.418524,-0.002971,-5.744151,0
2026-07-02 15:40:50.235247,3.726197,-5.754514,1.415299,-0.002971,1.418524,-0.002971,-5.754514,0
2026-07-02 15:40:50.238017,3.728508,-5.744151,1.415299,-0.002971,1.413342,-0.002971,-5.744151,0
2026-07-02 15:40:50.238940,3.731468,-5.744151,1.415299,-0.002971,1.413342,-0.002971,-5.744151,0
2026-07-02 15:40:50.242467,3.733719,-5.744151,1.415299,-0.002971,1.413342,-0.002971,-5.744151,0
2026-07-02 15:40:50.245456,3.736189,-5.738969,1.415299,-0.008152,1.413342,-0.008152,-5.738969,0
2026-07-02 15:40:50.253697,3.739180,-5.744151,1.415299,-0.002971,1.413342,-0.002971,-5.744151,0
2026-07-02 15:40:50.255714,3.747933,-5.754514,1.415299,-0.002971,1.418524,-0.002971,-5.754514,0
2026-07-02 15:40:50.258958,3.750310,-5.738969,1.415299,-0.002971,1.413342,-0.002971,-5.738969,0
2026-07-02 15:40:50.259580,3.752666,-5.744151,1.415299,-0.002971,1.418524,-0.002971,-5.744151,0
2026-07-02 15:40:50.259580,3.754903,-5.749332,1.415299,-0.002971,1.413342,-0.002971,-5.749332,0
2026-07-02 15:40:50.265320,3.757248,-5.738969,1.415299,-0.008152,1.413342,-0.008152,-5.738969,0
2026-07-02 15:40:50.267432,3.759594,-5.744151,1.415299,-0.008152,1.413342,-0.008152,-5.744151,0
2026-07-02 15:40:50.267432,3.762044,-5.738969,1.415299,-0.008152,1.418524,-0.008152,-5.738969,0
2026-07-02 15:40:50.272911,3.764353,-5.749332,1.415299,-0.002971,1.418524,-0.002971,-5.749332,0
2026-07-02 15:40:50.280406,3.770906,-5.744151,1.415299,-0.008152,1.413342,-0.008152,-5.744151,0
2026-07-02 15:40:50.283199,3.774249,-5.738969,1.415299,-0.008152,1.418524,-0.008152,-5.738969,0
2026-07-02 15:40:50.286544,3.776904,-5.749332,1.415299,-0.008152,1.413342,-0.008152,-5.749332,0
2026-07-02 15:40:50.286544,3.779844,-5.744151,1.415299,-0.008152,1.418524,-0.008152,-5.744151,0
2026-07-02 15:40:50.286544,3.782276,-5.738969,1.415299,-0.002971,1.413342,-0.002971,-5.738969,0
2026-07-02 15:40:50.293553,3.784740,-5.744151,1.415299,-0.008152,1.413342,-0.008152,-5.744151,0
2026-07-02 15:40:50.294669,3.787114,-5.744151,1.415299,-0.008152,1.413342,-0.008152,-5.744151,0
2026-07-02 15:40:50.298369,3.789634,-5.754514,1.415299,-0.002971,1.413342,-0.002971,-5.754514,0
2026-07-02 15:40:50.299243,3.791923,-5.744151,1.415299,-0.008152,1.413342,-0.008152,-5.744151,0
2026-07-02 15:40:50.302945,3.795400,-5.744151,1.415299,-0.002971,1.413342,-0.002971,-5.744151,0
2026-07-02 15:40:50.306049,3.797716,-5.744151,1.415299,-0.002971,1.413342,-0.002971,-5.744151,0
2026-07-02 15:40:50.306049,3.799973,-5.744151,1.415299,-0.008152,1.418524,-0.008152,-5.744151,0
2026-07-02 15:40:50.306049,3.802789,-5.754514,1.415299,-0.002971,1.413342,-0.002971,-5.754514,0
2026-07-02 15:40:50.313088,3.805140,-5.754514,1.415299,-0.002971,1.413342,-0.002971,-5.754514,0
2026-07-02 15:40:50.315099,3.807472,-5.744151,1.415299,-0.002971,1.418524,-0.002971,-5.744151,0
2026-07-02 15:40:50.317258,3.809775,-5.744151,1.415299,-0.002971,1.418524,-0.002971,-5.744151,0
2026-07-02 15:40:50.321387,3.812197,-5.749332,1.415299,-0.002971,1.413342,-0.002971,-5.749332,0
2026-07-02 15:40:50.323321,3.814828,-5.738969,1.415299,-0.002971,1.418524,-0.002971,-5.738969,0
2026-07-02 15:40:50.325675,3.817136,-5.749332,1.415299,-0.002971,1.413342,-0.002971,-5.749332,0
2026-07-02 15:40:50.325675,3.819773,-5.744151,1.415299,-0.002971,1.418524,-0.002971,-5.744151,0
2026-07-02 15:40:50.330880,3.822139,-5.744151,1.415299,-0.002971,1.413342,-0.002971,-5.744151,0
2026-07-02 15:40:50.330880,3.824509,-5.754514,1.415299,-0.008152,1.413342,-0.008152,-5.754514,0
2026-07-02 15:40:50.333847,3.827022,-5.749332,1.415299,-0.002971,1.418524,-0.002971,-5.749332,0
2026-07-02 15:40:50.333847,3.829706,-5.749332,1.415299,-0.002971,1.418524,-0.002971,-5.749332,0
2026-07-02 15:40:50.339226,3.832083,-5.749332,1.415299,-0.002971,1.413342,-0.002971,-5.749332,0
2026-07-02 15:40:50.342546,3.834493,-5.749332,1.415299,-0.002971,1.418524,-0.002971,-5.749332,0
2026-07-02 15:40:50.344239,3.836891,-5.744151,1.415299,-0.002971,1.413342,-0.002971,-5.744151,0
2026-07-02 15:40:50.347736,3.839205,-5.744151,1.415299,-0.002971,1.418524,-0.002971,-5.744151,0
2026-07-02 15:40:50.350507,3.841523,-5.744151,1.415299,-0.002971,1.413342,-0.002971,-5.744151,0
2026-07-02 15:40:50.352265,3.844476,-5.749332,1.415299,-0.002971,1.413342,-0.002971,-5.749332,0
2026-07-02 15:40:50.352265,3.846718,-5.744151,1.415299,-0.002971,1.413342,-0.002971,-5.744151,0
2026-07-02 15:40:50.357762,3.849037,-5.744151,1.415299,-0.002971,1.413342,-0.002971,-5.744151,0
2026-07-02 15:40:50.358843,3.851309,-5.749332,1.415299,-0.002971,1.418524,-0.002971,-5.749332,0
2026-07-02 15:40:50.358843,3.853782,-5.744151,1.415299,-0.002971,1.418524,-0.002971,-5.744151,0
2026-07-02 15:40:50.358843,3.856137,-5.744151,1.415299,-0.002971,1.418524,-0.002971,-5.744151,0
2026-07-02 15:40:50.367248,3.858434,-5.738969,1.415299,-0.008152,1.413342,-0.008152,-5.738969,0
2026-07-02 15:40:50.367248,3.860950,-5.738969,1.415299,-0.008152,1.413342,-0.008152,-5.738969,0
2026-07-02 15:40:50.367248,3.863290,-5.744151,1.415299,-0.008152,1.413342,-0.008152,-5.744151,0
2026-07-02 15:40:50.367248,3.865598,-5.744151,1.415299,-0.002971,1.413342,-0.002971,-5.744151,0
2026-07-02 15:40:50.376471,3.867862,-5.754514,1.415299,-0.002971,1.413342,-0.002971,-5.754514,0
2026-07-02 15:40:50.377033,3.870177,-5.738969,1.415299,-0.002971,1.413342,-0.002971,-5.738969,0
2026-07-02 15:40:50.377033,3.872429,-5.749332,1.410120,-0.002971,1.418524,-0.002971,-5.749332,0
2026-07-02 15:40:50.377033,3.874774,-5.754514,1.415299,-0.008152,1.418524,-0.008152,-5.754514,0
2026-07-02 15:40:50.385633,3.877315,-5.749332,1.415299,-0.008152,1.418524,-0.008152,-5.749332,0
2026-07-02 15:40:50.385633,3.879898,-5.744151,1.415299,-0.008152,1.413342,-0.008152,-5.744151,0
2026-07-02 15:40:50.385633,3.882336,-5.744151,1.415299,-0.002971,1.413342,-0.002971,-5.744151,0
2026-07-02 15:40:50.393699,3.884611,-5.738969,1.415299,-0.002971,1.413342,-0.002971,-5.738969,0
2026-07-02 15:40:50.395371,3.887616,-5.754514,1.415299,-0.008152,1.413342,-0.008152,-5.754514,0
2026-07-02 15:40:50.397849,3.889937,-5.744151,1.415299,-0.002971,1.418524,-0.002971,-5.744151,0
2026-07-02 15:40:50.402047,3.892341,-5.744151,1.415299,-0.002971,1.418524,-0.002971,-5.744151,0
2026-07-02 15:40:50.404386,3.895314,-5.749332,1.415299,-0.002971,1.413342,-0.002971,-5.749332,0
2026-07-02 15:40:50.404386,3.897862,-5.749332,1.415299,-0.002971,1.413342,-0.002971,-5.749332,0
2026-07-02 15:40:50.408997,3.900225,-5.744151,1.415299,-0.008152,1.418524,-0.008152,-5.744151,0
2026-07-02 15:40:50.411595,3.902595,-5.749332,1.415299,-0.002971,1.418524,-0.002971,-5.749332,0
2026-07-02 15:40:50.411595,3.904922,-5.754514,1.415299,-0.002971,1.413342,-0.002971,-5.754514,0
2026-07-02 15:40:50.415890,3.907369,-5.749332,1.415299,-0.002971,1.413342,-0.002971,-5.749332,0
2026-07-02 15:40:50.418034,3.909783,-5.744151,1.415299,-0.002971,1.418524,-0.002971,-5.744151,0
2026-07-02 15:40:50.419561,3.912133,-5.744151,1.415299,-0.002971,1.418524,-0.002971,-5.744151,0
2026-07-02 15:40:50.423179,3.914489,-5.738969,1.415299,-0.008152,1.413342,-0.008152,-5.738969,0
2026-07-02 15:40:50.425591,3.916815,-5.749332,1.415299,-0.002971,1.413342,-0.002971,-5.749332,0
2026-07-02 15:40:50.425591,3.919566,-5.754514,1.415299,-0.002971,1.413342,-0.002971,-5.754514,0
2026-07-02 15:40:50.425591,3.921955,-5.749332,1.415299,-0.002971,1.413342,-0.002971,-5.749332,0
2026-07-02 15:40:50.425591,3.924415,-5.744151,1.415299,-0.002971,1.413342,-0.002971,-5.744151,0
2026-07-02 15:40:50.434906,3.926949,-5.744151,1.415299,-0.002971,1.418524,-0.002971,-5.744151,0
2026-07-02 15:40:50.436762,3.929321,-5.749332,1.415299,-0.002971,1.418524,-0.002971,-5.749332,0
2026-07-02 15:40:50.436762,3.931824,-5.744151,1.415299,-0.002971,1.418524,-0.002971,-5.744151,0
2026-07-02 15:40:50.442922,3.934202,-5.744151,1.415299,-0.002971,1.413342,-0.002971,-5.744151,0
2026-07-02 15:40:50.444599,3.936936,-5.744151,1.415299,-0.008152,1.418524,-0.008152,-5.744151,0
2026-07-02 15:40:50.444599,3.939376,-5.738969,1.415299,-0.002971,1.413342,-0.002971,-5.738969,0
2026-07-02 15:40:50.450980,3.941760,-5.738969,1.415299,-0.008152,1.418524,-0.008152,-5.738969,0
2026-07-02 15:40:50.453456,3.944637,-5.744151,1.415299,-0.002971,1.418524,-0.002971,-5.744151,0
2026-07-02 15:40:50.453456,3.946968,-5.754514,1.415299,-0.002971,1.418524,-0.002971,-5.754514,0
2026-07-02 15:40:50.453456,3.949552,-5.744151,1.415299,-0.002971,1.413342,-0.002971,-5.744151,0
2026-07-02 15:40:50.461010,3.951826,-5.738969,1.415299,-0.002971,1.418524,-0.002971,-5.738969,0
2026-07-02 15:40:50.461010,3.954337,-5.738969,1.415299,-0.002971,1.418524,-0.002971,-5.738969,0
2026-07-02 15:40:50.461010,3.956616,-5.754514,1.415299,-0.002971,1.413342,-0.002971,-5.754514,0
2026-07-02 15:40:50.467332,3.958900,-5.744151,1.415299,-0.008152,1.418524,-0.008152,-5.744151,0
2026-07-02 15:40:50.467332,3.961295,-5.744151,1.415299,-0.002971,1.413342,-0.002971,-5.744151,0
2026-07-02 15:40:50.467332,3.963752,-5.744151,1.420479,-0.002971,1.413342,-0.002971,-5.744151,0
2026-07-02 15:40:50.467332,3.966315,-5.733788,1.415299,-0.008152,1.413342,-0.008152,-5.733788,0
2026-07-02 15:40:50.477835,3.968685,-5.744151,1.415299,-0.002971,1.418524,-0.002971,-5.744151,0
2026-07-02 15:40:50.478441,3.971359,-5.738969,1.415299,-0.002971,1.418524,-0.002971,-5.738969,0
2026-07-02 15:40:50.478441,3.973900,-5.744151,1.415299,-0.008152,1.413342,-0.008152,-5.744151,0
2026-07-02 15:40:50.484558,3.976193,-5.744151,1.415299,-0.002971,1.413342,-0.002971,-5.744151,0
2026-07-02 15:40:50.485959,3.978658,-5.744151,1.415299,-0.002971,1.413342,-0.002971,-5.744151,0
2026-07-02 15:40:50.485959,3.981194,-5.749332,1.415299,-0.002971,1.413342,-0.002971,-5.749332,0
2026-07-02 15:40:50.492881,3.983510,-5.744151,1.415299,-0.008152,1.418524,-0.008152,-5.744151,0
2026-07-02 15:40:50.494844,3.986431,-5.749332,1.415299,-0.002971,1.413342,-0.002971,-5.749332,0
2026-07-02 15:40:50.494844,3.988783,-5.744151,1.415299,-0.002971,1.413342,-0.002971,-5.744151,0
2026-07-02 15:40:50.499313,3.991128,-5.744151,1.415299,-0.002971,1.418524,-0.002971,-5.744151,0
2026-07-02 15:40:50.502481,3.993387,-5.749332,1.415299,-0.002971,1.418524,-0.002971,-5.749332,0
2026-07-02 15:40:50.503125,3.995778,-5.744151,1.415299,-0.002971,1.418524,-0.002971,-5.744151,0
2026-07-02 15:40:50.503125,3.998195,-5.744151,1.415299,-0.008152,1.413342,-0.008152,-5.744151,0
2026-07-02 15:40:50.509967,4.000567,-5.754514,1.415299,-0.002971,1.413342,-0.002971,-5.754514,0
2026-07-02 15:40:50.511198,4.003376,-5.744151,1.415299,-0.002971,1.413342,-0.002971,-5.744151,0
2026-07-02 15:40:50.511198,4.005821,-5.754514,1.415299,-0.008152,1.413342,-0.008152,-5.754514,0
2026-07-02 15:40:50.516543,4.008103,-5.744151,1.415299,-0.002971,1.413342,-0.002971,-5.744151,0
2026-07-02 15:40:50.519541,4.010458,-5.744151,1.415299,-0.002971,1.413342,-0.002971,-5.744151,0
2026-07-02 15:40:50.519541,4.012827,-5.738969,1.415299,-0.008152,1.418524,-0.008152,-5.738969,0
2026-07-02 15:40:50.519541,4.015160,-5.744151,1.415299,-0.002971,1.413342,-0.002971,-5.744151,0
2026-07-02 15:40:50.526387,4.017496,-5.744151,1.415299,-0.002971,1.413342,-0.002971,-5.744151,0
2026-07-02 15:40:50.527786,4.019837,-5.744151,1.415299,-0.002971,1.418524,-0.002971,-5.744151,0
2026-07-02 15:40:50.527786,4.022209,-5.738969,1.415299,-0.008152,1.413342,-0.008152,-5.738969,0
2026-07-02 15:40:50.527786,4.024709,-5.738969,1.415299,-0.008152,1.413342,-0.008152,-5.738969,0
2026-07-02 15:40:50.535873,4.027192,-5.744151,1.415299,-0.002971,1.413342,-0.002971,-5.744151,0
2026-07-02 15:40:50.536483,4.029521,-5.744151,1.415299,-0.002971,1.413342,-0.002971,-5.744151,0
2026-07-02 15:40:50.536483,4.031965,-5.749332,1.415299,-0.002971,1.418524,-0.002971,-5.749332,0
2026-07-02 15:40:50.543251,4.034257,-5.744151,1.415299,-0.002971,1.413342,-0.002971,-5.744151,0
2026-07-02 15:40:50.544787,4.036610,-5.744151,1.415299,-0.002971,1.413342,-0.002971,-5.744151,0
2026-07-02 15:40:50.544787,4.039018,-5.738969,1.415299,-0.002971,1.418524,-0.002971,-5.738969,0
2026-07-02 15:40:50.551145,4.041339,-5.754514,1.415299,-0.002971,1.418524,-0.002971,-5.754514,0
2026-07-02 15:40:50.552974,4.045308,-5.749332,1.415299,-0.002971,1.418524,-0.002971,-5.749332,0
2026-07-02 15:40:50.552974,4.047681,-5.754514,1.415299,-0.002971,1.418524,-0.002971,-5.754514,0
2026-07-02 15:40:50.559296,4.049949,-5.749332,1.415299,-0.002971,1.418524,-0.002971,-5.749332,0
2026-07-02 15:40:50.561625,4.053482,-5.744151,1.415299,-0.002971,1.413342,-0.002971,-5.744151,0
2026-07-02 15:40:50.561625,4.056047,-5.744151,1.415299,-0.002971,1.413342,-0.002971,-5.744151,0
2026-07-02 15:40:50.567850,4.058493,-5.744151,1.415299,-0.002971,1.413342,-0.002971,-5.744151,0
2026-07-02 15:40:50.569631,4.061347,-5.744151,1.415299,-0.002971,1.413342,-0.002971,-5.744151,0
2026-07-02 15:40:50.569631,4.063723,-5.738969,1.415299,-0.002971,1.418524,-0.002971,-5.738969,0
2026-07-02 15:40:50.569631,4.066186,-5.749332,1.415299,-0.002971,1.413342,-0.002971,-5.749332,0
2026-07-02 15:40:50.577626,4.068699,-5.744151,1.415299,-0.008152,1.413342,-0.008152,-5.744151,0
2026-07-02 15:40:50.578117,4.071225,-5.744151,1.415299,-0.002971,1.418524,-0.002971,-5.744151,0
2026-07-02 15:40:50.578117,4.073744,-5.744151,1.415299,-0.002971,1.418524,-0.002971,-5.744151,0
2026-07-02 15:40:50.584759,4.076163,-5.749332,1.415299,-0.002971,1.418524,-0.002971,-5.749332,0
2026-07-02 15:40:50.586381,4.078609,-5.744151,1.415299,-0.002971,1.413342,-0.002971,-5.744151,0
2026-07-02 15:40:50.586381,4.080967,-5.749332,1.415299,-0.002971,1.418524,-0.002971,-5.749332,0
2026-07-02 15:40:50.592430,4.083412,-5.749332,1.415299,-0.002971,1.413342,-0.002971,-5.749332,0
2026-07-02 15:40:50.593241,4.085937,-5.749332,1.415299,-0.002971,1.418524,-0.002971,-5.749332,0
2026-07-02 15:40:50.595722,4.088457,-5.754514,1.415299,-0.002971,1.418524,-0.002971,-5.754514,0
2026-07-02 15:40:50.599490,4.091072,-5.754514,1.415299,-0.002971,1.413342,-0.002971,-5.754514,0
2026-07-02 15:40:50.601493,4.093537,-5.744151,1.415299,-0.002971,1.413342,-0.002971,-5.744151,0
2026-07-02 15:40:50.603582,4.095996,-5.744151,1.415299,-0.002971,1.418524,-0.002971,-5.744151,0
2026-07-02 15:40:50.603582,4.098476,-5.749332,1.415299,-0.002971,1.418524,-0.002971,-5.749332,0
2026-07-02 15:40:50.609357,4.100828,-5.749332,1.415299,-0.002971,1.413342,-0.002971,-5.749332,0
2026-07-02 15:40:50.609357,4.103211,-5.744151,1.415299,-0.002971,1.413342,-0.002971,-5.744151,0
2026-07-02 15:40:50.609357,4.105664,-5.749332,1.415299,-0.002971,1.413342,-0.002971,-5.749332,0
2026-07-02 15:40:50.616896,4.107974,-5.744151,1.415299,-0.002971,1.413342,-0.002971,-5.744151,0
2026-07-02 15:40:50.619009,4.110522,-5.744151,1.410120,-0.002971,1.418524,-0.002971,-5.744151,0
2026-07-02 15:40:50.619009,4.113237,-5.744151,1.415299,-0.002971,1.418524,-0.002971,-5.744151,0
2026-07-02 15:40:50.622599,4.115669,-5.749332,1.415299,-0.002971,1.413342,-0.002971,-5.749332,0
2026-07-02 15:40:50.625598,4.117964,-5.754514,1.415299,-0.002971,1.413342,-0.002971,-5.754514,0
2026-07-02 15:40:50.629068,4.120435,-5.744151,1.415299,-0.002971,1.413342,-0.002971,-5.744151,0
2026-07-02 15:40:50.629068,4.122857,-5.744151,1.415299,-0.002971,1.413342,-0.002971,-5.744151,0
2026-07-02 15:40:50.629068,4.125215,-5.749332,1.415299,-0.002971,1.413342,-0.002971,-5.749332,0
2026-07-02 15:40:50.629068,4.127576,-5.744151,1.415299,-0.002971,1.413342,-0.002971,-5.744151,0
2026-07-02 15:40:50.639173,4.130069,-5.744151,1.415299,-0.002971,1.413342,-0.002971,-5.744151,0
2026-07-02 15:40:50.639173,4.132601,-5.744151,1.415299,-0.002971,1.418524,-0.002971,-5.744151,0
2026-07-02 15:40:50.643825,4.135067,-5.749332,1.415299,-0.002971,1.413342,-0.002971,-5.749332,0
2026-07-02 15:40:50.645838,4.137659,-5.738969,1.415299,-0.002971,1.413342,-0.002971,-5.738969,0
2026-07-02 15:40:50.648002,4.140206,-5.744151,1.415299,-0.002971,1.418524,-0.002971,-5.744151,0
2026-07-02 15:40:50.650800,4.142673,-5.738969,1.415299,-0.002971,1.413342,-0.002971,-5.738969,0
2026-07-02 15:40:50.652872,4.145089,-5.744151,1.415299,-0.002971,1.418524,-0.002971,-5.744151,0
2026-07-02 15:40:50.654885,4.147599,-5.744151,1.415299,-0.002971,1.413342,-0.002971,-5.744151,0
2026-07-02 15:40:50.658899,4.150089,-5.744151,1.415299,-0.002971,1.418524,-0.002971,-5.744151,0
2026-07-02 15:40:50.660206,4.152458,-5.749332,1.415299,-0.002971,1.413342,-0.002971,-5.749332,0
2026-07-02 15:40:50.663814,4.154930,-5.744151,1.415299,-0.002971,1.418524,-0.002971,-5.744151,0
2026-07-02 15:40:50.665377,4.157349,-5.744151,1.415299,-0.002971,1.418524,-0.002971,-5.744151,0
2026-07-02 15:40:50.667589,4.159784,-5.744151,1.415299,-0.002971,1.418524,-0.002971,-5.744151,0
2026-07-02 15:40:50.671360,4.162202,-5.738969,1.415299,-0.008152,1.413342,-0.008152,-5.738969,0
2026-07-02 15:40:50.673373,4.164662,-5.749332,1.415299,-0.002971,1.413342,-0.002971,-5.749332,0
2026-07-02 15:40:50.675382,4.167244,-5.744151,1.415299,-0.002971,1.413342,-0.002971,-5.744151,0
2026-07-02 15:40:50.677432,4.169677,-5.744151,1.415299,-0.002971,1.418524,-0.002971,-5.744151,0
2026-07-02 15:40:50.679544,4.172040,-5.749332,1.415299,-0.002971,1.413342,-0.002971,-5.749332,0
2026-07-02 15:40:50.683426,4.174419,-5.738969,1.415299,-0.002971,1.418524,-0.002971,-5.738969,0
2026-07-02 15:40:50.686375,4.178066,-5.744151,1.415299,-0.002971,1.413342,-0.002971,-5.744151,0
2026-07-02 15:40:50.689372,4.180419,-5.744151,1.415299,-0.002971,1.413342,-0.002971,-5.744151,0
2026-07-02 15:40:50.691388,4.182747,-5.738969,1.415299,-0.008152,1.418524,-0.008152,-5.738969,0
2026-07-02 15:40:50.693403,4.185220,-5.738969,1.415299,-0.008152,1.413342,-0.008152,-5.738969,0
2026-07-02 15:40:50.695419,4.187570,-5.749332,1.415299,-0.002971,1.413342,-0.002971,-5.749332,0
2026-07-02 15:40:50.697432,4.190034,-5.749332,1.415299,-0.002971,1.413342,-0.002971,-5.749332,0
2026-07-02 15:40:50.701833,4.192614,-5.749332,1.415299,-0.002971,1.413342,-0.002971,-5.749332,0
2026-07-02 15:40:50.701833,4.195234,-5.749332,1.415299,-0.002971,1.418524,-0.002971,-5.749332,0
2026-07-02 15:40:50.706029,4.197621,-5.749332,1.415299,-0.008152,1.418524,-0.008152,-5.749332,0
2026-07-02 15:40:50.708077,4.200015,-5.744151,1.415299,-0.002971,1.413342,-0.002971,-5.744151,0
2026-07-02 15:40:50.709831,4.202527,-5.738969,1.415299,-0.008152,1.413342,-0.008152,-5.738969,0
2026-07-02 15:40:50.713917,4.205328,-5.744151,1.415299,-0.002971,1.413342,-0.002971,-5.744151,0
2026-07-02 15:40:50.717142,4.207746,-5.744151,1.415299,-0.002971,1.413342,-0.002971,-5.744151,0
2026-07-02 15:40:50.719260,4.210594,-5.744151,1.415299,-0.002971,1.413342,-0.002971,-5.744151,0
2026-07-02 15:40:50.719260,4.212944,-5.754514,1.415299,-0.002971,1.418524,-0.002971,-5.754514,0
2026-07-02 15:40:50.723911,4.215425,-5.744151,1.415299,-0.002971,1.413342,-0.002971,-5.744151,0
2026-07-02 15:40:50.726451,4.217996,-5.744151,1.415299,-0.002971,1.413342,-0.002971,-5.744151,0
2026-07-02 15:40:50.728465,4.220484,-5.744151,1.415299,-0.002971,1.413342,-0.002971,-5.744151,0
2026-07-02 15:40:50.730918,4.222908,-5.744151,1.415299,-0.002971,1.413342,-0.002971,-5.744151,0
2026-07-02 15:40:50.733917,4.225509,-5.754514,1.415299,-0.002971,1.413342,-0.002971,-5.754514,0
2026-07-02 15:40:50.736129,4.227892,-5.744151,1.415299,-0.002971,1.413342,-0.002971,-5.744151,0
2026-07-02 15:40:50.738140,4.230349,-5.749332,1.415299,-0.002971,1.413342,-0.002971,-5.749332,0
2026-07-02 15:40:50.741663,4.232716,-5.744151,1.415299,-0.002971,1.413342,-0.002971,-5.744151,0
2026-07-02 15:40:50.744186,4.235166,-5.744151,1.415299,-0.002971,1.418524,-0.002971,-5.744151,0
2026-07-02 15:40:50.746203,4.238014,-5.749332,1.415299,-0.002971,1.413342,-0.002971,-5.749332,0
2026-07-02 15:40:50.748234,4.240480,-5.749332,1.415299,-0.002971,1.418524,-0.002971,-5.749332,0
2026-07-02 15:40:50.748234,4.242933,-5.738969,1.415299,-0.002971,1.418524,-0.002971,-5.738969,0
2026-07-02 15:40:50.753082,4.245412,-5.738969,1.415299,-0.002971,1.413342,-0.002971,-5.738969,0
2026-07-02 15:40:50.755096,4.247918,-5.744151,1.415299,-0.002971,1.418524,-0.002971,-5.744151,0
2026-07-02 15:40:50.758360,4.250350,-5.744151,1.415299,-0.002971,1.413342,-0.002971,-5.744151,0
2026-07-02 15:40:50.760369,4.252850,-5.744151,1.415299,-0.002971,1.413342,-0.002971,-5.744151,0
2026-07-02 15:40:50.764389,4.255233,-5.738969,1.415299,-0.002971,1.413342,-0.002971,-5.738969,0
2026-07-02 15:40:50.766397,4.257833,-5.744151,1.415299,-0.002971,1.418524,-0.002971,-5.744151,0
2026-07-02 15:40:50.769337,4.261024,-5.738969,1.415299,-0.008152,1.418524,-0.008152,-5.738969,0
2026-07-02 15:40:50.771160,4.263439,-5.744151,1.415299,-0.002971,1.413342,-0.002971,-5.744151,0
2026-07-02 15:40:50.773172,4.265885,-5.744151,1.415299,-0.002971,1.413342,-0.002971,-5.744151,0
2026-07-02 15:40:50.777190,4.268294,-5.744151,1.415299,-0.008152,1.413342,-0.008152,-5.744151,0
2026-07-02 15:40:50.778703,4.270751,-5.749332,1.415299,-0.008152,1.418524,-0.008152,-5.749332,0
2026-07-02 15:40:50.778703,4.273155,-5.744151,1.415299,-0.002971,1.413342,-0.002971,-5.744151,0
2026-07-02 15:40:50.783901,4.275632,-5.749332,1.415299,-0.008152,1.413342,-0.008152,-5.749332,0
2026-07-02 15:40:50.786353,4.277894,-5.738969,1.415299,-0.008152,1.418524,-0.008152,-5.738969,0
2026-07-02 15:40:50.788367,4.280423,-5.744151,1.415299,-0.002971,1.418524,-0.002971,-5.744151,0
2026-07-02 15:40:50.791363,4.282912,-5.744151,1.415299,-0.002971,1.413342,-0.002971,-5.744151,0
2026-07-02 15:40:50.791363,4.285690,-5.744151,1.415299,-0.002971,1.413342,-0.002971,-5.744151,0
2026-07-02 15:40:50.791363,4.288263,-5.738969,1.415299,-0.002971,1.418524,-0.002971,-5.738969,0
2026-07-02 15:40:50.799501,4.290713,-5.749332,1.415299,-0.002971,1.413342,-0.002971,-5.749332,0
2026-07-02 15:40:50.800909,4.293154,-5.744151,1.415299,-0.002971,1.418524,-0.002971,-5.744151,0
2026-07-02 15:40:50.802922,4.295481,-5.754514,1.415299,-0.002971,1.413342,-0.002971,-5.754514,0
2026-07-02 15:40:50.806948,4.297795,-5.754514,1.415299,-0.002971,1.413342,-0.002971,-5.754514,0
2026-07-02 15:40:50.809060,4.300282,-5.744151,1.415299,-0.008152,1.413342,-0.008152,-5.744151,0
2026-07-02 15:40:50.811075,4.302735,-5.738969,1.415299,-0.008152,1.413342,-0.008152,-5.738969,0
2026-07-02 15:40:50.813083,4.305101,-5.749332,1.415299,-0.002971,1.413342,-0.002971,-5.749332,0
2026-07-02 15:40:50.817792,4.307665,-5.744151,1.415299,-0.002971,1.413342,-0.002971,-5.744151,0
2026-07-02 15:40:50.818807,4.311441,-5.744151,1.415299,-0.002971,1.413342,-0.002971,-5.744151,0
2026-07-02 15:40:50.820818,4.313921,-5.744151,1.415299,0.002211,1.418524,0.002211,-5.744151,0
2026-07-02 15:40:50.825172,4.316413,-5.738969,1.415299,-0.008152,1.418524,-0.008152,-5.738969,0
2026-07-02 15:40:50.827072,4.319006,-5.744151,1.415299,-0.002971,1.418524,-0.002971,-5.744151,0
2026-07-02 15:40:50.828829,4.321627,-5.744151,1.415299,-0.002971,1.413342,-0.002971,-5.744151,0
2026-07-02 15:40:50.832856,4.324058,-5.744151,1.415299,-0.008152,1.413342,-0.008152,-5.744151,0
2026-07-02 15:40:50.833820,4.326616,-5.744151,1.415299,-0.002971,1.413342,-0.002971,-5.744151,0
2026-07-02 15:40:50.836275,4.329125,-5.744151,1.415299,-0.002971,1.413342,-0.002971,-5.744151,0
2026-07-02 15:40:50.839033,4.331677,-5.749332,1.415299,-0.002971,1.413342,-0.002971,-5.749332,0
2026-07-02 15:40:50.841047,4.334155,-5.738969,1.415299,-0.002971,1.413342,-0.002971,-5.738969,0
2026-07-02 15:40:50.844402,4.336579,-5.738969,1.415299,-0.002971,1.418524,-0.002971,-5.738969,0
2026-07-02 15:40:50.846411,4.339066,-5.738969,1.415299,-0.002971,1.418524,-0.002971,-5.738969,0
2026-07-02 15:40:50.849085,4.341392,-5.738969,1.415299,-0.002971,1.418524,-0.002971,-5.738969,0
2026-07-02 15:40:50.853085,4.344178,-5.744151,1.415299,-0.002971,1.413342,-0.002971,-5.744151,0
2026-07-02 15:40:50.855109,4.346722,-5.749332,1.415299,-0.002971,1.418524,-0.002971,-5.749332,0
2026-07-02 15:40:50.857124,4.349298,-5.744151,1.415299,-0.002971,1.413342,-0.002971,-5.744151,0
2026-07-02 15:40:50.860706,4.352002,-5.749332,1.415299,-0.002971,1.413342,-0.002971,-5.749332,0
2026-07-02 15:40:50.863320,4.354622,-5.744151,1.415299,-0.002971,1.413342,-0.002971,-5.744151,0
2026-07-02 15:40:50.865295,4.357144,-5.744151,1.415299,-0.002971,1.418524,-0.002971,-5.744151,0
2026-07-02 15:40:50.867866,4.359695,-5.744151,1.415299,-0.002971,1.413342,-0.002971,-5.744151,0
2026-07-02 15:40:50.870012,4.362065,-5.738969,1.415299,-0.002971,1.418524,-0.002971,-5.738969,0
2026-07-02 15:40:50.872838,4.364442,-5.738969,1.415299,-0.002971,1.418524,-0.002971,-5.738969,0
2026-07-02 15:40:50.876471,4.367029,-5.744151,1.415299,-0.002971,1.413342,-0.002971,-5.744151,0
2026-07-02 15:40:50.878841,4.369900,-5.738969,1.415299,-0.008152,1.418524,-0.008152,-5.738969,0
2026-07-02 15:40:50.880187,4.372262,-5.744151,1.415299,-0.002971,1.418524,-0.002971,-5.744151,0
2026-07-02 15:40:50.884796,4.374826,-5.738969,1.415299,-0.002971,1.418524,-0.002971,-5.738969,0
2026-07-02 15:40:50.887308,4.378148,-5.754514,1.415299,-0.008152,1.413342,-0.008152,-5.754514,0
2026-07-02 15:40:50.888925,4.380575,-5.738969,1.415299,-0.002971,1.418524,-0.002971,-5.738969,0
2026-07-02 15:40:50.890941,4.383131,-5.744151,1.415299,-0.002971,1.418524,-0.002971,-5.744151,0
2026-07-02 15:40:50.894307,4.385614,-5.744151,1.415299,-0.002971,1.418524,-0.002971,-5.744151,0
2026-07-02 15:40:50.895635,4.388085,-5.754514,1.415299,-0.002971,1.413342,-0.002971,-5.754514,0
2026-07-02 15:40:50.899592,4.390580,-5.738969,1.415299,-0.008152,1.413342,-0.008152,-5.738969,0
2026-07-02 15:40:50.902210,4.393241,-5.749332,1.415299,-0.008152,1.413342,-0.008152,-5.749332,0
2026-07-02 15:40:50.903040,4.395595,-5.738969,1.415299,-0.002971,1.413342,-0.002971,-5.738969,0
2026-07-02 15:40:50.903040,4.398098,-5.744151,1.415299,-0.002971,1.413342,-0.002971,-5.744151,0
2026-07-02 15:40:50.909889,4.400549,-5.749332,1.415299,-0.002971,1.413342,-0.002971,-5.749332,0
2026-07-02 15:40:50.912094,4.404479,-5.749332,1.420479,-0.002971,1.413342,-0.002971,-5.749332,0
2026-07-02 15:40:50.914522,4.407101,-5.744151,1.415299,-0.002971,1.413342,-0.002971,-5.744151,0
2026-07-02 15:40:50.918873,4.409479,-5.744151,1.415299,-0.002971,1.418524,-0.002971,-5.744151,0
2026-07-02 15:40:50.920336,4.412527,-5.738969,1.415299,-0.002971,1.413342,-0.002971,-5.738969,0
2026-07-02 15:40:50.923044,4.415199,-5.744151,1.415299,-0.002971,1.418524,-0.002971,-5.744151,0
2026-07-02 15:40:50.927076,4.417819,-5.749332,1.415299,-0.002971,1.413342,-0.002971,-5.749332,0
2026-07-02 15:40:50.929099,4.420437,-5.744151,1.415299,-0.008152,1.418524,-0.008152,-5.744151,0
2026-07-02 15:40:50.931188,4.422988,-5.744151,1.415299,-0.002971,1.418524,-0.002971,-5.744151,0
2026-07-02 15:40:50.935071,4.425615,-5.754514,1.415299,-0.002971,1.413342,-0.002971,-5.754514,0
2026-07-02 15:40:50.936748,4.429143,-5.738969,1.415299,-0.002971,1.418524,-0.002971,-5.738969,0
2026-07-02 15:40:50.936748,4.431724,-5.744151,1.415299,-0.002971,1.413342,-0.002971,-5.744151,0
2026-07-02 15:40:50.944102,4.434263,-5.749332,1.415299,-0.002971,1.413342,-0.002971,-5.749332,0
2026-07-02 15:40:50.945783,4.437440,-5.744151,1.415299,-0.002971,1.413342,-0.002971,-5.744151,0
2026-07-02 15:40:50.945783,4.440131,-5.744151,1.415299,-0.002971,1.418524,-0.002971,-5.744151,0
2026-07-02 15:40:50.951825,4.442626,-5.744151,1.415299,-0.008152,1.413342,-0.008152,-5.744151,0
2026-07-02 15:40:50.953123,4.445572,-5.738969,1.415299,-0.008152,1.413342,-0.008152,-5.738969,0
2026-07-02 15:40:50.957153,4.448264,-5.744151,1.415299,-0.002971,1.418524,-0.002971,-5.744151,0
2026-07-02 15:40:50.960644,4.450872,-5.744151,1.415299,-0.002971,1.418524,-0.002971,-5.744151,0
2026-07-02 15:40:50.961810,4.454151,-5.738969,1.415299,-0.008152,1.418524,-0.008152,-5.738969,0
2026-07-02 15:40:50.965489,4.456615,-5.754514,1.415299,-0.002971,1.413342,-0.002971,-5.754514,0
2026-07-02 15:40:50.968172,4.458981,-5.738969,1.415299,-0.008152,1.413342,-0.008152,-5.738969,0
2026-07-02 15:40:50.969005,4.461442,-5.738969,1.415299,-0.008152,1.418524,-0.008152,-5.738969,0
2026-07-02 15:40:50.971121,4.463939,-5.738969,1.415299,-0.002971,1.413342,-0.002971,-5.738969,0
2026-07-02 15:40:50.975579,4.466280,-5.738969,1.415299,-0.002971,1.418524,-0.002971,-5.738969,0
2026-07-02 15:40:50.976592,4.468996,-5.749332,1.415299,-0.002971,1.418524,-0.002971,-5.749332,0
2026-07-02 15:40:50.978606,4.471445,-5.749332,1.415299,-0.002971,1.413342,-0.002971,-5.749332,0
2026-07-02 15:40:50.981075,4.473786,-5.744151,1.415299,-0.008152,1.418524,-0.008152,-5.744151,0
2026-07-02 15:40:50.985185,4.476082,-5.744151,1.415299,-0.002971,1.418524,-0.002971,-5.744151,0
2026-07-02 15:40:50.988166,4.479101,-5.744151,1.415299,-0.002971,1.413342,-0.002971,-5.744151,0
2026-07-02 15:40:50.988855,4.481700,-5.744151,1.415299,-0.002971,1.418524,-0.002971,-5.744151,0
2026-07-02 15:40:50.992752,4.484041,-5.738969,1.415299,-0.008152,1.418524,-0.008152,-5.738969,0
2026-07-02 15:40:50.995408,4.486319,-5.738969,1.415299,-0.002971,1.413342,-0.002971,-5.738969,0
2026-07-02 15:40:50.996189,4.488694,-5.754514,1.415299,-0.002971,1.413342,-0.002971,-5.754514,0
2026-07-02 15:40:51.000000,4.491064,-5.738969,1.415299,-0.002971,1.413342,-0.002971,-5.738969,0
2026-07-02 15:40:51.002600,4.494112,-5.738969,1.415299,-0.008152,1.418524,-0.008152,-5.738969,0
2026-07-02 15:40:51.005740,4.496662,-5.738969,1.415299,-0.002971,1.413342,-0.002971,-5.738969,0
2026-07-02 15:40:51.005740,4.499004,-5.744151,1.415299,-0.002971,1.418524,-0.002971,-5.744151,0
2026-07-02 15:40:51.012471,4.501239,-5.744151,1.415299,-0.002971,1.413342,-0.002971,-5.744151,0
2026-07-02 15:40:51.018412,4.507183,-5.744151,1.415299,-0.002971,1.418524,-0.002971,-5.744151,0
2026-07-02 15:40:51.020776,4.511820,-5.744151,1.415299,-0.002971,1.413342,-0.002971,-5.744151,0
2026-07-02 15:40:51.022785,4.514347,-5.738969,1.415299,-0.008152,1.418524,-0.008152,-5.738969,0
2026-07-02 15:40:51.026508,4.517724,-5.744151,1.415299,-0.002971,1.413342,-0.002971,-5.744151,0
2026-07-02 15:40:51.029030,4.519998,-5.744151,1.415299,-0.008152,1.413342,-0.008152,-5.744151,0
2026-07-02 15:40:51.029030,4.522296,-5.744151,1.415299,-0.002971,1.413342,-0.002971,-5.744151,0
2026-07-02 15:40:51.032320,4.524661,-5.744151,1.415299,-0.002971,1.413342,-0.002971,-5.744151,0
2026-07-02 15:40:51.034802,4.526979,-5.744151,1.415299,-0.002971,1.413342,-0.002971,-5.744151,0
2026-07-02 15:40:51.034802,4.530453,-5.749332,1.415299,-0.002971,1.413342,-0.002971,-5.749332,0
2026-07-02 15:40:51.042143,4.532825,-5.744151,1.415299,-0.002971,1.413342,-0.002971,-5.744151,0
2026-07-02 15:40:51.043150,4.536070,-5.749332,1.415299,-0.002971,1.413342,-0.002971,-5.749332,0
2026-07-02 15:40:51.045117,4.538300,-5.749332,1.415299,-0.002971,1.413342,-0.002971,-5.749332,0
2026-07-02 15:40:51.045117,4.540822,-5.744151,1.420479,-0.002971,1.413342,-0.002971,-5.744151,0
2026-07-02 15:40:51.051612,4.543150,-5.744151,1.415299,-0.002971,1.413342,-0.002971,-5.744151,0
2026-07-02 15:40:51.053438,4.545504,-5.749332,1.415299,-0.002971,1.413342,-0.002971,-5.749332,0
2026-07-02 15:40:51.053438,4.548852,-5.749332,1.415299,-0.002971,1.418524,-0.002971,-5.749332,0
2026-07-02 15:40:51.059838,4.551119,-5.744151,1.410120,-0.008152,1.418524,-0.008152,-5.744151,0
2026-07-02 15:40:51.061681,4.554873,-5.744151,1.415299,-0.002971,1.418524,-0.002971,-5.744151,0
2026-07-02 15:40:51.061681,4.557303,-5.749332,1.415299,-0.002971,1.418524,-0.002971,-5.749332,0
2026-07-02 15:40:51.068227,4.559613,-5.738969,1.415299,-0.008152,1.413342,-0.008152,-5.738969,0
2026-07-02 15:40:51.068227,4.561910,-5.744151,1.415299,-0.008152,1.413342,-0.008152,-5.744151,0
2026-07-02 15:40:51.071467,4.564265,-5.744151,1.415299,-0.002971,1.413342,-0.002971,-5.744151,0
2026-07-02 15:40:51.071467,4.566541,-5.738969,1.415299,-0.008152,1.413342,-0.008152,-5.738969,0
2026-07-02 15:40:51.076620,4.568836,-5.754514,1.415299,-0.002971,1.418524,-0.002971,-5.754514,0
2026-07-02 15:40:51.076620,4.571174,-5.744151,1.415299,-0.002971,1.413342,-0.002971,-5.744151,0
2026-07-02 15:40:51.076620,4.573468,-5.744151,1.415299,-0.002971,1.413342,-0.002971,-5.744151,0
2026-07-02 15:40:51.084758,4.575712,-5.738969,1.415299,-0.008152,1.413342,-0.008152,-5.738969,0
2026-07-02 15:40:51.085807,4.578197,-5.744151,1.415299,-0.008152,1.413342,-0.008152,-5.744151,0
2026-07-02 15:40:51.085807,4.580578,-5.744151,1.415299,-0.002971,1.413342,-0.002971,-5.744151,0
2026-07-02 15:40:51.085807,4.582841,-5.744151,1.415299,-0.002971,1.418524,-0.002971,-5.744151,0
2026-07-02 15:40:51.093318,4.585399,-5.738969,1.415299,-0.008152,1.413342,-0.008152,-5.738969,0
2026-07-02 15:40:51.094996,4.587720,-5.749332,1.415299,-0.002971,1.413342,-0.002971,-5.749332,0
2026-07-02 15:40:51.094996,4.590436,-5.744151,1.415299,-0.002971,1.413342,-0.002971,-5.744151,0
2026-07-02 15:40:51.101518,4.592826,-5.744151,1.415299,-0.008152,1.413342,-0.008152,-5.744151,0
2026-07-02 15:40:51.103826,4.595314,-5.738969,1.415299,-0.002971,1.413342,-0.002971,-5.738969,0
2026-07-02 15:40:51.103826,4.597599,-5.744151,1.415299,-0.002971,1.413342,-0.002971,-5.744151,0
2026-07-02 15:40:51.108745,4.599877,-5.744151,1.415299,-0.002971,1.418524,-0.002971,-5.744151,0
2026-07-02 15:40:51.109778,4.602172,-5.749332,1.415299,-0.002971,1.413342,-0.002971,-5.749332,0
2026-07-02 15:40:51.109778,4.604714,-5.749332,1.415299,-0.002971,1.413342,-0.002971,-5.749332,0
2026-07-02 15:40:51.109778,4.606997,-5.744151,1.415299,-0.002971,1.413342,-0.002971,-5.744151,0
2026-07-02 15:40:51.118477,4.609230,-5.744151,1.415299,-0.002971,1.413342,-0.002971,-5.744151,0
2026-07-02 15:40:51.121089,4.612117,-5.744151,1.415299,-0.002971,1.418524,-0.002971,-5.744151,0
2026-07-02 15:40:51.121089,4.614607,-5.744151,1.415299,-0.002971,1.413342,-0.002971,-5.744151,0
2026-07-02 15:40:51.121089,4.617328,-5.744151,1.415299,-0.002971,1.413342,-0.002971,-5.744151,0
2026-07-02 15:40:51.128247,4.620164,-5.744151,1.415299,-0.008152,1.418524,-0.008152,-5.744151,0
2026-07-02 15:40:51.128247,4.622635,-5.744151,1.415299,-0.002971,1.413342,-0.002971,-5.744151,0
2026-07-02 15:40:51.133885,4.624932,-5.738969,1.415299,-0.002971,1.413342,-0.002971,-5.738969,0
2026-07-02 15:40:51.133885,4.629328,-5.744151,1.415299,-0.002971,1.418524,-0.002971,-5.744151,0
2026-07-02 15:40:51.138656,4.631681,-5.744151,1.415299,-0.002971,1.413342,-0.002971,-5.744151,0
2026-07-02 15:40:51.143143,4.634052,-5.749332,1.415299,-0.002971,1.418524,-0.002971,-5.749332,0
2026-07-02 15:40:51.143801,4.636460,-5.744151,1.415299,-0.002971,1.413342,-0.002971,-5.744151,0
2026-07-02 15:40:51.143801,4.638986,-5.744151,1.415299,-0.002971,1.413342,-0.002971,-5.744151,0
2026-07-02 15:40:51.148776,4.641337,-5.749332,1.415299,-0.002971,1.418524,-0.002971,-5.749332,0
2026-07-02 15:40:51.148776,4.644538,-5.749332,1.415299,-0.002971,1.418524,-0.002971,-5.749332,0
2026-07-02 15:40:51.148776,4.646904,-5.744151,1.415299,-0.008152,1.418524,-0.008152,-5.744151,0
2026-07-02 15:40:51.148776,4.649278,-5.744151,1.415299,-0.002971,1.413342,-0.002971,-5.744151,0
2026-07-02 15:40:51.158832,4.651588,-5.744151,1.415299,-0.008152,1.413342,-0.008152,-5.744151,0
2026-07-02 15:40:51.161919,4.654183,-5.754514,1.415299,-0.008152,1.413342,-0.008152,-5.754514,0
2026-07-02 15:40:51.161919,4.656532,-5.749332,1.415299,-0.002971,1.418524,-0.002971,-5.749332,0
2026-07-02 15:40:51.167314,4.658815,-5.754514,1.415299,-0.002971,1.413342,-0.002971,-5.754514,0
2026-07-02 15:40:51.170331,4.661414,-5.738969,1.420479,-0.002971,1.418524,-0.002971,-5.738969,0
2026-07-02 15:40:51.170331,4.663859,-5.744151,1.415299,-0.002971,1.413342,-0.002971,-5.744151,0
2026-07-02 15:40:51.177040,4.666280,-5.744151,1.415299,-0.002971,1.413342,-0.002971,-5.744151,0
2026-07-02 15:40:51.178068,4.670983,-5.738969,1.415299,-0.008152,1.418524,-0.008152,-5.738969,0
2026-07-02 15:40:51.178068,4.673433,-5.738969,1.415299,-0.008152,1.418524,-0.008152,-5.738969,0
2026-07-02 15:40:51.185504,4.675699,-5.754514,1.415299,-0.002971,1.413342,-0.002971,-5.754514,0
2026-07-02 15:40:51.186687,4.678795,-5.744151,1.415299,-0.002971,1.418524,-0.002971,-5.744151,0
2026-07-02 15:40:51.186687,4.681182,-5.744151,1.415299,-0.002971,1.418524,-0.002971,-5.744151,0
2026-07-02 15:40:51.193863,4.683445,-5.754514,1.415299,-0.008152,1.413342,-0.008152,-5.754514,0
2026-07-02 15:40:51.194447,4.687139,-5.738969,1.415299,-0.008152,1.413342,-0.008152,-5.738969,0
2026-07-02 15:40:51.194447,4.689581,-5.749332,1.415299,-0.002971,1.413342,-0.002971,-5.749332,0
2026-07-02 15:40:51.200704,4.691853,-5.749332,1.415299,-0.002971,1.418524,-0.002971,-5.749332,0
2026-07-02 15:40:51.202654,4.694866,-5.754514,1.415299,-0.008152,1.413342,-0.008152,-5.754514,0
2026-07-02 15:40:51.202654,4.697237,-5.744151,1.415299,-0.002971,1.413342,-0.002971,-5.744151,0
2026-07-02 15:40:51.208904,4.699686,-5.754514,1.415299,-0.002971,1.413342,-0.002971,-5.754514,0
2026-07-02 15:40:51.210758,4.702130,-5.744151,1.415299,-0.002971,1.413342,-0.002971,-5.744151,0
2026-07-02 15:40:51.210758,4.704552,-5.754514,1.415299,-0.002971,1.418524,-0.002971,-5.754514,0
2026-07-02 15:40:51.210758,4.706891,-5.749332,1.415299,-0.002971,1.413342,-0.002971,-5.749332,0
2026-07-02 15:40:51.218901,4.709236,-5.744151,1.415299,-0.002971,1.413342,-0.002971,-5.744151,0
2026-07-02 15:40:51.219589,4.712237,-5.744151,1.415299,-0.002971,1.413342,-0.002971,-5.744151,0
2026-07-02 15:40:51.221603,4.714708,-5.749332,1.415299,-0.002971,1.413342,-0.002971,-5.749332,0
2026-07-02 15:40:51.225795,4.717169,-5.744151,1.415299,-0.002971,1.413342,-0.002971,-5.744151,0
2026-07-02 15:40:51.227889,4.719992,-5.744151,1.415299,-0.002971,1.413342,-0.002971,-5.744151,0
2026-07-02 15:40:51.227889,4.722372,-5.744151,1.415299,-0.002971,1.413342,-0.002971,-5.744151,0
2026-07-02 15:40:51.227889,4.724672,-5.744151,1.415299,-0.002971,1.418524,-0.002971,-5.744151,0
2026-07-02 15:40:51.236280,4.727154,-5.749332,1.415299,-0.002971,1.413342,-0.002971,-5.749332,0
2026-07-02 15:40:51.236280,4.729670,-5.738969,1.415299,-0.002971,1.413342,-0.002971,-5.738969,0
2026-07-02 15:40:51.236280,4.732243,-5.749332,1.415299,-0.002971,1.413342,-0.002971,-5.749332,0
2026-07-02 15:40:51.242601,4.734624,-5.744151,1.415299,-0.002971,1.418524,-0.002971,-5.744151,0
2026-07-02 15:40:51.245039,4.737132,-5.749332,1.420479,-0.002971,1.413342,-0.002971,-5.749332,0
2026-07-02 15:40:51.245039,4.739616,-5.744151,1.415299,-0.002971,1.413342,-0.002971,-5.744151,0
2026-07-02 15:40:51.250697,4.742026,-5.744151,1.415299,-0.002971,1.418524,-0.002971,-5.744151,0
2026-07-02 15:40:51.253652,4.744622,-5.749332,1.415299,-0.002971,1.413342,-0.002971,-5.749332,0
2026-07-02 15:40:51.254189,4.747187,-5.749332,1.415299,-0.002971,1.418524,-0.002971,-5.749332,0
2026-07-02 15:40:51.254189,4.749485,-5.754514,1.415299,-0.002971,1.418524,-0.002971,-5.754514,0
2026-07-02 15:40:51.258886,4.751739,-5.749332,1.415299,-0.002971,1.413342,-0.002971,-5.749332,0
2026-07-02 15:40:51.262939,4.754338,-5.744151,1.415299,-0.002971,1.418524,-0.002971,-5.744151,0
2026-07-02 15:40:51.262939,4.756728,-5.738969,1.415299,-0.002971,1.413342,-0.002971,-5.738969,0
2026-07-02 15:40:51.270118,4.759040,-5.744151,1.415299,-0.008152,1.418524,-0.008152,-5.744151,0
2026-07-02 15:40:51.270118,4.763804,-5.749332,1.415299,-0.002971,1.413342,-0.002971,-5.749332,0
2026-07-02 15:40:51.277552,4.766233,-5.754514,1.415299,-0.002971,1.418524,-0.002971,-5.754514,0
2026-07-02 15:40:51.278413,4.770899,-5.754514,1.415299,-0.002971,1.418524,-0.002971,-5.754514,0
2026-07-02 15:40:51.278413,4.773463,-5.754514,1.415299,-0.002971,1.418524,-0.002971,-5.754514,0
2026-07-02 15:40:51.284049,4.775860,-5.744151,1.415299,-0.002971,1.418524,-0.002971,-5.744151,0
2026-07-02 15:40:51.286666,4.778395,-5.744151,1.415299,-0.002971,1.413342,-0.002971,-5.744151,0
2026-07-02 15:40:51.286666,4.781132,-5.749332,1.415299,-0.002971,1.418524,-0.002971,-5.749332,0
2026-07-02 15:40:51.292321,4.783562,-5.738969,1.415299,-0.008152,1.413342,-0.008152,-5.738969,0
2026-07-02 15:40:51.295488,4.786473,-5.744151,1.415299,-0.008152,1.413342,-0.008152,-5.744151,0
2026-07-02 15:40:51.295488,4.788895,-5.738969,1.415299,-0.002971,1.418524,-0.002971,-5.738969,0
2026-07-02 15:40:51.301136,4.791257,-5.744151,1.415299,-0.002971,1.413342,-0.002971,-5.744151,0
2026-07-02 15:40:51.303051,4.795133,-5.754514,1.415299,-0.002971,1.418524,-0.002971,-5.754514,0
2026-07-02 15:40:51.303051,4.797550,-5.744151,1.415299,-0.002971,1.413342,-0.002971,-5.744151,0
2026-07-02 15:40:51.309048,4.799837,-5.744151,1.415299,-0.002971,1.413342,-0.002971,-5.744151,0
2026-07-02 15:40:51.311469,4.802508,-5.738969,1.415299,-0.002971,1.413342,-0.002971,-5.738969,0
2026-07-02 15:40:51.311469,4.804975,-5.738969,1.415299,-0.002971,1.418524,-0.002971,-5.738969,0
2026-07-02 15:40:51.311469,4.807362,-5.744151,1.415299,-0.002971,1.413342,-0.002971,-5.744151,0
2026-07-02 15:40:51.317237,4.809646,-5.744151,1.420479,-0.002971,1.413342,-0.002971,-5.744151,0
2026-07-02 15:40:51.319373,4.811941,-5.754514,1.415299,-0.008152,1.418524,-0.008152,-5.754514,0
2026-07-02 15:40:51.322209,4.814476,-5.738969,1.415299,-0.002971,1.418524,-0.002971,-5.738969,0
2026-07-02 15:40:51.325634,4.816800,-5.744151,1.415299,-0.002971,1.418524,-0.002971,-5.744151,0
2026-07-02 15:40:51.327483,4.819564,-5.744151,1.415299,-0.002971,1.413342,-0.002971,-5.744151,0
2026-07-02 15:40:51.327483,4.821989,-5.744151,1.415299,-0.002971,1.418524,-0.002971,-5.744151,0
2026-07-02 15:40:51.327483,4.824334,-5.738969,1.415299,-0.008152,1.418524,-0.008152,-5.738969,0
2026-07-02 15:40:51.327483,4.826569,-5.744151,1.415299,-0.002971,1.418524,-0.002971,-5.744151,0
2026-07-02 15:40:51.335893,4.829077,-5.749332,1.415299,-0.002971,1.413342,-0.002971,-5.749332,0
2026-07-02 15:40:51.335893,4.831565,-5.744151,1.415299,-0.002971,1.413342,-0.002971,-5.744151,0
2026-07-02 15:40:51.335893,4.833801,-5.738969,1.415299,-0.008152,1.413342,-0.008152,-5.738969,0
2026-07-02 15:40:51.335893,4.836250,-5.744151,1.415299,-0.002971,1.413342,-0.002971,-5.744151,0
2026-07-02 15:40:51.346144,4.838724,-5.744151,1.415299,-0.002971,1.413342,-0.002971,-5.744151,0
2026-07-02 15:40:51.346144,4.841065,-5.738969,1.415299,-0.002971,1.418524,-0.002971,-5.738969,0
2026-07-02 15:40:51.352001,4.843330,-5.744151,1.415299,-0.002971,1.418524,-0.002971,-5.744151,0
2026-07-02 15:40:51.354662,4.846307,-5.754514,1.415299,-0.002971,1.413342,-0.002971,-5.754514,0
2026-07-02 15:40:51.355617,4.848635,-5.749332,1.415299,-0.002971,1.413342,-0.002971,-5.749332,0
2026-07-02 15:40:51.355617,4.850936,-5.744151,1.415299,-0.002971,1.413342,-0.002971,-5.744151,0
2026-07-02 15:40:51.355617,4.853259,-5.744151,1.415299,-0.008152,1.418524,-0.008152,-5.744151,0
2026-07-02 15:40:51.364522,4.855591,-5.754514,1.415299,-0.002971,1.413342,-0.002971,-5.754514,0
2026-07-02 15:40:51.367748,4.857916,-5.744151,1.415299,-0.002971,1.413342,-0.002971,-5.744151,0
2026-07-02 15:40:51.370301,4.861117,-5.749332,1.415299,-0.008152,1.418524,-0.008152,-5.749332,0
2026-07-02 15:40:51.371180,4.863612,-5.744151,1.415299,-0.002971,1.413342,-0.002971,-5.744151,0
2026-07-02 15:40:51.374709,4.866438,-5.738969,1.415299,-0.008152,1.413342,-0.008152,-5.738969,0
2026-07-02 15:40:51.377859,4.868784,-5.749332,1.415299,-0.002971,1.413342,-0.002971,-5.749332,0
2026-07-02 15:40:51.380057,4.871163,-5.744151,1.415299,-0.008152,1.413342,-0.008152,-5.744151,0
2026-07-02 15:40:51.380704,4.873493,-5.744151,1.415299,-0.002971,1.418524,-0.002971,-5.744151,0
2026-07-02 15:40:51.384167,4.875957,-5.744151,1.415299,-0.002971,1.413342,-0.002971,-5.744151,0
2026-07-02 15:40:51.388230,4.878374,-5.744151,1.415299,-0.002971,1.413342,-0.002971,-5.744151,0
2026-07-02 15:40:51.388230,4.882101,-5.749332,1.415299,-0.002971,1.418524,-0.002971,-5.749332,0
2026-07-02 15:40:51.391986,4.884655,-5.749332,1.415299,-0.002971,1.413342,-0.002971,-5.749332,0
2026-07-02 15:40:51.394500,4.886992,-5.744151,1.415299,-0.002971,1.413342,-0.002971,-5.744151,0
2026-07-02 15:40:51.396514,4.889327,-5.749332,1.415299,-0.002971,1.418524,-0.002971,-5.749332,0
2026-07-02 15:40:51.400547,4.891630,-5.738969,1.415299,-0.008152,1.413342,-0.008152,-5.738969,0
2026-07-02 15:40:51.404458,4.895617,-5.744151,1.415299,-0.002971,1.413342,-0.002971,-5.744151,0
2026-07-02 15:40:51.406475,4.897939,-5.749332,1.415299,-0.008152,1.413342,-0.008152,-5.749332,0
2026-07-02 15:40:51.408494,4.900261,-5.738969,1.415299,-0.002971,1.413342,-0.002971,-5.738969,0
2026-07-02 15:40:51.410727,4.902466,-5.749332,1.415299,-0.002971,1.418524,-0.002971,-5.749332,0
2026-07-02 15:40:51.412736,4.904893,-5.744151,1.415299,-0.002971,1.418524,-0.002971,-5.744151,0
2026-07-02 15:40:51.414486,4.907191,-5.744151,1.415299,-0.002971,1.418524,-0.002971,-5.744151,0
2026-07-02 15:40:51.418277,4.909544,-5.744151,1.415299,-0.002971,1.413342,-0.002971,-5.744151,0
2026-07-02 15:40:51.420869,4.911883,-5.754514,1.415299,-0.002971,1.418524,-0.002971,-5.754514,0
2026-07-02 15:40:51.422461,4.914306,-5.744151,1.415299,-0.002971,1.418524,-0.002971,-5.744151,0
2026-07-02 15:40:51.425929,4.916601,-5.754514,1.415299,-0.002971,1.413342,-0.002971,-5.754514,0
2026-07-02 15:40:51.428705,4.919185,-5.738969,1.415299,-0.008152,1.418524,-0.008152,-5.738969,0
2026-07-02 15:40:51.430501,4.922251,-5.744151,1.415299,-0.002971,1.418524,-0.002971,-5.744151,0
2026-07-02 15:40:51.434452,4.924667,-5.744151,1.415299,-0.008152,1.418524,-0.008152,-5.744151,0
2026-07-02 15:40:51.436502,4.928012,-5.754514,1.415299,-0.002971,1.418524,-0.002971,-5.754514,0
2026-07-02 15:40:51.438558,4.931397,-5.749332,1.415299,-0.002971,1.413342,-0.002971,-5.749332,0
2026-07-02 15:40:51.442589,4.933711,-5.744151,1.415299,-0.002971,1.418524,-0.002971,-5.744151,0
2026-07-02 15:40:51.446615,4.937494,-5.744151,1.415299,-0.002971,1.418524,-0.002971,-5.744151,0
2026-07-02 15:40:51.447122,4.939963,-5.754514,1.415299,-0.002971,1.413342,-0.002971,-5.754514,0
2026-07-02 15:40:51.450502,4.942329,-5.749332,1.415299,-0.008152,1.418524,-0.008152,-5.749332,0
2026-07-02 15:40:51.453751,4.944943,-5.749332,1.415299,-0.002971,1.413342,-0.002971,-5.749332,0
2026-07-02 15:40:51.454322,4.947235,-5.744151,1.415299,-0.002971,1.413342,-0.002971,-5.744151,0
2026-07-02 15:40:51.454322,4.949583,-5.744151,1.415299,-0.002971,1.413342,-0.002971,-5.744151,0
2026-07-02 15:40:51.460120,4.952043,-5.744151,1.415299,-0.002971,1.418524,-0.002971,-5.744151,0
2026-07-02 15:40:51.462136,4.954445,-5.744151,1.410120,-0.002971,1.418524,-0.002971,-5.744151,0
2026-07-02 15:40:51.464150,4.956753,-5.744151,1.415299,-0.002971,1.418524,-0.002971,-5.744151,0
2026-07-02 15:40:51.468177,4.958972,-5.738969,1.415299,-0.002971,1.418524,-0.002971,-5.738969,0
2026-07-02 15:40:51.470144,4.961975,-5.744151,1.415299,-0.002971,1.413342,-0.002971,-5.744151,0
2026-07-02 15:40:51.472158,4.964389,-5.738969,1.415299,-0.008152,1.413342,-0.008152,-5.738969,0
2026-07-02 15:40:51.475951,4.966755,-5.744151,1.415299,-0.008152,1.413342,-0.008152,-5.744151,0
2026-07-02 15:40:51.478292,4.969487,-5.744151,1.415299,-0.002971,1.418524,-0.002971,-5.744151,0
2026-07-02 15:40:51.480952,4.971888,-5.744151,1.420479,-0.008152,1.418524,-0.008152,-5.744151,0
2026-07-02 15:40:51.482112,4.974440,-5.744151,1.415299,-0.002971,1.418524,-0.002971,-5.744151,0
2026-07-02 15:40:51.485526,4.977038,-5.744151,1.420479,-0.002971,1.418524,-0.002971,-5.744151,0
2026-07-02 15:40:51.487108,4.979423,-5.754514,1.415299,-0.008152,1.413342,-0.008152,-5.754514,0
2026-07-02 15:40:51.490645,4.981773,-5.744151,1.415299,-0.002971,1.418524,-0.002971,-5.744151,0
2026-07-02 15:40:51.492654,4.984073,-5.744151,1.415299,-0.002971,1.418524,-0.002971,-5.744151,0
2026-07-02 15:40:51.493587,4.986356,-5.744151,1.415299,-0.002971,1.418524,-0.002971,-5.744151,0
2026-07-02 15:40:51.496289,4.988690,-5.754514,1.415299,-0.002971,1.418524,-0.002971,-5.754514,0
2026-07-02 15:40:51.498299,4.990956,-5.738969,1.415299,-0.002971,1.418524,-0.002971,-5.738969,0
2026-07-02 15:40:51.502019,4.993199,-5.744151,1.415299,-0.002971,1.418524,-0.002971,-5.744151,0
2026-07-02 15:40:51.504036,4.995534,-5.744151,1.415299,-0.002971,1.413342,-0.002971,-5.744151,0
2026-07-02 15:40:51.506045,4.997871,-5.744151,1.415299,-0.002971,1.413342,-0.002971,-5.744151,0
