horodatage,temps_s,AIN0,AIN1,AIN2,AIN3,courant,position,trigger
2026-07-02 15:43:51.889557,0.000001,-0.831938,1.415299,-0.008152,1.418524,-0.008152,-0.831938,0
2026-07-02 15:43:51.891572,0.004853,-0.831938,1.415299,-0.002971,1.418524,-0.002971,-0.831938,0
2026-07-02 15:43:51.893592,0.007460,-0.831938,1.415299,-0.002971,1.413342,-0.002971,-0.831938,0
2026-07-02 15:43:51.897325,0.010012,-0.837119,1.415299,-0.002971,1.413342,-0.002971,-0.837119,0
2026-07-02 15:43:51.900811,0.012499,-0.837119,1.415299,-0.002971,1.413342,-0.002971,-0.837119,0
2026-07-02 15:43:51.902682,0.015402,-0.831938,1.415299,-0.002971,1.413342,-0.002971,-0.831938,0
2026-07-02 15:43:51.905315,0.017919,-0.837119,1.415299,-0.002971,1.413342,-0.002971,-0.837119,0
2026-07-02 15:43:51.909159,0.020415,-0.837119,1.410120,-0.002971,1.418524,-0.002971,-0.837119,0
2026-07-02 15:43:51.912276,0.024023,-0.831938,1.415299,-0.002971,1.413342,-0.002971,-0.831938,0
2026-07-02 15:43:51.914236,0.027259,-0.831938,1.415299,-0.002971,1.413342,-0.002971,-0.831938,0
2026-07-02 15:43:51.917260,0.030035,-0.831938,1.415299,-0.002971,1.413342,-0.002971,-0.831938,0
2026-07-02 15:43:51.919850,0.032643,-0.826756,1.415299,-0.002971,1.418524,-0.002971,-0.826756,0
2026-07-02 15:43:51.921866,0.035223,-0.837119,1.415299,-0.002971,1.418524,-0.002971,-0.837119,0
2026-07-02 15:43:51.925704,0.037890,-0.831938,1.415299,-0.002971,1.413342,-0.002971,-0.831938,0
2026-07-02 15:43:51.926968,0.040413,-0.826756,1.415299,-0.002971,1.413342,-0.002971,-0.826756,0
2026-07-02 15:43:51.928990,0.042929,-0.831938,1.410120,-0.002971,1.413342,-0.002971,-0.831938,0
2026-07-02 15:43:51.932039,0.045391,-0.826756,1.415299,-0.002971,1.413342,-0.002971,-0.826756,0
2026-07-02 15:43:51.934617,0.047945,-0.831938,1.415299,-0.002971,1.413342,-0.002971,-0.831938,0
2026-07-02 15:43:51.937155,0.050548,-0.826756,1.415299,-0.002971,1.413342,-0.002971,-0.826756,0
2026-07-02 15:43:51.940196,0.053116,-0.826756,1.415299,-0.002971,1.413342,-0.002971,-0.826756,0
2026-07-02 15:43:51.942211,0.055610,-0.826756,1.415299,-0.008152,1.413342,-0.008152,-0.826756,0
2026-07-02 15:43:51.944238,0.058165,-0.826756,1.415299,-0.008152,1.413342,-0.008152,-0.826756,0
2026-07-02 15:43:51.948285,0.060720,-0.831938,1.415299,-0.002971,1.413342,-0.002971,-0.831938,0
2026-07-02 15:43:51.950476,0.063170,-0.831938,1.415299,-0.002971,1.413342,-0.002971,-0.831938,0
2026-07-02 15:43:51.952503,0.065675,-0.837119,1.415299,-0.002971,1.413342,-0.002971,-0.837119,0
2026-07-02 15:43:51.954528,0.068159,-0.837119,1.415299,-0.002971,1.418524,-0.002971,-0.837119,0
2026-07-02 15:43:51.958344,0.070619,-0.831938,1.415299,-0.002971,1.413342,-0.002971,-0.831938,0
2026-07-02 15:43:51.960137,0.073092,-0.821574,1.415299,-0.002971,1.413342,-0.002971,-0.821574,0
2026-07-02 15:43:51.960137,0.075659,-0.831938,1.415299,-0.002971,1.418524,-0.002971,-0.831938,0
2026-07-02 15:43:51.964983,0.078233,-0.837119,1.415299,-0.002971,1.413342,-0.002971,-0.837119,0
2026-07-02 15:43:51.968583,0.081059,-0.831938,1.415299,-0.002971,1.418524,-0.002971,-0.831938,0
2026-07-02 15:43:51.970609,0.084438,-0.826756,1.415299,-0.002971,1.418524,-0.002971,-0.826756,0
2026-07-02 15:43:51.974656,0.086978,-0.831938,1.415299,-0.002971,1.413342,-0.002971,-0.831938,0
2026-07-02 15:43:51.977202,0.090216,-0.826756,1.415299,-0.008152,1.413342,-0.008152,-0.826756,0
2026-07-02 15:43:51.980982,0.092801,-0.831938,1.415299,-0.002971,1.418524,-0.002971,-0.831938,0
2026-07-02 15:43:51.983047,0.095666,-0.831938,1.415299,-0.002971,1.413342,-0.002971,-0.831938,0
2026-07-02 15:43:51.986022,0.098606,-0.831938,1.415299,-0.002971,1.413342,-0.002971,-0.831938,0
2026-07-02 15:43:51.989355,0.101191,-0.831938,1.415299,-0.002971,1.413342,-0.002971,-0.831938,0
2026-07-02 15:43:51.991364,0.103963,-0.837119,1.415299,-0.008152,1.413342,-0.008152,-0.837119,0
2026-07-02 15:43:52.003436,0.107160,-0.831938,1.415299,-0.002971,1.418524,-0.002971,-0.831938,0
2026-07-02 15:43:52.007466,0.119741,-0.831938,1.415299,-0.002971,1.413342,-0.002971,-0.831938,0
2026-07-02 15:43:52.010122,0.122457,-0.826756,1.415299,-0.008152,1.418524,-0.008152,-0.826756,0
2026-07-02 15:43:52.012140,0.125144,-0.837119,1.410120,-0.002971,1.418524,-0.002971,-0.837119,0
2026-07-02 15:43:52.014159,0.127825,-0.831938,1.415299,-0.002971,1.413342,-0.002971,-0.831938,0
2026-07-02 15:43:52.017354,0.130475,-0.837119,1.415299,-0.002971,1.413342,-0.002971,-0.837119,0
2026-07-02 15:43:52.019368,0.133175,-0.826756,1.415299,-0.002971,1.413342,-0.002971,-0.826756,0
2026-07-02 15:43:52.023411,0.135888,-0.826756,1.415299,-0.002971,1.413342,-0.002971,-0.826756,0
2026-07-02 15:43:52.025531,0.138569,-0.826756,1.415299,-0.002971,1.413342,-0.002971,-0.826756,0
2026-07-02 15:43:52.027546,0.140987,-0.837119,1.415299,-0.002971,1.413342,-0.002971,-0.837119,0
2026-07-02 15:43:52.031033,0.143357,-0.826756,1.415299,-0.002971,1.413342,-0.002971,-0.826756,0
2026-07-02 15:43:52.033905,0.145781,-0.826756,1.415299,-0.002971,1.413342,-0.002971,-0.826756,0
2026-07-02 15:43:52.065887,0.149243,-0.831938,1.415299,-0.002971,1.418524,-0.002971,-0.831938,0
2026-07-02 15:43:52.068005,0.181630,-0.831938,1.415299,-0.002971,1.413342,-0.002971,-0.831938,0
2026-07-02 15:43:52.070690,0.184019,-0.837119,1.415299,-0.002971,1.418524,-0.002971,-0.837119,0
2026-07-02 15:43:52.072703,0.186363,-0.837119,1.415299,-0.008152,1.418524,-0.008152,-0.837119,0
2026-07-02 15:43:52.076640,0.188807,-0.831938,1.415299,-0.002971,1.418524,-0.002971,-0.831938,0
2026-07-02 15:43:52.077636,0.191328,-0.831938,1.415299,-0.008152,1.413342,-0.008152,-0.831938,0
2026-07-02 15:43:52.080269,0.193734,-0.831938,1.415299,-0.002971,1.413342,-0.002971,-0.831938,0
2026-07-02 15:43:52.083539,0.196236,-0.831938,1.415299,-0.002971,1.413342,-0.002971,-0.831938,0
2026-07-02 15:43:52.084982,0.198625,-0.826756,1.415299,-0.002971,1.413342,-0.002971,-0.826756,0
2026-07-02 15:43:52.086991,0.201029,-0.826756,1.415299,-0.002971,1.418524,-0.002971,-0.826756,0
2026-07-02 15:43:52.090696,0.203407,-0.837119,1.415299,-0.002971,1.413342,-0.002971,-0.837119,0
2026-07-02 15:43:52.092703,0.205781,-0.831938,1.415299,-0.002971,1.413342,-0.002971,-0.831938,0
2026-07-02 15:43:52.094718,0.208155,-0.831938,1.415299,-0.002971,1.413342,-0.002971,-0.831938,0
2026-07-02 15:43:52.097744,0.210535,-0.831938,1.415299,-0.002971,1.413342,-0.002971,-0.831938,0
2026-07-02 15:43:52.100891,0.212914,-0.831938,1.415299,-0.002971,1.418524,-0.002971,-0.831938,0
2026-07-02 15:43:52.102904,0.216506,-0.831938,1.415299,-0.002971,1.418524,-0.002971,-0.831938,0
2026-07-02 15:43:52.104917,0.218941,-0.826756,1.415299,-0.008152,1.413342,-0.008152,-0.826756,0
2026-07-02 15:43:52.108947,0.221342,-0.842300,1.415299,-0.002971,1.413342,-0.002971,-0.842300,0
2026-07-02 15:43:52.114098,0.223756,-0.831938,1.410120,-0.002971,1.413342,-0.002971,-0.831938,0
2026-07-02 15:43:52.116880,0.229007,-0.826756,1.415299,-0.002971,1.413342,-0.002971,-0.826756,0
2026-07-02 15:43:52.134909,0.231781,-0.837119,1.415299,-0.002971,1.418524,-0.002971,-0.837119,0
2026-07-02 15:43:52.143416,0.250213,-0.826756,1.415299,-0.002971,1.413342,-0.002971,-0.826756,0
2026-07-02 15:43:52.146087,0.259220,-0.831938,1.415299,-0.002971,1.418524,-0.002971,-0.831938,0
2026-07-02 15:43:52.148100,0.261771,-0.831938,1.415299,-0.002971,1.413342,-0.002971,-0.831938,0
2026-07-02 15:43:52.151614,0.264213,-0.837119,1.415299,-0.002971,1.413342,-0.002971,-0.837119,0
2026-07-02 15:43:52.153021,0.266614,-0.831938,1.415299,-0.002971,1.418524,-0.002971,-0.831938,0
2026-07-02 15:43:52.155032,0.269040,-0.826756,1.415299,-0.002971,1.413342,-0.002971,-0.826756,0
2026-07-02 15:43:52.159051,0.271406,-0.826756,1.415299,-0.002971,1.413342,-0.002971,-0.826756,0
2026-07-02 15:43:52.160339,0.273893,-0.826756,1.415299,-0.008152,1.413342,-0.008152,-0.826756,0
2026-07-02 15:43:52.164114,0.276308,-0.826756,1.415299,-0.008152,1.418524,-0.008152,-0.826756,0
2026-07-02 15:43:52.166129,0.278771,-0.831938,1.415299,-0.002971,1.418524,-0.002971,-0.831938,0
2026-07-02 15:43:52.168137,0.281182,-0.826756,1.415299,-0.002971,1.418524,-0.002971,-0.826756,0
2026-07-02 15:43:52.170149,0.283635,-0.831938,1.415299,-0.002971,1.418524,-0.002971,-0.831938,0
2026-07-02 15:43:52.174320,0.286071,-0.831938,1.415299,-0.002971,1.413342,-0.002971,-0.831938,0
2026-07-02 15:43:52.175154,0.288887,-0.826756,1.415299,-0.008152,1.413342,-0.008152,-0.826756,0
2026-07-02 15:43:52.176662,0.291414,-0.831938,1.415299,-0.002971,1.418524,-0.002971,-0.831938,0
2026-07-02 15:43:52.176662,0.293769,-0.826756,1.415299,-0.002971,1.413342,-0.002971,-0.826756,0
2026-07-02 15:43:52.182529,0.295999,-0.826756,1.415299,-0.002971,1.418524,-0.002971,-0.826756,0
2026-07-02 15:43:52.182529,0.298404,-0.826756,1.415299,-0.002971,1.418524,-0.002971,-0.826756,0
2026-07-02 15:43:52.182529,0.300663,-0.826756,1.415299,-0.002971,1.413342,-0.002971,-0.826756,0
2026-07-02 15:43:52.182529,0.303009,-0.826756,1.415299,-0.002971,1.418524,-0.002971,-0.826756,0
2026-07-02 15:43:52.192782,0.305219,-0.826756,1.415299,-0.008152,1.418524,-0.008152,-0.826756,0
2026-07-02 15:43:52.198399,0.307691,-0.831938,1.415299,-0.002971,1.413342,-0.002971,-0.831938,0
2026-07-02 15:43:52.199306,0.313046,-0.826756,1.415299,-0.002971,1.413342,-0.002971,-0.826756,0
2026-07-02 15:43:52.202916,0.315280,-0.826756,1.415299,-0.002971,1.413342,-0.002971,-0.826756,0
2026-07-02 15:43:52.202916,0.317747,-0.826756,1.415299,-0.008152,1.418524,-0.008152,-0.826756,0
2026-07-02 15:43:52.202916,0.320022,-0.831938,1.415299,-0.008152,1.413342,-0.008152,-0.831938,0
2026-07-02 15:43:52.202916,0.322256,-0.826756,1.415299,-0.002971,1.418524,-0.002971,-0.826756,0
2026-07-02 15:43:52.202916,0.324493,-0.826756,1.415299,-0.002971,1.413342,-0.002971,-0.826756,0
2026-07-02 15:43:52.213268,0.326725,-0.826756,1.415299,-0.002971,1.413342,-0.002971,-0.826756,0
2026-07-02 15:43:52.213268,0.328961,-0.837119,1.415299,-0.008152,1.418524,-0.008152,-0.837119,0
2026-07-02 15:43:52.213268,0.331680,-0.826756,1.415299,-0.002971,1.418524,-0.002971,-0.826756,0
2026-07-02 15:43:52.213268,0.333951,-0.826756,1.415299,-0.002971,1.413342,-0.002971,-0.826756,0
2026-07-02 15:43:52.233872,0.336189,-0.826756,1.415299,-0.008152,1.413342,-0.008152,-0.826756,0
2026-07-02 15:43:52.265643,0.353114,-0.826756,1.415299,-0.002971,1.413342,-0.002971,-0.826756,0
2026-07-02 15:43:52.268171,0.381588,-0.837119,1.415299,-0.008152,1.413342,-0.008152,-0.837119,0
2026-07-02 15:43:52.272189,0.384307,-0.826756,1.415299,-0.008152,1.413342,-0.008152,-0.826756,0
2026-07-02 15:43:52.275520,0.388254,-0.831938,1.415299,-0.002971,1.413342,-0.002971,-0.831938,0
2026-07-02 15:43:52.277027,0.390652,-0.826756,1.415299,-0.002971,1.413342,-0.002971,-0.826756,0
2026-07-02 15:43:52.279057,0.393046,-0.826756,1.415299,-0.008152,1.418524,-0.008152,-0.826756,0
2026-07-02 15:43:52.283523,0.395443,-0.826756,1.415299,-0.002971,1.413342,-0.002971,-0.826756,0
2026-07-02 15:43:52.285869,0.398383,-0.826756,1.415299,-0.008152,1.413342,-0.008152,-0.826756,0
2026-07-02 15:43:52.286922,0.401035,-0.826756,1.415299,-0.008152,1.413342,-0.008152,-0.826756,0
2026-07-02 15:43:52.289944,0.403462,-0.831938,1.415299,-0.002971,1.418524,-0.002971,-0.831938,0
2026-07-02 15:43:52.294280,0.405850,-0.826756,1.415299,-0.002971,1.413342,-0.002971,-0.826756,0
2026-07-02 15:43:52.294280,0.409364,-0.826756,1.415299,-0.002971,1.413342,-0.002971,-0.826756,0
2026-07-02 15:43:52.298518,0.411963,-0.837119,1.415299,-0.002971,1.413342,-0.002971,-0.837119,0
2026-07-02 15:43:52.302496,0.414937,-0.831938,1.415299,-0.002971,1.413342,-0.002971,-0.831938,0
2026-07-02 15:43:52.304444,0.417551,-0.831938,1.415299,-0.002971,1.418524,-0.002971,-0.831938,0
2026-07-02 15:43:52.306250,0.419855,-0.826756,1.415299,-0.002971,1.418524,-0.002971,-0.826756,0
2026-07-02 15:43:52.308941,0.422232,-0.826756,1.415299,-0.008152,1.413342,-0.008152,-0.826756,0
2026-07-02 15:43:52.311739,0.425036,-0.831938,1.415299,-0.002971,1.413342,-0.002971,-0.831938,0
2026-07-02 15:43:52.315768,0.427819,-0.837119,1.415299,-0.002971,1.418524,-0.002971,-0.837119,0
2026-07-02 15:43:52.318375,0.430465,-0.831938,1.415299,-0.002971,1.413342,-0.002971,-0.831938,0
2026-07-02 15:43:52.319543,0.433098,-0.831938,1.415299,-0.002971,1.418524,-0.002971,-0.831938,0
2026-07-02 15:43:52.321992,0.435579,-0.831938,1.415299,-0.002971,1.418524,-0.002971,-0.831938,0
2026-07-02 15:43:52.326014,0.438219,-0.831938,1.420479,-0.002971,1.413342,-0.002971,-0.831938,0
2026-07-02 15:43:52.328031,0.440641,-0.837119,1.415299,-0.002971,1.418524,-0.002971,-0.837119,0
2026-07-02 15:43:52.330046,0.443110,-0.831938,1.415299,-0.002971,1.413342,-0.002971,-0.831938,0
2026-07-02 15:43:52.331803,0.445528,-0.831938,1.415299,-0.008152,1.413342,-0.008152,-0.831938,0
2026-07-02 15:43:52.334845,0.448004,-0.837119,1.415299,-0.002971,1.418524,-0.002971,-0.837119,0
2026-07-02 15:43:52.337373,0.450432,-0.837119,1.415299,-0.002971,1.413342,-0.002971,-0.837119,0
2026-07-02 15:43:52.339386,0.452823,-0.831938,1.415299,-0.002971,1.418524,-0.002971,-0.831938,0
2026-07-02 15:43:52.342224,0.455190,-0.837119,1.410120,-0.002971,1.418524,-0.002971,-0.837119,0
2026-07-02 15:43:52.343488,0.457563,-0.837119,1.415299,-0.002971,1.418524,-0.002971,-0.837119,0
2026-07-02 15:43:52.347515,0.459991,-0.837119,1.415299,-0.002971,1.418524,-0.002971,-0.837119,0
2026-07-02 15:43:52.349532,0.462492,-0.831938,1.415299,-0.002971,1.418524,-0.002971,-0.831938,0
2026-07-02 15:43:52.351544,0.464996,-0.831938,1.415299,-0.002971,1.413342,-0.002971,-0.831938,0
2026-07-02 15:43:52.353559,0.467467,-0.826756,1.415299,-0.002971,1.418524,-0.002971,-0.826756,0
2026-07-02 15:43:52.356711,0.469831,-0.837119,1.415299,-0.002971,1.413342,-0.002971,-0.837119,0
2026-07-02 15:43:52.359847,0.472238,-0.831938,1.415299,-0.008152,1.413342,-0.008152,-0.831938,0
2026-07-02 15:43:52.361710,0.474546,-0.826756,1.415299,-0.002971,1.413342,-0.002971,-0.826756,0
2026-07-02 15:43:52.364753,0.477049,-0.826756,1.415299,-0.002971,1.413342,-0.002971,-0.826756,0
2026-07-02 15:43:52.365190,0.479351,-0.826756,1.415299,-0.008152,1.413342,-0.008152,-0.826756,0
2026-07-02 15:43:52.365190,0.482048,-0.826756,1.415299,-0.002971,1.413342,-0.002971,-0.826756,0
2026-07-02 15:43:52.371867,0.484244,-0.826756,1.415299,-0.008152,1.413342,-0.008152,-0.826756,0
2026-07-02 15:43:52.377433,0.486601,-0.831938,1.415299,-0.002971,1.418524,-0.002971,-0.831938,0
2026-07-02 15:43:52.378623,0.492296,-0.826756,1.415299,-0.008152,1.413342,-0.008152,-0.826756,0
2026-07-02 15:43:52.382154,0.494624,-0.826756,1.415299,-0.008152,1.413342,-0.008152,-0.826756,0
2026-07-02 15:43:52.382154,0.496958,-0.837119,1.415299,-0.008152,1.418524,-0.008152,-0.837119,0
2026-07-02 15:43:52.382154,0.499266,-0.831938,1.415299,-0.002971,1.418524,-0.002971,-0.831938,0
2026-07-02 15:43:52.382154,0.501499,-0.837119,1.415299,-0.002971,1.413342,-0.002971,-0.837119,0
2026-07-02 15:43:52.382154,0.503732,-0.826756,1.415299,-0.008152,1.413342,-0.008152,-0.826756,0
2026-07-02 15:43:52.392484,0.505972,-0.831938,1.415299,-0.008152,1.413342,-0.008152,-0.831938,0
2026-07-02 15:43:52.392484,0.508801,-0.831938,1.420479,-0.002971,1.413342,-0.002971,-0.831938,0
2026-07-02 15:43:52.392484,0.511066,-0.831938,1.415299,-0.002971,1.413342,-0.002971,-0.831938,0
2026-07-02 15:43:52.399186,0.513303,-0.837119,1.415299,-0.002971,1.413342,-0.002971,-0.837119,0
2026-07-02 15:43:52.402602,0.515517,-0.826756,1.415299,-0.002971,1.413342,-0.002971,-0.826756,0
2026-07-02 15:43:52.404088,0.517819,-0.831938,1.415299,-0.002971,1.418524,-0.002971,-0.831938,0
2026-07-02 15:43:52.406603,0.520079,-0.826756,1.415299,-0.002971,1.413342,-0.002971,-0.826756,0
2026-07-02 15:43:52.409539,0.522361,-0.826756,1.415299,-0.008152,1.413342,-0.008152,-0.826756,0
2026-07-02 15:43:52.410859,0.524552,-0.821574,1.415299,-0.008152,1.418524,-0.008152,-0.821574,0
2026-07-02 15:43:52.413388,0.526836,-0.826756,1.415299,-0.002971,1.418524,-0.002971,-0.826756,0
2026-07-02 15:43:52.415407,0.529111,-0.826756,1.415299,-0.002971,1.418524,-0.002971,-0.826756,0
2026-07-02 15:43:52.415407,0.531967,-0.821574,1.415299,-0.008152,1.418524,-0.008152,-0.821574,0
2026-07-02 15:43:52.420260,0.534206,-0.826756,1.415299,-0.002971,1.418524,-0.002971,-0.826756,0
2026-07-02 15:43:52.423317,0.536449,-0.826756,1.415299,-0.002971,1.413342,-0.002971,-0.826756,0
2026-07-02 15:43:52.423317,0.538901,-0.831938,1.415299,-0.008152,1.418524,-0.008152,-0.831938,0
2026-07-02 15:43:52.423317,0.541137,-0.826756,1.415299,-0.002971,1.413342,-0.002971,-0.826756,0
2026-07-02 15:43:52.423317,0.543382,-0.831938,1.415299,-0.002971,1.413342,-0.002971,-0.831938,0
2026-07-02 15:43:52.437592,0.545599,-0.831938,1.415299,-0.008152,1.413342,-0.008152,-0.831938,0
2026-07-02 15:43:52.439600,0.553044,-0.826756,1.415299,-0.002971,1.418524,-0.002971,-0.826756,0
2026-07-02 15:43:52.439600,0.555321,-0.837119,1.415299,-0.002971,1.418524,-0.002971,-0.837119,0
2026-07-02 15:43:52.443586,0.557506,-0.831938,1.415299,-0.002971,1.413342,-0.002971,-0.831938,0
2026-07-02 15:43:52.443586,0.559779,-0.837119,1.415299,-0.002971,1.413342,-0.002971,-0.837119,0
2026-07-02 15:43:52.443586,0.562011,-0.837119,1.415299,-0.002971,1.418524,-0.002971,-0.837119,0
2026-07-02 15:43:52.443586,0.564235,-0.831938,1.415299,-0.002971,1.418524,-0.002971,-0.831938,0
2026-07-02 15:43:52.454011,0.566467,-0.837119,1.415299,-0.002971,1.418524,-0.002971,-0.837119,0
2026-07-02 15:43:52.454011,0.569051,-0.826756,1.415299,-0.008152,1.413342,-0.008152,-0.826756,0
2026-07-02 15:43:52.454011,0.571310,-0.826756,1.415299,-0.002971,1.413342,-0.002971,-0.826756,0
2026-07-02 15:43:52.454011,0.573595,-0.831938,1.415299,-0.008152,1.418524,-0.008152,-0.831938,0
2026-07-02 15:43:52.454011,0.575838,-0.831938,1.415299,-0.002971,1.413342,-0.002971,-0.831938,0
2026-07-02 15:43:52.467463,0.578070,-0.826756,1.415299,-0.002971,1.418524,-0.002971,-0.826756,0
2026-07-02 15:43:52.469744,0.582824,-0.837119,1.415299,-0.008152,1.413342,-0.008152,-0.837119,0
2026-07-02 15:43:52.469744,0.585173,-0.837119,1.415299,-0.002971,1.418524,-0.002971,-0.837119,0
2026-07-02 15:43:52.477808,0.587493,-0.831938,1.415299,-0.002971,1.413342,-0.002971,-0.831938,0
2026-07-02 15:43:52.525707,0.592683,-0.831938,1.415299,-0.002971,1.413342,-0.002971,-0.831938,0
2026-07-02 15:43:52.558622,0.641666,-0.837119,1.415299,-0.002971,1.418524,-0.002971,-0.837119,0
2026-07-02 15:43:52.560371,0.674236,-0.826756,1.415299,-0.008152,1.413342,-0.008152,-0.826756,0
2026-07-02 15:43:52.563044,0.676715,-0.831938,1.415299,-0.002971,1.413342,-0.002971,-0.831938,0
2026-07-02 15:43:52.567073,0.679089,-0.831938,1.415299,-0.008152,1.413342,-0.008152,-0.831938,0
2026-07-02 15:43:52.569702,0.682690,-0.831938,1.415299,-0.002971,1.413342,-0.002971,-0.831938,0
2026-07-02 15:43:52.571720,0.685069,-0.826756,1.415299,-0.002971,1.418524,-0.002971,-0.826756,0
2026-07-02 15:43:52.575743,0.687419,-0.831938,1.415299,-0.002971,1.413342,-0.002971,-0.831938,0
2026-07-02 15:43:52.578261,0.690659,-0.831938,1.415299,-0.002971,1.413342,-0.002971,-0.831938,0
2026-07-02 15:43:52.580114,0.693236,-0.826756,1.415299,-0.002971,1.413342,-0.002971,-0.826756,0
2026-07-02 15:43:52.584066,0.695780,-0.831938,1.415299,-0.002971,1.413342,-0.002971,-0.831938,0
2026-07-02 15:43:52.585567,0.699124,-0.831938,1.415299,-0.002971,1.418524,-0.002971,-0.831938,0
2026-07-02 15:43:52.587574,0.701521,-0.831938,1.415299,-0.002971,1.418524,-0.002971,-0.831938,0
2026-07-02 15:43:52.591332,0.703897,-0.831938,1.415299,-0.008152,1.413342,-0.008152,-0.831938,0
2026-07-02 15:43:52.593922,0.707370,-0.837119,1.415299,-0.002971,1.418524,-0.002971,-0.837119,0
2026-07-02 15:43:52.595928,0.709751,-0.837119,1.415299,-0.002971,1.413342,-0.002971,-0.837119,0
2026-07-02 15:43:52.599946,0.712148,-0.826756,1.415299,-0.002971,1.413342,-0.002971,-0.826756,0
2026-07-02 15:43:52.602982,0.715665,-0.826756,1.415299,-0.002971,1.413342,-0.002971,-0.826756,0
2026-07-02 15:43:52.606999,0.719375,-0.826756,1.415299,-0.008152,1.413342,-0.008152,-0.826756,0
2026-07-02 15:43:52.609009,0.721767,-0.831938,1.415299,-0.002971,1.413342,-0.002971,-0.831938,0
2026-07-02 15:43:52.611500,0.724106,-0.831938,1.415299,-0.002971,1.413342,-0.002971,-0.831938,0
2026-07-02 15:43:52.612907,0.726508,-0.826756,1.415299,-0.008152,1.413342,-0.008152,-0.826756,0
2026-07-02 15:43:52.616921,0.728900,-0.831938,1.415299,-0.002971,1.413342,-0.002971,-0.831938,0
2026-07-02 15:43:52.620028,0.732409,-0.826756,1.415299,-0.002971,1.418524,-0.002971,-0.826756,0
2026-07-02 15:43:52.628241,0.734759,-0.831938,1.415299,-0.002971,1.413342,-0.002971,-0.831938,0
2026-07-02 15:43:52.630953,0.743189,-0.837119,1.415299,-0.002971,1.413342,-0.002971,-0.837119,0
2026-07-02 15:43:52.633615,0.745852,-0.831938,1.420479,-0.002971,1.413342,-0.002971,-0.831938,0
2026-07-02 15:43:52.636610,0.748655,-0.826756,1.415299,-0.002971,1.413342,-0.002971,-0.826756,0
2026-07-02 15:43:52.638120,0.751209,-0.837119,1.415299,-0.002971,1.418524,-0.002971,-0.837119,0
2026-07-02 15:43:52.643095,0.753614,-0.831938,1.415299,-0.002971,1.413342,-0.002971,-0.831938,0
2026-07-02 15:43:52.644638,0.757784,-0.831938,1.415299,-0.002971,1.413342,-0.002971,-0.831938,0
2026-07-02 15:43:52.646655,0.760187,-0.826756,1.415299,-0.008152,1.418524,-0.008152,-0.826756,0
2026-07-02 15:43:52.650986,0.762578,-0.826756,1.415299,-0.008152,1.413342,-0.008152,-0.826756,0
2026-07-02 15:43:52.652564,0.765626,-0.831938,1.415299,-0.002971,1.413342,-0.002971,-0.831938,0
2026-07-02 15:43:52.654578,0.768040,-0.831938,1.415299,-0.002971,1.413342,-0.002971,-0.831938,0
2026-07-02 15:43:52.656591,0.770411,-0.831938,1.415299,-0.002971,1.413342,-0.002971,-0.831938,0
2026-07-02 15:43:52.663693,0.773315,-0.837119,1.415299,-0.002971,1.418524,-0.002971,-0.837119,0
2026-07-02 15:43:52.673790,0.778390,-0.837119,1.415299,-0.002971,1.418524,-0.002971,-0.837119,0
2026-07-02 15:43:52.676969,0.789086,-0.837119,1.415299,-0.002971,1.418524,-0.002971,-0.837119,0
2026-07-02 15:43:52.678984,0.791614,-0.826756,1.415299,-0.008152,1.413342,-0.008152,-0.826756,0
2026-07-02 15:43:52.680999,0.794052,-0.831938,1.415299,-0.002971,1.413342,-0.002971,-0.831938,0
2026-07-02 15:43:52.684252,0.796411,-0.826756,1.415299,-0.008152,1.413342,-0.008152,-0.826756,0
2026-07-02 15:43:52.685799,0.798855,-0.831938,1.415299,-0.002971,1.413342,-0.002971,-0.831938,0
2026-07-02 15:43:52.687814,0.801238,-0.826756,1.415299,-0.002971,1.413342,-0.002971,-0.826756,0
2026-07-02 15:43:52.689823,0.803610,-0.826756,1.415299,-0.002971,1.418524,-0.002971,-0.826756,0
2026-07-02 15:43:52.728267,0.806364,-0.831938,1.415299,-0.002971,1.418524,-0.002971,-0.831938,0
2026-07-02 15:43:52.730290,0.843482,-0.831938,1.415299,-0.002971,1.413342,-0.002971,-0.831938,0
2026-07-02 15:43:52.732308,0.846181,-0.831938,1.420479,-0.002971,1.413342,-0.002971,-0.831938,0
2026-07-02 15:43:52.769079,0.848730,-0.826756,1.415299,-0.002971,1.413342,-0.002971,-0.826756,0
2026-07-02 15:43:52.773793,0.885557,-0.826756,1.415299,-0.002971,1.418524,-0.002971,-0.826756,0
2026-07-02 15:43:52.777719,0.889623,-0.842300,1.415299,-0.002971,1.418524,-0.002971,-0.842300,0
2026-07-02 15:43:52.779808,0.892563,-0.826756,1.415299,-0.002971,1.418524,-0.002971,-0.826756,0
2026-07-02 15:43:52.779808,0.894997,-0.831938,1.415299,-0.002971,1.413342,-0.002971,-0.831938,0
2026-07-02 15:43:52.779808,0.897343,-0.826756,1.415299,-0.008152,1.413342,-0.008152,-0.826756,0
2026-07-02 15:43:52.787341,0.899595,-0.831938,1.415299,-0.002971,1.413342,-0.002971,-0.831938,0
2026-07-02 15:43:52.788207,0.901890,-0.826756,1.415299,-0.008152,1.413342,-0.008152,-0.826756,0
2026-07-02 15:43:52.791841,0.904593,-0.831938,1.415299,-0.002971,1.418524,-0.002971,-0.831938,0
2026-07-02 15:43:52.794439,0.907196,-0.831938,1.415299,-0.008152,1.418524,-0.008152,-0.831938,0
2026-07-02 15:43:52.795439,0.909485,-0.837119,1.415299,-0.002971,1.418524,-0.002971,-0.837119,0
2026-07-02 15:43:52.795439,0.911807,-0.826756,1.415299,-0.008152,1.413342,-0.008152,-0.826756,0
2026-07-02 15:43:52.800890,0.914088,-0.826756,1.415299,-0.008152,1.413342,-0.008152,-0.826756,0
2026-07-02 15:43:52.800890,0.916309,-0.831938,1.415299,-0.002971,1.413342,-0.002971,-0.831938,0
2026-07-02 15:43:52.806118,0.918872,-0.837119,1.415299,-0.002971,1.418524,-0.002971,-0.837119,0
2026-07-02 15:43:52.808220,0.921131,-0.831938,1.415299,-0.002971,1.413342,-0.002971,-0.831938,0
2026-07-02 15:43:52.810237,0.923765,-0.837119,1.415299,-0.002971,1.418524,-0.002971,-0.837119,0
2026-07-02 15:43:52.812251,0.926129,-0.831938,1.415299,-0.002971,1.413342,-0.002971,-0.831938,0
2026-07-02 15:43:52.814266,0.928453,-0.831938,1.415299,-0.002971,1.413342,-0.002971,-0.831938,0
2026-07-02 15:43:52.818296,0.930630,-0.831938,1.415299,-0.002971,1.418524,-0.002971,-0.831938,0
2026-07-02 15:43:52.820313,0.932865,-0.837119,1.415299,-0.002971,1.413342,-0.002971,-0.837119,0
2026-07-02 15:43:52.822329,0.935770,-0.831938,1.415299,-0.002971,1.418524,-0.002971,-0.831938,0
2026-07-02 15:43:52.826359,0.937973,-0.831938,1.415299,-0.002971,1.413342,-0.002971,-0.831938,0
2026-07-02 15:43:52.828376,0.942070,-0.826756,1.415299,-0.002971,1.413342,-0.002971,-0.826756,0
2026-07-02 15:43:52.832408,0.945057,-0.831938,1.415299,-0.008152,1.413342,-0.008152,-0.831938,0
2026-07-02 15:43:52.834428,0.947323,-0.826756,1.415299,-0.008152,1.413342,-0.008152,-0.826756,0
2026-07-02 15:43:52.836444,0.949661,-0.831938,1.415299,-0.002971,1.413342,-0.002971,-0.831938,0
2026-07-02 15:43:52.838461,0.951903,-0.831938,1.415299,-0.008152,1.413342,-0.008152,-0.831938,0
2026-07-02 15:43:52.841969,0.954268,-0.831938,1.415299,-0.008152,1.413342,-0.008152,-0.831938,0
2026-07-02 15:43:52.843983,0.957021,-0.837119,1.415299,-0.002971,1.418524,-0.002971,-0.837119,0
2026-07-02 15:43:52.846000,0.959273,-0.826756,1.415299,-0.008152,1.413342,-0.008152,-0.826756,0
2026-07-02 15:43:52.848016,0.961638,-0.831938,1.415299,-0.002971,1.413342,-0.002971,-0.831938,0
2026-07-02 15:43:52.850029,0.963957,-0.831938,1.415299,-0.002971,1.418524,-0.002971,-0.831938,0
2026-07-02 15:43:52.852044,0.966331,-0.826756,1.415299,-0.002971,1.418524,-0.002971,-0.826756,0
2026-07-02 15:43:52.856074,0.968681,-0.831938,1.415299,-0.002971,1.413342,-0.002971,-0.831938,0
2026-07-02 15:43:52.858089,0.970923,-0.826756,1.415299,-0.002971,1.413342,-0.002971,-0.826756,0
2026-07-02 15:43:52.860104,0.973429,-0.831938,1.415299,-0.002971,1.418524,-0.002971,-0.831938,0
2026-07-02 15:43:52.862119,0.975651,-0.837119,1.415299,-0.002971,1.413342,-0.002971,-0.837119,0
2026-07-02 15:43:52.864135,0.977884,-0.831938,1.415299,-0.002971,1.413342,-0.002971,-0.831938,0
2026-07-02 15:43:52.867241,0.980207,-0.831938,1.415299,-0.002971,1.413342,-0.002971,-0.831938,0
2026-07-02 15:43:52.869261,0.982499,-0.826756,1.415299,-0.002971,1.413342,-0.002971,-0.826756,0
2026-07-02 15:43:52.871278,0.984724,-0.826756,1.415299,-0.002971,1.413342,-0.002971,-0.826756,0
2026-07-02 15:43:52.874310,0.986975,-0.831938,1.415299,-0.002971,1.413342,-0.002971,-0.831938,0
2026-07-02 15:43:52.877294,0.989597,-0.837119,1.415299,-0.002971,1.413342,-0.002971,-0.837119,0
2026-07-02 15:43:52.879312,0.991893,-0.831938,1.415299,-0.008152,1.413342,-0.008152,-0.831938,0
2026-07-02 15:43:52.880328,0.994128,-0.831938,1.415299,-0.008152,1.413342,-0.008152,-0.831938,0
2026-07-02 15:43:52.882343,0.996351,-0.831938,1.410120,-0.002971,1.413342,-0.002971,-0.831938,0
2026-07-02 15:43:52.884867,0.998808,-0.826756,1.415299,-0.008152,1.413342,-0.008152,-0.826756,0
2026-07-02 15:43:52.888895,1.001249,-0.826756,1.415299,-0.002971,1.413342,-0.002971,-0.826756,0
2026-07-02 15:43:52.890908,1.003638,-0.826756,1.415299,-0.008152,1.413342,-0.008152,-0.826756,0
2026-07-02 15:43:52.892731,1.006035,-0.837119,1.415299,-0.002971,1.413342,-0.002971,-0.837119,0
2026-07-02 15:43:52.895851,1.008441,-0.826756,1.415299,-0.008152,1.418524,-0.008152,-0.826756,0
2026-07-02 15:43:52.896783,1.010839,-0.831938,1.415299,-0.002971,1.413342,-0.002971,-0.831938,0
2026-07-02 15:43:52.901445,1.013213,-0.831938,1.415299,-0.008152,1.413342,-0.008152,-0.831938,0
2026-07-02 15:43:52.902777,1.016422,-0.831938,1.415299,-0.002971,1.413342,-0.002971,-0.831938,0
2026-07-02 15:43:52.905221,1.018855,-0.826756,1.415299,-0.002971,1.413342,-0.002971,-0.826756,0
2026-07-02 15:43:52.909246,1.021229,-0.837119,1.415299,-0.002971,1.413342,-0.002971,-0.837119,0
2026-07-02 15:43:52.910402,1.023941,-0.826756,1.415299,-0.002971,1.413342,-0.002971,-0.826756,0
2026-07-02 15:43:52.912421,1.026340,-0.826756,1.415299,-0.002971,1.418524,-0.002971,-0.826756,0
2026-07-02 15:43:52.915132,1.028711,-0.837119,1.415299,-0.008152,1.418524,-0.008152,-0.837119,0
2026-07-02 15:43:52.917288,1.031094,-0.826756,1.415299,-0.008152,1.413342,-0.008152,-0.826756,0
2026-07-02 15:43:52.919303,1.033483,-0.837119,1.415299,-0.002971,1.413342,-0.002971,-0.837119,0
2026-07-02 15:43:52.922074,1.035876,-0.831938,1.415299,-0.002971,1.418524,-0.002971,-0.831938,0
2026-07-02 15:43:52.925517,1.038234,-0.837119,1.415299,-0.002971,1.413342,-0.002971,-0.837119,0
2026-07-02 15:43:52.927088,1.040617,-0.837119,1.415299,-0.002971,1.418524,-0.002971,-0.837119,0
2026-07-02 15:43:52.929104,1.042846,-0.837119,1.415299,-0.002971,1.413342,-0.002971,-0.837119,0
2026-07-02 15:43:52.929104,1.045161,-0.826756,1.415299,-0.008152,1.418524,-0.008152,-0.826756,0
2026-07-02 15:43:52.934645,1.047468,-0.826756,1.415299,-0.002971,1.418524,-0.002971,-0.826756,0
2026-07-02 15:43:52.936016,1.049668,-0.831938,1.415299,-0.002971,1.418524,-0.002971,-0.831938,0
2026-07-02 15:43:52.938537,1.052029,-0.826756,1.415299,-0.008152,1.413342,-0.008152,-0.826756,0
2026-07-02 15:43:52.940549,1.054421,-0.831938,1.415299,-0.002971,1.413342,-0.002971,-0.831938,0
2026-07-02 15:43:52.944224,1.056828,-0.831938,1.415299,-0.002971,1.413342,-0.002971,-0.831938,0
2026-07-02 15:43:52.945781,1.059114,-0.831938,1.415299,-0.002971,1.413342,-0.002971,-0.831938,0
2026-07-02 15:43:52.951821,1.061453,-0.837119,1.415299,-0.002971,1.413342,-0.002971,-0.837119,0
2026-07-02 15:43:52.953152,1.066882,-0.831938,1.415299,-0.002971,1.413342,-0.002971,-0.831938,0
2026-07-02 15:43:52.959364,1.069117,-0.831938,1.415299,-0.002971,1.418524,-0.002971,-0.831938,0
2026-07-02 15:43:52.962539,1.074391,-0.837119,1.415299,-0.002971,1.418524,-0.002971,-0.837119,0
2026-07-02 15:43:52.983478,1.078230,-0.837119,1.415299,-0.002971,1.413342,-0.002971,-0.837119,0
2026-07-02 15:43:52.988112,1.099695,-0.831938,1.415299,-0.002971,1.413342,-0.002971,-0.831938,0
2026-07-02 15:43:52.988112,1.103383,-0.831938,1.415299,-0.002971,1.413342,-0.002971,-0.831938,0
2026-07-02 15:43:52.992678,1.105785,-0.831938,1.415299,-0.002971,1.418524,-0.002971,-0.831938,0
2026-07-02 15:43:52.995707,1.108130,-0.831938,1.415299,-0.002971,1.413342,-0.002971,-0.831938,0
2026-07-02 15:43:52.996486,1.110574,-0.831938,1.415299,-0.002971,1.418524,-0.002971,-0.831938,0
2026-07-02 15:43:53.000504,1.112778,-0.831938,1.415299,-0.002971,1.413342,-0.002971,-0.831938,0
2026-07-02 15:43:53.001747,1.115464,-0.826756,1.415299,-0.002971,1.418524,-0.002971,-0.826756,0
2026-07-02 15:43:53.004476,1.117820,-0.837119,1.415299,-0.008152,1.418524,-0.008152,-0.837119,0
2026-07-02 15:43:53.007906,1.120205,-0.837119,1.410120,-0.002971,1.418524,-0.002971,-0.837119,0
2026-07-02 15:43:53.010561,1.122493,-0.837119,1.415299,-0.002971,1.413342,-0.002971,-0.837119,0
2026-07-02 15:43:53.011290,1.125153,-0.837119,1.415299,-0.002971,1.413342,-0.002971,-0.837119,0
2026-07-02 15:43:53.013304,1.127472,-0.831938,1.415299,-0.002971,1.413342,-0.002971,-0.831938,0
2026-07-02 15:43:53.016430,1.129740,-0.831938,1.415299,-0.002971,1.418524,-0.002971,-0.831938,0
2026-07-02 15:43:53.020458,1.132782,-0.831938,1.415299,-0.002971,1.413342,-0.002971,-0.831938,0
2026-07-02 15:43:53.022473,1.135117,-0.826756,1.415299,-0.002971,1.413342,-0.002971,-0.826756,0
2026-07-02 15:43:53.022473,1.137446,-0.837119,1.415299,-0.002971,1.418524,-0.002971,-0.837119,0
2026-07-02 15:43:53.026536,1.139727,-0.837119,1.415299,-0.002971,1.418524,-0.002971,-0.837119,0
2026-07-02 15:43:53.028555,1.142099,-0.831938,1.415299,-0.008152,1.413342,-0.008152,-0.831938,0
2026-07-02 15:43:53.030078,1.144400,-0.831938,1.415299,-0.008152,1.418524,-0.008152,-0.831938,0
2026-07-02 15:43:53.034213,1.146693,-0.831938,1.415299,-0.008152,1.413342,-0.008152,-0.831938,0
2026-07-02 15:43:53.036230,1.148969,-0.826756,1.415299,-0.002971,1.413342,-0.002971,-0.826756,0
2026-07-02 15:43:53.038743,1.152355,-0.837119,1.415299,-0.002971,1.418524,-0.002971,-0.837119,0
2026-07-02 15:43:53.040758,1.154628,-0.837119,1.415299,-0.002971,1.413342,-0.002971,-0.837119,0
2026-07-02 15:43:53.042767,1.157135,-0.831938,1.415299,-0.002971,1.413342,-0.002971,-0.831938,0
2026-07-02 15:43:53.048445,1.159381,-0.831938,1.415299,-0.002971,1.413342,-0.002971,-0.831938,0
2026-07-02 15:43:53.055376,1.163037,-0.831938,1.415299,-0.002971,1.413342,-0.002971,-0.831938,0
2026-07-02 15:43:53.059143,1.171980,-0.831938,1.415299,-0.002971,1.413342,-0.002971,-0.831938,0
2026-07-02 15:43:53.063159,1.175255,-0.826756,1.415299,-0.008152,1.418524,-0.008152,-0.826756,0
2026-07-02 15:43:53.065172,1.177829,-0.831938,1.415299,-0.002971,1.418524,-0.002971,-0.831938,0
2026-07-02 15:43:53.067185,1.180118,-0.831938,1.415299,-0.002971,1.413342,-0.002971,-0.831938,0
2026-07-02 15:43:53.067185,1.182560,-0.826756,1.415299,-0.002971,1.418524,-0.002971,-0.826756,0
2026-07-02 15:43:53.067185,1.184898,-0.826756,1.415299,-0.008152,1.413342,-0.008152,-0.826756,0
2026-07-02 15:43:53.067185,1.187187,-0.831938,1.415299,-0.002971,1.418524,-0.002971,-0.831938,0
2026-07-02 15:43:53.078353,1.190588,-0.826756,1.415299,-0.008152,1.418524,-0.008152,-0.826756,0
2026-07-02 15:43:53.081384,1.193544,-0.826756,1.415299,-0.008152,1.418524,-0.008152,-0.826756,0
2026-07-02 15:43:53.083400,1.196035,-0.837119,1.415299,-0.002971,1.418524,-0.002971,-0.837119,0
2026-07-02 15:43:53.085438,1.199156,-0.831938,1.415299,-0.002971,1.418524,-0.002971,-0.831938,0
2026-07-02 15:43:53.087452,1.201492,-0.831938,1.415299,-0.008152,1.413342,-0.008152,-0.831938,0
2026-07-02 15:43:53.091403,1.203854,-0.826756,1.415299,-0.002971,1.413342,-0.002971,-0.826756,0
2026-07-02 15:43:53.093275,1.206147,-0.826756,1.415299,-0.008152,1.413342,-0.008152,-0.826756,0
2026-07-02 15:43:53.095873,1.208385,-0.831938,1.415299,-0.002971,1.413342,-0.002971,-0.831938,0
2026-07-02 15:43:53.098467,1.210768,-0.826756,1.415299,-0.008152,1.413342,-0.008152,-0.826756,0
2026-07-02 15:43:53.100474,1.213123,-0.826756,1.415299,-0.002971,1.413342,-0.002971,-0.826756,0
2026-07-02 15:43:53.103230,1.215744,-0.826756,1.415299,-0.002971,1.413342,-0.002971,-0.826756,0
2026-07-02 15:43:53.105245,1.218107,-0.831938,1.415299,-0.002971,1.418524,-0.002971,-0.831938,0
2026-07-02 15:43:53.107252,1.220369,-0.826756,1.415299,-0.002971,1.413342,-0.002971,-0.826756,0
2026-07-02 15:43:53.109027,1.222604,-0.831938,1.415299,-0.002971,1.418524,-0.002971,-0.831938,0
2026-07-02 15:43:53.111034,1.225123,-0.826756,1.415299,-0.002971,1.413342,-0.002971,-0.826756,0
2026-07-02 15:43:53.114644,1.227356,-0.831938,1.415299,-0.002971,1.418524,-0.002971,-0.831938,0
2026-07-02 15:43:53.116859,1.229607,-0.831938,1.415299,-0.002971,1.418524,-0.002971,-0.831938,0
2026-07-02 15:43:53.118310,1.232419,-0.826756,1.415299,-0.002971,1.413342,-0.002971,-0.826756,0
2026-07-02 15:43:53.121157,1.234802,-0.837119,1.415299,-0.002971,1.418524,-0.002971,-0.837119,0
2026-07-02 15:43:53.123169,1.237042,-0.826756,1.415299,-0.002971,1.413342,-0.002971,-0.826756,0
2026-07-02 15:43:53.126709,1.239230,-0.837119,1.415299,-0.002971,1.418524,-0.002971,-0.837119,0
2026-07-02 15:43:53.129476,1.241554,-0.831938,1.415299,-0.008152,1.413342,-0.008152,-0.831938,0
2026-07-02 15:43:53.131493,1.244050,-0.826756,1.415299,-0.002971,1.418524,-0.002971,-0.826756,0
2026-07-02 15:43:53.133502,1.246344,-0.826756,1.415299,-0.002971,1.418524,-0.002971,-0.826756,0
2026-07-02 15:43:53.135169,1.248566,-0.837119,1.415299,-0.002971,1.413342,-0.002971,-0.837119,0
2026-07-02 15:43:53.137749,1.250843,-0.831938,1.415299,-0.002971,1.413342,-0.002971,-0.831938,0
2026-07-02 15:43:53.140768,1.253091,-0.826756,1.415299,-0.002971,1.413342,-0.002971,-0.826756,0
2026-07-02 15:43:53.141673,1.255330,-0.837119,1.415299,-0.002971,1.413342,-0.002971,-0.837119,0
2026-07-02 15:43:53.144262,1.257736,-0.831938,1.415299,-0.002971,1.413342,-0.002971,-0.831938,0
2026-07-02 15:43:53.147954,1.260042,-0.831938,1.415299,-0.002971,1.413342,-0.002971,-0.831938,0
2026-07-02 15:43:53.149336,1.263053,-0.837119,1.415299,-0.002971,1.418524,-0.002971,-0.837119,0
2026-07-02 15:43:53.153357,1.265748,-0.826756,1.415299,-0.002971,1.413342,-0.002971,-0.826756,0
2026-07-02 15:43:53.155364,1.268216,-0.837119,1.415299,-0.002971,1.418524,-0.002971,-0.837119,0
2026-07-02 15:43:53.158680,1.270475,-0.826756,1.415299,-0.002971,1.413342,-0.002971,-0.826756,0
2026-07-02 15:43:53.160691,1.273527,-0.831938,1.415299,-0.002971,1.418524,-0.002971,-0.831938,0
2026-07-02 15:43:53.164721,1.275811,-0.837119,1.415299,-0.002971,1.418524,-0.002971,-0.837119,0
2026-07-02 15:43:53.166960,1.279546,-0.821574,1.415299,-0.002971,1.413342,-0.002971,-0.821574,0
2026-07-02 15:43:53.169696,1.281959,-0.831938,1.415299,-0.002971,1.413342,-0.002971,-0.831938,0
2026-07-02 15:43:53.173719,1.285416,-0.831938,1.415299,-0.002971,1.418524,-0.002971,-0.831938,0
2026-07-02 15:43:53.176886,1.288695,-0.831938,1.415299,-0.002971,1.413342,-0.002971,-0.831938,0
2026-07-02 15:43:53.180684,1.292026,-0.826756,1.415299,-0.002971,1.413342,-0.002971,-0.826756,0
2026-07-02 15:43:53.182687,1.295557,-0.837119,1.415299,-0.002971,1.413342,-0.002971,-0.837119,0
2026-07-02 15:43:53.185198,1.297811,-0.837119,1.415299,-0.002971,1.418524,-0.002971,-0.837119,0
2026-07-02 15:43:53.187310,1.300069,-0.826756,1.415299,-0.008152,1.413342,-0.008152,-0.826756,0
2026-07-02 15:43:53.190075,1.302378,-0.831938,1.415299,-0.002971,1.418524,-0.002971,-0.831938,0
2026-07-02 15:43:53.192191,1.304668,-0.831938,1.415299,-0.002971,1.413342,-0.002971,-0.831938,0
2026-07-02 15:43:53.194197,1.306994,-0.831938,1.415299,-0.002971,1.413342,-0.002971,-0.831938,0
2026-07-02 15:43:53.195196,1.309252,-0.831938,1.415299,-0.002971,1.418524,-0.002971,-0.831938,0
2026-07-02 15:43:53.198254,1.311498,-0.831938,1.415299,-0.002971,1.413342,-0.002971,-0.831938,0
2026-07-02 15:43:53.198254,1.313756,-0.826756,1.415299,-0.002971,1.418524,-0.002971,-0.826756,0
2026-07-02 15:43:53.202482,1.316034,-0.831938,1.415299,-0.008152,1.413342,-0.008152,-0.831938,0
2026-07-02 15:43:53.204501,1.318337,-0.831938,1.415299,-0.002971,1.413342,-0.002971,-0.831938,0
2026-07-02 15:43:53.207281,1.320543,-0.831938,1.415299,-0.002971,1.413342,-0.002971,-0.831938,0
2026-07-02 15:43:53.209294,1.322958,-0.826756,1.415299,-0.002971,1.413342,-0.002971,-0.826756,0
2026-07-02 15:43:53.211310,1.325593,-0.826756,1.415299,-0.002971,1.413342,-0.002971,-0.826756,0
2026-07-02 15:43:53.215389,1.327876,-0.831938,1.415299,-0.002971,1.418524,-0.002971,-0.831938,0
2026-07-02 15:43:53.217643,1.330158,-0.826756,1.415299,-0.002971,1.413342,-0.002971,-0.826756,0
2026-07-02 15:43:53.217643,1.332499,-0.831938,1.415299,-0.002971,1.418524,-0.002971,-0.831938,0
2026-07-02 15:43:53.220891,1.334862,-0.837119,1.415299,-0.002971,1.413342,-0.002971,-0.837119,0
2026-07-02 15:43:53.222899,1.337166,-0.826756,1.415299,-0.008152,1.413342,-0.008152,-0.826756,0
2026-07-02 15:43:53.226926,1.339439,-0.837119,1.415299,-0.002971,1.418524,-0.002971,-0.837119,0
2026-07-02 15:43:53.228440,1.342348,-0.837119,1.415299,-0.002971,1.418524,-0.002971,-0.837119,0
2026-07-02 15:43:53.231231,1.344918,-0.837119,1.415299,-0.002971,1.413342,-0.002971,-0.837119,0
2026-07-02 15:43:53.233245,1.347279,-0.826756,1.415299,-0.002971,1.418524,-0.002971,-0.826756,0
2026-07-02 15:43:53.237268,1.349562,-0.831938,1.415299,-0.002971,1.413342,-0.002971,-0.831938,0
2026-07-02 15:43:53.238790,1.351859,-0.831938,1.415299,-0.002971,1.413342,-0.002971,-0.831938,0
2026-07-02 15:43:53.241378,1.354118,-0.826756,1.415299,-0.002971,1.413342,-0.002971,-0.826756,0
2026-07-02 15:43:53.243293,1.356452,-0.826756,1.415299,-0.008152,1.413342,-0.008152,-0.826756,0
2026-07-02 15:43:53.245306,1.358807,-0.826756,1.415299,-0.002971,1.413342,-0.002971,-0.826756,0
2026-07-02 15:43:53.248580,1.361086,-0.826756,1.415299,-0.002971,1.413342,-0.002971,-0.826756,0
2026-07-02 15:43:53.250811,1.363379,-0.826756,1.415299,-0.002971,1.418524,-0.002971,-0.826756,0
2026-07-02 15:43:53.251692,1.365748,-0.837119,1.415299,-0.002971,1.413342,-0.002971,-0.837119,0
2026-07-02 15:43:53.251692,1.368130,-0.837119,1.415299,-0.002971,1.418524,-0.002971,-0.837119,0
2026-07-02 15:43:53.251692,1.370364,-0.826756,1.415299,-0.002971,1.413342,-0.002971,-0.826756,0
2026-07-02 15:43:53.258608,1.372826,-0.837119,1.415299,-0.002971,1.413342,-0.002971,-0.837119,0
2026-07-02 15:43:53.258608,1.375273,-0.831938,1.415299,-0.002971,1.418524,-0.002971,-0.831938,0
2026-07-02 15:43:53.258608,1.377607,-0.837119,1.415299,-0.002971,1.418524,-0.002971,-0.837119,0
2026-07-02 15:43:53.266925,1.379898,-0.826756,1.415299,-0.008152,1.413342,-0.008152,-0.826756,0
2026-07-02 15:43:53.266925,1.382493,-0.837119,1.415299,-0.002971,1.418524,-0.002971,-0.837119,0
2026-07-02 15:43:53.266925,1.384869,-0.831938,1.415299,-0.002971,1.418524,-0.002971,-0.831938,0
2026-07-02 15:43:53.266925,1.387125,-0.826756,1.415299,-0.002971,1.413342,-0.002971,-0.826756,0
2026-07-02 15:43:53.266925,1.389317,-0.831938,1.415299,-0.008152,1.413342,-0.008152,-0.831938,0
2026-07-02 15:43:53.277119,1.391621,-0.826756,1.415299,-0.008152,1.413342,-0.008152,-0.826756,0
2026-07-02 15:43:53.277119,1.394045,-0.826756,1.415299,-0.002971,1.413342,-0.002971,-0.826756,0
2026-07-02 15:43:53.281985,1.396285,-0.831938,1.415299,-0.002971,1.413342,-0.002971,-0.831938,0
2026-07-02 15:43:53.281985,1.398734,-0.831938,1.415299,-0.002971,1.418524,-0.002971,-0.831938,0
2026-07-02 15:43:53.287204,1.401084,-0.837119,1.415299,-0.002971,1.413342,-0.002971,-0.837119,0
2026-07-02 15:43:53.287204,1.403411,-0.826756,1.415299,-0.002971,1.413342,-0.002971,-0.826756,0
2026-07-02 15:43:53.293296,1.405717,-0.837119,1.415299,-0.002971,1.418524,-0.002971,-0.837119,0
2026-07-02 15:43:53.293296,1.408120,-0.831938,1.410120,-0.002971,1.418524,-0.002971,-0.831938,0
2026-07-02 15:43:53.297443,1.410549,-0.831938,1.415299,-0.008152,1.413342,-0.008152,-0.831938,0
2026-07-02 15:43:53.300705,1.413414,-0.837119,1.415299,-0.002971,1.413342,-0.002971,-0.837119,0
2026-07-02 15:43:53.302777,1.416078,-0.826756,1.415299,-0.008152,1.413342,-0.008152,-0.826756,0
2026-07-02 15:43:53.302777,1.418656,-0.826756,1.415299,-0.002971,1.413342,-0.002971,-0.826756,0
2026-07-02 15:43:53.307840,1.421252,-0.837119,1.415299,-0.002971,1.418524,-0.002971,-0.837119,0
2026-07-02 15:43:53.309853,1.424245,-0.826756,1.415299,-0.002971,1.413342,-0.002971,-0.826756,0
2026-07-02 15:43:53.314222,1.426864,-0.831938,1.415299,-0.002971,1.413342,-0.002971,-0.831938,0
2026-07-02 15:43:53.314222,1.429304,-0.826756,1.415299,-0.002971,1.413342,-0.002971,-0.826756,0
2026-07-02 15:43:53.319165,1.431730,-0.826756,1.415299,-0.002971,1.413342,-0.002971,-0.826756,0
2026-07-02 15:43:53.319165,1.434205,-0.826756,1.415299,-0.002971,1.413342,-0.002971,-0.826756,0
2026-07-02 15:43:53.323601,1.436575,-0.826756,1.415299,-0.002971,1.413342,-0.002971,-0.826756,0
2026-07-02 15:43:53.323601,1.439192,-0.826756,1.415299,-0.002971,1.413342,-0.002971,-0.826756,0
2026-07-02 15:43:53.327940,1.441614,-0.837119,1.415299,-0.002971,1.413342,-0.002971,-0.837119,0
2026-07-02 15:43:53.327940,1.444035,-0.826756,1.415299,-0.002971,1.413342,-0.002971,-0.826756,0
2026-07-02 15:43:53.327940,1.446406,-0.826756,1.415299,-0.002971,1.413342,-0.002971,-0.826756,0
2026-07-02 15:43:53.327940,1.448821,-0.831938,1.415299,-0.002971,1.413342,-0.002971,-0.831938,0
2026-07-02 15:43:53.339068,1.451426,-0.826756,1.415299,-0.002971,1.413342,-0.002971,-0.826756,0
2026-07-02 15:43:53.339068,1.453818,-0.826756,1.415299,-0.002971,1.418524,-0.002971,-0.826756,0
2026-07-02 15:43:53.339068,1.456272,-0.837119,1.415299,-0.002971,1.418524,-0.002971,-0.837119,0
2026-07-02 15:43:53.339068,1.458595,-0.831938,1.415299,-0.002971,1.413342,-0.002971,-0.831938,0
2026-07-02 15:43:53.348136,1.461048,-0.837119,1.415299,-0.002971,1.418524,-0.002971,-0.837119,0
2026-07-02 15:43:53.349691,1.463402,-0.837119,1.415299,-0.002971,1.413342,-0.002971,-0.837119,0
2026-07-02 15:43:53.349691,1.465870,-0.826756,1.415299,-0.002971,1.413342,-0.002971,-0.826756,0
2026-07-02 15:43:53.349691,1.468167,-0.837119,1.415299,-0.002971,1.413342,-0.002971,-0.837119,0
2026-07-02 15:43:53.349691,1.470408,-0.831938,1.415299,-0.002971,1.418524,-0.002971,-0.831938,0
2026-07-02 15:43:53.358215,1.472633,-0.826756,1.415299,-0.008152,1.413342,-0.008152,-0.826756,0
2026-07-02 15:43:53.358215,1.474973,-0.831938,1.415299,-0.002971,1.413342,-0.002971,-0.831938,0
2026-07-02 15:43:53.358215,1.477350,-0.826756,1.415299,-0.002971,1.413342,-0.002971,-0.826756,0
2026-07-02 15:43:53.358215,1.479615,-0.826756,1.415299,-0.008152,1.413342,-0.008152,-0.826756,0
2026-07-02 15:43:53.368462,1.482052,-0.831938,1.415299,-0.002971,1.413342,-0.002971,-0.831938,0
2026-07-02 15:43:53.368462,1.484431,-0.837119,1.415299,-0.002971,1.413342,-0.002971,-0.837119,0
2026-07-02 15:43:53.374282,1.486762,-0.826756,1.415299,-0.002971,1.413342,-0.002971,-0.826756,0
2026-07-02 15:43:53.374282,1.489085,-0.826756,1.415299,-0.008152,1.413342,-0.008152,-0.826756,0
2026-07-02 15:43:53.378705,1.491357,-0.826756,1.415299,-0.008152,1.413342,-0.008152,-0.826756,0
2026-07-02 15:43:53.380874,1.493609,-0.826756,1.415299,-0.008152,1.418524,-0.008152,-0.826756,0
2026-07-02 15:43:53.382388,1.495827,-0.831938,1.415299,-0.002971,1.413342,-0.002971,-0.831938,0
2026-07-02 15:43:53.385725,1.498061,-0.831938,1.415299,-0.008152,1.413342,-0.008152,-0.831938,0
2026-07-02 15:43:53.385725,1.500328,-0.837119,1.415299,-0.002971,1.418524,-0.002971,-0.837119,0
2026-07-02 15:43:53.388835,1.502672,-0.826756,1.415299,-0.008152,1.413342,-0.008152,-0.826756,0
2026-07-02 15:43:53.390856,1.504912,-0.831938,1.415299,-0.002971,1.413342,-0.002971,-0.831938,0
2026-07-02 15:43:53.390856,1.507190,-0.826756,1.415299,-0.008152,1.418524,-0.008152,-0.826756,0
2026-07-02 15:43:53.390856,1.509437,-0.826756,1.415299,-0.008152,1.413342,-0.008152,-0.826756,0
2026-07-02 15:43:53.399183,1.511756,-0.831938,1.415299,-0.002971,1.413342,-0.002971,-0.831938,0
2026-07-02 15:43:53.400280,1.514143,-0.826756,1.415299,-0.002971,1.413342,-0.002971,-0.826756,0
2026-07-02 15:43:53.402861,1.516699,-0.826756,1.415299,-0.008152,1.413342,-0.008152,-0.826756,0
2026-07-02 15:43:53.402861,1.519178,-0.831938,1.415299,-0.002971,1.413342,-0.002971,-0.831938,0
2026-07-02 15:43:53.409216,1.521598,-0.837119,1.415299,-0.002971,1.418524,-0.002971,-0.837119,0
2026-07-02 15:43:53.409900,1.524218,-0.831938,1.410120,-0.002971,1.418524,-0.002971,-0.831938,0
2026-07-02 15:43:53.409900,1.526640,-0.826756,1.415299,-0.002971,1.413342,-0.002971,-0.826756,0
2026-07-02 15:43:53.409900,1.529075,-0.831938,1.415299,-0.002971,1.413342,-0.002971,-0.831938,0
2026-07-02 15:43:53.419246,1.531508,-0.831938,1.415299,-0.002971,1.413342,-0.002971,-0.831938,0
2026-07-02 15:43:53.419246,1.533876,-0.831938,1.415299,-0.002971,1.413342,-0.002971,-0.831938,0
2026-07-02 15:43:53.419246,1.536291,-0.831938,1.415299,-0.002971,1.418524,-0.002971,-0.831938,0
2026-07-02 15:43:53.426109,1.538685,-0.837119,1.415299,-0.002971,1.418524,-0.002971,-0.837119,0
2026-07-02 15:43:53.426844,1.540988,-0.831938,1.415299,-0.002971,1.413342,-0.002971,-0.831938,0
2026-07-02 15:43:53.429688,1.543379,-0.831938,1.415299,-0.002971,1.418524,-0.002971,-0.831938,0
2026-07-02 15:43:53.429688,1.545741,-0.831938,1.415299,-0.002971,1.413342,-0.002971,-0.831938,0
2026-07-02 15:43:53.429688,1.548113,-0.826756,1.415299,-0.002971,1.418524,-0.002971,-0.826756,0
2026-07-02 15:43:53.429688,1.550638,-0.831938,1.415299,-0.002971,1.413342,-0.002971,-0.831938,0
2026-07-02 15:43:53.440111,1.553077,-0.831938,1.415299,-0.008152,1.413342,-0.008152,-0.831938,0
2026-07-02 15:43:53.442175,1.555480,-0.837119,1.415299,-0.008152,1.418524,-0.008152,-0.837119,0
2026-07-02 15:43:53.442175,1.557944,-0.831938,1.415299,-0.002971,1.413342,-0.002971,-0.831938,0
2026-07-02 15:43:53.442175,1.560396,-0.826756,1.415299,-0.002971,1.413342,-0.002971,-0.826756,0
2026-07-02 15:43:53.450392,1.562817,-0.826756,1.415299,-0.002971,1.413342,-0.002971,-0.826756,0
2026-07-02 15:43:53.450392,1.565582,-0.826756,1.415299,-0.002971,1.413342,-0.002971,-0.826756,0
2026-07-02 15:43:53.450392,1.568057,-0.837119,1.415299,-0.002971,1.413342,-0.002971,-0.837119,0
2026-07-02 15:43:53.450392,1.570449,-0.826756,1.415299,-0.002971,1.418524,-0.002971,-0.826756,0
2026-07-02 15:43:53.460489,1.572925,-0.831938,1.415299,-0.008152,1.413342,-0.008152,-0.831938,0
2026-07-02 15:43:53.460489,1.575345,-0.826756,1.415299,-0.002971,1.413342,-0.002971,-0.826756,0
2026-07-02 15:43:53.460489,1.577780,-0.831938,1.415299,-0.002971,1.418524,-0.002971,-0.831938,0
2026-07-02 15:43:53.460489,1.580210,-0.831938,1.415299,-0.002971,1.413342,-0.002971,-0.831938,0
2026-07-02 15:43:53.460489,1.582482,-0.837119,1.415299,-0.008152,1.418524,-0.008152,-0.837119,0
2026-07-02 15:43:53.470992,1.584897,-0.837119,1.415299,-0.002971,1.413342,-0.002971,-0.837119,0
2026-07-02 15:43:53.476159,1.587335,-0.831938,1.415299,-0.002971,1.418524,-0.002971,-0.831938,0
2026-07-02 15:43:53.476159,1.591203,-0.826756,1.415299,-0.008152,1.413342,-0.008152,-0.826756,0
2026-07-02 15:43:53.481070,1.593621,-0.831938,1.415299,-0.008152,1.413342,-0.008152,-0.831938,0
2026-07-02 15:43:53.482925,1.595964,-0.826756,1.415299,-0.002971,1.413342,-0.002971,-0.826756,0
2026-07-02 15:43:53.487120,1.599374,-0.826756,1.415299,-0.002971,1.418524,-0.002971,-0.826756,0
2026-07-02 15:43:53.489133,1.601860,-0.831938,1.415299,-0.002971,1.418524,-0.002971,-0.831938,0
2026-07-02 15:43:53.491149,1.604268,-0.826756,1.415299,-0.008152,1.418524,-0.008152,-0.826756,0
2026-07-02 15:43:53.491149,1.606694,-0.831938,1.415299,-0.002971,1.413342,-0.002971,-0.831938,0
2026-07-02 15:43:53.491149,1.609309,-0.831938,1.415299,-0.002971,1.413342,-0.002971,-0.831938,0
2026-07-02 15:43:53.491149,1.611722,-0.826756,1.415299,-0.002971,1.413342,-0.002971,-0.826756,0
2026-07-02 15:43:53.501187,1.614146,-0.826756,1.415299,-0.002971,1.413342,-0.002971,-0.826756,0
2026-07-02 15:43:53.501187,1.616560,-0.837119,1.415299,-0.008152,1.418524,-0.008152,-0.837119,0
2026-07-02 15:43:53.501187,1.619041,-0.826756,1.415299,-0.002971,1.418524,-0.002971,-0.826756,0
2026-07-02 15:43:53.508966,1.621505,-0.831938,1.415299,-0.002971,1.413342,-0.002971,-0.831938,0
2026-07-02 15:43:53.511224,1.624033,-0.831938,1.415299,-0.002971,1.418524,-0.002971,-0.831938,0
2026-07-02 15:43:53.514407,1.626499,-0.831938,1.415299,-0.002971,1.418524,-0.002971,-0.831938,0
2026-07-02 15:43:53.516415,1.629017,-0.831938,1.415299,-0.002971,1.413342,-0.002971,-0.831938,0
2026-07-02 15:43:53.516415,1.632714,-0.831938,1.415299,-0.002971,1.413342,-0.002971,-0.831938,0
2026-07-02 15:43:53.521444,1.635147,-0.831938,1.415299,-0.002971,1.418524,-0.002971,-0.831938,0
2026-07-02 15:43:53.521444,1.637550,-0.831938,1.415299,-0.002971,1.413342,-0.002971,-0.831938,0
2026-07-02 15:43:53.521444,1.640872,-0.826756,1.415299,-0.002971,1.418524,-0.002971,-0.826756,0
2026-07-02 15:43:53.521444,1.643279,-0.831938,1.415299,-0.002971,1.413342,-0.002971,-0.831938,0
2026-07-02 15:43:53.531766,1.645692,-0.831938,1.415299,-0.002971,1.413342,-0.002971,-0.831938,0
2026-07-02 15:43:53.533788,1.648216,-0.831938,1.415299,-0.002971,1.413342,-0.002971,-0.831938,0
2026-07-02 15:43:53.533788,1.650732,-0.826756,1.415299,-0.008152,1.413342,-0.008152,-0.826756,0
2026-07-02 15:43:53.539185,1.653149,-0.826756,1.415299,-0.008152,1.413342,-0.008152,-0.826756,0
2026-07-02 15:43:53.542585,1.655527,-0.837119,1.415299,-0.002971,1.418524,-0.002971,-0.837119,0
2026-07-02 15:43:53.544610,1.657832,-0.837119,1.415299,-0.002971,1.413342,-0.002971,-0.837119,0
2026-07-02 15:43:53.546914,1.660236,-0.826756,1.415299,-0.008152,1.418524,-0.008152,-0.826756,0
2026-07-02 15:43:53.551466,1.662629,-0.826756,1.415299,-0.002971,1.413342,-0.002971,-0.826756,0
2026-07-02 15:43:53.553435,1.666440,-0.826756,1.415299,-0.008152,1.413342,-0.008152,-0.826756,0
2026-07-02 15:43:53.556944,1.669057,-0.826756,1.415299,-0.008152,1.413342,-0.008152,-0.826756,0
2026-07-02 15:43:53.556944,1.671519,-0.837119,1.415299,-0.002971,1.413342,-0.002971,-0.837119,0
2026-07-02 15:43:53.560004,1.674364,-0.837119,1.415299,-0.002971,1.413342,-0.002971,-0.837119,0
2026-07-02 15:43:53.562710,1.676744,-0.831938,1.415299,-0.002971,1.413342,-0.002971,-0.831938,0
2026-07-02 15:43:53.562710,1.679120,-0.826756,1.415299,-0.002971,1.418524,-0.002971,-0.826756,0
2026-07-02 15:43:53.562710,1.682260,-0.826756,1.415299,-0.008152,1.413342,-0.008152,-0.826756,0
2026-07-02 15:43:53.562710,1.684668,-0.826756,1.415299,-0.008152,1.418524,-0.008152,-0.826756,0
2026-07-02 15:43:53.576528,1.687050,-0.826756,1.415299,-0.008152,1.413342,-0.008152,-0.826756,0
2026-07-02 15:43:53.578540,1.691085,-0.826756,1.415299,-0.008152,1.413342,-0.008152,-0.826756,0
2026-07-02 15:43:53.578540,1.693393,-0.826756,1.415299,-0.002971,1.413342,-0.002971,-0.826756,0
2026-07-02 15:43:53.583683,1.695768,-0.826756,1.415299,-0.002971,1.413342,-0.002971,-0.826756,0
2026-07-02 15:43:53.583683,1.700057,-0.826756,1.415299,-0.002971,1.413342,-0.002971,-0.826756,0
2026-07-02 15:43:53.583683,1.702471,-0.831938,1.415299,-0.008152,1.418524,-0.008152,-0.831938,0
2026-07-02 15:43:53.583683,1.704868,-0.831938,1.415299,-0.002971,1.418524,-0.002971,-0.831938,0
2026-07-02 15:43:53.593809,1.707342,-0.831938,1.415299,-0.008152,1.413342,-0.008152,-0.831938,0
2026-07-02 15:43:53.595821,1.709857,-0.831938,1.415299,-0.002971,1.413342,-0.002971,-0.831938,0
2026-07-02 15:43:53.599858,1.712253,-0.831938,1.415299,-0.002971,1.413342,-0.002971,-0.831938,0
2026-07-02 15:43:53.599858,1.715131,-0.837119,1.415299,-0.008152,1.418524,-0.008152,-0.837119,0
2026-07-02 15:43:53.603849,1.717664,-0.826756,1.415299,-0.002971,1.418524,-0.002971,-0.826756,0
2026-07-02 15:43:53.603849,1.720045,-0.826756,1.415299,-0.002971,1.413342,-0.002971,-0.826756,0
2026-07-02 15:43:53.608463,1.722418,-0.831938,1.415299,-0.008152,1.418524,-0.008152,-0.831938,0
2026-07-02 15:43:53.610978,1.724797,-0.831938,1.415299,-0.002971,1.413342,-0.002971,-0.831938,0
2026-07-02 15:43:53.614009,1.727178,-0.837119,1.415299,-0.002971,1.413342,-0.002971,-0.837119,0
2026-07-02 15:43:53.618040,1.729593,-0.826756,1.415299,-0.002971,1.413342,-0.002971,-0.826756,0
2026-07-02 15:43:53.619193,1.732649,-0.831938,1.415299,-0.002971,1.413342,-0.002971,-0.831938,0
2026-07-02 15:43:53.622544,1.735113,-0.826756,1.415299,-0.002971,1.418524,-0.002971,-0.826756,0
2026-07-02 15:43:53.627148,1.737484,-0.831938,1.415299,-0.002971,1.413342,-0.002971,-0.831938,0
2026-07-02 15:43:53.629692,1.741966,-0.826756,1.415299,-0.008152,1.413342,-0.008152,-0.826756,0
2026-07-02 15:43:53.631439,1.744409,-0.831938,1.415299,-0.002971,1.418524,-0.002971,-0.831938,0
2026-07-02 15:43:53.633985,1.746835,-0.831938,1.415299,-0.002971,1.413342,-0.002971,-0.831938,0
2026-07-02 15:43:53.637213,1.749461,-0.831938,1.415299,-0.002971,1.413342,-0.002971,-0.831938,0
2026-07-02 15:43:53.639222,1.751879,-0.837119,1.415299,-0.008152,1.418524,-0.008152,-0.837119,0
2026-07-02 15:43:53.642743,1.754292,-0.831938,1.415299,-0.002971,1.413342,-0.002971,-0.831938,0
2026-07-02 15:43:53.642743,1.757345,-0.831938,1.415299,-0.002971,1.413342,-0.002971,-0.831938,0
2026-07-02 15:43:53.642743,1.759703,-0.837119,1.415299,-0.002971,1.413342,-0.002971,-0.837119,0
2026-07-02 15:43:53.642743,1.762265,-0.826756,1.415299,-0.002971,1.413342,-0.002971,-0.826756,0
2026-07-02 15:43:53.650519,1.764812,-0.837119,1.415299,-0.002971,1.418524,-0.002971,-0.837119,0
2026-07-02 15:43:53.650519,1.767259,-0.837119,1.415299,-0.002971,1.418524,-0.002971,-0.837119,0
2026-07-02 15:43:53.650519,1.769681,-0.831938,1.415299,-0.002971,1.418524,-0.002971,-0.831938,0
2026-07-02 15:43:53.659785,1.772105,-0.831938,1.415299,-0.008152,1.418524,-0.008152,-0.831938,0
2026-07-02 15:43:53.660801,1.774485,-0.837119,1.415299,-0.002971,1.413342,-0.002971,-0.837119,0
2026-07-02 15:43:53.660801,1.776997,-0.826756,1.415299,-0.008152,1.418524,-0.008152,-0.826756,0
2026-07-02 15:43:53.660801,1.779375,-0.826756,1.415299,-0.008152,1.418524,-0.008152,-0.826756,0
2026-07-02 15:43:53.668271,1.782563,-0.837119,1.415299,-0.002971,1.413342,-0.002971,-0.837119,0
2026-07-02 15:43:53.670906,1.785027,-0.826756,1.415299,-0.002971,1.413342,-0.002971,-0.826756,0
2026-07-02 15:43:53.670906,1.787442,-0.826756,1.415299,-0.008152,1.418524,-0.008152,-0.826756,0
2026-07-02 15:43:53.670906,1.790508,-0.831938,1.415299,-0.002971,1.413342,-0.002971,-0.831938,0
2026-07-02 15:43:53.670906,1.792956,-0.831938,1.415299,-0.002971,1.413342,-0.002971,-0.831938,0
2026-07-02 15:43:53.681341,1.795477,-0.837119,1.415299,-0.008152,1.418524,-0.008152,-0.837119,0
2026-07-02 15:43:53.685596,1.799004,-0.826756,1.415299,-0.002971,1.413342,-0.002971,-0.826756,0
2026-07-02 15:43:53.685596,1.801422,-0.831938,1.415299,-0.002971,1.413342,-0.002971,-0.831938,0
2026-07-02 15:43:53.685596,1.803822,-0.837119,1.415299,-0.002971,1.418524,-0.002971,-0.837119,0
2026-07-02 15:43:53.693736,1.806225,-0.826756,1.415299,-0.002971,1.413342,-0.002971,-0.826756,0
2026-07-02 15:43:53.695128,1.808605,-0.837119,1.415299,-0.002971,1.418524,-0.002971,-0.837119,0
2026-07-02 15:43:53.697656,1.811079,-0.826756,1.415299,-0.008152,1.413342,-0.008152,-0.826756,0
2026-07-02 15:43:53.699870,1.813475,-0.837119,1.415299,-0.002971,1.413342,-0.002971,-0.837119,0
2026-07-02 15:43:53.701883,1.816113,-0.826756,1.415299,-0.002971,1.413342,-0.002971,-0.826756,0
2026-07-02 15:43:53.701883,1.818551,-0.837119,1.415299,-0.002971,1.413342,-0.002971,-0.837119,0
2026-07-02 15:43:53.708532,1.820944,-0.826756,1.420479,-0.002971,1.413342,-0.002971,-0.826756,0
2026-07-02 15:43:53.708532,1.823786,-0.837119,1.410120,-0.002971,1.413342,-0.002971,-0.837119,0
2026-07-02 15:43:53.712044,1.826211,-0.831938,1.415299,-0.002971,1.413342,-0.002971,-0.831938,0
2026-07-02 15:43:53.712044,1.828659,-0.831938,1.415299,-0.008152,1.413342,-0.008152,-0.831938,0
2026-07-02 15:43:53.712044,1.831158,-0.837119,1.415299,-0.002971,1.418524,-0.002971,-0.837119,0
2026-07-02 15:43:53.712044,1.833606,-0.831938,1.415299,-0.002971,1.413342,-0.002971,-0.831938,0
2026-07-02 15:43:53.722487,1.836081,-0.831938,1.415299,-0.002971,1.413342,-0.002971,-0.831938,0
2026-07-02 15:43:53.722487,1.838419,-0.826756,1.415299,-0.002971,1.413342,-0.002971,-0.826756,0
2026-07-02 15:43:53.727209,1.840830,-0.837119,1.415299,-0.002971,1.413342,-0.002971,-0.837119,0
2026-07-02 15:43:53.729731,1.843262,-0.826756,1.415299,-0.008152,1.418524,-0.008152,-0.826756,0
2026-07-02 15:43:53.732752,1.845776,-0.837119,1.415299,-0.002971,1.418524,-0.002971,-0.837119,0
2026-07-02 15:43:53.732752,1.848865,-0.826756,1.415299,-0.002971,1.413342,-0.002971,-0.826756,0
2026-07-02 15:43:53.732752,1.851303,-0.837119,1.415299,-0.002971,1.413342,-0.002971,-0.837119,0
2026-07-02 15:43:53.739414,1.853715,-0.831938,1.415299,-0.002971,1.418524,-0.002971,-0.831938,0
2026-07-02 15:43:53.743021,1.856132,-0.826756,1.415299,-0.002971,1.413342,-0.002971,-0.826756,0
2026-07-02 15:43:53.743021,1.858891,-0.821574,1.415299,-0.002971,1.413342,-0.002971,-0.821574,0
2026-07-02 15:43:53.743021,1.861325,-0.826756,1.415299,-0.002971,1.418524,-0.002971,-0.826756,0
2026-07-02 15:43:53.750487,1.863733,-0.826756,1.415299,-0.008152,1.413342,-0.008152,-0.826756,0
2026-07-02 15:43:53.753076,1.866207,-0.837119,1.415299,-0.002971,1.418524,-0.002971,-0.837119,0
2026-07-02 15:43:53.753076,1.868643,-0.826756,1.415299,-0.002971,1.413342,-0.002971,-0.826756,0
2026-07-02 15:43:53.753076,1.871055,-0.831938,1.415299,-0.002971,1.418524,-0.002971,-0.831938,0
2026-07-02 15:43:53.753076,1.874223,-0.831938,1.415299,-0.008152,1.413342,-0.008152,-0.831938,0
2026-07-02 15:43:53.763454,1.876670,-0.831938,1.415299,-0.002971,1.418524,-0.002971,-0.831938,0
2026-07-02 15:43:53.763454,1.879112,-0.837119,1.415299,-0.002971,1.418524,-0.002971,-0.837119,0
2026-07-02 15:43:53.763454,1.881828,-0.831938,1.415299,-0.002971,1.413342,-0.002971,-0.831938,0
2026-07-02 15:43:53.763454,1.884473,-0.831938,1.415299,-0.002971,1.413342,-0.002971,-0.831938,0
2026-07-02 15:43:53.773935,1.886916,-0.826756,1.415299,-0.008152,1.413342,-0.008152,-0.826756,0
2026-07-02 15:43:53.773935,1.889291,-0.837119,1.415299,-0.002971,1.418524,-0.002971,-0.837119,0
2026-07-02 15:43:53.773935,1.891738,-0.826756,1.415299,-0.008152,1.418524,-0.008152,-0.826756,0
2026-07-02 15:43:53.773935,1.894129,-0.831938,1.415299,-0.008152,1.413342,-0.008152,-0.831938,0
2026-07-02 15:43:53.783616,1.896636,-0.826756,1.415299,-0.008152,1.418524,-0.008152,-0.826756,0
2026-07-02 15:43:53.786293,1.898970,-0.831938,1.415299,-0.002971,1.418524,-0.002971,-0.831938,0
2026-07-02 15:43:53.786293,1.901274,-0.826756,1.415299,-0.008152,1.418524,-0.008152,-0.826756,0
2026-07-02 15:43:53.786293,1.903735,-0.831938,1.415299,-0.002971,1.418524,-0.002971,-0.831938,0
2026-07-02 15:43:53.792083,1.906336,-0.831938,1.415299,-0.002971,1.418524,-0.002971,-0.831938,0
2026-07-02 15:43:53.792083,1.908773,-0.831938,1.415299,-0.002971,1.418524,-0.002971,-0.831938,0
2026-07-02 15:43:53.792083,1.911269,-0.831938,1.415299,-0.008152,1.413342,-0.008152,-0.831938,0
2026-07-02 15:43:53.800305,1.913715,-0.831938,1.415299,-0.002971,1.413342,-0.002971,-0.831938,0
2026-07-02 15:43:53.800305,1.916020,-0.826756,1.415299,-0.002971,1.418524,-0.002971,-0.826756,0
2026-07-02 15:43:53.800305,1.918443,-0.831938,1.410120,-0.002971,1.418524,-0.002971,-0.831938,0
2026-07-02 15:43:53.800305,1.920836,-0.826756,1.415299,-0.002971,1.413342,-0.002971,-0.826756,0
2026-07-02 15:43:53.809382,1.923256,-0.831938,1.415299,-0.002971,1.413342,-0.002971,-0.831938,0
2026-07-02 15:43:53.809382,1.925673,-0.826756,1.415299,-0.002971,1.413342,-0.002971,-0.826756,0
2026-07-02 15:43:53.809382,1.928104,-0.826756,1.415299,-0.008152,1.413342,-0.008152,-0.826756,0
2026-07-02 15:43:53.809382,1.930498,-0.831938,1.415299,-0.002971,1.413342,-0.002971,-0.831938,0
2026-07-02 15:43:53.820045,1.932965,-0.826756,1.415299,-0.002971,1.413342,-0.002971,-0.826756,0
2026-07-02 15:43:53.820045,1.935386,-0.826756,1.415299,-0.008152,1.413342,-0.008152,-0.826756,0
2026-07-02 15:43:53.825713,1.937791,-0.831938,1.415299,-0.002971,1.413342,-0.002971,-0.831938,0
2026-07-02 15:43:53.827723,1.940749,-0.831938,1.415299,-0.002971,1.413342,-0.002971,-0.831938,0
2026-07-02 15:43:53.829462,1.943069,-0.831938,1.415299,-0.002971,1.418524,-0.002971,-0.831938,0
2026-07-02 15:43:53.829462,1.945668,-0.831938,1.415299,-0.002971,1.413342,-0.002971,-0.831938,0
2026-07-02 15:43:53.835027,1.948266,-0.826756,1.415299,-0.002971,1.413342,-0.002971,-0.826756,0
2026-07-02 15:43:53.835027,1.950724,-0.831938,1.415299,-0.002971,1.413342,-0.002971,-0.831938,0
2026-07-02 15:43:53.839689,1.953162,-0.826756,1.415299,-0.002971,1.418524,-0.002971,-0.826756,0
2026-07-02 15:43:53.842990,1.955584,-0.831938,1.415299,-0.002971,1.418524,-0.002971,-0.831938,0
2026-07-02 15:43:53.842990,1.957944,-0.831938,1.415299,-0.002971,1.413342,-0.002971,-0.831938,0
2026-07-02 15:43:53.842990,1.960365,-0.826756,1.415299,-0.002971,1.413342,-0.002971,-0.826756,0
2026-07-02 15:43:53.849839,1.962767,-0.831938,1.415299,-0.002971,1.418524,-0.002971,-0.831938,0
2026-07-02 15:43:53.852109,1.965634,-0.837119,1.415299,-0.002971,1.413342,-0.002971,-0.837119,0
2026-07-02 15:43:53.852109,1.968221,-0.837119,1.415299,-0.002971,1.413342,-0.002971,-0.837119,0
2026-07-02 15:43:53.856285,1.970649,-0.837119,1.415299,-0.002971,1.418524,-0.002971,-0.837119,0
2026-07-02 15:43:53.859863,1.973257,-0.831938,1.415299,-0.002971,1.413342,-0.002971,-0.831938,0
2026-07-02 15:43:53.859863,1.975607,-0.826756,1.415299,-0.002971,1.413342,-0.002971,-0.826756,0
2026-07-02 15:43:53.859863,1.978079,-0.831938,1.415299,-0.008152,1.418524,-0.008152,-0.831938,0
2026-07-02 15:43:53.867056,1.980495,-0.831938,1.415299,-0.002971,1.413342,-0.002971,-0.831938,0
2026-07-02 15:43:53.867056,1.982867,-0.831938,1.415299,-0.002971,1.413342,-0.002971,-0.831938,0
2026-07-02 15:43:53.867056,1.985242,-0.826756,1.415299,-0.002971,1.418524,-0.002971,-0.826756,0
2026-07-02 15:43:53.875579,1.987727,-0.837119,1.415299,-0.002971,1.418524,-0.002971,-0.837119,0
2026-07-02 15:43:53.875579,1.990160,-0.826756,1.415299,-0.008152,1.413342,-0.008152,-0.826756,0
2026-07-02 15:43:53.875579,1.992589,-0.831938,1.415299,-0.002971,1.418524,-0.002971,-0.831938,0
2026-07-02 15:43:53.875579,1.994999,-0.826756,1.415299,-0.002971,1.413342,-0.002971,-0.826756,0
2026-07-02 15:43:53.883461,1.997407,-0.837119,1.415299,-0.008152,1.413342,-0.008152,-0.837119,0
2026-07-02 15:43:53.886881,1.999820,-0.831938,1.415299,-0.002971,1.418524,-0.002971,-0.831938,0
2026-07-02 15:43:53.886881,2.002214,-0.826756,1.415299,-0.008152,1.418524,-0.008152,-0.826756,0
2026-07-02 15:43:53.892026,2.004754,-0.837119,1.415299,-0.002971,1.418524,-0.002971,-0.837119,0
2026-07-02 15:43:53.892026,2.007217,-0.826756,1.415299,-0.008152,1.413342,-0.008152,-0.826756,0
2026-07-02 15:43:53.892026,2.009618,-0.831938,1.415299,-0.002971,1.413342,-0.002971,-0.831938,0
2026-07-02 15:43:53.892026,2.012053,-0.826756,1.415299,-0.008152,1.418524,-0.008152,-0.826756,0
2026-07-02 15:43:53.901946,2.014413,-0.826756,1.415299,-0.002971,1.413342,-0.002971,-0.826756,0
2026-07-02 15:43:53.902731,2.016770,-0.837119,1.415299,-0.002971,1.418524,-0.002971,-0.837119,0
2026-07-02 15:43:53.902731,2.019148,-0.826756,1.415299,-0.008152,1.413342,-0.008152,-0.826756,0
2026-07-02 15:43:53.902731,2.021548,-0.831938,1.415299,-0.002971,1.413342,-0.002971,-0.831938,0
2026-07-02 15:43:53.902731,2.023972,-0.837119,1.415299,-0.002971,1.418524,-0.002971,-0.837119,0
2026-07-02 15:43:53.912281,2.026376,-0.826756,1.415299,-0.002971,1.413342,-0.002971,-0.826756,0
2026-07-02 15:43:53.912281,2.028778,-0.826756,1.415299,-0.002971,1.413342,-0.002971,-0.826756,0
2026-07-02 15:43:53.918927,2.031078,-0.831938,1.415299,-0.002971,1.413342,-0.002971,-0.831938,0
2026-07-02 15:43:53.920939,2.033505,-0.826756,1.415299,-0.002971,1.413342,-0.002971,-0.826756,0
2026-07-02 15:43:53.923367,2.035964,-0.837119,1.415299,-0.002971,1.413342,-0.002971,-0.837119,0
2026-07-02 15:43:53.923367,2.038346,-0.826756,1.415299,-0.008152,1.413342,-0.008152,-0.826756,0
2026-07-02 15:43:53.923367,2.040713,-0.831938,1.415299,-0.002971,1.413342,-0.002971,-0.831938,0
2026-07-02 15:43:53.923367,2.043096,-0.826756,1.415299,-0.002971,1.413342,-0.002971,-0.826756,0
2026-07-02 15:43:53.933021,2.045483,-0.831938,1.415299,-0.002971,1.413342,-0.002971,-0.831938,0
2026-07-02 15:43:53.934215,2.047895,-0.826756,1.415299,-0.002971,1.418524,-0.002971,-0.826756,0
2026-07-02 15:43:53.936235,2.050310,-0.831938,1.415299,-0.008152,1.418524,-0.008152,-0.831938,0
2026-07-02 15:43:53.939763,2.052715,-0.831938,1.415299,-0.002971,1.418524,-0.002971,-0.831938,0
2026-07-02 15:43:53.941770,2.055162,-0.831938,1.415299,-0.002971,1.418524,-0.002971,-0.831938,0
2026-07-02 15:43:53.943200,2.057600,-0.826756,1.415299,-0.008152,1.413342,-0.008152,-0.826756,0
2026-07-02 15:43:53.943200,2.060197,-0.826756,1.415299,-0.008152,1.418524,-0.008152,-0.826756,0
2026-07-02 15:43:53.943200,2.062609,-0.826756,1.415299,-0.002971,1.413342,-0.002971,-0.826756,0
2026-07-02 15:43:53.943200,2.065048,-0.826756,1.415299,-0.002971,1.418524,-0.002971,-0.826756,0
2026-07-02 15:43:53.953459,2.067458,-0.826756,1.415299,-0.002971,1.413342,-0.002971,-0.826756,0
2026-07-02 15:43:53.953459,2.069799,-0.831938,1.415299,-0.002971,1.418524,-0.002971,-0.831938,0
2026-07-02 15:43:53.953459,2.072288,-0.826756,1.415299,-0.002971,1.413342,-0.002971,-0.826756,0
2026-07-02 15:43:53.953459,2.074642,-0.826756,1.415299,-0.002971,1.413342,-0.002971,-0.826756,0
2026-07-02 15:43:53.964776,2.077034,-0.826756,1.415299,-0.002971,1.418524,-0.002971,-0.826756,0
2026-07-02 15:43:53.965303,2.079389,-0.837119,1.415299,-0.002971,1.413342,-0.002971,-0.837119,0
2026-07-02 15:43:53.965303,2.082051,-0.831938,1.415299,-0.002971,1.413342,-0.002971,-0.831938,0
2026-07-02 15:43:53.965303,2.084488,-0.831938,1.415299,-0.002971,1.418524,-0.002971,-0.831938,0
2026-07-02 15:43:53.973504,2.086897,-0.837119,1.415299,-0.002971,1.413342,-0.002971,-0.837119,0
2026-07-02 15:43:53.973504,2.089259,-0.831938,1.415299,-0.002971,1.413342,-0.002971,-0.831938,0
2026-07-02 15:43:53.973504,2.091603,-0.826756,1.415299,-0.002971,1.418524,-0.002971,-0.826756,0
2026-07-02 15:43:53.973504,2.094049,-0.831938,1.415299,-0.002971,1.413342,-0.002971,-0.831938,0
2026-07-02 15:43:53.983561,2.096470,-0.831938,1.415299,-0.008152,1.413342,-0.008152,-0.831938,0
2026-07-02 15:43:53.983561,2.098927,-0.826756,1.415299,-0.002971,1.413342,-0.002971,-0.826756,0
2026-07-02 15:43:53.987494,2.101361,-0.837119,1.415299,-0.002971,1.418524,-0.002971,-0.837119,0
2026-07-02 15:43:53.987494,2.103777,-0.837119,1.415299,-0.002971,1.418524,-0.002971,-0.837119,0
2026-07-02 15:43:53.994025,2.106285,-0.831938,1.415299,-0.002971,1.413342,-0.002971,-0.831938,0
2026-07-02 15:43:53.994025,2.108641,-0.837119,1.415299,-0.002971,1.418524,-0.002971,-0.837119,0
2026-07-02 15:43:53.994025,2.111059,-0.831938,1.415299,-0.002971,1.413342,-0.002971,-0.831938,0
2026-07-02 15:43:53.994025,2.113485,-0.831938,1.415299,-0.002971,1.413342,-0.002971,-0.831938,0
2026-07-02 15:43:53.994025,2.115986,-0.831938,1.415299,-0.002971,1.413342,-0.002971,-0.831938,0
2026-07-02 15:43:54.004507,2.118407,-0.826756,1.415299,-0.002971,1.418524,-0.002971,-0.826756,0
2026-07-02 15:43:54.004507,2.120801,-0.831938,1.415299,-0.002971,1.418524,-0.002971,-0.831938,0
2026-07-02 15:43:54.004507,2.123241,-0.831938,1.415299,-0.002971,1.413342,-0.002971,-0.831938,0
2026-07-02 15:43:54.004507,2.125667,-0.831938,1.415299,-0.008152,1.418524,-0.008152,-0.831938,0
2026-07-02 15:43:54.014640,2.128092,-0.826756,1.415299,-0.002971,1.418524,-0.002971,-0.826756,0
2026-07-02 15:43:54.016651,2.130769,-0.826756,1.415299,-0.008152,1.418524,-0.008152,-0.826756,0
2026-07-02 15:43:54.019404,2.133165,-0.826756,1.415299,-0.002971,1.413342,-0.002971,-0.826756,0
2026-07-02 15:43:54.021929,2.135420,-0.826756,1.415299,-0.002971,1.413342,-0.002971,-0.826756,0
2026-07-02 15:43:54.028206,2.137764,-0.826756,1.415299,-0.002971,1.413342,-0.002971,-0.826756,0
2026-07-02 15:43:54.032240,2.143487,-0.831938,1.415299,-0.002971,1.413342,-0.002971,-0.831938,0
2026-07-02 15:43:54.061279,2.147471,-0.826756,1.415299,-0.002971,1.418524,-0.002971,-0.826756,0
2026-07-02 15:43:54.066025,2.177455,-0.826756,1.415299,-0.002971,1.418524,-0.002971,-0.826756,0
2026-07-02 15:43:54.067835,2.181351,-0.831938,1.415299,-0.008152,1.413342,-0.008152,-0.831938,0
2026-07-02 15:43:54.069853,2.183859,-0.831938,1.415299,-0.002971,1.413342,-0.002971,-0.831938,0
2026-07-02 15:43:54.072583,2.186307,-0.837119,1.415299,-0.002971,1.413342,-0.002971,-0.837119,0
2026-07-02 15:43:54.076472,2.188718,-0.831938,1.415299,-0.002971,1.418524,-0.002971,-0.831938,0
2026-07-02 15:43:54.078042,2.191241,-0.826756,1.415299,-0.002971,1.413342,-0.002971,-0.826756,0
2026-07-02 15:43:54.080559,2.193647,-0.831938,1.415299,-0.002971,1.413342,-0.002971,-0.831938,0
2026-07-02 15:43:54.082596,2.196026,-0.826756,1.415299,-0.008152,1.413342,-0.008152,-0.826756,0
2026-07-02 15:43:54.087868,2.199057,-0.831938,1.415299,-0.002971,1.413342,-0.002971,-0.831938,0
2026-07-02 15:43:54.089880,2.202740,-0.831938,1.415299,-0.002971,1.413342,-0.002971,-0.831938,0
2026-07-02 15:43:54.092399,2.205223,-0.837119,1.415299,-0.002971,1.413342,-0.002971,-0.837119,0
2026-07-02 15:43:54.094414,2.207602,-0.831938,1.415299,-0.002971,1.413342,-0.002971,-0.831938,0
2026-07-02 15:43:54.097254,2.210196,-0.831938,1.415299,-0.008152,1.413342,-0.008152,-0.831938,0
2026-07-02 15:43:54.099269,2.212665,-0.826756,1.415299,-0.002971,1.413342,-0.002971,-0.826756,0
2026-07-02 15:43:54.101792,2.215311,-0.837119,1.415299,-0.002971,1.418524,-0.002971,-0.837119,0
2026-07-02 15:43:54.103806,2.217684,-0.831938,1.415299,-0.002971,1.413342,-0.002971,-0.831938,0
2026-07-02 15:43:54.107831,2.220041,-0.826756,1.415299,-0.002971,1.413342,-0.002971,-0.826756,0
2026-07-02 15:43:54.108803,2.222392,-0.831938,1.415299,-0.002971,1.413342,-0.002971,-0.831938,0
2026-07-02 15:43:54.111332,2.224820,-0.831938,1.420479,-0.002971,1.413342,-0.002971,-0.831938,0
2026-07-02 15:43:54.113371,2.227162,-0.831938,1.415299,-0.002971,1.418524,-0.002971,-0.831938,0
2026-07-02 15:43:54.115380,2.229576,-0.837119,1.415299,-0.002971,1.418524,-0.002971,-0.837119,0
2026-07-02 15:43:54.118071,2.232146,-0.831938,1.415299,-0.002971,1.413342,-0.002971,-0.831938,0
2026-07-02 15:43:54.122096,2.234539,-0.831938,1.415299,-0.002971,1.418524,-0.002971,-0.831938,0
2026-07-02 15:43:54.124110,2.236925,-0.831938,1.415299,-0.002971,1.413342,-0.002971,-0.831938,0
2026-07-02 15:43:54.126877,2.239316,-0.831938,1.415299,-0.002971,1.413342,-0.002971,-0.831938,0
2026-07-02 15:43:54.127768,2.241695,-0.831938,1.415299,-0.002971,1.413342,-0.002971,-0.831938,0
2026-07-02 15:43:54.131800,2.244177,-0.831938,1.415299,-0.002971,1.413342,-0.002971,-0.831938,0
2026-07-02 15:43:54.133813,2.246583,-0.826756,1.415299,-0.002971,1.413342,-0.002971,-0.826756,0
2026-07-02 15:43:54.136129,2.248977,-0.831938,1.415299,-0.002971,1.413342,-0.002971,-0.831938,0
2026-07-02 15:43:54.138140,2.251338,-0.826756,1.415299,-0.008152,1.413342,-0.008152,-0.826756,0
2026-07-02 15:43:54.141189,2.253732,-0.826756,1.415299,-0.008152,1.413342,-0.008152,-0.826756,0
2026-07-02 15:43:54.143206,2.256346,-0.837119,1.415299,-0.002971,1.413342,-0.002971,-0.837119,0
2026-07-02 15:43:54.146235,2.258759,-0.826756,1.415299,-0.002971,1.413342,-0.002971,-0.826756,0
2026-07-02 15:43:54.146887,2.261048,-0.826756,1.415299,-0.002971,1.418524,-0.002971,-0.826756,0
2026-07-02 15:43:54.150911,2.263414,-0.831938,1.415299,-0.002971,1.413342,-0.002971,-0.831938,0
2026-07-02 15:43:54.152923,2.265786,-0.831938,1.415299,-0.008152,1.413342,-0.008152,-0.831938,0
2026-07-02 15:43:54.154097,2.268165,-0.831938,1.415299,-0.002971,1.413342,-0.002971,-0.831938,0
2026-07-02 15:43:54.158760,2.270540,-0.826756,1.415299,-0.002971,1.413342,-0.002971,-0.826756,0
2026-07-02 15:43:54.160777,2.273472,-0.826756,1.415299,-0.002971,1.418524,-0.002971,-0.826756,0
2026-07-02 15:43:54.162791,2.275842,-0.837119,1.415299,-0.002971,1.413342,-0.002971,-0.837119,0
2026-07-02 15:43:54.162791,2.278171,-0.826756,1.415299,-0.008152,1.413342,-0.008152,-0.826756,0
2026-07-02 15:43:54.166547,2.280594,-0.831938,1.415299,-0.002971,1.418524,-0.002971,-0.831938,0
2026-07-02 15:43:54.166547,2.283062,-0.831938,1.415299,-0.002971,1.413342,-0.002971,-0.831938,0
2026-07-02 15:43:54.166547,2.285607,-0.831938,1.415299,-0.002971,1.413342,-0.002971,-0.831938,0
2026-07-02 15:43:54.166547,2.288067,-0.826756,1.415299,-0.008152,1.418524,-0.008152,-0.826756,0
2026-07-02 15:43:54.177727,2.290515,-0.837119,1.415299,-0.002971,1.418524,-0.002971,-0.837119,0
2026-07-02 15:43:54.177727,2.292902,-0.837119,1.415299,-0.002971,1.418524,-0.002971,-0.837119,0
2026-07-02 15:43:54.177727,2.295298,-0.826756,1.415299,-0.002971,1.418524,-0.002971,-0.826756,0
2026-07-02 15:43:54.177727,2.297683,-0.831938,1.415299,-0.002971,1.418524,-0.002971,-0.831938,0
2026-07-02 15:43:54.187279,2.300096,-0.826756,1.415299,-0.002971,1.413342,-0.002971,-0.826756,0
2026-07-02 15:43:54.188293,2.302468,-0.837119,1.415299,-0.002971,1.418524,-0.002971,-0.837119,0
2026-07-02 15:43:54.188293,2.304838,-0.831938,1.415299,-0.002971,1.413342,-0.002971,-0.831938,0
2026-07-02 15:43:54.188293,2.307206,-0.821574,1.415299,-0.008152,1.413342,-0.008152,-0.821574,0
2026-07-02 15:43:54.188293,2.309583,-0.837119,1.415299,-0.008152,1.413342,-0.008152,-0.837119,0
2026-07-02 15:43:54.207581,2.311973,-0.837119,1.415299,-0.002971,1.413342,-0.002971,-0.837119,0
2026-07-02 15:43:54.209596,2.322319,-0.837119,1.415299,-0.008152,1.413342,-0.008152,-0.837119,0
2026-07-02 15:43:54.216150,2.325425,-0.831938,1.415299,-0.002971,1.413342,-0.002971,-0.831938,0
2026-07-02 15:43:54.217677,2.330915,-0.826756,1.415299,-0.008152,1.418524,-0.008152,-0.826756,0
2026-07-02 15:43:54.217677,2.333639,-0.831938,1.415299,-0.002971,1.413342,-0.002971,-0.831938,0
2026-07-02 15:43:54.217677,2.336033,-0.831938,1.415299,-0.002971,1.413342,-0.002971,-0.831938,0
2026-07-02 15:43:54.217677,2.338433,-0.826756,1.415299,-0.002971,1.418524,-0.002971,-0.826756,0
2026-07-02 15:43:54.228072,2.340820,-0.831938,1.415299,-0.002971,1.418524,-0.002971,-0.831938,0
2026-07-02 15:43:54.230833,2.343204,-0.831938,1.415299,-0.002971,1.413342,-0.002971,-0.831938,0
2026-07-02 15:43:54.230833,2.345572,-0.831938,1.415299,-0.002971,1.418524,-0.002971,-0.831938,0
2026-07-02 15:43:54.235053,2.348124,-0.826756,1.415299,-0.008152,1.418524,-0.008152,-0.826756,0
2026-07-02 15:43:54.238393,2.350783,-0.837119,1.415299,-0.002971,1.413342,-0.002971,-0.837119,0
2026-07-02 15:43:54.240172,2.353456,-0.837119,1.415299,-0.002971,1.418524,-0.002971,-0.837119,0
2026-07-02 15:43:54.243598,2.355896,-0.826756,1.415299,-0.008152,1.413342,-0.008152,-0.826756,0
2026-07-02 15:43:54.244233,2.358300,-0.831938,1.415299,-0.002971,1.418524,-0.002971,-0.831938,0
2026-07-02 15:43:54.244233,2.360690,-0.831938,1.415299,-0.002971,1.418524,-0.002971,-0.831938,0
2026-07-02 15:43:54.248633,2.363063,-0.837119,1.415299,-0.008152,1.413342,-0.008152,-0.837119,0
2026-07-02 15:43:54.251442,2.365500,-0.837119,1.415299,-0.002971,1.418524,-0.002971,-0.837119,0
2026-07-02 15:43:54.251442,2.367884,-0.826756,1.415299,-0.002971,1.413342,-0.002971,-0.826756,0
2026-07-02 15:43:54.251442,2.370275,-0.831938,1.415299,-0.002971,1.418524,-0.002971,-0.831938,0
2026-07-02 15:43:54.258785,2.372763,-0.826756,1.415299,-0.008152,1.413342,-0.008152,-0.826756,0
2026-07-02 15:43:54.262215,2.375060,-0.837119,1.415299,-0.002971,1.413342,-0.002971,-0.837119,0
2026-07-02 15:43:54.264226,2.377510,-0.837119,1.415299,-0.002971,1.413342,-0.002971,-0.837119,0
2026-07-02 15:43:54.266235,2.379891,-0.831938,1.415299,-0.002971,1.413342,-0.002971,-0.831938,0
2026-07-02 15:43:54.269257,2.382264,-0.826756,1.415299,-0.008152,1.413342,-0.008152,-0.826756,0
2026-07-02 15:43:54.270561,2.384627,-0.826756,1.415299,-0.002971,1.418524,-0.002971,-0.826756,0
2026-07-02 15:43:54.273458,2.387032,-0.826756,1.415299,-0.002971,1.413342,-0.002971,-0.826756,0
2026-07-02 15:43:54.275469,2.389481,-0.831938,1.415299,-0.002971,1.413342,-0.002971,-0.831938,0
2026-07-02 15:43:54.279433,2.391925,-0.826756,1.415299,-0.008152,1.413342,-0.008152,-0.826756,0
2026-07-02 15:43:54.279433,2.394299,-0.831938,1.415299,-0.002971,1.413342,-0.002971,-0.831938,0
2026-07-02 15:43:54.279433,2.396669,-0.837119,1.415299,-0.002971,1.418524,-0.002971,-0.837119,0
2026-07-02 15:43:54.279433,2.399107,-0.837119,1.415299,-0.002971,1.418524,-0.002971,-0.837119,0
2026-07-02 15:43:54.288556,2.401501,-0.826756,1.415299,-0.002971,1.413342,-0.002971,-0.826756,0
2026-07-02 15:43:54.291582,2.403852,-0.831938,1.415299,-0.002971,1.413342,-0.002971,-0.831938,0
2026-07-02 15:43:54.291582,2.406997,-0.837119,1.415299,-0.002971,1.413342,-0.002971,-0.837119,0
2026-07-02 15:43:54.291582,2.409354,-0.826756,1.415299,-0.008152,1.413342,-0.008152,-0.826756,0
2026-07-02 15:43:54.291582,2.411668,-0.837119,1.415299,-0.002971,1.413342,-0.002971,-0.837119,0
2026-07-02 15:43:54.302220,2.414001,-0.837119,1.415299,-0.008152,1.418524,-0.008152,-0.837119,0
2026-07-02 15:43:54.302220,2.416908,-0.826756,1.415299,-0.002971,1.413342,-0.002971,-0.826756,0
2026-07-02 15:43:54.302220,2.419273,-0.837119,1.415299,-0.002971,1.413342,-0.002971,-0.837119,0
2026-07-02 15:43:54.302220,2.421632,-0.831938,1.415299,-0.002971,1.413342,-0.002971,-0.831938,0
2026-07-02 15:43:54.310245,2.424017,-0.826756,1.415299,-0.008152,1.418524,-0.008152,-0.826756,0
2026-07-02 15:43:54.312708,2.426377,-0.837119,1.415299,-0.002971,1.413342,-0.002971,-0.837119,0
2026-07-02 15:43:54.312708,2.428720,-0.826756,1.415299,-0.002971,1.413342,-0.002971,-0.826756,0
2026-07-02 15:43:54.312708,2.431003,-0.826756,1.420479,-0.002971,1.413342,-0.002971,-0.826756,0
2026-07-02 15:43:54.320368,2.433337,-0.837119,1.415299,-0.002971,1.418524,-0.002971,-0.837119,0
2026-07-02 15:43:54.320368,2.435644,-0.826756,1.415299,-0.008152,1.413342,-0.008152,-0.826756,0
2026-07-02 15:43:54.320368,2.437948,-0.826756,1.415299,-0.002971,1.418524,-0.002971,-0.826756,0
2026-07-02 15:43:54.320368,2.440254,-0.826756,1.415299,-0.002971,1.413342,-0.002971,-0.826756,0
2026-07-02 15:43:54.329066,2.442546,-0.837119,1.415299,-0.002971,1.418524,-0.002971,-0.837119,0
2026-07-02 15:43:54.330822,2.444862,-0.831938,1.415299,-0.002971,1.418524,-0.002971,-0.831938,0
2026-07-02 15:43:54.330822,2.447213,-0.831938,1.415299,-0.002971,1.413342,-0.002971,-0.831938,0
2026-07-02 15:43:54.337080,2.449678,-0.831938,1.415299,-0.002971,1.418524,-0.002971,-0.831938,0
2026-07-02 15:43:54.337080,2.452016,-0.831938,1.415299,-0.002971,1.413342,-0.002971,-0.831938,0
2026-07-02 15:43:54.340495,2.454371,-0.837119,1.415299,-0.002971,1.418524,-0.002971,-0.837119,0
2026-07-02 15:43:54.340495,2.456760,-0.831938,1.415299,-0.008152,1.413342,-0.008152,-0.831938,0
2026-07-02 15:43:54.340495,2.459563,-0.837119,1.415299,-0.002971,1.413342,-0.002971,-0.837119,0
2026-07-02 15:43:54.340495,2.461985,-0.826756,1.415299,-0.002971,1.413342,-0.002971,-0.826756,0
2026-07-02 15:43:54.350998,2.464541,-0.826756,1.415299,-0.002971,1.413342,-0.002971,-0.826756,0
2026-07-02 15:43:54.350998,2.466988,-0.831938,1.415299,-0.002971,1.413342,-0.002971,-0.831938,0
2026-07-02 15:43:54.350998,2.469414,-0.837119,1.415299,-0.002971,1.413342,-0.002971,-0.837119,0
2026-07-02 15:43:54.350998,2.471843,-0.826756,1.415299,-0.002971,1.418524,-0.002971,-0.826756,0
2026-07-02 15:43:54.361403,2.474222,-0.837119,1.415299,-0.002971,1.413342,-0.002971,-0.837119,0
2026-07-02 15:43:54.361403,2.476530,-0.837119,1.415299,-0.002971,1.418524,-0.002971,-0.837119,0
2026-07-02 15:43:54.361403,2.478939,-0.831938,1.415299,-0.002971,1.413342,-0.002971,-0.831938,0
2026-07-02 15:43:54.361403,2.481285,-0.826756,1.415299,-0.002971,1.418524,-0.002971,-0.826756,0
2026-07-02 15:43:54.361403,2.483700,-0.826756,1.415299,-0.002971,1.413342,-0.002971,-0.826756,0
2026-07-02 15:43:54.376938,2.486090,-0.826756,1.415299,-0.002971,1.413342,-0.002971,-0.826756,0
2026-07-02 15:43:54.380040,2.492150,-0.826756,1.415299,-0.002971,1.413342,-0.002971,-0.826756,0
2026-07-02 15:43:54.380040,2.494651,-0.831938,1.415299,-0.008152,1.413342,-0.008152,-0.831938,0
2026-07-02 15:43:54.383891,2.497102,-0.826756,1.415299,-0.008152,1.413342,-0.008152,-0.826756,0
2026-07-02 15:43:54.383891,2.499603,-0.826756,1.415299,-0.002971,1.413342,-0.002971,-0.826756,0
2026-07-02 15:43:54.389150,2.502067,-0.826756,1.415299,-0.002971,1.418524,-0.002971,-0.826756,0
2026-07-02 15:43:54.389150,2.504403,-0.837119,1.415299,-0.002971,1.413342,-0.002971,-0.837119,0
2026-07-02 15:43:54.389150,2.506891,-0.831938,1.415299,-0.008152,1.418524,-0.008152,-0.831938,0
2026-07-02 15:43:54.389150,2.509316,-0.831938,1.415299,-0.008152,1.413342,-0.008152,-0.831938,0
2026-07-02 15:43:54.398612,2.511710,-0.837119,1.415299,-0.002971,1.418524,-0.002971,-0.837119,0
2026-07-02 15:43:54.399679,2.514159,-0.826756,1.415299,-0.002971,1.413342,-0.002971,-0.826756,0
2026-07-02 15:43:54.399679,2.516611,-0.826756,1.415299,-0.008152,1.413342,-0.008152,-0.826756,0
2026-07-02 15:43:54.399679,2.519044,-0.831938,1.415299,-0.002971,1.413342,-0.002971,-0.831938,0
2026-07-02 15:43:54.408926,2.521443,-0.837119,1.415299,-0.002971,1.413342,-0.002971,-0.837119,0
2026-07-02 15:43:54.410168,2.523759,-0.831938,1.415299,-0.002971,1.413342,-0.002971,-0.831938,0
2026-07-02 15:43:54.410168,2.526144,-0.837119,1.415299,-0.002971,1.418524,-0.002971,-0.837119,0
2026-07-02 15:43:54.410168,2.528535,-0.826756,1.415299,-0.002971,1.413342,-0.002971,-0.826756,0
2026-07-02 15:43:54.410168,2.530898,-0.826756,1.415299,-0.008152,1.413342,-0.008152,-0.826756,0
2026-07-02 15:43:54.418957,2.533294,-0.826756,1.415299,-0.002971,1.418524,-0.002971,-0.826756,0
2026-07-02 15:43:54.418957,2.535740,-0.837119,1.415299,-0.002971,1.418524,-0.002971,-0.837119,0
2026-07-02 15:43:54.418957,2.538196,-0.826756,1.415299,-0.008152,1.413342,-0.008152,-0.826756,0
2026-07-02 15:43:54.426420,2.540643,-0.831938,1.415299,-0.002971,1.418524,-0.002971,-0.831938,0
2026-07-02 15:43:54.429080,2.543051,-0.837119,1.415299,-0.002971,1.413342,-0.002971,-0.837119,0
2026-07-02 15:43:54.429080,2.545497,-0.826756,1.415299,-0.002971,1.413342,-0.002971,-0.826756,0
2026-07-02 15:43:54.429080,2.548217,-0.831938,1.415299,-0.002971,1.413342,-0.002971,-0.831938,0
2026-07-02 15:43:54.436205,2.550690,-0.831938,1.415299,-0.002971,1.413342,-0.002971,-0.831938,0
2026-07-02 15:43:54.440850,2.553105,-0.826756,1.415299,-0.002971,1.413342,-0.002971,-0.826756,0
2026-07-02 15:43:54.440850,2.555477,-0.831938,1.415299,-0.002971,1.413342,-0.002971,-0.831938,0
2026-07-02 15:43:54.440850,2.557878,-0.831938,1.415299,-0.002971,1.418524,-0.002971,-0.831938,0
2026-07-02 15:43:54.445857,2.560312,-0.837119,1.415299,-0.002971,1.413342,-0.002971,-0.837119,0
2026-07-02 15:43:54.449470,2.562700,-0.826756,1.415299,-0.008152,1.418524,-0.008152,-0.826756,0
2026-07-02 15:43:54.449470,2.565393,-0.826756,1.415299,-0.002971,1.413342,-0.002971,-0.826756,0
2026-07-02 15:43:54.449470,2.567800,-0.826756,1.415299,-0.002971,1.413342,-0.002971,-0.826756,0
2026-07-02 15:43:54.449470,2.570239,-0.842300,1.415299,-0.002971,1.413342,-0.002971,-0.842300,0
2026-07-02 15:43:54.459664,2.572680,-0.826756,1.415299,-0.008152,1.418524,-0.008152,-0.826756,0
2026-07-02 15:43:54.459664,2.575088,-0.831938,1.415299,-0.002971,1.413342,-0.002971,-0.831938,0
2026-07-02 15:43:54.459664,2.577522,-0.831938,1.415299,-0.008152,1.418524,-0.008152,-0.831938,0
2026-07-02 15:43:54.459664,2.579912,-0.826756,1.415299,-0.002971,1.413342,-0.002971,-0.826756,0
2026-07-02 15:43:54.469699,2.582274,-0.837119,1.410120,-0.002971,1.413342,-0.002971,-0.837119,0
2026-07-02 15:43:54.469699,2.584616,-0.826756,1.415299,-0.008152,1.418524,-0.008152,-0.826756,0
2026-07-02 15:43:54.469699,2.587078,-0.826756,1.415299,-0.002971,1.413342,-0.002971,-0.826756,0
2026-07-02 15:43:54.469699,2.589558,-0.826756,1.415299,-0.002971,1.413342,-0.002971,-0.826756,0
2026-07-02 15:43:54.469699,2.592019,-0.831938,1.415299,-0.002971,1.413342,-0.002971,-0.831938,0
2026-07-02 15:43:54.482991,2.594420,-0.831938,1.415299,-0.002971,1.418524,-0.002971,-0.831938,0
2026-07-02 15:43:54.485006,2.597950,-0.831938,1.415299,-0.002971,1.413342,-0.002971,-0.831938,0
2026-07-02 15:43:54.485006,2.600819,-0.837119,1.415299,-0.002971,1.413342,-0.002971,-0.837119,0
2026-07-02 15:43:54.489733,2.603212,-0.831938,1.415299,-0.002971,1.418524,-0.002971,-0.831938,0
2026-07-02 15:43:54.489733,2.605611,-0.831938,1.415299,-0.008152,1.418524,-0.008152,-0.831938,0
2026-07-02 15:43:54.489733,2.608183,-0.837119,1.415299,-0.002971,1.413342,-0.002971,-0.837119,0
2026-07-02 15:43:54.489733,2.610584,-0.837119,1.415299,-0.002971,1.413342,-0.002971,-0.837119,0
2026-07-02 15:43:54.500064,2.613031,-0.831938,1.415299,-0.002971,1.413342,-0.002971,-0.831938,0
2026-07-02 15:43:54.500064,2.615906,-0.826756,1.415299,-0.002971,1.418524,-0.002971,-0.826756,0
2026-07-02 15:43:54.500064,2.618326,-0.831938,1.415299,-0.002971,1.413342,-0.002971,-0.831938,0
2026-07-02 15:43:54.500064,2.620711,-0.831938,1.415299,-0.008152,1.413342,-0.008152,-0.831938,0
2026-07-02 15:43:54.510460,2.622978,-0.837119,1.415299,-0.002971,1.413342,-0.002971,-0.837119,0
2026-07-02 15:43:54.513974,2.626125,-0.826756,1.415299,-0.002971,1.418524,-0.002971,-0.826756,0
2026-07-02 15:43:54.516823,2.628947,-0.831938,1.415299,-0.002971,1.418524,-0.002971,-0.831938,0
2026-07-02 15:43:54.518836,2.632073,-0.826756,1.415299,-0.008152,1.413342,-0.008152,-0.826756,0
2026-07-02 15:43:54.521104,2.634550,-0.837119,1.415299,-0.002971,1.418524,-0.002971,-0.837119,0
2026-07-02 15:43:54.521104,2.636982,-0.831938,1.415299,-0.008152,1.413342,-0.008152,-0.831938,0
2026-07-02 15:43:54.521104,2.639680,-0.821574,1.415299,-0.002971,1.418524,-0.002971,-0.821574,0
2026-07-02 15:43:54.521104,2.642156,-0.831938,1.415299,-0.002971,1.418524,-0.002971,-0.831938,0
2026-07-02 15:43:54.530755,2.644607,-0.826756,1.415299,-0.008152,1.413342,-0.008152,-0.826756,0
2026-07-02 15:43:54.530755,2.647124,-0.831938,1.415299,-0.002971,1.413342,-0.002971,-0.831938,0
2026-07-02 15:43:54.537527,2.650323,-0.837119,1.415299,-0.002971,1.413342,-0.002971,-0.837119,0
2026-07-02 15:43:54.538712,2.652791,-0.837119,1.415299,-0.002971,1.418524,-0.002971,-0.837119,0
2026-07-02 15:43:54.542444,2.655162,-0.826756,1.415299,-0.002971,1.413342,-0.002971,-0.826756,0
2026-07-02 15:43:54.545503,2.657618,-0.826756,1.415299,-0.002971,1.413342,-0.002971,-0.826756,0
2026-07-02 15:43:54.546515,2.660051,-0.831938,1.415299,-0.002971,1.413342,-0.002971,-0.831938,0
2026-07-02 15:43:54.549028,2.662442,-0.831938,1.415299,-0.002971,1.418524,-0.002971,-0.831938,0
2026-07-02 15:43:54.551458,2.665052,-0.826756,1.415299,-0.002971,1.418524,-0.002971,-0.826756,0
2026-07-02 15:43:54.553977,2.667447,-0.837119,1.415299,-0.002971,1.413342,-0.002971,-0.837119,0
2026-07-02 15:43:54.556492,2.669850,-0.831938,1.415299,-0.002971,1.418524,-0.002971,-0.831938,0
2026-07-02 15:43:54.559008,2.672395,-0.837119,1.415299,-0.002971,1.418524,-0.002971,-0.837119,0
2026-07-02 15:43:54.561841,2.674882,-0.831938,1.415299,-0.002971,1.413342,-0.002971,-0.831938,0
2026-07-02 15:43:54.563237,2.677310,-0.826756,1.415299,-0.008152,1.413342,-0.008152,-0.826756,0
2026-07-02 15:43:54.566063,2.679685,-0.831938,1.415299,-0.002971,1.413342,-0.002971,-0.831938,0
2026-07-02 15:43:54.569091,2.682067,-0.831938,1.415299,-0.002971,1.413342,-0.002971,-0.831938,0
2026-07-02 15:43:54.571723,2.684445,-0.826756,1.415299,-0.002971,1.413342,-0.002971,-0.826756,0
2026-07-02 15:43:54.575089,2.686834,-0.826756,1.415299,-0.008152,1.418524,-0.008152,-0.826756,0
2026-07-02 15:43:54.576477,2.690232,-0.826756,1.415299,-0.002971,1.413342,-0.002971,-0.826756,0
2026-07-02 15:43:54.578649,2.692993,-0.826756,1.415299,-0.002971,1.413342,-0.002971,-0.826756,0
2026-07-02 15:43:54.582871,2.695374,-0.831938,1.415299,-0.002971,1.413342,-0.002971,-0.831938,0
2026-07-02 15:43:54.585413,2.698897,-0.826756,1.415299,-0.008152,1.413342,-0.008152,-0.826756,0
2026-07-02 15:43:54.585413,2.701360,-0.831938,1.415299,-0.002971,1.413342,-0.002971,-0.831938,0
2026-07-02 15:43:54.591387,2.703795,-0.831938,1.415299,-0.002971,1.418524,-0.002971,-0.831938,0
2026-07-02 15:43:54.593497,2.707055,-0.831938,1.415299,-0.002971,1.413342,-0.002971,-0.831938,0
2026-07-02 15:43:54.595509,2.709498,-0.826756,1.415299,-0.002971,1.413342,-0.002971,-0.826756,0
2026-07-02 15:43:54.595509,2.711965,-0.826756,1.415299,-0.008152,1.418524,-0.008152,-0.826756,0
2026-07-02 15:43:54.604290,2.715159,-0.831938,1.415299,-0.002971,1.418524,-0.002971,-0.831938,0
2026-07-02 15:43:54.609074,2.720711,-0.826756,1.415299,-0.002971,1.413342,-0.002971,-0.826756,0
2026-07-02 15:43:54.611536,2.724143,-0.831938,1.415299,-0.002971,1.418524,-0.002971,-0.831938,0
2026-07-02 15:43:54.611536,2.726542,-0.831938,1.415299,-0.008152,1.413342,-0.008152,-0.831938,0
2026-07-02 15:43:54.611536,2.728970,-0.837119,1.415299,-0.002971,1.418524,-0.002971,-0.837119,0
2026-07-02 15:43:54.619878,2.732164,-0.831938,1.415299,-0.002971,1.418524,-0.002971,-0.831938,0
2026-07-02 15:43:54.623914,2.734545,-0.831938,1.415299,-0.002971,1.413342,-0.002971,-0.831938,0
2026-07-02 15:43:54.625037,2.738667,-0.831938,1.415299,-0.002971,1.418524,-0.002971,-0.831938,0
2026-07-02 15:43:54.625037,2.741093,-0.826756,1.415299,-0.008152,1.413342,-0.008152,-0.826756,0
2026-07-02 15:43:54.625037,2.743518,-0.831938,1.415299,-0.002971,1.418524,-0.002971,-0.831938,0
2026-07-02 15:43:54.636729,2.745909,-0.831938,1.415299,-0.002971,1.418524,-0.002971,-0.831938,0
2026-07-02 15:43:54.638186,2.751959,-0.826756,1.415299,-0.008152,1.418524,-0.008152,-0.826756,0
2026-07-02 15:43:54.642512,2.754371,-0.831938,1.415299,-0.002971,1.413342,-0.002971,-0.831938,0
2026-07-02 15:43:54.642512,2.757755,-0.826756,1.415299,-0.002971,1.413342,-0.002971,-0.826756,0
2026-07-02 15:43:54.642512,2.760185,-0.831938,1.415299,-0.008152,1.413342,-0.008152,-0.831938,0
2026-07-02 15:43:54.642512,2.762588,-0.837119,1.415299,-0.002971,1.418524,-0.002971,-0.837119,0
2026-07-02 15:43:54.652920,2.765460,-0.831938,1.415299,-0.002971,1.413342,-0.002971,-0.831938,0
2026-07-02 15:43:54.652920,2.768842,-0.826756,1.415299,-0.002971,1.413342,-0.002971,-0.826756,0
2026-07-02 15:43:54.652920,2.771245,-0.826756,1.415299,-0.008152,1.418524,-0.008152,-0.826756,0
2026-07-02 15:43:54.652920,2.773661,-0.826756,1.415299,-0.002971,1.413342,-0.002971,-0.826756,0
2026-07-02 15:43:54.663182,2.776060,-0.837119,1.415299,-0.002971,1.418524,-0.002971,-0.837119,0
2026-07-02 15:43:54.667967,2.778545,-0.826756,1.415299,-0.002971,1.413342,-0.002971,-0.826756,0
2026-07-02 15:43:54.669977,2.784053,-0.837119,1.415299,-0.002971,1.418524,-0.002971,-0.837119,0
2026-07-02 15:43:54.673499,2.786384,-0.826756,1.415299,-0.002971,1.413342,-0.002971,-0.826756,0
2026-07-02 15:43:54.674919,2.788706,-0.831938,1.415299,-0.002971,1.413342,-0.002971,-0.831938,0
2026-07-02 15:43:54.674919,2.791058,-0.831938,1.415299,-0.002971,1.418524,-0.002971,-0.831938,0
2026-07-02 15:43:54.674919,2.793895,-0.826756,1.415299,-0.002971,1.413342,-0.002971,-0.826756,0
2026-07-02 15:43:54.683693,2.796130,-0.826756,1.415299,-0.008152,1.418524,-0.008152,-0.826756,0
2026-07-02 15:43:54.683693,2.798622,-0.831938,1.415299,-0.002971,1.413342,-0.002971,-0.831938,0
2026-07-02 15:43:54.683693,2.800964,-0.826756,1.415299,-0.002971,1.413342,-0.002971,-0.826756,0
2026-07-02 15:43:54.690773,2.803317,-0.831938,1.415299,-0.002971,1.413342,-0.002971,-0.831938,0
2026-07-02 15:43:54.690773,2.805525,-0.826756,1.415299,-0.008152,1.413342,-0.008152,-0.826756,0
2026-07-02 15:43:54.696209,2.808018,-0.831938,1.415299,-0.002971,1.413342,-0.002971,-0.831938,0
2026-07-02 15:43:54.696209,2.811177,-0.826756,1.415299,-0.008152,1.418524,-0.008152,-0.826756,0
2026-07-02 15:43:54.696209,2.813566,-0.837119,1.415299,-0.002971,1.418524,-0.002971,-0.837119,0
2026-07-02 15:43:54.696209,2.816033,-0.826756,1.415299,-0.002971,1.413342,-0.002971,-0.826756,0
2026-07-02 15:43:54.705970,2.818375,-0.831938,1.415299,-0.002971,1.418524,-0.002971,-0.831938,0
2026-07-02 15:43:54.705970,2.820757,-0.831938,1.415299,-0.002971,1.418524,-0.002971,-0.831938,0
2026-07-02 15:43:54.705970,2.823112,-0.826756,1.415299,-0.002971,1.413342,-0.002971,-0.826756,0
2026-07-02 15:43:54.705970,2.825448,-0.826756,1.415299,-0.002971,1.413342,-0.002971,-0.826756,0
2026-07-02 15:43:54.714266,2.827728,-0.826756,1.415299,-0.002971,1.413342,-0.002971,-0.826756,0
2026-07-02 15:43:54.715541,2.829952,-0.837119,1.415299,-0.002971,1.413342,-0.002971,-0.837119,0
2026-07-02 15:43:54.715541,2.832368,-0.831938,1.415299,-0.008152,1.413342,-0.008152,-0.831938,0
2026-07-02 15:43:54.715541,2.834893,-0.831938,1.415299,-0.002971,1.413342,-0.002971,-0.831938,0
2026-07-02 15:43:54.724436,2.837387,-0.837119,1.415299,-0.002971,1.418524,-0.002971,-0.837119,0
2026-07-02 15:43:54.724436,2.839981,-0.837119,1.415299,-0.002971,1.418524,-0.002971,-0.837119,0
2026-07-02 15:43:54.724436,2.842422,-0.831938,1.415299,-0.008152,1.418524,-0.008152,-0.831938,0
2026-07-02 15:43:54.724436,2.844833,-0.826756,1.415299,-0.002971,1.413342,-0.002971,-0.826756,0
2026-07-02 15:43:54.734825,2.847320,-0.837119,1.415299,-0.002971,1.413342,-0.002971,-0.837119,0
2026-07-02 15:43:54.734825,2.849695,-0.837119,1.415299,-0.002971,1.418524,-0.002971,-0.837119,0
2026-07-02 15:43:54.734825,2.852056,-0.837119,1.415299,-0.002971,1.418524,-0.002971,-0.837119,0
2026-07-02 15:43:54.740889,2.854359,-0.831938,1.415299,-0.008152,1.413342,-0.008152,-0.831938,0
2026-07-02 15:43:54.740889,2.856551,-0.831938,1.415299,-0.002971,1.418524,-0.002971,-0.831938,0
2026-07-02 15:43:54.744892,2.858892,-0.826756,1.415299,-0.002971,1.413342,-0.002971,-0.826756,0
2026-07-02 15:43:54.744892,2.861246,-0.831938,1.415299,-0.002971,1.413342,-0.002971,-0.831938,0
2026-07-02 15:43:54.744892,2.863749,-0.837119,1.415299,-0.008152,1.418524,-0.008152,-0.837119,0
2026-07-02 15:43:54.744892,2.866103,-0.831938,1.415299,-0.002971,1.418524,-0.002971,-0.831938,0
2026-07-02 15:43:54.755853,2.868537,-0.837119,1.415299,-0.002971,1.413342,-0.002971,-0.837119,0
2026-07-02 15:43:54.755853,2.870980,-0.831938,1.415299,-0.002971,1.418524,-0.002971,-0.831938,0
2026-07-02 15:43:54.755853,2.873789,-0.826756,1.415299,-0.002971,1.418524,-0.002971,-0.826756,0
2026-07-02 15:43:54.755853,2.876185,-0.837119,1.415299,-0.008152,1.413342,-0.008152,-0.837119,0
2026-07-02 15:43:54.765533,2.878521,-0.831938,1.415299,-0.002971,1.418524,-0.002971,-0.831938,0
2026-07-02 15:43:54.765533,2.880703,-0.831938,1.415299,-0.008152,1.413342,-0.008152,-0.831938,0
2026-07-02 15:43:54.765533,2.883032,-0.831938,1.415299,-0.002971,1.413342,-0.002971,-0.831938,0
2026-07-02 15:43:54.765533,2.885389,-0.837119,1.415299,-0.002971,1.413342,-0.002971,-0.837119,0
2026-07-02 15:43:54.765533,2.887668,-0.826756,1.415299,-0.002971,1.413342,-0.002971,-0.826756,0
2026-07-02 15:43:54.776664,2.889903,-0.831938,1.415299,-0.002971,1.413342,-0.002971,-0.831938,0
2026-07-02 15:43:54.776664,2.892315,-0.826756,1.415299,-0.008152,1.418524,-0.008152,-0.826756,0
2026-07-02 15:43:54.776664,2.894965,-0.831938,1.415299,-0.002971,1.413342,-0.002971,-0.831938,0
2026-07-02 15:43:54.776664,2.897304,-0.826756,1.415299,-0.008152,1.413342,-0.008152,-0.826756,0
2026-07-02 15:43:54.785695,2.899593,-0.826756,1.415299,-0.002971,1.413342,-0.002971,-0.826756,0
2026-07-02 15:43:54.788216,2.901906,-0.831938,1.415299,-0.002971,1.413342,-0.002971,-0.831938,0
2026-07-02 15:43:54.792432,2.904141,-0.837119,1.415299,-0.002971,1.413342,-0.002971,-0.837119,0
2026-07-02 15:43:54.792432,2.907030,-0.831938,1.415299,-0.002971,1.418524,-0.002971,-0.831938,0
2026-07-02 15:43:54.795812,2.909263,-0.826756,1.415299,-0.008152,1.418524,-0.008152,-0.826756,0
2026-07-02 15:43:54.795812,2.911763,-0.831938,1.415299,-0.002971,1.418524,-0.002971,-0.831938,0
2026-07-02 15:43:54.795812,2.914168,-0.826756,1.415299,-0.002971,1.413342,-0.002971,-0.826756,0
2026-07-02 15:43:54.795812,2.916588,-0.831938,1.410120,-0.002971,1.418524,-0.002971,-0.831938,0
2026-07-02 15:43:54.805982,2.919051,-0.831938,1.410120,-0.002971,1.413342,-0.002971,-0.831938,0
2026-07-02 15:43:54.805982,2.921355,-0.826756,1.415299,-0.008152,1.418524,-0.008152,-0.826756,0
2026-07-02 15:43:54.805982,2.923708,-0.831938,1.415299,-0.002971,1.413342,-0.002971,-0.831938,0
2026-07-02 15:43:54.805982,2.926117,-0.831938,1.415299,-0.002971,1.418524,-0.002971,-0.831938,0
2026-07-02 15:43:54.805982,2.928508,-0.837119,1.415299,-0.002971,1.413342,-0.002971,-0.837119,0
2026-07-02 15:43:54.816457,2.930899,-0.826756,1.415299,-0.002971,1.418524,-0.002971,-0.826756,0
2026-07-02 15:43:54.816457,2.933293,-0.831938,1.415299,-0.002971,1.418524,-0.002971,-0.831938,0
2026-07-02 15:43:54.816457,2.935754,-0.831938,1.415299,-0.002971,1.413342,-0.002971,-0.831938,0
2026-07-02 15:43:54.816457,2.938175,-0.826756,1.415299,-0.002971,1.418524,-0.002971,-0.826756,0
2026-07-02 15:43:54.826521,2.940519,-0.837119,1.415299,-0.002971,1.418524,-0.002971,-0.837119,0
2026-07-02 15:43:54.826521,2.942856,-0.831938,1.415299,-0.002971,1.413342,-0.002971,-0.831938,0
2026-07-02 15:43:54.826521,2.945184,-0.831938,1.415299,-0.002971,1.413342,-0.002971,-0.831938,0
2026-07-02 15:43:54.826521,2.947476,-0.826756,1.415299,-0.002971,1.413342,-0.002971,-0.826756,0
2026-07-02 15:43:54.836885,2.949768,-0.826756,1.415299,-0.002971,1.418524,-0.002971,-0.826756,0
2026-07-02 15:43:54.836885,2.951952,-0.831938,1.415299,-0.008152,1.413342,-0.008152,-0.831938,0
2026-07-02 15:43:54.840813,2.954298,-0.826756,1.415299,-0.002971,1.413342,-0.002971,-0.826756,0
2026-07-02 15:43:54.840813,2.956486,-0.826756,1.415299,-0.002971,1.413342,-0.002971,-0.826756,0
2026-07-02 15:43:54.840813,2.958961,-0.831938,1.415299,-0.002971,1.418524,-0.002971,-0.831938,0
2026-07-02 15:43:54.847276,2.961267,-0.831938,1.415299,-0.002971,1.413342,-0.002971,-0.831938,0
2026-07-02 15:43:54.847276,2.963570,-0.837119,1.415299,-0.002971,1.418524,-0.002971,-0.837119,0
2026-07-02 15:43:54.847276,2.965881,-0.831938,1.415299,-0.002971,1.418524,-0.002971,-0.831938,0
2026-07-02 15:43:54.853818,2.968139,-0.831938,1.415299,-0.002971,1.413342,-0.002971,-0.831938,0
2026-07-02 15:43:54.857690,2.970465,-0.831938,1.415299,-0.002971,1.413342,-0.002971,-0.831938,0
2026-07-02 15:43:54.857690,2.972885,-0.826756,1.415299,-0.002971,1.413342,-0.002971,-0.826756,0
2026-07-02 15:43:54.857690,2.975269,-0.831938,1.415299,-0.002971,1.418524,-0.002971,-0.831938,0
2026-07-02 15:43:54.857690,2.977684,-0.831938,1.415299,-0.008152,1.413342,-0.008152,-0.831938,0
2026-07-02 15:43:54.857690,2.980095,-0.831938,1.415299,-0.002971,1.413342,-0.002971,-0.831938,0
2026-07-02 15:43:54.871966,2.982513,-0.831938,1.415299,-0.002971,1.418524,-0.002971,-0.831938,0
2026-07-02 15:43:54.871966,2.986710,-0.831938,1.415299,-0.008152,1.413342,-0.008152,-0.831938,0
2026-07-02 15:43:54.871966,2.989158,-0.837119,1.415299,-0.002971,1.418524,-0.002971,-0.837119,0
2026-07-02 15:43:54.878443,2.991610,-0.831938,1.415299,-0.002971,1.413342,-0.002971,-0.831938,0
2026-07-02 15:43:54.878443,2.993987,-0.821574,1.415299,-0.008152,1.418524,-0.008152,-0.821574,0
2026-07-02 15:43:54.878443,2.996393,-0.826756,1.415299,-0.008152,1.413342,-0.008152,-0.826756,0
2026-07-02 15:43:54.878443,2.998724,-0.826756,1.415299,-0.008152,1.413342,-0.008152,-0.826756,0
2026-07-02 15:43:54.888652,3.001155,-0.826756,1.415299,-0.002971,1.413342,-0.002971,-0.826756,0
2026-07-02 15:43:54.889649,3.003680,-0.831938,1.415299,-0.002971,1.413342,-0.002971,-0.831938,0
2026-07-02 15:43:54.892894,3.006237,-0.837119,1.415299,-0.002971,1.418524,-0.002971,-0.837119,0
2026-07-02 15:43:54.892894,3.008626,-0.826756,1.415299,-0.002971,1.413342,-0.002971,-0.826756,0
2026-07-02 15:43:54.892894,3.010946,-0.831938,1.415299,-0.002971,1.413342,-0.002971,-0.831938,0
2026-07-02 15:43:54.898876,3.013256,-0.837119,1.415299,-0.002971,1.413342,-0.002971,-0.837119,0
2026-07-02 15:43:54.898876,3.015476,-0.826756,1.415299,-0.008152,1.418524,-0.008152,-0.826756,0
2026-07-02 15:43:54.898876,3.017849,-0.837119,1.415299,-0.002971,1.413342,-0.002971,-0.837119,0
2026-07-02 15:43:54.898876,3.020324,-0.831938,1.415299,-0.002971,1.413342,-0.002971,-0.831938,0
2026-07-02 15:43:54.910382,3.022772,-0.837119,1.415299,-0.002971,1.418524,-0.002971,-0.837119,0
2026-07-02 15:43:54.911325,3.025186,-0.837119,1.415299,-0.002971,1.418524,-0.002971,-0.837119,0
2026-07-02 15:43:54.911325,3.027598,-0.826756,1.415299,-0.002971,1.413342,-0.002971,-0.826756,0
2026-07-02 15:43:54.917539,3.030063,-0.831938,1.415299,-0.002971,1.418524,-0.002971,-0.831938,0
2026-07-02 15:43:54.917539,3.032516,-0.821574,1.415299,-0.008152,1.413342,-0.008152,-0.821574,0
2026-07-02 15:43:54.917539,3.034932,-0.826756,1.415299,-0.002971,1.413342,-0.002971,-0.826756,0
2026-07-02 15:43:54.917539,3.037344,-0.826756,1.415299,-0.008152,1.413342,-0.008152,-0.826756,0
2026-07-02 15:43:54.926898,3.039908,-0.837119,1.415299,-0.002971,1.413342,-0.002971,-0.837119,0
2026-07-02 15:43:54.927906,3.042265,-0.837119,1.415299,-0.002971,1.418524,-0.002971,-0.837119,0
2026-07-02 15:43:54.927906,3.044606,-0.831938,1.415299,-0.002971,1.413342,-0.002971,-0.831938,0
2026-07-02 15:43:54.927906,3.047068,-0.831938,1.415299,-0.002971,1.418524,-0.002971,-0.831938,0
2026-07-02 15:43:54.927906,3.049460,-0.826756,1.415299,-0.002971,1.418524,-0.002971,-0.826756,0
2026-07-02 15:43:54.938303,3.051775,-0.837119,1.415299,-0.002971,1.418524,-0.002971,-0.837119,0
2026-07-02 15:43:54.941049,3.054112,-0.837119,1.415299,-0.002971,1.413342,-0.002971,-0.837119,0
2026-07-02 15:43:54.941049,3.056320,-0.826756,1.415299,-0.008152,1.413342,-0.008152,-0.826756,0
2026-07-02 15:43:54.941049,3.058600,-0.837119,1.415299,-0.002971,1.418524,-0.002971,-0.837119,0
2026-07-02 15:43:54.948452,3.060890,-0.826756,1.415299,-0.002971,1.418524,-0.002971,-0.826756,0
2026-07-02 15:43:54.948452,3.063308,-0.837119,1.415299,-0.002971,1.418524,-0.002971,-0.837119,0
2026-07-02 15:43:54.948452,3.065641,-0.837119,1.415299,-0.002971,1.418524,-0.002971,-0.837119,0
2026-07-02 15:43:54.948452,3.067953,-0.826756,1.415299,-0.002971,1.413342,-0.002971,-0.826756,0
2026-07-02 15:43:54.948452,3.070261,-0.831938,1.415299,-0.002971,1.413342,-0.002971,-0.831938,0
2026-07-02 15:43:54.958574,3.072538,-0.831938,1.415299,-0.008152,1.418524,-0.008152,-0.831938,0
2026-07-02 15:43:54.958574,3.074883,-0.831938,1.415299,-0.002971,1.413342,-0.002971,-0.831938,0
2026-07-02 15:43:54.958574,3.077313,-0.831938,1.415299,-0.002971,1.413342,-0.002971,-0.831938,0
2026-07-02 15:43:54.958574,3.079746,-0.837119,1.415299,-0.002971,1.413342,-0.002971,-0.837119,0
2026-07-02 15:43:54.968610,3.082059,-0.837119,1.410120,-0.002971,1.413342,-0.002971,-0.837119,0
2026-07-02 15:43:54.968610,3.084394,-0.831938,1.415299,-0.008152,1.413342,-0.008152,-0.831938,0
2026-07-02 15:43:54.968610,3.086788,-0.837119,1.415299,-0.002971,1.413342,-0.002971,-0.837119,0
2026-07-02 15:43:54.968610,3.089208,-0.831938,1.415299,-0.002971,1.418524,-0.002971,-0.831938,0
2026-07-02 15:43:54.978858,3.091609,-0.831938,1.415299,-0.008152,1.418524,-0.008152,-0.831938,0
2026-07-02 15:43:54.978858,3.093983,-0.831938,1.415299,-0.002971,1.413342,-0.002971,-0.831938,0
2026-07-02 15:43:54.978858,3.096626,-0.837119,1.415299,-0.002971,1.413342,-0.002971,-0.837119,0
2026-07-02 15:43:54.978858,3.099081,-0.837119,1.415299,-0.002971,1.418524,-0.002971,-0.837119,0
2026-07-02 15:43:54.988960,3.101474,-0.831938,1.415299,-0.002971,1.413342,-0.002971,-0.831938,0
2026-07-02 15:43:54.988960,3.104029,-0.831938,1.415299,-0.002971,1.418524,-0.002971,-0.831938,0
2026-07-02 15:43:54.993541,3.107024,-0.826756,1.415299,-0.002971,1.413342,-0.002971,-0.826756,0
2026-07-02 15:43:54.993541,3.109374,-0.831938,1.415299,-0.002971,1.418524,-0.002971,-0.831938,0
2026-07-02 15:43:54.999240,3.111693,-0.837119,1.410120,-0.002971,1.418524,-0.002971,-0.837119,0
2026-07-02 15:43:54.999240,3.114017,-0.821574,1.415299,-0.008152,1.413342,-0.008152,-0.821574,0
2026-07-02 15:43:54.999240,3.116377,-0.831938,1.415299,-0.002971,1.418524,-0.002971,-0.831938,0
2026-07-02 15:43:54.999240,3.118758,-0.831938,1.415299,-0.002971,1.418524,-0.002971,-0.831938,0
2026-07-02 15:43:54.999240,3.120949,-0.831938,1.415299,-0.002971,1.413342,-0.002971,-0.831938,0
2026-07-02 15:43:55.009275,3.123134,-0.826756,1.415299,-0.002971,1.413342,-0.002971,-0.826756,0
2026-07-02 15:43:55.009275,3.125403,-0.837119,1.415299,-0.002971,1.413342,-0.002971,-0.837119,0
2026-07-02 15:43:55.009275,3.127716,-0.837119,1.415299,-0.002971,1.418524,-0.002971,-0.837119,0
2026-07-02 15:43:55.009275,3.130015,-0.831938,1.415299,-0.002971,1.413342,-0.002971,-0.831938,0
2026-07-02 15:43:55.019327,3.132201,-0.826756,1.415299,-0.002971,1.413342,-0.002971,-0.826756,0
2026-07-02 15:43:55.019327,3.134885,-0.837119,1.415299,-0.002971,1.413342,-0.002971,-0.837119,0
2026-07-02 15:43:55.019327,3.137300,-0.837119,1.420479,-0.002971,1.413342,-0.002971,-0.837119,0
2026-07-02 15:43:55.019327,3.140174,-0.821574,1.415299,-0.008152,1.413342,-0.008152,-0.821574,0
2026-07-02 15:43:55.029546,3.142515,-0.826756,1.415299,-0.008152,1.418524,-0.008152,-0.826756,0
2026-07-02 15:43:55.029546,3.144815,-0.826756,1.415299,-0.002971,1.418524,-0.002971,-0.826756,0
2026-07-02 15:43:55.029546,3.147123,-0.831938,1.415299,-0.002971,1.418524,-0.002971,-0.831938,0
2026-07-02 15:43:55.029546,3.149434,-0.826756,1.415299,-0.008152,1.413342,-0.008152,-0.826756,0
2026-07-02 15:43:55.029546,3.151729,-0.837119,1.415299,-0.002971,1.413342,-0.002971,-0.837119,0
2026-07-02 15:43:55.041054,3.154043,-0.837119,1.415299,-0.002971,1.418524,-0.002971,-0.837119,0
2026-07-02 15:43:55.043062,3.156475,-0.831938,1.415299,-0.002971,1.418524,-0.002971,-0.831938,0
2026-07-02 15:43:55.045071,3.158779,-0.831938,1.415299,-0.002971,1.418524,-0.002971,-0.831938,0
2026-07-02 15:43:55.047079,3.160984,-0.826756,1.415299,-0.002971,1.413342,-0.002971,-0.826756,0
2026-07-02 15:43:55.054111,3.163183,-0.826756,1.415299,-0.008152,1.413342,-0.008152,-0.826756,0
2026-07-02 15:43:55.058135,3.170649,-0.837119,1.415299,-0.002971,1.413342,-0.002971,-0.837119,0
2026-07-02 15:43:55.060145,3.173688,-0.826756,1.415299,-0.008152,1.413342,-0.008152,-0.826756,0
2026-07-02 15:43:55.060145,3.176067,-0.826756,1.415299,-0.002971,1.413342,-0.002971,-0.826756,0
2026-07-02 15:43:55.060145,3.178629,-0.837119,1.415299,-0.002971,1.413342,-0.002971,-0.837119,0
2026-07-02 15:43:55.060145,3.181135,-0.831938,1.415299,-0.002971,1.413342,-0.002971,-0.831938,0
2026-07-02 15:43:55.070583,3.183600,-0.831938,1.415299,-0.008152,1.413342,-0.008152,-0.831938,0
2026-07-02 15:43:55.070583,3.186052,-0.831938,1.415299,-0.002971,1.413342,-0.002971,-0.831938,0
2026-07-02 15:43:55.070583,3.188472,-0.826756,1.415299,-0.008152,1.413342,-0.008152,-0.826756,0
2026-07-02 15:43:55.070583,3.190853,-0.826756,1.415299,-0.008152,1.413342,-0.008152,-0.826756,0
2026-07-02 15:43:55.080803,3.193256,-0.837119,1.415299,-0.002971,1.413342,-0.002971,-0.837119,0
2026-07-02 15:43:55.081702,3.195617,-0.826756,1.415299,-0.008152,1.418524,-0.008152,-0.826756,0
2026-07-02 15:43:55.084575,3.197978,-0.831938,1.415299,-0.008152,1.413342,-0.008152,-0.831938,0
2026-07-02 15:43:55.087102,3.200363,-0.826756,1.415299,-0.002971,1.413342,-0.002971,-0.826756,0
2026-07-02 15:43:55.089144,3.202769,-0.831938,1.415299,-0.002971,1.418524,-0.002971,-0.831938,0
2026-07-02 15:43:55.095088,3.205166,-0.837119,1.415299,-0.008152,1.418524,-0.008152,-0.837119,0
2026-07-02 15:43:55.095088,3.209634,-0.826756,1.415299,-0.008152,1.413342,-0.008152,-0.826756,0
2026-07-02 15:43:55.095088,3.212003,-0.831938,1.415299,-0.002971,1.418524,-0.002971,-0.831938,0
2026-07-02 15:43:55.101015,3.215181,-0.837119,1.415299,-0.002971,1.413342,-0.002971,-0.837119,0
2026-07-02 15:43:55.103763,3.217525,-0.831938,1.415299,-0.002971,1.413342,-0.002971,-0.831938,0
2026-07-02 15:43:55.105776,3.219744,-0.831938,1.415299,-0.002971,1.413342,-0.002971,-0.831938,0
2026-07-02 15:43:55.105776,3.221939,-0.831938,1.415299,-0.002971,1.413342,-0.002971,-0.831938,0
2026-07-02 15:43:55.112852,3.224243,-0.826756,1.415299,-0.002971,1.413342,-0.002971,-0.826756,0
2026-07-02 15:43:55.112852,3.227822,-0.837119,1.415299,-0.002971,1.418524,-0.002971,-0.837119,0
2026-07-02 15:43:55.112852,3.230185,-0.831938,1.415299,-0.002971,1.413342,-0.002971,-0.831938,0
2026-07-02 15:43:55.112852,3.232623,-0.837119,1.415299,-0.008152,1.418524,-0.008152,-0.837119,0
2026-07-02 15:43:55.123531,3.235038,-0.831938,1.415299,-0.008152,1.413342,-0.008152,-0.831938,0
2026-07-02 15:43:55.128610,3.238478,-0.826756,1.415299,-0.002971,1.413342,-0.002971,-0.826756,0
2026-07-02 15:43:55.131563,3.243798,-0.837119,1.415299,-0.002971,1.413342,-0.002971,-0.837119,0
2026-07-02 15:43:55.131563,3.246525,-0.826756,1.415299,-0.002971,1.413342,-0.002971,-0.826756,0
2026-07-02 15:43:55.131563,3.248898,-0.831938,1.415299,-0.002971,1.418524,-0.002971,-0.831938,0
2026-07-02 15:43:55.131563,3.251311,-0.826756,1.415299,-0.002971,1.418524,-0.002971,-0.826756,0
2026-07-02 15:43:55.140985,3.253622,-0.826756,1.415299,-0.002971,1.418524,-0.002971,-0.826756,0
2026-07-02 15:43:55.141996,3.255925,-0.837119,1.415299,-0.002971,1.413342,-0.002971,-0.837119,0
2026-07-02 15:43:55.141996,3.258251,-0.826756,1.415299,-0.002971,1.413342,-0.002971,-0.826756,0
2026-07-02 15:43:55.141996,3.260579,-0.837119,1.415299,-0.002971,1.413342,-0.002971,-0.837119,0
2026-07-02 15:43:55.141996,3.262964,-0.826756,1.415299,-0.002971,1.413342,-0.002971,-0.826756,0
2026-07-02 15:43:55.152082,3.265301,-0.826756,1.415299,-0.002971,1.413342,-0.002971,-0.826756,0
2026-07-02 15:43:55.152082,3.267572,-0.831938,1.415299,-0.002971,1.418524,-0.002971,-0.831938,0
2026-07-02 15:43:55.156318,3.269916,-0.831938,1.415299,-0.002971,1.413342,-0.002971,-0.831938,0
2026-07-02 15:43:55.158863,3.272258,-0.826756,1.415299,-0.002971,1.413342,-0.002971,-0.826756,0
2026-07-02 15:43:55.162393,3.274587,-0.826756,1.415299,-0.002971,1.418524,-0.002971,-0.826756,0
2026-07-02 15:43:55.162393,3.277105,-0.837119,1.415299,-0.002971,1.413342,-0.002971,-0.837119,0
2026-07-02 15:43:55.162393,3.279465,-0.831938,1.415299,-0.008152,1.418524,-0.008152,-0.831938,0
2026-07-02 15:43:55.162393,3.281869,-0.831938,1.415299,-0.002971,1.413342,-0.002971,-0.831938,0
2026-07-02 15:43:55.162393,3.284309,-0.831938,1.415299,-0.002971,1.413342,-0.002971,-0.831938,0
2026-07-02 15:43:55.172770,3.286723,-0.831938,1.415299,-0.002971,1.413342,-0.002971,-0.831938,0
2026-07-02 15:43:55.172770,3.289178,-0.826756,1.415299,-0.002971,1.413342,-0.002971,-0.826756,0
2026-07-02 15:43:55.172770,3.291752,-0.831938,1.415299,-0.002971,1.413342,-0.002971,-0.831938,0
2026-07-02 15:43:55.172770,3.294150,-0.831938,1.415299,-0.002971,1.413342,-0.002971,-0.831938,0
2026-07-02 15:43:55.184121,3.296395,-0.826756,1.415299,-0.002971,1.413342,-0.002971,-0.826756,0
2026-07-02 15:43:55.184121,3.298850,-0.831938,1.415299,-0.002971,1.413342,-0.002971,-0.831938,0
2026-07-02 15:43:55.184121,3.301289,-0.831938,1.415299,-0.002971,1.413342,-0.002971,-0.831938,0
2026-07-02 15:43:55.191363,3.303658,-0.831938,1.415299,-0.002971,1.418524,-0.002971,-0.831938,0
2026-07-02 15:43:55.193376,3.305995,-0.837119,1.415299,-0.002971,1.413342,-0.002971,-0.837119,0
2026-07-02 15:43:55.195348,3.308205,-0.831938,1.415299,-0.008152,1.413342,-0.008152,-0.831938,0
2026-07-02 15:43:55.195348,3.310668,-0.826756,1.415299,-0.002971,1.413342,-0.002971,-0.826756,0
2026-07-02 15:43:55.195348,3.313091,-0.826756,1.415299,-0.002971,1.413342,-0.002971,-0.826756,0
2026-07-02 15:43:55.201511,3.315453,-0.837119,1.415299,-0.002971,1.418524,-0.002971,-0.837119,0
2026-07-02 15:43:55.203518,3.317891,-0.826756,1.415299,-0.002971,1.413342,-0.002971,-0.826756,0
2026-07-02 15:43:55.203518,3.320234,-0.837119,1.415299,-0.002971,1.418524,-0.002971,-0.837119,0
2026-07-02 15:43:55.203518,3.322430,-0.837119,1.415299,-0.002971,1.413342,-0.002971,-0.837119,0
2026-07-02 15:43:55.203518,3.324840,-0.837119,1.415299,-0.002971,1.413342,-0.002971,-0.837119,0
2026-07-02 15:43:55.213695,3.327261,-0.837119,1.415299,-0.002971,1.413342,-0.002971,-0.837119,0
2026-07-02 15:43:55.213695,3.329594,-0.831938,1.415299,-0.002971,1.413342,-0.002971,-0.831938,0
2026-07-02 15:43:55.213695,3.332004,-0.826756,1.420479,-0.002971,1.413342,-0.002971,-0.826756,0
2026-07-02 15:43:55.213695,3.334426,-0.826756,1.415299,-0.002971,1.418524,-0.002971,-0.826756,0
2026-07-02 15:43:55.223904,3.336819,-0.826756,1.415299,-0.008152,1.413342,-0.008152,-0.826756,0
2026-07-02 15:43:55.224624,3.339181,-0.831938,1.415299,-0.002971,1.413342,-0.002971,-0.831938,0
2026-07-02 15:43:55.224624,3.342449,-0.831938,1.415299,-0.002971,1.413342,-0.002971,-0.831938,0
2026-07-02 15:43:55.224624,3.344863,-0.837119,1.415299,-0.002971,1.413342,-0.002971,-0.837119,0
2026-07-02 15:43:55.234222,3.347283,-0.826756,1.415299,-0.008152,1.413342,-0.008152,-0.826756,0
2026-07-02 15:43:55.234222,3.349488,-0.837119,1.415299,-0.002971,1.418524,-0.002971,-0.837119,0
2026-07-02 15:43:55.234222,3.351843,-0.831938,1.415299,-0.002971,1.413342,-0.002971,-0.831938,0
2026-07-02 15:43:55.241194,3.354219,-0.831938,1.415299,-0.002971,1.413342,-0.002971,-0.831938,0
2026-07-02 15:43:55.244272,3.356549,-0.837119,1.415299,-0.002971,1.418524,-0.002971,-0.837119,0
2026-07-02 15:43:55.244272,3.359014,-0.831938,1.415299,-0.002971,1.413342,-0.002971,-0.831938,0
2026-07-02 15:43:55.244272,3.361363,-0.831938,1.415299,-0.008152,1.418524,-0.008152,-0.831938,0
2026-07-02 15:43:55.244272,3.363765,-0.837119,1.415299,-0.002971,1.418524,-0.002971,-0.837119,0
2026-07-02 15:43:55.251734,3.366146,-0.826756,1.415299,-0.002971,1.413342,-0.002971,-0.826756,0
2026-07-02 15:43:55.254376,3.368497,-0.826756,1.415299,-0.002971,1.418524,-0.002971,-0.826756,0
2026-07-02 15:43:55.254376,3.370912,-0.831938,1.415299,-0.002971,1.418524,-0.002971,-0.831938,0
2026-07-02 15:43:55.261502,3.373743,-0.826756,1.415299,-0.008152,1.413342,-0.008152,-0.826756,0
2026-07-02 15:43:55.262037,3.376103,-0.831938,1.415299,-0.008152,1.413342,-0.008152,-0.831938,0
2026-07-02 15:43:55.264715,3.378458,-0.826756,1.415299,-0.008152,1.413342,-0.008152,-0.826756,0
2026-07-02 15:43:55.264715,3.380665,-0.837119,1.415299,-0.002971,1.413342,-0.002971,-0.837119,0
2026-07-02 15:43:55.269284,3.382979,-0.831938,1.415299,-0.002971,1.413342,-0.002971,-0.831938,0
2026-07-02 15:43:55.269284,3.385234,-0.826756,1.415299,-0.002971,1.413342,-0.002971,-0.826756,0
2026-07-02 15:43:55.275050,3.387495,-0.831938,1.415299,-0.008152,1.413342,-0.008152,-0.831938,0
2026-07-02 15:43:55.276490,3.390729,-0.831938,1.415299,-0.002971,1.418524,-0.002971,-0.831938,0
2026-07-02 15:43:55.276490,3.392991,-0.826756,1.415299,-0.008152,1.413342,-0.008152,-0.826756,0
2026-07-02 15:43:55.276490,3.395390,-0.826756,1.415299,-0.008152,1.413342,-0.008152,-0.826756,0
2026-07-02 15:43:55.285238,3.397839,-0.831938,1.415299,-0.002971,1.418524,-0.002971,-0.831938,0
2026-07-02 15:43:55.285238,3.400205,-0.826756,1.415299,-0.002971,1.413342,-0.002971,-0.826756,0
2026-07-02 15:43:55.285238,3.402638,-0.831938,1.415299,-0.002971,1.413342,-0.002971,-0.831938,0
2026-07-02 15:43:55.285238,3.405057,-0.831938,1.415299,-0.002971,1.413342,-0.002971,-0.831938,0
2026-07-02 15:43:55.293274,3.407570,-0.831938,1.415299,-0.008152,1.413342,-0.008152,-0.831938,0
2026-07-02 15:43:55.295815,3.410056,-0.831938,1.415299,-0.002971,1.413342,-0.002971,-0.831938,0
2026-07-02 15:43:55.295815,3.412474,-0.826756,1.415299,-0.002971,1.413342,-0.002971,-0.826756,0
2026-07-02 15:43:55.295815,3.414920,-0.826756,1.415299,-0.008152,1.418524,-0.008152,-0.826756,0
2026-07-02 15:43:55.295815,3.417340,-0.831938,1.415299,-0.002971,1.418524,-0.002971,-0.831938,0
2026-07-02 15:43:55.306285,3.419737,-0.837119,1.415299,-0.002971,1.418524,-0.002971,-0.837119,0
2026-07-02 15:43:55.306285,3.422120,-0.826756,1.415299,-0.002971,1.413342,-0.002971,-0.826756,0
2026-07-02 15:43:55.306285,3.424528,-0.837119,1.415299,-0.002971,1.413342,-0.002971,-0.837119,0
2026-07-02 15:43:55.306285,3.426914,-0.831938,1.415299,-0.002971,1.413342,-0.002971,-0.831938,0
2026-07-02 15:43:55.317114,3.429296,-0.831938,1.415299,-0.008152,1.413342,-0.008152,-0.831938,0
2026-07-02 15:43:55.318079,3.431693,-0.831938,1.415299,-0.002971,1.413342,-0.002971,-0.831938,0
2026-07-02 15:43:55.320598,3.434110,-0.826756,1.415299,-0.002971,1.413342,-0.002971,-0.826756,0
2026-07-02 15:43:55.323000,3.436493,-0.826756,1.415299,-0.002971,1.413342,-0.002971,-0.826756,0
2026-07-02 15:43:55.326537,3.438997,-0.831938,1.415299,-0.002971,1.413342,-0.002971,-0.831938,0
2026-07-02 15:43:55.326537,3.441386,-0.826756,1.415299,-0.002971,1.413342,-0.002971,-0.826756,0
2026-07-02 15:43:55.326537,3.443805,-0.837119,1.415299,-0.002971,1.413342,-0.002971,-0.837119,0
2026-07-02 15:43:55.326537,3.446237,-0.831938,1.415299,-0.002971,1.418524,-0.002971,-0.831938,0
2026-07-02 15:43:55.334737,3.448656,-0.831938,1.415299,-0.008152,1.413342,-0.008152,-0.831938,0
2026-07-02 15:43:55.337476,3.451110,-0.831938,1.415299,-0.008152,1.413342,-0.008152,-0.831938,0
2026-07-02 15:43:55.340000,3.453531,-0.826756,1.415299,-0.002971,1.418524,-0.002971,-0.826756,0
2026-07-02 15:43:55.341516,3.455779,-0.826756,1.415299,-0.002971,1.413342,-0.002971,-0.826756,0
2026-07-02 15:43:55.341516,3.458236,-0.831938,1.415299,-0.002971,1.413342,-0.002971,-0.831938,0
2026-07-02 15:43:55.347232,3.460655,-0.831938,1.415299,-0.008152,1.418524,-0.008152,-0.831938,0
2026-07-02 15:43:55.349238,3.463494,-0.831938,1.415299,-0.002971,1.413342,-0.002971,-0.831938,0
2026-07-02 15:43:55.349238,3.465872,-0.831938,1.415299,-0.002971,1.418524,-0.002971,-0.831938,0
2026-07-02 15:43:55.349238,3.468289,-0.826756,1.415299,-0.008152,1.413342,-0.008152,-0.826756,0
2026-07-02 15:43:55.357277,3.470705,-0.826756,1.415299,-0.002971,1.413342,-0.002971,-0.826756,0
2026-07-02 15:43:55.357277,3.473715,-0.826756,1.415299,-0.002971,1.418524,-0.002971,-0.826756,0
2026-07-02 15:43:55.357277,3.476084,-0.826756,1.415299,-0.002971,1.413342,-0.002971,-0.826756,0
2026-07-02 15:43:55.357277,3.478657,-0.831938,1.415299,-0.002971,1.413342,-0.002971,-0.831938,0
2026-07-02 15:43:55.367628,3.481224,-0.831938,1.415299,-0.002971,1.413342,-0.002971,-0.831938,0
2026-07-02 15:43:55.367628,3.483670,-0.826756,1.415299,-0.002971,1.413342,-0.002971,-0.826756,0
2026-07-02 15:43:55.367628,3.486093,-0.831938,1.415299,-0.002971,1.413342,-0.002971,-0.831938,0
2026-07-02 15:43:55.367628,3.488519,-0.831938,1.415299,-0.002971,1.418524,-0.002971,-0.831938,0
2026-07-02 15:43:55.378117,3.490926,-0.831938,1.415299,-0.002971,1.413342,-0.002971,-0.831938,0
2026-07-02 15:43:55.378969,3.493167,-0.826756,1.415299,-0.002971,1.418524,-0.002971,-0.826756,0
2026-07-02 15:43:55.378969,3.495547,-0.826756,1.415299,-0.008152,1.413342,-0.008152,-0.826756,0
2026-07-02 15:43:55.378969,3.498767,-0.826756,1.415299,-0.002971,1.418524,-0.002971,-0.826756,0
2026-07-02 15:43:55.388269,3.501195,-0.826756,1.415299,-0.002971,1.413342,-0.002971,-0.826756,0
2026-07-02 15:43:55.388269,3.503494,-0.826756,1.415299,-0.002971,1.413342,-0.002971,-0.826756,0
2026-07-02 15:43:55.388269,3.505901,-0.831938,1.415299,-0.002971,1.413342,-0.002971,-0.831938,0
2026-07-02 15:43:55.395319,3.508247,-0.831938,1.415299,-0.002971,1.418524,-0.002971,-0.831938,0
2026-07-02 15:43:55.398364,3.510597,-0.831938,1.415299,-0.002971,1.413342,-0.002971,-0.831938,0
2026-07-02 15:43:55.398364,3.513360,-0.831938,1.415299,-0.002971,1.413342,-0.002971,-0.831938,0
2026-07-02 15:43:55.398364,3.515796,-0.831938,1.415299,-0.002971,1.413342,-0.002971,-0.831938,0
2026-07-02 15:43:55.398364,3.518232,-0.837119,1.415299,-0.008152,1.418524,-0.008152,-0.837119,0
2026-07-02 15:43:55.408378,3.520656,-0.826756,1.415299,-0.002971,1.418524,-0.002971,-0.826756,0
2026-07-02 15:43:55.408378,3.523229,-0.831938,1.415299,-0.002971,1.413342,-0.002971,-0.831938,0
2026-07-02 15:43:55.408378,3.525681,-0.837119,1.415299,-0.002971,1.418524,-0.002971,-0.837119,0
2026-07-02 15:43:55.408378,3.528068,-0.837119,1.415299,-0.002971,1.413342,-0.002971,-0.837119,0
2026-07-02 15:43:55.408378,3.530505,-0.831938,1.415299,-0.002971,1.418524,-0.002971,-0.831938,0
2026-07-02 15:43:55.419919,3.532971,-0.831938,1.415299,-0.002971,1.413342,-0.002971,-0.831938,0
2026-07-02 15:43:55.420903,3.535280,-0.831938,1.415299,-0.002971,1.418524,-0.002971,-0.831938,0
2026-07-02 15:43:55.420903,3.537740,-0.826756,1.415299,-0.002971,1.413342,-0.002971,-0.826756,0
2026-07-02 15:43:55.420903,3.540201,-0.826756,1.415299,-0.008152,1.413342,-0.008152,-0.826756,0
2026-07-02 15:43:55.430137,3.542661,-0.831938,1.415299,-0.002971,1.413342,-0.002971,-0.831938,0
2026-07-02 15:43:55.431222,3.544866,-0.831938,1.415299,-0.002971,1.413342,-0.002971,-0.831938,0
2026-07-02 15:43:55.434015,3.547160,-0.826756,1.415299,-0.002971,1.418524,-0.002971,-0.826756,0
2026-07-02 15:43:55.437039,3.549527,-0.826756,1.415299,-0.002971,1.418524,-0.002971,-0.826756,0
2026-07-02 15:43:55.437039,3.551743,-0.831938,1.415299,-0.002971,1.418524,-0.002971,-0.831938,0
2026-07-02 15:43:55.441745,3.554163,-0.831938,1.415299,-0.002971,1.418524,-0.002971,-0.831938,0
2026-07-02 15:43:55.442288,3.556465,-0.831938,1.415299,-0.002971,1.413342,-0.002971,-0.831938,0
2026-07-02 15:43:55.442288,3.558850,-0.831938,1.415299,-0.002971,1.413342,-0.002971,-0.831938,0
2026-07-02 15:43:55.447997,3.561155,-0.831938,1.415299,-0.002971,1.413342,-0.002971,-0.831938,0
2026-07-02 15:43:55.450011,3.563453,-0.837119,1.415299,-0.002971,1.413342,-0.002971,-0.837119,0
2026-07-02 15:43:55.452270,3.565844,-0.831938,1.415299,-0.002971,1.413342,-0.002971,-0.831938,0
2026-07-02 15:43:55.454793,3.568324,-0.831938,1.415299,-0.008152,1.418524,-0.008152,-0.831938,0
2026-07-02 15:43:55.458325,3.570705,-0.831938,1.415299,-0.002971,1.413342,-0.002971,-0.831938,0
2026-07-02 15:43:55.459799,3.573835,-0.837119,1.415299,-0.002971,1.413342,-0.002971,-0.837119,0
2026-07-02 15:43:55.463849,3.576121,-0.826756,1.415299,-0.002971,1.418524,-0.002971,-0.826756,0
2026-07-02 15:43:55.464655,3.578414,-0.826756,1.415299,-0.008152,1.413342,-0.008152,-0.826756,0
2026-07-02 15:43:55.466662,3.580664,-0.831938,1.415299,-0.002971,1.413342,-0.002971,-0.831938,0
2026-07-02 15:43:55.469965,3.582989,-0.837119,1.415299,-0.002971,1.413342,-0.002971,-0.837119,0
2026-07-02 15:43:55.471711,3.585289,-0.837119,1.415299,-0.002971,1.413342,-0.002971,-0.837119,0
2026-07-02 15:43:55.474232,3.587575,-0.837119,1.415299,-0.002971,1.418524,-0.002971,-0.837119,0
2026-07-02 15:43:55.476996,3.590118,-0.831938,1.415299,-0.002971,1.413342,-0.002971,-0.831938,0
2026-07-02 15:43:55.476996,3.592508,-0.837119,1.415299,-0.002971,1.418524,-0.002971,-0.837119,0
2026-07-02 15:43:55.476996,3.594979,-0.837119,1.415299,-0.002971,1.413342,-0.002971,-0.837119,0
2026-07-02 15:43:55.476996,3.597419,-0.831938,1.415299,-0.002971,1.418524,-0.002971,-0.831938,0
2026-07-02 15:43:55.487347,3.599947,-0.826756,1.415299,-0.008152,1.413342,-0.008152,-0.826756,0
2026-07-02 15:43:55.488857,3.602171,-0.831938,1.415299,-0.002971,1.413342,-0.002971,-0.831938,0
2026-07-02 15:43:55.488857,3.604545,-0.826756,1.415299,-0.008152,1.413342,-0.008152,-0.826756,0
2026-07-02 15:43:55.488857,3.606852,-0.826756,1.415299,-0.008152,1.418524,-0.008152,-0.826756,0
2026-07-02 15:43:55.488857,3.609220,-0.837119,1.415299,-0.002971,1.413342,-0.002971,-0.837119,0
2026-07-02 15:43:55.497079,3.611738,-0.837119,1.415299,-0.002971,1.413342,-0.002971,-0.837119,0
2026-07-02 15:43:55.497079,3.614191,-0.831938,1.415299,-0.002971,1.413342,-0.002971,-0.831938,0
2026-07-02 15:43:55.497079,3.616738,-0.831938,1.415299,-0.002971,1.413342,-0.002971,-0.831938,0
2026-07-02 15:43:55.497079,3.619245,-0.831938,1.415299,-0.002971,1.413342,-0.002971,-0.831938,0
2026-07-02 15:43:55.507458,3.621744,-0.826756,1.415299,-0.008152,1.413342,-0.008152,-0.826756,0
2026-07-02 15:43:55.507458,3.624524,-0.837119,1.415299,-0.002971,1.413342,-0.002971,-0.837119,0
2026-07-02 15:43:55.507458,3.626978,-0.837119,1.415299,-0.002971,1.418524,-0.002971,-0.837119,0
2026-07-02 15:43:55.517734,3.629378,-0.837119,1.415299,-0.002971,1.418524,-0.002971,-0.837119,0
2026-07-02 15:43:55.517734,3.633597,-0.826756,1.415299,-0.008152,1.418524,-0.008152,-0.826756,0
2026-07-02 15:43:55.517734,3.636092,-0.831938,1.415299,-0.002971,1.413342,-0.002971,-0.831938,0
2026-07-02 15:43:55.517734,3.638513,-0.831938,1.415299,-0.002971,1.418524,-0.002971,-0.831938,0
2026-07-02 15:43:55.528077,3.640916,-0.837119,1.415299,-0.002971,1.413342,-0.002971,-0.837119,0
2026-07-02 15:43:55.528077,3.643328,-0.831938,1.415299,-0.002971,1.413342,-0.002971,-0.831938,0
2026-07-02 15:43:55.528077,3.645757,-0.826756,1.415299,-0.002971,1.413342,-0.002971,-0.826756,0
2026-07-02 15:43:55.528077,3.648651,-0.826756,1.415299,-0.002971,1.413342,-0.002971,-0.826756,0
2026-07-02 15:43:55.538420,3.651072,-0.826756,1.415299,-0.008152,1.418524,-0.008152,-0.826756,0
2026-07-02 15:43:55.538420,3.653371,-0.826756,1.415299,-0.002971,1.418524,-0.002971,-0.826756,0
2026-07-02 15:43:55.543236,3.655757,-0.826756,1.415299,-0.002971,1.413342,-0.002971,-0.826756,0
2026-07-02 15:43:55.543995,3.658139,-0.826756,1.415299,-0.008152,1.413342,-0.008152,-0.826756,0
2026-07-02 15:43:55.543995,3.660426,-0.831938,1.415299,-0.002971,1.413342,-0.002971,-0.831938,0
2026-07-02 15:43:55.548772,3.662746,-0.831938,1.415299,-0.008152,1.413342,-0.008152,-0.831938,0
2026-07-02 15:43:55.548772,3.664938,-0.826756,1.415299,-0.002971,1.413342,-0.002971,-0.826756,0
2026-07-02 15:43:55.548772,3.667318,-0.837119,1.415299,-0.002971,1.413342,-0.002971,-0.837119,0
2026-07-02 15:43:55.548772,3.669628,-0.831938,1.415299,-0.002971,1.418524,-0.002971,-0.831938,0
2026-07-02 15:43:55.560296,3.672019,-0.826756,1.415299,-0.002971,1.413342,-0.002971,-0.826756,0
2026-07-02 15:43:55.561570,3.675336,-0.831938,1.415299,-0.002971,1.413342,-0.002971,-0.831938,0
2026-07-02 15:43:55.561570,3.677732,-0.831938,1.415299,-0.002971,1.418524,-0.002971,-0.831938,0
2026-07-02 15:43:55.561570,3.680151,-0.826756,1.415299,-0.008152,1.418524,-0.008152,-0.826756,0
2026-07-02 15:43:55.569351,3.682493,-0.831938,1.415299,-0.002971,1.413342,-0.002971,-0.831938,0
2026-07-02 15:43:55.569351,3.684776,-0.831938,1.415299,-0.002971,1.413342,-0.002971,-0.831938,0
2026-07-02 15:43:55.569351,3.687087,-0.837119,1.415299,-0.002971,1.413342,-0.002971,-0.837119,0
2026-07-02 15:43:55.569351,3.689383,-0.826756,1.415299,-0.002971,1.413342,-0.002971,-0.826756,0
2026-07-02 15:43:55.569351,3.691690,-0.831938,1.415299,-0.002971,1.413342,-0.002971,-0.831938,0
2026-07-02 15:43:55.579664,3.694042,-0.831938,1.415299,-0.002971,1.413342,-0.002971,-0.831938,0
2026-07-02 15:43:55.579664,3.696358,-0.831938,1.415299,-0.002971,1.413342,-0.002971,-0.831938,0
2026-07-02 15:43:55.579664,3.698726,-0.831938,1.415299,-0.002971,1.413342,-0.002971,-0.831938,0
2026-07-02 15:43:55.579664,3.701041,-0.837119,1.415299,-0.008152,1.413342,-0.008152,-0.837119,0
2026-07-02 15:43:55.591051,3.703341,-0.831938,1.415299,-0.002971,1.418524,-0.002971,-0.831938,0
2026-07-02 15:43:55.591051,3.705693,-0.837119,1.415299,-0.002971,1.413342,-0.002971,-0.837119,0
2026-07-02 15:43:55.591051,3.708109,-0.831938,1.415299,-0.002971,1.413342,-0.002971,-0.831938,0
2026-07-02 15:43:55.597635,3.710554,-0.826756,1.415299,-0.002971,1.413342,-0.002971,-0.826756,0
2026-07-02 15:43:55.599956,3.712979,-0.826756,1.415299,-0.002971,1.413342,-0.002971,-0.826756,0
2026-07-02 15:43:55.601967,3.716104,-0.826756,1.415299,-0.008152,1.418524,-0.008152,-0.826756,0
2026-07-02 15:43:55.601967,3.718642,-0.837119,1.415299,-0.002971,1.413342,-0.002971,-0.837119,0
2026-07-02 15:43:55.601967,3.721145,-0.837119,1.410120,-0.002971,1.413342,-0.002971,-0.837119,0
2026-07-02 15:43:55.610056,3.723542,-0.826756,1.415299,-0.002971,1.418524,-0.002971,-0.826756,0
2026-07-02 15:43:55.610056,3.726022,-0.826756,1.415299,-0.002971,1.413342,-0.002971,-0.826756,0
2026-07-02 15:43:55.610056,3.728451,-0.826756,1.415299,-0.002971,1.413342,-0.002971,-0.826756,0
2026-07-02 15:43:55.610056,3.730817,-0.826756,1.415299,-0.002971,1.413342,-0.002971,-0.826756,0
2026-07-02 15:43:55.620655,3.733223,-0.821574,1.415299,-0.008152,1.413342,-0.008152,-0.821574,0
2026-07-02 15:43:55.621167,3.735615,-0.826756,1.415299,-0.002971,1.413342,-0.002971,-0.826756,0
2026-07-02 15:43:55.621167,3.738105,-0.826756,1.415299,-0.002971,1.418524,-0.002971,-0.826756,0
2026-07-02 15:43:55.621167,3.740536,-0.837119,1.415299,-0.002971,1.418524,-0.002971,-0.837119,0
2026-07-02 15:43:55.630397,3.742973,-0.837119,1.415299,-0.002971,1.418524,-0.002971,-0.837119,0
2026-07-02 15:43:55.631176,3.745208,-0.831938,1.410120,-0.002971,1.418524,-0.002971,-0.831938,0
2026-07-02 15:43:55.631176,3.747443,-0.831938,1.415299,-0.002971,1.413342,-0.002971,-0.831938,0
2026-07-02 15:43:55.631176,3.749832,-0.837119,1.415299,-0.002971,1.418524,-0.002971,-0.837119,0
2026-07-02 15:43:55.631176,3.752175,-0.826756,1.415299,-0.008152,1.418524,-0.008152,-0.826756,0
2026-07-02 15:43:55.642039,3.754621,-0.826756,1.415299,-0.002971,1.418524,-0.002971,-0.826756,0
2026-07-02 15:43:55.642039,3.757075,-0.831938,1.415299,-0.002971,1.413342,-0.002971,-0.831938,0
2026-07-02 15:43:55.642039,3.759533,-0.831938,1.415299,-0.002971,1.413342,-0.002971,-0.831938,0
2026-07-02 15:43:55.642039,3.761932,-0.831938,1.415299,-0.008152,1.413342,-0.008152,-0.831938,0
2026-07-02 15:43:55.650801,3.764309,-0.826756,1.415299,-0.002971,1.413342,-0.002971,-0.826756,0
2026-07-02 15:43:55.650801,3.766709,-0.837119,1.415299,-0.002971,1.413342,-0.002971,-0.837119,0
2026-07-02 15:43:55.650801,3.769128,-0.837119,1.415299,-0.002971,1.413342,-0.002971,-0.837119,0
2026-07-02 15:43:55.650801,3.771623,-0.826756,1.415299,-0.002971,1.418524,-0.002971,-0.826756,0
2026-07-02 15:43:55.661004,3.774095,-0.831938,1.415299,-0.002971,1.418524,-0.002971,-0.831938,0
2026-07-02 15:43:55.661004,3.776318,-0.831938,1.415299,-0.002971,1.418524,-0.002971,-0.831938,0
2026-07-02 15:43:55.661004,3.778633,-0.831938,1.415299,-0.002971,1.413342,-0.002971,-0.831938,0
2026-07-02 15:43:55.661004,3.780980,-0.826756,1.415299,-0.002971,1.413342,-0.002971,-0.826756,0
2026-07-02 15:43:55.661004,3.783334,-0.826756,1.415299,-0.002971,1.413342,-0.002971,-0.826756,0
2026-07-02 15:43:55.671260,3.785621,-0.831938,1.415299,-0.002971,1.413342,-0.002971,-0.831938,0
2026-07-02 15:43:55.671260,3.787916,-0.831938,1.415299,-0.002971,1.413342,-0.002971,-0.831938,0
2026-07-02 15:43:55.671260,3.790139,-0.831938,1.415299,-0.002971,1.413342,-0.002971,-0.831938,0
2026-07-02 15:43:55.671260,3.792589,-0.826756,1.415299,-0.008152,1.413342,-0.008152,-0.826756,0
2026-07-02 15:43:55.681391,3.794898,-0.826756,1.415299,-0.008152,1.413342,-0.008152,-0.826756,0
2026-07-02 15:43:55.683629,3.797231,-0.837119,1.415299,-0.002971,1.418524,-0.002971,-0.837119,0
2026-07-02 15:43:55.683629,3.799668,-0.826756,1.415299,-0.002971,1.413342,-0.002971,-0.826756,0
2026-07-02 15:43:55.683629,3.802090,-0.826756,1.415299,-0.002971,1.418524,-0.002971,-0.826756,0
2026-07-02 15:43:55.691582,3.804495,-0.831938,1.415299,-0.002971,1.413342,-0.002971,-0.831938,0
2026-07-02 15:43:55.691582,3.806720,-0.831938,1.415299,-0.002971,1.418524,-0.002971,-0.831938,0
2026-07-02 15:43:55.691582,3.809295,-0.826756,1.415299,-0.002971,1.413342,-0.002971,-0.826756,0
2026-07-02 15:43:55.698185,3.811692,-0.837119,1.415299,-0.002971,1.418524,-0.002971,-0.837119,0
2026-07-02 15:43:55.698185,3.814096,-0.837119,1.415299,-0.002971,1.413342,-0.002971,-0.837119,0
2026-07-02 15:43:55.702880,3.816531,-0.831938,1.415299,-0.002971,1.418524,-0.002971,-0.831938,0
2026-07-02 15:43:55.704892,3.818902,-0.826756,1.415299,-0.002971,1.418524,-0.002971,-0.826756,0
2026-07-02 15:43:55.704892,3.821339,-0.826756,1.415299,-0.002971,1.413342,-0.002971,-0.826756,0
2026-07-02 15:43:55.704892,3.823674,-0.831938,1.415299,-0.002971,1.413342,-0.002971,-0.831938,0
2026-07-02 15:43:55.718147,3.826125,-0.826756,1.415299,-0.002971,1.413342,-0.002971,-0.826756,0
2026-07-02 15:43:55.718147,3.833405,-0.831938,1.415299,-0.002971,1.413342,-0.002971,-0.831938,0
2026-07-02 15:43:55.723457,3.835929,-0.831938,1.415299,-0.002971,1.413342,-0.002971,-0.831938,0
2026-07-02 15:43:55.725379,3.838534,-0.837119,1.415299,-0.002971,1.413342,-0.002971,-0.837119,0
2026-07-02 15:43:55.725379,3.840916,-0.826756,1.415299,-0.008152,1.418524,-0.008152,-0.826756,0
2026-07-02 15:43:55.725379,3.843336,-0.831938,1.415299,-0.002971,1.413342,-0.002971,-0.831938,0
2026-07-02 15:43:55.732817,3.845768,-0.826756,1.415299,-0.008152,1.413342,-0.008152,-0.826756,0
2026-07-02 15:43:55.734834,3.849199,-0.831938,1.415299,-0.002971,1.413342,-0.002971,-0.831938,0
2026-07-02 15:43:55.734834,3.851616,-0.831938,1.415299,-0.008152,1.418524,-0.008152,-0.831938,0
2026-07-02 15:43:55.742324,3.854111,-0.837119,1.415299,-0.002971,1.413342,-0.002971,-0.837119,0
2026-07-02 15:43:55.744339,3.857879,-0.826756,1.415299,-0.002971,1.418524,-0.002971,-0.826756,0
2026-07-02 15:43:55.746352,3.860123,-0.831938,1.415299,-0.002971,1.413342,-0.002971,-0.831938,0
2026-07-02 15:43:55.748498,3.862287,-0.826756,1.415299,-0.002971,1.413342,-0.002971,-0.826756,0
2026-07-02 15:43:55.751012,3.864630,-0.831938,1.415299,-0.002971,1.413342,-0.002971,-0.831938,0
2026-07-02 15:43:55.754341,3.866941,-0.826756,1.415299,-0.002971,1.413342,-0.002971,-0.826756,0
2026-07-02 15:43:55.757582,3.869310,-0.837119,1.415299,-0.002971,1.418524,-0.002971,-0.837119,0
2026-07-02 15:43:55.759595,3.872900,-0.837119,1.415299,-0.002971,1.418524,-0.002971,-0.837119,0
2026-07-02 15:43:55.762792,3.875305,-0.826756,1.415299,-0.002971,1.413342,-0.002971,-0.826756,0
2026-07-02 15:43:55.762792,3.878029,-0.837119,1.415299,-0.002971,1.413342,-0.002971,-0.837119,0
2026-07-02 15:43:55.762792,3.880437,-0.826756,1.415299,-0.002971,1.418524,-0.002971,-0.826756,0
2026-07-02 15:43:55.762792,3.882795,-0.831938,1.415299,-0.002971,1.418524,-0.002971,-0.831938,0
2026-07-02 15:43:55.762792,3.885173,-0.831938,1.415299,-0.002971,1.413342,-0.002971,-0.831938,0
2026-07-02 15:43:55.773214,3.887580,-0.831938,1.415299,-0.002971,1.413342,-0.002971,-0.831938,0
2026-07-02 15:43:55.773214,3.889995,-0.826756,1.415299,-0.008152,1.413342,-0.008152,-0.826756,0
2026-07-02 15:43:55.780005,3.892398,-0.831938,1.415299,-0.002971,1.413342,-0.002971,-0.831938,0
2026-07-02 15:43:55.780005,3.894787,-0.831938,1.415299,-0.002971,1.418524,-0.002971,-0.831938,0
2026-07-02 15:43:55.783691,3.897172,-0.831938,1.415299,-0.002971,1.418524,-0.002971,-0.831938,0
2026-07-02 15:43:55.786451,3.899545,-0.826756,1.415299,-0.008152,1.413342,-0.008152,-0.826756,0
2026-07-02 15:43:55.788472,3.901919,-0.826756,1.415299,-0.008152,1.413342,-0.008152,-0.826756,0
2026-07-02 15:43:55.792284,3.904449,-0.831938,1.415299,-0.002971,1.418524,-0.002971,-0.831938,0
2026-07-02 15:43:55.793264,3.906848,-0.831938,1.415299,-0.002971,1.418524,-0.002971,-0.831938,0
2026-07-02 15:43:55.793264,3.909251,-0.831938,1.415299,-0.002971,1.413342,-0.002971,-0.831938,0
2026-07-02 15:43:55.798741,3.911649,-0.826756,1.415299,-0.002971,1.413342,-0.002971,-0.826756,0
2026-07-02 15:43:55.798741,3.914048,-0.837119,1.415299,-0.002971,1.413342,-0.002971,-0.837119,0
2026-07-02 15:43:55.803744,3.916427,-0.826756,1.415299,-0.008152,1.413342,-0.008152,-0.826756,0
2026-07-02 15:43:55.803744,3.918976,-0.831938,1.415299,-0.008152,1.418524,-0.008152,-0.831938,0
2026-07-02 15:43:55.803744,3.921397,-0.826756,1.415299,-0.008152,1.418524,-0.008152,-0.826756,0
2026-07-02 15:43:55.803744,3.923754,-0.837119,1.415299,-0.002971,1.418524,-0.002971,-0.837119,0
2026-07-02 15:43:55.813900,3.926189,-0.831938,1.415299,-0.002971,1.413342,-0.002971,-0.831938,0
2026-07-02 15:43:55.813900,3.928614,-0.831938,1.415299,-0.002971,1.418524,-0.002971,-0.831938,0
2026-07-02 15:43:55.813900,3.931332,-0.826756,1.415299,-0.002971,1.413342,-0.002971,-0.826756,0
2026-07-02 15:43:55.813900,3.933869,-0.837119,1.415299,-0.002971,1.413342,-0.002971,-0.837119,0
2026-07-02 15:43:55.824004,3.936266,-0.837119,1.415299,-0.002971,1.418524,-0.002971,-0.837119,0
2026-07-02 15:43:55.824004,3.938686,-0.826756,1.415299,-0.002971,1.413342,-0.002971,-0.826756,0
2026-07-02 15:43:55.824004,3.941121,-0.837119,1.415299,-0.002971,1.413342,-0.002971,-0.837119,0
2026-07-02 15:43:55.824004,3.943560,-0.837119,1.415299,-0.002971,1.413342,-0.002971,-0.837119,0
2026-07-02 15:43:55.824004,3.946082,-0.826756,1.415299,-0.002971,1.413342,-0.002971,-0.826756,0
2026-07-02 15:43:55.834406,3.948373,-0.837119,1.415299,-0.002971,1.418524,-0.002971,-0.837119,0
2026-07-02 15:43:55.834406,3.950695,-0.831938,1.415299,-0.002971,1.418524,-0.002971,-0.831938,0
2026-07-02 15:43:55.834406,3.953104,-0.837119,1.415299,-0.002971,1.413342,-0.002971,-0.837119,0
2026-07-02 15:43:55.842420,3.955463,-0.826756,1.415299,-0.008152,1.413342,-0.008152,-0.826756,0
2026-07-02 15:43:55.844429,3.957844,-0.826756,1.415299,-0.002971,1.413342,-0.002971,-0.826756,0
2026-07-02 15:43:55.844429,3.960031,-0.831938,1.415299,-0.002971,1.418524,-0.002971,-0.831938,0
2026-07-02 15:43:55.844429,3.962436,-0.831938,1.415299,-0.002971,1.418524,-0.002971,-0.831938,0
2026-07-02 15:43:55.844429,3.964868,-0.837119,1.415299,-0.002971,1.413342,-0.002971,-0.837119,0
2026-07-02 15:43:55.854699,3.967260,-0.831938,1.415299,-0.002971,1.413342,-0.002971,-0.831938,0
2026-07-02 15:43:55.855492,3.969613,-0.831938,1.415299,-0.002971,1.418524,-0.002971,-0.831938,0
2026-07-02 15:43:55.855492,3.972103,-0.826756,1.415299,-0.008152,1.418524,-0.008152,-0.826756,0
2026-07-02 15:43:55.855492,3.974529,-0.826756,1.415299,-0.002971,1.413342,-0.002971,-0.826756,0
2026-07-02 15:43:55.855492,3.976971,-0.837119,1.415299,-0.002971,1.418524,-0.002971,-0.837119,0
2026-07-02 15:43:55.864949,3.979389,-0.826756,1.415299,-0.002971,1.413342,-0.002971,-0.826756,0
2026-07-02 15:43:55.864949,3.982181,-0.831938,1.415299,-0.002971,1.418524,-0.002971,-0.831938,0
2026-07-02 15:43:55.871695,3.984575,-0.837119,1.415299,-0.002971,1.418524,-0.002971,-0.837119,0
2026-07-02 15:43:55.871695,3.986927,-0.837119,1.415299,-0.002971,1.413342,-0.002971,-0.837119,0
2026-07-02 15:43:55.877687,3.989526,-0.831938,1.415299,-0.002971,1.413342,-0.002971,-0.831938,0
2026-07-02 15:43:55.877687,3.992779,-0.826756,1.415299,-0.002971,1.413342,-0.002971,-0.826756,0
2026-07-02 15:43:55.877687,3.995219,-0.826756,1.415299,-0.002971,1.418524,-0.002971,-0.826756,0
2026-07-02 15:43:55.877687,3.997623,-0.831938,1.415299,-0.002971,1.413342,-0.002971,-0.831938,0
2026-07-02 15:43:55.885611,4.000043,-0.831938,1.415299,-0.002971,1.413342,-0.002971,-0.831938,0
2026-07-02 15:43:55.885611,4.002397,-0.831938,1.415299,-0.008152,1.413342,-0.008152,-0.831938,0
2026-07-02 15:43:55.885611,4.004832,-0.831938,1.415299,-0.002971,1.418524,-0.002971,-0.831938,0
2026-07-02 15:43:55.885611,4.007257,-0.831938,1.415299,-0.002971,1.418524,-0.002971,-0.831938,0
2026-07-02 15:43:55.895626,4.009732,-0.826756,1.415299,-0.008152,1.418524,-0.008152,-0.826756,0
2026-07-02 15:43:55.899320,4.012170,-0.826756,1.415299,-0.008152,1.413342,-0.008152,-0.826756,0
2026-07-02 15:43:55.899320,4.014534,-0.826756,1.415299,-0.002971,1.413342,-0.002971,-0.826756,0
2026-07-02 15:43:55.899320,4.016946,-0.831938,1.415299,-0.008152,1.418524,-0.008152,-0.831938,0
2026-07-02 15:43:55.905839,4.019406,-0.826756,1.415299,-0.008152,1.418524,-0.008152,-0.826756,0
2026-07-02 15:43:55.905839,4.021722,-0.837119,1.415299,-0.002971,1.413342,-0.002971,-0.837119,0
2026-07-02 15:43:55.905839,4.024016,-0.826756,1.415299,-0.002971,1.418524,-0.002971,-0.826756,0
2026-07-02 15:43:55.905839,4.026438,-0.826756,1.415299,-0.008152,1.413342,-0.008152,-0.826756,0
2026-07-02 15:43:55.915909,4.028778,-0.826756,1.415299,-0.002971,1.413342,-0.002971,-0.826756,0
2026-07-02 15:43:55.916659,4.030952,-0.826756,1.415299,-0.002971,1.413342,-0.002971,-0.826756,0
2026-07-02 15:43:55.916659,4.034049,-0.831938,1.415299,-0.008152,1.413342,-0.008152,-0.831938,0
2026-07-02 15:43:55.916659,4.036484,-0.821574,1.415299,-0.008152,1.413342,-0.008152,-0.821574,0
2026-07-02 15:43:55.926389,4.038893,-0.831938,1.415299,-0.002971,1.413342,-0.002971,-0.831938,0
2026-07-02 15:43:55.926389,4.041301,-0.826756,1.415299,-0.002971,1.418524,-0.002971,-0.826756,0
2026-07-02 15:43:55.926389,4.043641,-0.826756,1.415299,-0.002971,1.418524,-0.002971,-0.826756,0
2026-07-02 15:43:55.926389,4.045971,-0.831938,1.415299,-0.002971,1.413342,-0.002971,-0.831938,0
2026-07-02 15:43:55.926389,4.048153,-0.831938,1.415299,-0.002971,1.413342,-0.002971,-0.831938,0
2026-07-02 15:43:55.936447,4.050470,-0.826756,1.415299,-0.008152,1.418524,-0.008152,-0.826756,0
2026-07-02 15:43:55.936447,4.052795,-0.831938,1.415299,-0.002971,1.413342,-0.002971,-0.831938,0
2026-07-02 15:43:55.942602,4.055117,-0.831938,1.415299,-0.002971,1.418524,-0.002971,-0.831938,0
2026-07-02 15:43:55.942602,4.057427,-0.826756,1.415299,-0.002971,1.413342,-0.002971,-0.826756,0
2026-07-02 15:43:55.946762,4.059748,-0.831938,1.415299,-0.002971,1.413342,-0.002971,-0.831938,0
2026-07-02 15:43:55.946762,4.062125,-0.831938,1.415299,-0.002971,1.418524,-0.002971,-0.831938,0
2026-07-02 15:43:55.946762,4.065345,-0.831938,1.415299,-0.002971,1.413342,-0.002971,-0.831938,0
2026-07-02 15:43:55.946762,4.067768,-0.826756,1.415299,-0.002971,1.413342,-0.002971,-0.826756,0
2026-07-02 15:43:55.957100,4.070070,-0.831938,1.415299,-0.002971,1.418524,-0.002971,-0.831938,0
2026-07-02 15:43:55.957100,4.072411,-0.831938,1.415299,-0.008152,1.413342,-0.008152,-0.831938,0
2026-07-02 15:43:55.957100,4.074830,-0.837119,1.415299,-0.002971,1.418524,-0.002971,-0.837119,0
2026-07-02 15:43:55.957100,4.077271,-0.837119,1.415299,-0.002971,1.418524,-0.002971,-0.837119,0
2026-07-02 15:43:55.967161,4.079684,-0.831938,1.415299,-0.002971,1.413342,-0.002971,-0.831938,0
2026-07-02 15:43:55.969240,4.082138,-0.831938,1.415299,-0.002971,1.413342,-0.002971,-0.831938,0
2026-07-02 15:43:55.969240,4.084731,-0.837119,1.415299,-0.002971,1.418524,-0.002971,-0.837119,0
2026-07-02 15:43:55.969240,4.087150,-0.831938,1.415299,-0.002971,1.413342,-0.002971,-0.831938,0
2026-07-02 15:43:55.975508,4.089502,-0.837119,1.415299,-0.002971,1.413342,-0.002971,-0.837119,0
2026-07-02 15:43:55.975508,4.091824,-0.826756,1.415299,-0.002971,1.413342,-0.002971,-0.826756,0
2026-07-02 15:43:55.975508,4.094119,-0.826756,1.415299,-0.002971,1.413342,-0.002971,-0.826756,0
2026-07-02 15:43:55.983800,4.096406,-0.831938,1.415299,-0.002971,1.418524,-0.002971,-0.831938,0
2026-07-02 15:43:55.985837,4.099101,-0.837119,1.415299,-0.002971,1.413342,-0.002971,-0.837119,0
2026-07-02 15:43:55.985837,4.101541,-0.831938,1.415299,-0.002971,1.418524,-0.002971,-0.831938,0
2026-07-02 15:43:55.985837,4.104004,-0.821574,1.415299,-0.002971,1.413342,-0.002971,-0.821574,0
2026-07-02 15:43:55.985837,4.106587,-0.831938,1.415299,-0.002971,1.418524,-0.002971,-0.831938,0
2026-07-02 15:43:55.996107,4.109032,-0.826756,1.415299,-0.008152,1.413342,-0.008152,-0.826756,0
2026-07-02 15:43:55.996107,4.111358,-0.831938,1.415299,-0.002971,1.413342,-0.002971,-0.831938,0
2026-07-02 15:43:55.999683,4.113691,-0.831938,1.415299,-0.002971,1.413342,-0.002971,-0.831938,0
2026-07-02 15:43:55.999683,4.116125,-0.826756,1.415299,-0.002971,1.413342,-0.002971,-0.826756,0
2026-07-02 15:43:55.999683,4.118566,-0.837119,1.415299,-0.002971,1.413342,-0.002971,-0.837119,0
2026-07-02 15:43:56.006533,4.120988,-0.831938,1.415299,-0.002971,1.413342,-0.002971,-0.831938,0
2026-07-02 15:43:56.006533,4.123757,-0.831938,1.415299,-0.002971,1.418524,-0.002971,-0.831938,0
2026-07-02 15:43:56.006533,4.126202,-0.831938,1.415299,-0.008152,1.413342,-0.008152,-0.831938,0
2026-07-02 15:43:56.006533,4.128657,-0.826756,1.415299,-0.002971,1.418524,-0.002971,-0.826756,0
2026-07-02 15:43:56.017991,4.131109,-0.831938,1.415299,-0.002971,1.418524,-0.002971,-0.831938,0
2026-07-02 15:43:56.017991,4.133620,-0.826756,1.415299,-0.008152,1.413342,-0.008152,-0.826756,0
2026-07-02 15:43:56.017991,4.136148,-0.826756,1.415299,-0.002971,1.413342,-0.002971,-0.826756,0
2026-07-02 15:43:56.017991,4.138550,-0.826756,1.415299,-0.002971,1.413342,-0.002971,-0.826756,0
2026-07-02 15:43:56.026968,4.140962,-0.826756,1.415299,-0.002971,1.418524,-0.002971,-0.826756,0
2026-07-02 15:43:56.026968,4.143289,-0.837119,1.415299,-0.008152,1.413342,-0.008152,-0.837119,0
2026-07-02 15:43:56.026968,4.145687,-0.837119,1.415299,-0.002971,1.418524,-0.002971,-0.837119,0
2026-07-02 15:43:56.026968,4.147983,-0.837119,1.415299,-0.002971,1.418524,-0.002971,-0.837119,0
2026-07-02 15:43:56.040637,4.150403,-0.826756,1.415299,-0.002971,1.413342,-0.002971,-0.826756,0
2026-07-02 15:43:56.042644,4.155210,-0.831938,1.415299,-0.002971,1.418524,-0.002971,-0.831938,0
2026-07-02 15:43:56.042644,4.157540,-0.826756,1.415299,-0.002971,1.413342,-0.002971,-0.826756,0
2026-07-02 15:43:56.047479,4.159852,-0.831938,1.415299,-0.002971,1.413342,-0.002971,-0.831938,0
2026-07-02 15:43:56.047479,4.162204,-0.826756,1.415299,-0.008152,1.413342,-0.008152,-0.826756,0
2026-07-02 15:43:56.047479,4.165152,-0.831938,1.415299,-0.002971,1.413342,-0.002971,-0.831938,0
2026-07-02 15:43:56.047479,4.167406,-0.826756,1.415299,-0.002971,1.418524,-0.002971,-0.826756,0
2026-07-02 15:43:56.047479,4.169861,-0.831938,1.415299,-0.002971,1.413342,-0.002971,-0.831938,0
2026-07-02 15:43:56.057779,4.172166,-0.837119,1.410120,-0.002971,1.413342,-0.002971,-0.837119,0
2026-07-02 15:43:56.057779,4.174492,-0.826756,1.415299,-0.002971,1.413342,-0.002971,-0.826756,0
2026-07-02 15:43:56.057779,4.176806,-0.831938,1.415299,-0.002971,1.413342,-0.002971,-0.831938,0
2026-07-02 15:43:56.057779,4.179118,-0.826756,1.415299,-0.002971,1.413342,-0.002971,-0.826756,0
2026-07-02 15:43:56.067949,4.181308,-0.831938,1.415299,-0.008152,1.413342,-0.008152,-0.831938,0
2026-07-02 15:43:56.067949,4.183626,-0.826756,1.415299,-0.002971,1.413342,-0.002971,-0.826756,0
2026-07-02 15:43:56.067949,4.186112,-0.831938,1.415299,-0.002971,1.418524,-0.002971,-0.831938,0
2026-07-02 15:43:56.067949,4.188549,-0.837119,1.415299,-0.002971,1.413342,-0.002971,-0.837119,0
2026-07-02 15:43:56.078010,4.190975,-0.826756,1.415299,-0.002971,1.413342,-0.002971,-0.826756,0
2026-07-02 15:43:56.078010,4.193341,-0.831938,1.415299,-0.002971,1.418524,-0.002971,-0.831938,0
2026-07-02 15:43:56.078010,4.195764,-0.831938,1.415299,-0.002971,1.418524,-0.002971,-0.831938,0
2026-07-02 15:43:56.078010,4.198059,-0.831938,1.415299,-0.008152,1.413342,-0.008152,-0.831938,0
2026-07-02 15:43:56.078010,4.200452,-0.837119,1.415299,-0.008152,1.413342,-0.008152,-0.837119,0
2026-07-02 15:43:56.088372,4.202784,-0.826756,1.415299,-0.008152,1.418524,-0.008152,-0.826756,0
2026-07-02 15:43:56.088372,4.205012,-0.826756,1.415299,-0.002971,1.413342,-0.002971,-0.826756,0
2026-07-02 15:43:56.088372,4.207382,-0.826756,1.415299,-0.002971,1.413342,-0.002971,-0.826756,0
2026-07-02 15:43:56.088372,4.209787,-0.826756,1.415299,-0.008152,1.418524,-0.008152,-0.826756,0
2026-07-02 15:43:56.100352,4.212176,-0.831938,1.415299,-0.002971,1.418524,-0.002971,-0.831938,0
2026-07-02 15:43:56.101187,4.215528,-0.826756,1.415299,-0.008152,1.418524,-0.008152,-0.826756,0
2026-07-02 15:43:56.101187,4.217905,-0.826756,1.415299,-0.002971,1.413342,-0.002971,-0.826756,0
2026-07-02 15:43:56.101187,4.220300,-0.831938,1.415299,-0.008152,1.413342,-0.008152,-0.831938,0
2026-07-02 15:43:56.108797,4.222739,-0.837119,1.415299,-0.002971,1.418524,-0.002971,-0.837119,0
2026-07-02 15:43:56.108797,4.225076,-0.831938,1.415299,-0.002971,1.413342,-0.002971,-0.831938,0
2026-07-02 15:43:56.108797,4.227305,-0.826756,1.415299,-0.008152,1.418524,-0.008152,-0.826756,0
2026-07-02 15:43:56.115591,4.229561,-0.826756,1.415299,-0.002971,1.413342,-0.002971,-0.826756,0
2026-07-02 15:43:56.119127,4.231912,-0.826756,1.415299,-0.002971,1.413342,-0.002971,-0.826756,0
2026-07-02 15:43:56.119127,4.234275,-0.826756,1.415299,-0.008152,1.418524,-0.008152,-0.826756,0
2026-07-02 15:43:56.119127,4.236601,-0.826756,1.415299,-0.002971,1.413342,-0.002971,-0.826756,0
2026-07-02 15:43:56.119127,4.238949,-0.837119,1.415299,-0.002971,1.413342,-0.002971,-0.837119,0
2026-07-02 15:43:56.119127,4.241253,-0.826756,1.415299,-0.008152,1.413342,-0.008152,-0.826756,0
2026-07-02 15:43:56.129178,4.243558,-0.831938,1.415299,-0.002971,1.413342,-0.002971,-0.831938,0
2026-07-02 15:43:56.129178,4.245909,-0.837119,1.415299,-0.002971,1.413342,-0.002971,-0.837119,0
2026-07-02 15:43:56.129178,4.248726,-0.831938,1.415299,-0.002971,1.413342,-0.002971,-0.831938,0
2026-07-02 15:43:56.129178,4.251180,-0.826756,1.415299,-0.002971,1.413342,-0.002971,-0.826756,0
2026-07-02 15:43:56.139606,4.253625,-0.826756,1.415299,-0.002971,1.413342,-0.002971,-0.826756,0
2026-07-02 15:43:56.142870,4.256065,-0.831938,1.415299,-0.008152,1.413342,-0.008152,-0.831938,0
2026-07-02 15:43:56.142870,4.258506,-0.826756,1.415299,-0.002971,1.413342,-0.002971,-0.826756,0
2026-07-02 15:43:56.142870,4.260916,-0.826756,1.415299,-0.002971,1.418524,-0.002971,-0.826756,0
2026-07-02 15:43:56.149793,4.263301,-0.831938,1.415299,-0.002971,1.418524,-0.002971,-0.831938,0
2026-07-02 15:43:56.151806,4.265654,-0.826756,1.415299,-0.002971,1.413342,-0.002971,-0.826756,0
2026-07-02 15:43:56.155828,4.268020,-0.837119,1.415299,-0.002971,1.413342,-0.002971,-0.837119,0
2026-07-02 15:43:56.157835,4.270399,-0.831938,1.415299,-0.002971,1.418524,-0.002971,-0.831938,0
2026-07-02 15:43:56.165889,4.272746,-0.831938,1.415299,-0.002971,1.413342,-0.002971,-0.831938,0
2026-07-02 15:43:56.167900,4.281100,-0.826756,1.415299,-0.002971,1.413342,-0.002971,-0.826756,0
2026-07-02 15:43:56.169912,4.283330,-0.837119,1.415299,-0.002971,1.418524,-0.002971,-0.837119,0
2026-07-02 15:43:56.171921,4.285554,-0.831938,1.415299,-0.002971,1.413342,-0.002971,-0.831938,0
2026-07-02 15:43:56.173929,4.287808,-0.837119,1.415299,-0.002971,1.418524,-0.002971,-0.837119,0
2026-07-02 15:43:56.173929,4.290088,-0.831938,1.415299,-0.008152,1.418524,-0.008152,-0.831938,0
2026-07-02 15:43:56.179926,4.292336,-0.837119,1.415299,-0.002971,1.413342,-0.002971,-0.837119,0
2026-07-02 15:43:56.179926,4.294751,-0.826756,1.415299,-0.002971,1.413342,-0.002971,-0.826756,0
2026-07-02 15:43:56.179926,4.296985,-0.837119,1.415299,-0.002971,1.413342,-0.002971,-0.837119,0
2026-07-02 15:43:56.179926,4.299230,-0.831938,1.415299,-0.002971,1.418524,-0.002971,-0.831938,0
2026-07-02 15:43:56.179926,4.301460,-0.826756,1.415299,-0.002971,1.413342,-0.002971,-0.826756,0
2026-07-02 15:43:56.190279,4.303701,-0.831938,1.415299,-0.002971,1.413342,-0.002971,-0.831938,0
2026-07-02 15:43:56.190279,4.306476,-0.837119,1.415299,-0.002971,1.413342,-0.002971,-0.837119,0
2026-07-02 15:43:56.190279,4.308728,-0.826756,1.415299,-0.008152,1.413342,-0.008152,-0.826756,0
2026-07-02 15:43:56.190279,4.311047,-0.826756,1.415299,-0.002971,1.413342,-0.002971,-0.826756,0
2026-07-02 15:43:56.200906,4.313334,-0.837119,1.415299,-0.002971,1.413342,-0.002971,-0.837119,0
2026-07-02 15:43:56.202321,4.315878,-0.831938,1.415299,-0.002971,1.418524,-0.002971,-0.831938,0
2026-07-02 15:43:56.202321,4.318354,-0.831938,1.415299,-0.002971,1.413342,-0.002971,-0.831938,0
2026-07-02 15:43:56.202321,4.320751,-0.837119,1.415299,-0.002971,1.413342,-0.002971,-0.837119,0
2026-07-02 15:43:56.210779,4.323158,-0.837119,1.410120,-0.002971,1.413342,-0.002971,-0.837119,0
2026-07-02 15:43:56.211689,4.325584,-0.831938,1.415299,-0.002971,1.418524,-0.002971,-0.831938,0
2026-07-02 15:43:56.214229,4.327916,-0.837119,1.415299,-0.002971,1.413342,-0.002971,-0.837119,0
2026-07-02 15:43:56.216239,4.330304,-0.831938,1.415299,-0.002971,1.413342,-0.002971,-0.831938,0
2026-07-02 15:43:56.220271,4.332704,-0.837119,1.415299,-0.002971,1.418524,-0.002971,-0.837119,0
2026-07-02 15:43:56.221880,4.335138,-0.831938,1.415299,-0.002971,1.418524,-0.002971,-0.831938,0
2026-07-02 15:43:56.223889,4.337594,-0.831938,1.415299,-0.008152,1.418524,-0.008152,-0.831938,0
2026-07-02 15:43:56.227892,4.340090,-0.826756,1.415299,-0.002971,1.413342,-0.002971,-0.826756,0
2026-07-02 15:43:56.229282,4.342535,-0.837119,1.415299,-0.002971,1.413342,-0.002971,-0.837119,0
2026-07-02 15:43:56.231810,4.344850,-0.837119,1.415299,-0.002971,1.413342,-0.002971,-0.837119,0
2026-07-02 15:43:56.231810,4.347151,-0.826756,1.415299,-0.008152,1.413342,-0.008152,-0.826756,0
2026-07-02 15:43:56.231810,4.349483,-0.831938,1.415299,-0.002971,1.418524,-0.002971,-0.831938,0
2026-07-02 15:43:56.231810,4.351883,-0.837119,1.415299,-0.002971,1.418524,-0.002971,-0.837119,0
2026-07-02 15:43:56.241399,4.354348,-0.826756,1.415299,-0.002971,1.413342,-0.002971,-0.826756,0
2026-07-02 15:43:56.242917,4.356793,-0.826756,1.415299,-0.002971,1.413342,-0.002971,-0.826756,0
2026-07-02 15:43:56.242917,4.359249,-0.826756,1.415299,-0.002971,1.413342,-0.002971,-0.826756,0
2026-07-02 15:43:56.242917,4.361658,-0.831938,1.410120,-0.008152,1.418524,-0.008152,-0.831938,0
2026-07-02 15:43:56.251636,4.364077,-0.831938,1.415299,-0.008152,1.413342,-0.008152,-0.831938,0
2026-07-02 15:43:56.251636,4.366425,-0.831938,1.415299,-0.002971,1.413342,-0.002971,-0.831938,0
2026-07-02 15:43:56.251636,4.368856,-0.826756,1.415299,-0.002971,1.413342,-0.002971,-0.826756,0
2026-07-02 15:43:56.258855,4.371290,-0.826756,1.415299,-0.002971,1.413342,-0.002971,-0.826756,0
2026-07-02 15:43:56.258855,4.373696,-0.837119,1.415299,-0.002971,1.413342,-0.002971,-0.837119,0
2026-07-02 15:43:56.261657,4.376414,-0.826756,1.415299,-0.008152,1.413342,-0.008152,-0.826756,0
2026-07-02 15:43:56.261657,4.378863,-0.831938,1.415299,-0.002971,1.418524,-0.002971,-0.831938,0
2026-07-02 15:43:56.261657,4.381372,-0.831938,1.415299,-0.002971,1.418524,-0.002971,-0.831938,0
2026-07-02 15:43:56.261657,4.383830,-0.826756,1.420479,-0.008152,1.413342,-0.008152,-0.826756,0
2026-07-02 15:43:56.272820,4.386262,-0.837119,1.415299,-0.002971,1.418524,-0.002971,-0.837119,0
2026-07-02 15:43:56.272820,4.388952,-0.831938,1.415299,-0.008152,1.413342,-0.008152,-0.831938,0
2026-07-02 15:43:56.272820,4.391403,-0.831938,1.415299,-0.002971,1.413342,-0.002971,-0.831938,0
2026-07-02 15:43:56.272820,4.393856,-0.826756,1.415299,-0.002971,1.413342,-0.002971,-0.826756,0
2026-07-02 15:43:56.282236,4.396261,-0.826756,1.415299,-0.002971,1.413342,-0.002971,-0.826756,0
2026-07-02 15:43:56.282236,4.398483,-0.826756,1.415299,-0.002971,1.418524,-0.002971,-0.826756,0
2026-07-02 15:43:56.282236,4.400888,-0.826756,1.415299,-0.008152,1.418524,-0.008152,-0.826756,0
2026-07-02 15:43:56.289917,4.403255,-0.831938,1.415299,-0.002971,1.418524,-0.002971,-0.831938,0
2026-07-02 15:43:56.292503,4.405608,-0.837119,1.415299,-0.002971,1.418524,-0.002971,-0.837119,0
2026-07-02 15:43:56.292503,4.408039,-0.831938,1.415299,-0.002971,1.413342,-0.002971,-0.831938,0
2026-07-02 15:43:56.292503,4.410448,-0.831938,1.415299,-0.002971,1.413342,-0.002971,-0.831938,0
2026-07-02 15:43:56.292503,4.412841,-0.831938,1.415299,-0.002971,1.413342,-0.002971,-0.831938,0
2026-07-02 15:43:56.302817,4.415443,-0.837119,1.415299,-0.002971,1.418524,-0.002971,-0.837119,0
2026-07-02 15:43:56.305698,4.417866,-0.831938,1.415299,-0.002971,1.413342,-0.002971,-0.831938,0
2026-07-02 15:43:56.308542,4.420321,-0.831938,1.415299,-0.002971,1.418524,-0.002971,-0.831938,0
2026-07-02 15:43:56.309050,4.423572,-0.831938,1.415299,-0.002971,1.418524,-0.002971,-0.831938,0
2026-07-02 15:43:56.313011,4.426008,-0.837119,1.415299,-0.002971,1.418524,-0.002971,-0.837119,0
2026-07-02 15:43:56.313011,4.428207,-0.826756,1.415299,-0.002971,1.418524,-0.002971,-0.826756,0
2026-07-02 15:43:56.313011,4.430605,-0.826756,1.415299,-0.008152,1.413342,-0.008152,-0.826756,0
2026-07-02 15:43:56.320124,4.432934,-0.831938,1.415299,-0.002971,1.413342,-0.002971,-0.831938,0
2026-07-02 15:43:56.323039,4.435308,-0.831938,1.415299,-0.008152,1.418524,-0.008152,-0.831938,0
2026-07-02 15:43:56.325877,4.437739,-0.831938,1.415299,-0.002971,1.413342,-0.002971,-0.831938,0
2026-07-02 15:43:56.326439,4.440534,-0.826756,1.415299,-0.008152,1.418524,-0.008152,-0.826756,0
2026-07-02 15:43:56.326439,4.443001,-0.837119,1.415299,-0.002971,1.418524,-0.002971,-0.837119,0
2026-07-02 15:43:56.333135,4.445428,-0.837119,1.415299,-0.002971,1.418524,-0.002971,-0.837119,0
2026-07-02 15:43:56.335158,4.447886,-0.826756,1.415299,-0.008152,1.413342,-0.008152,-0.826756,0
2026-07-02 15:43:56.335158,4.450317,-0.826756,1.415299,-0.008152,1.413342,-0.008152,-0.826756,0
2026-07-02 15:43:56.335158,4.452759,-0.826756,1.415299,-0.002971,1.413342,-0.002971,-0.826756,0
2026-07-02 15:43:56.342780,4.455244,-0.826756,1.415299,-0.002971,1.413342,-0.002971,-0.826756,0
2026-07-02 15:43:56.342780,4.457699,-0.831938,1.415299,-0.002971,1.413342,-0.002971,-0.831938,0
2026-07-02 15:43:56.342780,4.460045,-0.826756,1.415299,-0.002971,1.413342,-0.002971,-0.826756,0
2026-07-02 15:43:56.342780,4.462373,-0.831938,1.415299,-0.002971,1.418524,-0.002971,-0.831938,0
2026-07-02 15:43:56.342780,4.464598,-0.831938,1.415299,-0.002971,1.413342,-0.002971,-0.831938,0
2026-07-02 15:43:56.353173,4.466922,-0.826756,1.415299,-0.002971,1.418524,-0.002971,-0.826756,0
2026-07-02 15:43:56.353173,4.469165,-0.831938,1.415299,-0.002971,1.418524,-0.002971,-0.831938,0
2026-07-02 15:43:56.353173,4.471589,-0.821574,1.415299,-0.008152,1.418524,-0.008152,-0.821574,0
2026-07-02 15:43:56.353173,4.473865,-0.831938,1.415299,-0.002971,1.413342,-0.002971,-0.831938,0
2026-07-02 15:43:56.364009,4.476198,-0.826756,1.415299,-0.002971,1.413342,-0.002971,-0.826756,0
2026-07-02 15:43:56.366957,4.479248,-0.831938,1.415299,-0.008152,1.418524,-0.008152,-0.831938,0
2026-07-02 15:43:56.366957,4.482009,-0.826756,1.415299,-0.002971,1.418524,-0.002971,-0.826756,0
2026-07-02 15:43:56.366957,4.484408,-0.826756,1.415299,-0.008152,1.418524,-0.008152,-0.826756,0
2026-07-02 15:43:56.373383,4.486873,-0.826756,1.415299,-0.008152,1.413342,-0.008152,-0.826756,0
2026-07-02 15:43:56.373383,4.489284,-0.831938,1.415299,-0.002971,1.413342,-0.002971,-0.831938,0
2026-07-02 15:43:56.373383,4.491736,-0.826756,1.415299,-0.002971,1.413342,-0.002971,-0.826756,0
2026-07-02 15:43:56.373383,4.494164,-0.826756,1.415299,-0.002971,1.413342,-0.002971,-0.826756,0
2026-07-02 15:43:56.383537,4.496549,-0.831938,1.415299,-0.002971,1.413342,-0.002971,-0.831938,0
2026-07-02 15:43:56.385508,4.499071,-0.837119,1.415299,-0.002971,1.413342,-0.002971,-0.837119,0
2026-07-02 15:43:56.385508,4.501521,-0.831938,1.415299,-0.002971,1.413342,-0.002971,-0.831938,0
2026-07-02 15:43:56.385508,4.503984,-0.831938,1.415299,-0.002971,1.413342,-0.002971,-0.831938,0
2026-07-02 15:43:56.394717,4.507147,-0.826756,1.415299,-0.008152,1.413342,-0.008152,-0.826756,0
2026-07-02 15:43:56.395716,4.509499,-0.831938,1.415299,-0.002971,1.418524,-0.002971,-0.831938,0
2026-07-02 15:43:56.399742,4.511935,-0.826756,1.415299,-0.008152,1.413342,-0.008152,-0.826756,0
2026-07-02 15:43:56.401754,4.514341,-0.831938,1.415299,-0.002971,1.413342,-0.002971,-0.831938,0
2026-07-02 15:43:56.404234,4.516807,-0.831938,1.415299,-0.002971,1.413342,-0.002971,-0.831938,0
2026-07-02 15:43:56.405073,4.519166,-0.831938,1.415299,-0.002971,1.418524,-0.002971,-0.831938,0
2026-07-02 15:43:56.407885,4.521550,-0.831938,1.415299,-0.002971,1.413342,-0.002971,-0.831938,0
2026-07-02 15:43:56.410080,4.524166,-0.831938,1.415299,-0.002971,1.418524,-0.002971,-0.831938,0
2026-07-02 15:43:56.412869,4.526528,-0.837119,1.415299,-0.002971,1.413342,-0.002971,-0.837119,0
2026-07-02 15:43:56.415549,4.528897,-0.826756,1.415299,-0.002971,1.413342,-0.002971,-0.826756,0
2026-07-02 15:43:56.418326,4.531377,-0.826756,1.415299,-0.002971,1.413342,-0.002971,-0.826756,0
2026-07-02 15:43:56.418326,4.533863,-0.837119,1.415299,-0.002971,1.413342,-0.002971,-0.837119,0
2026-07-02 15:43:56.418326,4.536367,-0.826756,1.415299,-0.002971,1.413342,-0.002971,-0.826756,0
2026-07-02 15:43:56.425767,4.538742,-0.831938,1.415299,-0.002971,1.413342,-0.002971,-0.831938,0
2026-07-02 15:43:56.427784,4.541089,-0.831938,1.415299,-0.008152,1.413342,-0.008152,-0.831938,0
2026-07-02 15:43:56.430449,4.543545,-0.837119,1.415299,-0.002971,1.418524,-0.002971,-0.837119,0
2026-07-02 15:43:56.432463,4.545917,-0.837119,1.415299,-0.002971,1.418524,-0.002971,-0.837119,0
2026-07-02 15:43:56.435773,4.549274,-0.831938,1.415299,-0.002971,1.413342,-0.002971,-0.831938,0
2026-07-02 15:43:56.438299,4.551735,-0.826756,1.415299,-0.002971,1.413342,-0.002971,-0.826756,0
2026-07-02 15:43:56.440475,4.554154,-0.826756,1.415299,-0.002971,1.418524,-0.002971,-0.826756,0
2026-07-02 15:43:56.442988,4.556629,-0.831938,1.415299,-0.002971,1.418524,-0.002971,-0.831938,0
2026-07-02 15:43:56.445561,4.559055,-0.837119,1.415299,-0.002971,1.413342,-0.002971,-0.837119,0
2026-07-02 15:43:56.445561,4.561475,-0.826756,1.415299,-0.002971,1.418524,-0.002971,-0.826756,0
2026-07-02 15:43:56.445561,4.563873,-0.831938,1.415299,-0.002971,1.418524,-0.002971,-0.831938,0
2026-07-02 15:43:56.445561,4.566359,-0.826756,1.415299,-0.002971,1.418524,-0.002971,-0.826756,0
2026-07-02 15:43:56.455873,4.568843,-0.831938,1.415299,-0.002971,1.413342,-0.002971,-0.831938,0
2026-07-02 15:43:56.458094,4.571169,-0.831938,1.415299,-0.002971,1.413342,-0.002971,-0.831938,0
2026-07-02 15:43:56.460106,4.573801,-0.826756,1.415299,-0.002971,1.418524,-0.002971,-0.826756,0
2026-07-02 15:43:56.462339,4.576089,-0.826756,1.415299,-0.002971,1.413342,-0.002971,-0.826756,0
2026-07-02 15:43:56.462339,4.578461,-0.826756,1.415299,-0.008152,1.413342,-0.008152,-0.826756,0
2026-07-02 15:43:56.466418,4.580804,-0.837119,1.415299,-0.002971,1.418524,-0.002971,-0.837119,0
2026-07-02 15:43:56.466418,4.583145,-0.826756,1.415299,-0.008152,1.413342,-0.008152,-0.826756,0
2026-07-02 15:43:56.466418,4.585565,-0.831938,1.415299,-0.008152,1.413342,-0.008152,-0.831938,0
2026-07-02 15:43:56.466418,4.587988,-0.831938,1.415299,-0.002971,1.413342,-0.002971,-0.831938,0
2026-07-02 15:43:56.476884,4.590423,-0.831938,1.415299,-0.002971,1.413342,-0.002971,-0.831938,0
2026-07-02 15:43:56.476884,4.592866,-0.826756,1.415299,-0.002971,1.413342,-0.002971,-0.826756,0
2026-07-02 15:43:56.476884,4.595223,-0.831938,1.415299,-0.008152,1.413342,-0.008152,-0.831938,0
2026-07-02 15:43:56.476884,4.597529,-0.831938,1.415299,-0.002971,1.418524,-0.002971,-0.831938,0
2026-07-02 15:43:56.487383,4.599850,-0.831938,1.415299,-0.002971,1.418524,-0.002971,-0.831938,0
2026-07-02 15:43:56.487383,4.602190,-0.837119,1.415299,-0.002971,1.418524,-0.002971,-0.837119,0
2026-07-02 15:43:56.487383,4.604528,-0.831938,1.415299,-0.002971,1.413342,-0.002971,-0.831938,0
2026-07-02 15:43:56.493536,4.607183,-0.831938,1.415299,-0.002971,1.418524,-0.002971,-0.831938,0
2026-07-02 15:43:56.493536,4.609623,-0.826756,1.415299,-0.002971,1.418524,-0.002971,-0.826756,0
2026-07-02 15:43:56.499817,4.612054,-0.837119,1.415299,-0.002971,1.413342,-0.002971,-0.837119,0
2026-07-02 15:43:56.502328,4.615573,-0.831938,1.415299,-0.002971,1.418524,-0.002971,-0.831938,0
2026-07-02 15:43:56.502328,4.618030,-0.831938,1.415299,-0.002971,1.413342,-0.002971,-0.831938,0
2026-07-02 15:43:56.507867,4.620386,-0.831938,1.415299,-0.008152,1.418524,-0.008152,-0.831938,0
2026-07-02 15:43:56.508984,4.622645,-0.831938,1.415299,-0.002971,1.413342,-0.002971,-0.831938,0
2026-07-02 15:43:56.508984,4.624980,-0.837119,1.415299,-0.002971,1.413342,-0.002971,-0.837119,0
2026-07-02 15:43:56.508984,4.627315,-0.826756,1.415299,-0.008152,1.413342,-0.008152,-0.826756,0
2026-07-02 15:43:56.517200,4.629596,-0.831938,1.415299,-0.002971,1.413342,-0.002971,-0.831938,0
2026-07-02 15:43:56.517200,4.631855,-0.831938,1.415299,-0.008152,1.418524,-0.008152,-0.831938,0
2026-07-02 15:43:56.517200,4.634208,-0.826756,1.415299,-0.002971,1.413342,-0.002971,-0.826756,0
2026-07-02 15:43:56.517200,4.636490,-0.831938,1.415299,-0.002971,1.418524,-0.002971,-0.831938,0
2026-07-02 15:43:56.526305,4.638798,-0.826756,1.415299,-0.002971,1.413342,-0.002971,-0.826756,0
2026-07-02 15:43:56.530249,4.641979,-0.831938,1.415299,-0.002971,1.413342,-0.002971,-0.831938,0
2026-07-02 15:43:56.532256,4.645793,-0.837119,1.415299,-0.002971,1.418524,-0.002971,-0.837119,0
2026-07-02 15:43:56.536567,4.648911,-0.831938,1.415299,-0.002971,1.413342,-0.002971,-0.831938,0
2026-07-02 15:43:56.537480,4.651258,-0.831938,1.415299,-0.002971,1.413342,-0.002971,-0.831938,0
2026-07-02 15:43:56.537480,4.653593,-0.837119,1.415299,-0.002971,1.413342,-0.002971,-0.837119,0
2026-07-02 15:43:56.543559,4.655983,-0.837119,1.415299,-0.008152,1.418524,-0.008152,-0.837119,0
2026-07-02 15:43:56.544087,4.658252,-0.837119,1.415299,-0.002971,1.418524,-0.002971,-0.837119,0
2026-07-02 15:43:56.547699,4.660592,-0.826756,1.415299,-0.008152,1.418524,-0.008152,-0.826756,0
2026-07-02 15:43:56.547699,4.662851,-0.831938,1.415299,-0.002971,1.413342,-0.002971,-0.831938,0
2026-07-02 15:43:56.547699,4.665283,-0.826756,1.415299,-0.002971,1.413342,-0.002971,-0.826756,0
2026-07-02 15:43:56.547699,4.667734,-0.831938,1.415299,-0.002971,1.413342,-0.002971,-0.831938,0
2026-07-02 15:43:56.557234,4.670156,-0.837119,1.415299,-0.002971,1.418524,-0.002971,-0.837119,0
2026-07-02 15:43:56.558513,4.672581,-0.826756,1.415299,-0.002971,1.413342,-0.002971,-0.826756,0
2026-07-02 15:43:56.562541,4.675059,-0.826756,1.415299,-0.002971,1.413342,-0.002971,-0.826756,0
2026-07-02 15:43:56.564558,4.677456,-0.831938,1.415299,-0.002971,1.413342,-0.002971,-0.831938,0
2026-07-02 15:43:56.567653,4.679913,-0.837119,1.415299,-0.002971,1.413342,-0.002971,-0.837119,0
2026-07-02 15:43:56.568425,4.682367,-0.831938,1.415299,-0.002971,1.413342,-0.002971,-0.831938,0
2026-07-02 15:43:56.571090,4.684773,-0.831938,1.415299,-0.002971,1.418524,-0.002971,-0.831938,0
2026-07-02 15:43:56.571090,4.687194,-0.837119,1.415299,-0.002971,1.413342,-0.002971,-0.837119,0
2026-07-02 15:43:56.571090,4.689609,-0.826756,1.415299,-0.002971,1.418524,-0.002971,-0.826756,0
2026-07-02 15:43:56.577791,4.692050,-0.837119,1.415299,-0.002971,1.418524,-0.002971,-0.837119,0
2026-07-02 15:43:56.577791,4.694516,-0.826756,1.415299,-0.008152,1.418524,-0.008152,-0.826756,0
2026-07-02 15:43:56.577791,4.696901,-0.831938,1.415299,-0.002971,1.418524,-0.002971,-0.831938,0
2026-07-02 15:43:56.577791,4.699293,-0.831938,1.415299,-0.002971,1.413342,-0.002971,-0.831938,0
2026-07-02 15:43:56.588253,4.701724,-0.826756,1.415299,-0.008152,1.418524,-0.008152,-0.826756,0
2026-07-02 15:43:56.588253,4.704134,-0.826756,1.415299,-0.008152,1.413342,-0.008152,-0.826756,0
2026-07-02 15:43:56.588253,4.707093,-0.831938,1.415299,-0.002971,1.413342,-0.002971,-0.831938,0
2026-07-02 15:43:56.588253,4.709527,-0.837119,1.415299,-0.002971,1.418524,-0.002971,-0.837119,0
2026-07-02 15:43:56.598536,4.711985,-0.821574,1.415299,-0.002971,1.418524,-0.002971,-0.821574,0
2026-07-02 15:43:56.602904,4.715096,-0.826756,1.415299,-0.002971,1.413342,-0.002971,-0.826756,0
2026-07-02 15:43:56.602904,4.717488,-0.831938,1.415299,-0.008152,1.413342,-0.008152,-0.831938,0
2026-07-02 15:43:56.602904,4.720075,-0.837119,1.415299,-0.008152,1.413342,-0.008152,-0.837119,0
2026-07-02 15:43:56.608983,4.722482,-0.831938,1.415299,-0.002971,1.413342,-0.002971,-0.831938,0
2026-07-02 15:43:56.608983,4.724796,-0.831938,1.415299,-0.002971,1.418524,-0.002971,-0.831938,0
2026-07-02 15:43:56.608983,4.727178,-0.831938,1.415299,-0.002971,1.413342,-0.002971,-0.831938,0
2026-07-02 15:43:56.608983,4.729553,-0.831938,1.415299,-0.002971,1.413342,-0.002971,-0.831938,0
2026-07-02 15:43:56.619536,4.731818,-0.831938,1.415299,-0.008152,1.413342,-0.008152,-0.831938,0
2026-07-02 15:43:56.620166,4.734312,-0.837119,1.415299,-0.002971,1.413342,-0.002971,-0.837119,0
2026-07-02 15:43:56.620166,4.736787,-0.826756,1.415299,-0.002971,1.418524,-0.002971,-0.826756,0
2026-07-02 15:43:56.620166,4.739190,-0.831938,1.415299,-0.008152,1.418524,-0.008152,-0.831938,0
2026-07-02 15:43:56.629062,4.741576,-0.831938,1.415299,-0.002971,1.418524,-0.002971,-0.831938,0
2026-07-02 15:43:56.629934,4.744441,-0.831938,1.415299,-0.002971,1.418524,-0.002971,-0.831938,0
2026-07-02 15:43:56.629934,4.746854,-0.837119,1.415299,-0.002971,1.413342,-0.002971,-0.837119,0
2026-07-02 15:43:56.629934,4.749307,-0.831938,1.415299,-0.002971,1.413342,-0.002971,-0.831938,0
2026-07-02 15:43:56.639201,4.751737,-0.831938,1.415299,-0.002971,1.413342,-0.002971,-0.831938,0
2026-07-02 15:43:56.639201,4.754315,-0.826756,1.415299,-0.002971,1.418524,-0.002971,-0.826756,0
2026-07-02 15:43:56.642852,4.756706,-0.826756,1.415299,-0.008152,1.413342,-0.008152,-0.826756,0
2026-07-02 15:43:56.642852,4.759232,-0.831938,1.415299,-0.002971,1.413342,-0.002971,-0.831938,0
2026-07-02 15:43:56.642852,4.761650,-0.831938,1.415299,-0.002971,1.413342,-0.002971,-0.831938,0
2026-07-02 15:43:56.650315,4.764015,-0.831938,1.415299,-0.002971,1.413342,-0.002971,-0.831938,0
2026-07-02 15:43:56.650315,4.766331,-0.826756,1.415299,-0.002971,1.413342,-0.002971,-0.826756,0
2026-07-02 15:43:56.650315,4.768696,-0.826756,1.415299,-0.008152,1.413342,-0.008152,-0.826756,0
2026-07-02 15:43:56.650315,4.771104,-0.826756,1.415299,-0.002971,1.418524,-0.002971,-0.826756,0
2026-07-02 15:43:56.659917,4.773316,-0.831938,1.415299,-0.002971,1.413342,-0.002971,-0.831938,0
2026-07-02 15:43:56.659917,4.775655,-0.826756,1.415299,-0.008152,1.418524,-0.008152,-0.826756,0
2026-07-02 15:43:56.659917,4.778100,-0.831938,1.415299,-0.002971,1.413342,-0.002971,-0.831938,0
2026-07-02 15:43:56.659917,4.780502,-0.826756,1.415299,-0.002971,1.413342,-0.002971,-0.826756,0
2026-07-02 15:43:56.670323,4.782973,-0.826756,1.415299,-0.008152,1.418524,-0.008152,-0.826756,0
2026-07-02 15:43:56.670323,4.785325,-0.826756,1.415299,-0.002971,1.413342,-0.002971,-0.826756,0
2026-07-02 15:43:56.670323,4.787887,-0.826756,1.415299,-0.002971,1.413342,-0.002971,-0.826756,0
2026-07-02 15:43:56.670323,4.790302,-0.831938,1.415299,-0.008152,1.413342,-0.008152,-0.831938,0
2026-07-02 15:43:56.670323,4.792807,-0.826756,1.415299,-0.002971,1.413342,-0.002971,-0.826756,0
2026-07-02 15:43:56.680769,4.795152,-0.831938,1.415299,-0.008152,1.413342,-0.008152,-0.831938,0
2026-07-02 15:43:56.680769,4.797388,-0.837119,1.415299,-0.002971,1.413342,-0.002971,-0.837119,0
2026-07-02 15:43:56.680769,4.799803,-0.837119,1.415299,-0.002971,1.413342,-0.002971,-0.837119,0
2026-07-02 15:43:56.680769,4.802176,-0.826756,1.415299,-0.008152,1.418524,-0.008152,-0.826756,0
2026-07-02 15:43:56.690975,4.804551,-0.826756,1.415299,-0.002971,1.413342,-0.002971,-0.826756,0
2026-07-02 15:43:56.690975,4.806811,-0.826756,1.415299,-0.002971,1.413342,-0.002971,-0.826756,0
2026-07-02 15:43:56.690975,4.809193,-0.826756,1.415299,-0.002971,1.413342,-0.002971,-0.826756,0
2026-07-02 15:43:56.690975,4.811557,-0.831938,1.415299,-0.002971,1.413342,-0.002971,-0.831938,0
2026-07-02 15:43:56.701050,4.813976,-0.826756,1.415299,-0.002971,1.413342,-0.002971,-0.826756,0
2026-07-02 15:43:56.703561,4.816293,-0.831938,1.415299,-0.002971,1.418524,-0.002971,-0.831938,0
2026-07-02 15:43:56.703561,4.818778,-0.826756,1.415299,-0.002971,1.413342,-0.002971,-0.826756,0
2026-07-02 15:43:56.703561,4.821314,-0.826756,1.415299,-0.008152,1.413342,-0.008152,-0.826756,0
2026-07-02 15:43:56.711249,4.823772,-0.831938,1.415299,-0.002971,1.413342,-0.002971,-0.831938,0
2026-07-02 15:43:56.712320,4.826080,-0.831938,1.415299,-0.002971,1.418524,-0.002971,-0.831938,0
2026-07-02 15:43:56.712320,4.828385,-0.831938,1.415299,-0.008152,1.418524,-0.008152,-0.831938,0
2026-07-02 15:43:56.712320,4.830865,-0.837119,1.415299,-0.002971,1.413342,-0.002971,-0.837119,0
2026-07-02 15:43:56.712320,4.833509,-0.831938,1.415299,-0.002971,1.413342,-0.002971,-0.831938,0
2026-07-02 15:43:56.725764,4.836045,-0.826756,1.415299,-0.002971,1.418524,-0.002971,-0.826756,0
2026-07-02 15:43:56.726907,4.841421,-0.831938,1.415299,-0.002971,1.418524,-0.002971,-0.831938,0
2026-07-02 15:43:56.731761,4.843949,-0.826756,1.415299,-0.002971,1.413342,-0.002971,-0.826756,0
2026-07-02 15:43:56.731761,4.846457,-0.821574,1.415299,-0.008152,1.413342,-0.008152,-0.821574,0
2026-07-02 15:43:56.731761,4.848832,-0.831938,1.415299,-0.002971,1.413342,-0.002971,-0.831938,0
2026-07-02 15:43:56.731761,4.851301,-0.826756,1.415299,-0.008152,1.413342,-0.008152,-0.826756,0
2026-07-02 15:43:56.731761,4.853628,-0.826756,1.415299,-0.002971,1.413342,-0.002971,-0.826756,0
2026-07-02 15:43:56.742986,4.855984,-0.837119,1.415299,-0.002971,1.413342,-0.002971,-0.837119,0
2026-07-02 15:43:56.742986,4.858339,-0.837119,1.415299,-0.008152,1.413342,-0.008152,-0.837119,0
2026-07-02 15:43:56.742986,4.860810,-0.837119,1.415299,-0.002971,1.413342,-0.002971,-0.837119,0
2026-07-02 15:43:56.742986,4.863290,-0.831938,1.415299,-0.002971,1.413342,-0.002971,-0.831938,0
2026-07-02 15:43:56.752351,4.865788,-0.837119,1.415299,-0.002971,1.413342,-0.002971,-0.837119,0
2026-07-02 15:43:56.752351,4.868315,-0.826756,1.415299,-0.002971,1.418524,-0.002971,-0.826756,0
2026-07-02 15:43:56.752351,4.870805,-0.826756,1.415299,-0.002971,1.413342,-0.002971,-0.826756,0
2026-07-02 15:43:56.752351,4.873200,-0.837119,1.415299,-0.002971,1.413342,-0.002971,-0.837119,0
2026-07-02 15:43:56.764628,4.875695,-0.837119,1.415299,-0.008152,1.413342,-0.008152,-0.837119,0
2026-07-02 15:43:56.768649,4.880677,-0.831938,1.415299,-0.002971,1.413342,-0.002971,-0.831938,0
2026-07-02 15:43:56.770869,4.883738,-0.831938,1.415299,-0.002971,1.413342,-0.002971,-0.831938,0
2026-07-02 15:43:56.779338,4.886146,-0.837119,1.415299,-0.002971,1.413342,-0.002971,-0.837119,0
2026-07-02 15:43:56.780781,4.894543,-0.826756,1.415299,-0.008152,1.418524,-0.008152,-0.826756,0
2026-07-02 15:43:56.783317,4.896897,-0.826756,1.415299,-0.008152,1.418524,-0.008152,-0.826756,0
2026-07-02 15:43:56.783317,4.899268,-0.831938,1.415299,-0.002971,1.413342,-0.002971,-0.831938,0
2026-07-02 15:43:56.783317,4.901667,-0.831938,1.415299,-0.002971,1.413342,-0.002971,-0.831938,0
2026-07-02 15:43:56.783317,4.904080,-0.826756,1.415299,-0.002971,1.418524,-0.002971,-0.826756,0
2026-07-02 15:43:56.798091,4.907041,-0.831938,1.415299,-0.002971,1.413342,-0.002971,-0.831938,0
2026-07-02 15:43:56.800246,4.913280,-0.826756,1.415299,-0.002971,1.413342,-0.002971,-0.826756,0
2026-07-02 15:43:56.831476,4.915707,-0.831938,1.415299,-0.002971,1.413342,-0.002971,-0.831938,0
2026-07-02 15:43:56.840042,4.947014,-0.831938,1.415299,-0.002971,1.413342,-0.002971,-0.831938,0
2026-07-02 15:43:56.851481,4.955137,-0.826756,1.415299,-0.008152,1.413342,-0.008152,-0.826756,0
2026-07-02 15:43:56.853497,4.966963,-0.831938,1.415299,-0.002971,1.413342,-0.002971,-0.831938,0
2026-07-02 15:43:56.856615,4.969425,-0.837119,1.415299,-0.002971,1.413342,-0.002971,-0.837119,0
2026-07-02 15:43:56.859524,4.971820,-0.826756,1.415299,-0.008152,1.413342,-0.008152,-0.826756,0
2026-07-02 15:43:56.860620,4.974188,-0.837119,1.415299,-0.008152,1.418524,-0.008152,-0.837119,0
2026-07-02 15:43:56.860620,4.976618,-0.826756,1.415299,-0.008152,1.413342,-0.008152,-0.826756,0
2026-07-02 15:43:56.865573,4.979040,-0.826756,1.415299,-0.008152,1.418524,-0.008152,-0.826756,0
2026-07-02 15:43:56.871229,4.982127,-0.831938,1.415299,-0.002971,1.418524,-0.002971,-0.831938,0
2026-07-02 15:43:56.875857,4.987756,-0.826756,1.415299,-0.008152,1.413342,-0.008152,-0.826756,0
2026-07-02 15:43:56.875857,4.990482,-0.826756,1.415299,-0.002971,1.413342,-0.002971,-0.826756,0
2026-07-02 15:43:56.879453,4.992716,-0.831938,1.415299,-0.002971,1.413342,-0.002971,-0.831938,0
2026-07-02 15:43:56.879453,4.994957,-0.831938,1.415299,-0.002971,1.418524,-0.002971,-0.831938,0
2026-07-02 15:43:56.879453,4.997280,-0.821574,1.415299,-0.008152,1.413342,-0.008152,-0.821574,0
2026-07-02 15:43:56.885754,4.999515,-0.837119,1.415299,-0.002971,1.418524,-0.002971,-0.837119,0
