horodatage,temps_s,AIN0,AIN1,AIN2,AIN3,courant,position,trigger
2026-07-02 15:37:57.365749,0.000001,-7.599185,1.415299,-0.002971,1.413342,-0.002971,-7.599185,0
2026-07-02 15:37:57.367766,0.002971,-7.599185,1.415299,-0.002971,1.418524,-0.002971,-7.599185,0
2026-07-02 15:37:57.369783,0.005640,-7.594003,1.415299,-0.002971,1.418524,-0.002971,-7.594003,0
2026-07-02 15:37:57.373293,0.008180,-7.594003,1.415299,-0.002971,1.413342,-0.002971,-7.594003,0
2026-07-02 15:37:57.375310,0.011046,-7.594003,1.415299,-0.002971,1.413342,-0.002971,-7.594003,0
2026-07-02 15:37:57.378841,0.013934,-7.594003,1.415299,-0.002971,1.418524,-0.002971,-7.594003,0
2026-07-02 15:37:57.381885,0.016568,-7.599185,1.415299,-0.002971,1.413342,-0.002971,-7.599185,0
2026-07-02 15:37:57.383908,0.019195,-7.594003,1.415299,-0.002971,1.418524,-0.002971,-7.594003,0
2026-07-02 15:37:57.387976,0.022405,-7.599185,1.415299,-0.002971,1.413342,-0.002971,-7.599185,0
2026-07-02 15:37:57.389451,0.025257,-7.599185,1.415299,-0.002971,1.418524,-0.002971,-7.599185,0
2026-07-02 15:37:57.393500,0.027937,-7.599185,1.415299,-0.002971,1.413342,-0.002971,-7.599185,0
2026-07-02 15:37:57.395524,0.030651,-7.594003,1.415299,-0.002971,1.413342,-0.002971,-7.594003,0
2026-07-02 15:37:57.397542,0.033273,-7.599185,1.415299,-0.002971,1.418524,-0.002971,-7.599185,0
2026-07-02 15:37:57.399561,0.035930,-7.599185,1.415299,-0.002971,1.413342,-0.002971,-7.599185,0
2026-07-02 15:37:57.403597,0.038624,-7.599185,1.415299,-0.002971,1.413342,-0.002971,-7.599185,0
2026-07-02 15:37:57.405613,0.041287,-7.599185,1.415299,-0.002971,1.418524,-0.002971,-7.599185,0
2026-07-02 15:37:57.409656,0.044220,-7.594003,1.415299,-0.002971,1.413342,-0.002971,-7.594003,0
2026-07-02 15:37:57.411679,0.046856,-7.599185,1.415299,-0.002971,1.413342,-0.002971,-7.599185,0
2026-07-02 15:37:57.413700,0.049539,-7.594003,1.415299,-0.002971,1.418524,-0.002971,-7.594003,0
2026-07-02 15:37:57.417740,0.052171,-7.594003,1.415299,-0.002971,1.413342,-0.002971,-7.594003,0
2026-07-02 15:37:57.419761,0.054781,-7.594003,1.415299,-0.002971,1.413342,-0.002971,-7.594003,0
2026-07-02 15:37:57.422365,0.057438,-7.594003,1.415299,-0.002971,1.413342,-0.002971,-7.594003,0
2026-07-02 15:37:57.425248,0.060042,-7.599185,1.415299,-0.002971,1.418524,-0.002971,-7.599185,0
2026-07-02 15:37:57.426532,0.062738,-7.599185,1.415299,-0.002971,1.418524,-0.002971,-7.599185,0
2026-07-02 15:37:57.430154,0.065386,-7.594003,1.415299,-0.002971,1.413342,-0.002971,-7.594003,0
2026-07-02 15:37:57.433782,0.068089,-7.599185,1.415299,-0.002971,1.413342,-0.002971,-7.599185,0
2026-07-02 15:37:57.436471,0.071107,-7.594003,1.415299,-0.002971,1.418524,-0.002971,-7.594003,0
2026-07-02 15:37:57.437567,0.073791,-7.594003,1.415299,-0.002971,1.413342,-0.002971,-7.594003,0
2026-07-02 15:37:57.440592,0.076535,-7.594003,1.415299,-0.002971,1.418524,-0.002971,-7.594003,0
2026-07-02 15:37:57.443968,0.079407,-7.594003,1.415299,-0.002971,1.413342,-0.002971,-7.594003,0
2026-07-02 15:37:57.448023,0.082353,-7.599185,1.415299,-0.002971,1.413342,-0.002971,-7.599185,0
2026-07-02 15:37:57.449035,0.085082,-7.594003,1.415299,-0.002971,1.413342,-0.002971,-7.594003,0
2026-07-02 15:37:57.453004,0.087745,-7.599185,1.415299,-0.002971,1.418524,-0.002971,-7.599185,0
2026-07-02 15:37:57.454639,0.090514,-7.594003,1.415299,-0.002971,1.413342,-0.002971,-7.594003,0
2026-07-02 15:37:57.458204,0.093068,-7.594003,1.415299,-0.002971,1.413342,-0.002971,-7.594003,0
2026-07-02 15:37:57.460795,0.095486,-7.599185,1.415299,-0.002971,1.413342,-0.002971,-7.599185,0
2026-07-02 15:37:57.462809,0.097833,-7.599185,1.415299,-0.002971,1.413342,-0.002971,-7.599185,0
2026-07-02 15:37:57.464824,0.100157,-7.599185,1.415299,-0.002971,1.413342,-0.002971,-7.599185,0
2026-07-02 15:37:57.467029,0.102407,-7.599185,1.415299,-0.002971,1.418524,-0.002971,-7.599185,0
2026-07-02 15:37:57.469046,0.104703,-7.599185,1.415299,-0.002971,1.413342,-0.002971,-7.599185,0
2026-07-02 15:37:57.471064,0.107073,-7.599185,1.415299,-0.002971,1.413342,-0.002971,-7.599185,0
2026-07-02 15:37:57.473082,0.109373,-7.594003,1.415299,-0.002971,1.413342,-0.002971,-7.594003,0
2026-07-02 15:37:57.475097,0.111592,-7.594003,1.415299,-0.002971,1.413342,-0.002971,-7.594003,0
2026-07-02 15:37:57.479120,0.113956,-7.594003,1.415299,-0.002971,1.413342,-0.002971,-7.594003,0
2026-07-02 15:37:57.481132,0.116586,-7.594003,1.415299,-0.002971,1.413342,-0.002971,-7.594003,0
2026-07-02 15:37:57.483143,0.118921,-7.594003,1.415299,-0.002971,1.418524,-0.002971,-7.594003,0
2026-07-02 15:37:57.485153,0.121203,-7.599185,1.415299,-0.002971,1.413342,-0.002971,-7.599185,0
2026-07-02 15:37:57.487165,0.123555,-7.599185,1.415299,-0.002971,1.418524,-0.002971,-7.599185,0
2026-07-02 15:37:57.489177,0.125916,-7.599185,1.415299,-0.002971,1.418524,-0.002971,-7.599185,0
2026-07-02 15:37:57.493200,0.128122,-7.599185,1.415299,-0.002971,1.413342,-0.002971,-7.599185,0
2026-07-02 15:37:57.495211,0.130433,-7.594003,1.415299,-0.002971,1.413342,-0.002971,-7.594003,0
2026-07-02 15:37:57.497223,0.132783,-7.594003,1.415299,-0.002971,1.413342,-0.002971,-7.594003,0
2026-07-02 15:37:57.499233,0.135023,-7.594003,1.415299,-0.002971,1.413342,-0.002971,-7.594003,0
2026-07-02 15:37:57.501244,0.137404,-7.594003,1.415299,-0.002971,1.413342,-0.002971,-7.594003,0
2026-07-02 15:37:57.503256,0.139889,-7.599185,1.415299,-0.002971,1.413342,-0.002971,-7.599185,0
2026-07-02 15:37:57.507282,0.142301,-7.599185,1.415299,-0.002971,1.413342,-0.002971,-7.599185,0
2026-07-02 15:37:57.509297,0.144658,-7.599185,1.415299,-0.002971,1.413342,-0.002971,-7.599185,0
2026-07-02 15:37:57.511310,0.147207,-7.599185,1.415299,0.002211,1.413342,0.002211,-7.599185,0
2026-07-02 15:37:57.513326,0.149560,-7.594003,1.415299,-0.002971,1.413342,-0.002971,-7.594003,0
2026-07-02 15:37:57.519367,0.151930,-7.599185,1.415299,-0.002971,1.413342,-0.002971,-7.599185,0
2026-07-02 15:37:57.521383,0.157356,-7.594003,1.415299,-0.002971,1.418524,-0.002971,-7.594003,0
2026-07-02 15:37:57.523399,0.159893,-7.599185,1.415299,-0.002971,1.413342,-0.002971,-7.599185,0
2026-07-02 15:37:57.527419,0.162385,-7.599185,1.415299,-0.002971,1.418524,-0.002971,-7.599185,0
2026-07-02 15:37:57.530336,0.165177,-7.594003,1.415299,-0.002971,1.418524,-0.002971,-7.594003,0
2026-07-02 15:37:57.532349,0.167725,-7.599185,1.415299,-0.002971,1.413342,-0.002971,-7.599185,0
2026-07-02 15:37:57.534358,0.170174,-7.594003,1.415299,-0.002971,1.413342,-0.002971,-7.594003,0
2026-07-02 15:37:57.537885,0.172617,-7.599185,1.415299,-0.002971,1.413342,-0.002971,-7.599185,0
2026-07-02 15:37:57.539897,0.175021,-7.599185,1.415299,-0.002971,1.413342,-0.002971,-7.599185,0
2026-07-02 15:37:57.541915,0.177511,-7.594003,1.415299,-0.002971,1.418524,-0.002971,-7.594003,0
2026-07-02 15:37:57.545253,0.179991,-7.599185,1.415299,-0.002971,1.413342,-0.002971,-7.599185,0
2026-07-02 15:37:57.546296,0.182446,-7.599185,1.415299,-0.002971,1.413342,-0.002971,-7.599185,0
2026-07-02 15:37:57.548875,0.184804,-7.594003,1.415299,-0.002971,1.413342,-0.002971,-7.594003,0
2026-07-02 15:37:57.551916,0.187275,-7.599185,1.415299,-0.002971,1.413342,-0.002971,-7.599185,0
2026-07-02 15:37:57.553985,0.189682,-7.594003,1.415299,-0.002971,1.413342,-0.002971,-7.594003,0
2026-07-02 15:37:57.556016,0.192177,-7.594003,1.415299,-0.002971,1.418524,-0.002971,-7.594003,0
2026-07-02 15:37:57.558025,0.194642,-7.594003,1.415299,-0.002971,1.413342,-0.002971,-7.594003,0
2026-07-02 15:37:57.560531,0.197090,-7.594003,1.415299,-0.002971,1.413342,-0.002971,-7.594003,0
2026-07-02 15:37:57.564553,0.199462,-7.594003,1.415299,-0.002971,1.413342,-0.002971,-7.594003,0
2026-07-02 15:37:57.566317,0.201906,-7.599185,1.415299,-0.002971,1.413342,-0.002971,-7.599185,0
2026-07-02 15:37:57.568332,0.204496,-7.594003,1.415299,-0.002971,1.418524,-0.002971,-7.594003,0
2026-07-02 15:37:57.572365,0.206977,-7.599185,1.415299,-0.002971,1.413342,-0.002971,-7.599185,0
2026-07-02 15:37:57.572365,0.209573,-7.599185,1.415299,-0.002971,1.413342,-0.002971,-7.599185,0
2026-07-02 15:37:57.576381,0.212112,-7.594003,1.415299,-0.002971,1.418524,-0.002971,-7.594003,0
2026-07-02 15:37:57.579410,0.214738,-7.599185,1.415299,-0.002971,1.418524,-0.002971,-7.599185,0
2026-07-02 15:37:57.581459,0.217228,-7.594003,1.415299,-0.002971,1.413342,-0.002971,-7.594003,0
2026-07-02 15:37:57.583474,0.219561,-7.599185,1.415299,-0.002971,1.413342,-0.002971,-7.599185,0
2026-07-02 15:37:57.586746,0.221970,-7.599185,1.415299,-0.002971,1.413342,-0.002971,-7.599185,0
2026-07-02 15:37:57.588760,0.224464,-7.594003,1.415299,-0.002971,1.413342,-0.002971,-7.594003,0
2026-07-02 15:37:57.588760,0.226801,-7.594003,1.415299,-0.002971,1.413342,-0.002971,-7.594003,0
2026-07-02 15:37:57.593208,0.229082,-7.599185,1.415299,-0.002971,1.413342,-0.002971,-7.599185,0
2026-07-02 15:37:57.596975,0.231352,-7.599185,1.415299,-0.002971,1.413342,-0.002971,-7.599185,0
2026-07-02 15:37:57.601002,0.234488,-7.599185,1.415299,-0.002971,1.418524,-0.002971,-7.599185,0
2026-07-02 15:37:57.603018,0.238467,-7.594003,1.415299,-0.002971,1.413342,-0.002971,-7.594003,0
2026-07-02 15:37:57.607051,0.241704,-7.599185,1.415299,-0.002971,1.413342,-0.002971,-7.599185,0
2026-07-02 15:37:57.611083,0.244347,-7.599185,1.415299,-0.002971,1.413342,-0.002971,-7.599185,0
2026-07-02 15:37:57.612122,0.248406,-7.594003,1.415299,-0.002971,1.418524,-0.002971,-7.594003,0
2026-07-02 15:37:57.614135,0.250792,-7.594003,1.415299,-0.002971,1.413342,-0.002971,-7.594003,0
2026-07-02 15:37:57.617154,0.253052,-7.594003,1.415299,-0.002971,1.418524,-0.002971,-7.594003,0
2026-07-02 15:37:57.619172,0.255767,-7.599185,1.415299,-0.002971,1.413342,-0.002971,-7.599185,0
2026-07-02 15:37:57.623191,0.258064,-7.594003,1.415299,-0.002971,1.413342,-0.002971,-7.594003,0
2026-07-02 15:37:57.625198,0.260393,-7.599185,1.415299,-0.002971,1.418524,-0.002971,-7.599185,0
2026-07-02 15:37:57.628647,0.263836,-7.599185,1.415299,-0.002971,1.413342,-0.002971,-7.599185,0
2026-07-02 15:37:57.632663,0.267420,-7.599185,1.415299,-0.002971,1.413342,-0.002971,-7.599185,0
2026-07-02 15:37:57.634674,0.269904,-7.599185,1.415299,-0.002971,1.418524,-0.002971,-7.599185,0
2026-07-02 15:37:57.637699,0.272346,-7.599185,1.415299,-0.002971,1.418524,-0.002971,-7.599185,0
2026-07-02 15:37:57.639715,0.274917,-7.599185,1.415299,-0.002971,1.413342,-0.002971,-7.599185,0
2026-07-02 15:37:57.639715,0.277415,-7.594003,1.415299,-0.002971,1.413342,-0.002971,-7.594003,0
2026-07-02 15:37:57.645126,0.279835,-7.599185,1.415299,-0.002971,1.413342,-0.002971,-7.599185,0
2026-07-02 15:37:57.649680,0.283305,-7.599185,1.415299,-0.002971,1.413342,-0.002971,-7.599185,0
2026-07-02 15:37:57.656812,0.288494,-7.599185,1.415299,-0.002971,1.413342,-0.002971,-7.599185,0
2026-07-02 15:37:57.661170,0.295259,-7.599185,1.415299,-0.002971,1.418524,-0.002971,-7.599185,0
2026-07-02 15:37:57.665206,0.299068,-7.599185,1.415299,-0.002971,1.413342,-0.002971,-7.599185,0
2026-07-02 15:37:57.671805,0.303136,-7.599185,1.415299,-0.002971,1.413342,-0.002971,-7.599185,0
2026-07-02 15:37:57.678548,0.309693,-7.599185,1.415299,-0.002971,1.413342,-0.002971,-7.599185,0
2026-07-02 15:37:57.688074,0.316494,-7.599185,1.415299,-0.002971,1.413342,-0.002971,-7.599185,0
2026-07-02 15:37:57.692103,0.325620,-7.599185,1.415299,-0.002971,1.413342,-0.002971,-7.599185,0
2026-07-02 15:37:57.700164,0.330289,-7.594003,1.415299,-0.002971,1.413342,-0.002971,-7.594003,0
2026-07-02 15:37:57.706196,0.337652,-7.594003,1.415299,-0.002971,1.413342,-0.002971,-7.594003,0
2026-07-02 15:37:57.715613,0.344604,-7.599185,1.415299,-0.002971,1.418524,-0.002971,-7.599185,0
2026-07-02 15:37:57.724571,0.352960,-7.594003,1.415299,-0.002971,1.413342,-0.002971,-7.594003,0
2026-07-02 15:37:57.729754,0.361897,-7.599185,1.415299,-0.002971,1.413342,-0.002971,-7.599185,0
2026-07-02 15:37:57.734496,0.367080,-7.599185,1.415299,-0.002971,1.413342,-0.002971,-7.599185,0
2026-07-02 15:37:57.742680,0.373193,-7.599185,1.415299,-0.002971,1.413342,-0.002971,-7.599185,0
2026-07-02 15:37:57.747726,0.381143,-7.599185,1.415299,-0.002971,1.413342,-0.002971,-7.599185,0
2026-07-02 15:37:57.753142,0.385130,-7.599185,1.415299,-0.002971,1.418524,-0.002971,-7.599185,0
2026-07-02 15:37:57.755670,0.390447,-7.594003,1.415299,-0.002971,1.418524,-0.002971,-7.594003,0
2026-07-02 15:37:57.759712,0.393501,-7.599185,1.415299,-0.002971,1.413342,-0.002971,-7.599185,0
2026-07-02 15:37:57.762740,0.397643,-7.594003,1.415299,-0.002971,1.413342,-0.002971,-7.594003,0
2026-07-02 15:37:57.764755,0.400160,-7.599185,1.415299,-0.002971,1.413342,-0.002971,-7.599185,0
2026-07-02 15:37:57.767571,0.402524,-7.599185,1.415299,-0.002971,1.418524,-0.002971,-7.599185,0
2026-07-02 15:37:57.769580,0.405896,-7.599185,1.415299,-0.002971,1.418524,-0.002971,-7.599185,0
2026-07-02 15:37:57.773610,0.408474,-7.599185,1.415299,-0.002971,1.413342,-0.002971,-7.599185,0
2026-07-02 15:37:57.775622,0.410857,-7.594003,1.415299,-0.002971,1.418524,-0.002971,-7.594003,0
2026-07-02 15:37:57.777638,0.414056,-7.594003,1.415299,-0.002971,1.418524,-0.002971,-7.594003,0
2026-07-02 15:37:57.780667,0.416531,-7.599185,1.415299,-0.002971,1.413342,-0.002971,-7.599185,0
2026-07-02 15:37:57.784694,0.418937,-7.594003,1.415299,-0.002971,1.413342,-0.002971,-7.594003,0
2026-07-02 15:37:57.787888,0.421994,-7.599185,1.415299,-0.002971,1.418524,-0.002971,-7.599185,0
2026-07-02 15:37:57.789908,0.425893,-7.594003,1.415299,-0.002971,1.413342,-0.002971,-7.594003,0
2026-07-02 15:37:57.791926,0.428422,-7.599185,1.415299,-0.002971,1.418524,-0.002971,-7.599185,0
2026-07-02 15:37:57.795958,0.430793,-7.594003,1.415299,-0.002971,1.413342,-0.002971,-7.594003,0
2026-07-02 15:37:57.797974,0.433316,-7.594003,1.415299,-0.002971,1.413342,-0.002971,-7.594003,0
2026-07-02 15:37:57.800483,0.435719,-7.599185,1.415299,-0.002971,1.418524,-0.002971,-7.599185,0
2026-07-02 15:37:57.804523,0.439502,-7.594003,1.415299,-0.002971,1.413342,-0.002971,-7.594003,0
2026-07-02 15:37:57.806541,0.442091,-7.599185,1.415299,-0.002971,1.413342,-0.002971,-7.599185,0
2026-07-02 15:37:57.810314,0.444529,-7.599185,1.415299,-0.002971,1.413342,-0.002971,-7.599185,0
2026-07-02 15:37:57.812331,0.447339,-7.599185,1.415299,-0.002971,1.413342,-0.002971,-7.599185,0
2026-07-02 15:37:57.814350,0.449837,-7.599185,1.415299,-0.002971,1.413342,-0.002971,-7.599185,0
2026-07-02 15:37:57.816366,0.452285,-7.594003,1.415299,-0.002971,1.413342,-0.002971,-7.594003,0
2026-07-02 15:37:57.819659,0.454724,-7.594003,1.415299,-0.002971,1.413342,-0.002971,-7.594003,0
2026-07-02 15:37:57.821674,0.457172,-7.599185,1.415299,-0.002971,1.413342,-0.002971,-7.599185,0
2026-07-02 15:37:57.823686,0.459602,-7.599185,1.415299,-0.002971,1.413342,-0.002971,-7.599185,0
2026-07-02 15:37:57.825696,0.462028,-7.594003,1.415299,-0.002971,1.413342,-0.002971,-7.594003,0
2026-07-02 15:37:57.829223,0.464441,-7.599185,1.415299,-0.002971,1.413342,-0.002971,-7.599185,0
2026-07-02 15:37:57.831235,0.466858,-7.594003,1.415299,-0.002971,1.413342,-0.002971,-7.594003,0
2026-07-02 15:37:57.833251,0.469307,-7.594003,1.415299,-0.002971,1.418524,-0.002971,-7.594003,0
2026-07-02 15:37:57.835268,0.471728,-7.594003,1.415299,-0.002971,1.413342,-0.002971,-7.594003,0
2026-07-02 15:37:57.839300,0.474164,-7.594003,1.415299,-0.002971,1.413342,-0.002971,-7.594003,0
2026-07-02 15:37:57.845355,0.476743,-7.594003,1.415299,-0.002971,1.418524,-0.002971,-7.594003,0
2026-07-02 15:37:57.851402,0.483635,-7.599185,1.415299,-0.002971,1.413342,-0.002971,-7.599185,0
2026-07-02 15:37:57.857458,0.489520,-7.599185,1.415299,-0.002971,1.418524,-0.002971,-7.599185,0
2026-07-02 15:37:57.865573,0.495616,-7.594003,1.415299,-0.002971,1.413342,-0.002971,-7.594003,0
2026-07-02 15:37:57.873627,0.503387,-7.599185,1.415299,-0.002971,1.413342,-0.002971,-7.599185,0
2026-07-02 15:37:57.875642,0.511232,-7.594003,1.415299,-0.002971,1.413342,-0.002971,-7.594003,0
2026-07-02 15:37:57.879659,0.514222,-7.599185,1.415299,-0.002971,1.413342,-0.002971,-7.599185,0
2026-07-02 15:37:57.885204,0.516686,-7.594003,1.415299,-0.002971,1.418524,-0.002971,-7.594003,0
2026-07-02 15:37:57.889239,0.522684,-7.599185,1.415299,-0.002971,1.413342,-0.002971,-7.599185,0
2026-07-02 15:37:57.893260,0.526805,-7.594003,1.415299,-0.002971,1.413342,-0.002971,-7.594003,0
2026-07-02 15:37:57.896374,0.531207,-7.594003,1.415299,-0.002971,1.413342,-0.002971,-7.594003,0
2026-07-02 15:37:57.899396,0.535379,-7.594003,1.415299,-0.002971,1.418524,-0.002971,-7.594003,0
2026-07-02 15:37:57.903426,0.538254,-7.594003,1.415299,-0.002971,1.413342,-0.002971,-7.594003,0
2026-07-02 15:37:57.907458,0.541433,-7.599185,1.415299,-0.002971,1.413342,-0.002971,-7.599185,0
2026-07-02 15:37:57.911484,0.545247,-7.594003,1.415299,-0.002971,1.413342,-0.002971,-7.594003,0
2026-07-02 15:37:57.914004,0.548929,-7.599185,1.415299,-0.002971,1.413342,-0.002971,-7.599185,0
2026-07-02 15:37:57.919789,0.552814,-7.594003,1.415299,-0.002971,1.413342,-0.002971,-7.594003,0
2026-07-02 15:37:57.923827,0.557701,-7.594003,1.415299,-0.002971,1.418524,-0.002971,-7.594003,0
2026-07-02 15:37:57.925836,0.561308,-7.599185,1.415299,-0.002971,1.418524,-0.002971,-7.599185,0
2026-07-02 15:37:57.931864,0.564063,-7.599185,1.415299,-0.002971,1.413342,-0.002971,-7.599185,0
2026-07-02 15:37:57.933878,0.569785,-7.594003,1.415299,-0.002971,1.413342,-0.002971,-7.594003,0
2026-07-02 15:37:57.937129,0.572626,-7.599185,1.415299,-0.002971,1.413342,-0.002971,-7.599185,0
2026-07-02 15:37:57.938137,0.575101,-7.599185,1.415299,-0.002971,1.413342,-0.002971,-7.599185,0
2026-07-02 15:37:57.942462,0.577614,-7.594003,1.415299,-0.002971,1.418524,-0.002971,-7.594003,0
2026-07-02 15:37:57.942462,0.580007,-7.599185,1.415299,-0.002971,1.413342,-0.002971,-7.599185,0
2026-07-02 15:37:57.946456,0.582472,-7.594003,1.415299,-0.002971,1.418524,-0.002971,-7.594003,0
2026-07-02 15:37:57.950150,0.585082,-7.599185,1.415299,-0.002971,1.418524,-0.002971,-7.599185,0
2026-07-02 15:37:57.952414,0.587787,-7.599185,1.415299,-0.002971,1.413342,-0.002971,-7.599185,0
2026-07-02 15:37:57.954669,0.590447,-7.594003,1.415299,-0.002971,1.413342,-0.002971,-7.594003,0
2026-07-02 15:37:57.954669,0.592988,-7.599185,1.415299,-0.002971,1.413342,-0.002971,-7.599185,0
2026-07-02 15:37:57.960051,0.595390,-7.594003,1.415299,-0.002971,1.413342,-0.002971,-7.594003,0
2026-07-02 15:37:57.963089,0.597853,-7.594003,1.415299,-0.002971,1.413342,-0.002971,-7.594003,0
2026-07-02 15:37:57.963089,0.600357,-7.599185,1.415299,-0.002971,1.413342,-0.002971,-7.599185,0
2026-07-02 15:37:57.967552,0.603129,-7.599185,1.415299,-0.002971,1.418524,-0.002971,-7.599185,0
2026-07-02 15:37:57.967552,0.605650,-7.594003,1.415299,-0.002971,1.413342,-0.002971,-7.594003,0
2026-07-02 15:37:57.971557,0.608127,-7.599185,1.415299,-0.002971,1.418524,-0.002971,-7.599185,0
2026-07-02 15:37:57.975859,0.610562,-7.594003,1.415299,-0.002971,1.418524,-0.002971,-7.594003,0
2026-07-02 15:37:57.977656,0.612886,-7.594003,1.415299,-0.002971,1.418524,-0.002971,-7.594003,0
2026-07-02 15:37:57.979769,0.615258,-7.594003,1.415299,-0.002971,1.418524,-0.002971,-7.594003,0
2026-07-02 15:37:57.981908,0.617601,-7.594003,1.415299,-0.002971,1.413342,-0.002971,-7.594003,0
2026-07-02 15:37:57.985281,0.620105,-7.599185,1.415299,-0.002971,1.413342,-0.002971,-7.599185,0
2026-07-02 15:37:57.985874,0.622504,-7.599185,1.415299,-0.002971,1.413342,-0.002971,-7.599185,0
2026-07-02 15:37:57.990108,0.624973,-7.594003,1.415299,-0.002971,1.413342,-0.002971,-7.594003,0
2026-07-02 15:37:57.992473,0.627506,-7.599185,1.415299,-0.002971,1.418524,-0.002971,-7.599185,0
2026-07-02 15:37:57.995120,0.629929,-7.594003,1.415299,-0.002971,1.418524,-0.002971,-7.594003,0
2026-07-02 15:37:57.997131,0.632521,-7.599185,1.415299,-0.002971,1.418524,-0.002971,-7.599185,0
2026-07-02 15:37:57.999527,0.634956,-7.599185,1.415299,-0.002971,1.413342,-0.002971,-7.599185,0
2026-07-02 15:37:58.002305,0.637487,-7.594003,1.415299,-0.002971,1.413342,-0.002971,-7.594003,0
2026-07-02 15:37:58.004316,0.640108,-7.599185,1.415299,-0.002971,1.413342,-0.002971,-7.599185,0
2026-07-02 15:37:58.006327,0.642500,-7.599185,1.415299,-0.002971,1.418524,-0.002971,-7.599185,0
2026-07-02 15:37:58.009951,0.644937,-7.599185,1.415299,-0.002971,1.413342,-0.002971,-7.599185,0
2026-07-02 15:37:58.012363,0.647204,-7.594003,1.415299,-0.002971,1.418524,-0.002971,-7.594003,0
2026-07-02 15:37:58.014375,0.649784,-7.594003,1.415299,-0.002971,1.413342,-0.002971,-7.594003,0
2026-07-02 15:37:58.017475,0.652233,-7.594003,1.415299,-0.002971,1.413342,-0.002971,-7.594003,0
2026-07-02 15:37:58.019686,0.654565,-7.594003,1.415299,-0.002971,1.418524,-0.002971,-7.594003,0
2026-07-02 15:37:58.021696,0.657023,-7.594003,1.415299,-0.002971,1.413342,-0.002971,-7.594003,0
2026-07-02 15:37:58.023705,0.659516,-7.594003,1.415299,-0.002971,1.413342,-0.002971,-7.594003,0
2026-07-02 15:37:58.026660,0.661918,-7.599185,1.415299,-0.002971,1.418524,-0.002971,-7.599185,0
2026-07-02 15:37:58.029478,0.664247,-7.599185,1.415299,-0.002971,1.418524,-0.002971,-7.599185,0
2026-07-02 15:37:58.031487,0.666679,-7.594003,1.415299,-0.002971,1.418524,-0.002971,-7.594003,0
2026-07-02 15:37:58.034713,0.669089,-7.594003,1.415299,-0.002971,1.413342,-0.002971,-7.594003,0
2026-07-02 15:37:58.036722,0.671896,-7.594003,1.415299,-0.002971,1.413342,-0.002971,-7.594003,0
2026-07-02 15:37:58.038731,0.674795,-7.594003,1.415299,-0.002971,1.418524,-0.002971,-7.594003,0
2026-07-02 15:37:58.043222,0.677298,-7.594003,1.415299,-0.002971,1.418524,-0.002971,-7.594003,0
2026-07-02 15:37:58.045813,0.680308,-7.599185,1.415299,-0.002971,1.418524,-0.002971,-7.599185,0
2026-07-02 15:37:58.047824,0.682816,-7.599185,1.415299,-0.002971,1.413342,-0.002971,-7.599185,0
2026-07-02 15:37:58.049832,0.685052,-7.594003,1.415299,-0.002971,1.413342,-0.002971,-7.594003,0
2026-07-02 15:37:58.052449,0.687264,-7.599185,1.415299,-0.002971,1.418524,-0.002971,-7.599185,0
2026-07-02 15:37:58.053138,0.689544,-7.594003,1.415299,-0.002971,1.418524,-0.002971,-7.594003,0
2026-07-02 15:37:58.057161,0.692011,-7.594003,1.415299,-0.002971,1.413342,-0.002971,-7.594003,0
2026-07-02 15:37:58.059789,0.694434,-7.599185,1.415299,-0.002971,1.418524,-0.002971,-7.599185,0
2026-07-02 15:37:58.062057,0.696834,-7.594003,1.415299,-0.002971,1.413342,-0.002971,-7.594003,0
2026-07-02 15:37:58.062598,0.699152,-7.594003,1.415299,-0.002971,1.418524,-0.002971,-7.594003,0
2026-07-02 15:37:58.066617,0.701637,-7.599185,1.415299,-0.002971,1.413342,-0.002971,-7.599185,0
2026-07-02 15:37:58.069368,0.704016,-7.594003,1.415299,-0.002971,1.418524,-0.002971,-7.594003,0
2026-07-02 15:37:58.070265,0.706494,-7.594003,1.415299,-0.002971,1.413342,-0.002971,-7.594003,0
2026-07-02 15:37:58.072276,0.708829,-7.599185,1.415299,-0.002971,1.413342,-0.002971,-7.599185,0
2026-07-02 15:37:58.076385,0.711237,-7.594003,1.415299,-0.002971,1.413342,-0.002971,-7.594003,0
2026-07-02 15:37:58.078461,0.714238,-7.594003,1.415299,-0.002971,1.413342,-0.002971,-7.594003,0
2026-07-02 15:37:58.082484,0.717180,-7.594003,1.415299,-0.002971,1.413342,-0.002971,-7.594003,0
2026-07-02 15:37:58.084751,0.719510,-7.594003,1.415299,-0.002971,1.413342,-0.002971,-7.594003,0
2026-07-02 15:37:58.086537,0.721964,-7.599185,1.415299,-0.002971,1.413342,-0.002971,-7.599185,0
2026-07-02 15:37:58.089619,0.724350,-7.599185,1.415299,-0.002971,1.413342,-0.002971,-7.599185,0
2026-07-02 15:37:58.091636,0.726631,-7.599185,1.415299,-0.002971,1.413342,-0.002971,-7.599185,0
2026-07-02 15:37:58.093947,0.728899,-7.599185,1.415299,-0.002971,1.418524,-0.002971,-7.599185,0
2026-07-02 15:37:58.095649,0.731361,-7.594003,1.415299,-0.002971,1.418524,-0.002971,-7.594003,0
2026-07-02 15:37:58.097663,0.733879,-7.594003,1.415299,-0.002971,1.413342,-0.002971,-7.594003,0
2026-07-02 15:37:58.101253,0.736335,-7.599185,1.415299,-0.002971,1.413342,-0.002971,-7.599185,0
2026-07-02 15:37:58.102531,0.738801,-7.594003,1.415299,-0.002971,1.418524,-0.002971,-7.594003,0
2026-07-02 15:37:58.106558,0.741314,-7.599185,1.415299,-0.002971,1.413342,-0.002971,-7.599185,0
2026-07-02 15:37:58.107967,0.743724,-7.599185,1.415299,-0.002971,1.413342,-0.002971,-7.599185,0
2026-07-02 15:37:58.111330,0.746197,-7.599185,1.415299,-0.002971,1.413342,-0.002971,-7.599185,0
2026-07-02 15:37:58.113342,0.748824,-7.594003,1.415299,-0.002971,1.413342,-0.002971,-7.594003,0
2026-07-02 15:37:58.115359,0.751288,-7.594003,1.415299,-0.002971,1.413342,-0.002971,-7.594003,0
2026-07-02 15:37:58.118137,0.753707,-7.594003,1.415299,-0.002971,1.413342,-0.002971,-7.594003,0
2026-07-02 15:37:58.120152,0.756258,-7.594003,1.415299,-0.002971,1.413342,-0.002971,-7.594003,0
2026-07-02 15:37:58.122165,0.758704,-7.594003,1.415299,-0.002971,1.413342,-0.002971,-7.594003,0
2026-07-02 15:37:58.128074,0.761101,-7.599185,1.415299,-0.002971,1.413342,-0.002971,-7.599185,0
2026-07-02 15:37:58.130608,0.765140,-7.594003,1.415299,-0.002971,1.413342,-0.002971,-7.594003,0
2026-07-02 15:37:58.132622,0.767945,-7.594003,1.415299,-0.002971,1.418524,-0.002971,-7.594003,0
2026-07-02 15:37:58.134134,0.770420,-7.594003,1.415299,-0.002971,1.418524,-0.002971,-7.594003,0
2026-07-02 15:37:58.136245,0.772681,-7.594003,1.415299,-0.002971,1.418524,-0.002971,-7.594003,0
2026-07-02 15:37:58.138260,0.774907,-7.599185,1.415299,-0.002971,1.413342,-0.002971,-7.599185,0
2026-07-02 15:37:58.142286,0.777103,-7.599185,1.415299,-0.002971,1.418524,-0.002971,-7.599185,0
2026-07-02 15:37:58.144306,0.779611,-7.599185,1.415299,-0.002971,1.413342,-0.002971,-7.599185,0
2026-07-02 15:37:58.146324,0.782137,-7.599185,1.415299,-0.002971,1.413342,-0.002971,-7.599185,0
2026-07-02 15:37:58.148342,0.784427,-7.594003,1.415299,-0.002971,1.413342,-0.002971,-7.594003,0
2026-07-02 15:37:58.150359,0.786677,-7.599185,1.415299,-0.002971,1.418524,-0.002971,-7.599185,0
2026-07-02 15:37:58.154388,0.789050,-7.599185,1.415299,-0.002971,1.418524,-0.002971,-7.599185,0
2026-07-02 15:37:58.156403,0.791523,-7.594003,1.415299,-0.002971,1.413342,-0.002971,-7.594003,0
2026-07-02 15:37:58.158417,0.793921,-7.594003,1.415299,-0.002971,1.413342,-0.002971,-7.594003,0
2026-07-02 15:37:58.161443,0.796315,-7.599185,1.415299,-0.002971,1.413342,-0.002971,-7.599185,0
2026-07-02 15:37:58.163454,0.798764,-7.594003,1.415299,-0.002971,1.413342,-0.002971,-7.594003,0
2026-07-02 15:37:58.166480,0.801161,-7.599185,1.415299,-0.002971,1.413342,-0.002971,-7.599185,0
2026-07-02 15:37:58.168498,0.803525,-7.599185,1.415299,0.002211,1.413342,0.002211,-7.599185,0
2026-07-02 15:37:58.170514,0.806095,-7.599185,1.415299,-0.002971,1.413342,-0.002971,-7.599185,0
2026-07-02 15:37:58.172528,0.808549,-7.599185,1.415299,-0.002971,1.413342,-0.002971,-7.599185,0
2026-07-02 15:37:58.178578,0.810808,-7.594003,1.415299,-0.002971,1.418524,-0.002971,-7.594003,0
2026-07-02 15:37:58.183103,0.816024,-7.594003,1.415299,0.002211,1.418524,0.002211,-7.594003,0
2026-07-02 15:37:58.187728,0.820705,-7.599185,1.410120,-0.002971,1.418524,-0.002971,-7.599185,0
2026-07-02 15:37:58.193381,0.827171,-7.599185,1.415299,-0.002971,1.413342,-0.002971,-7.599185,0
2026-07-02 15:37:58.198645,0.830648,-7.594003,1.415299,-0.002971,1.413342,-0.002971,-7.594003,0
2026-07-02 15:37:58.202683,0.836669,-7.599185,1.415299,-0.002971,1.413342,-0.002971,-7.599185,0
2026-07-02 15:37:58.206722,0.841378,-7.599185,1.415299,-0.002971,1.413342,-0.002971,-7.599185,0
2026-07-02 15:37:58.208739,0.844119,-7.599185,1.415299,-0.002971,1.413342,-0.002971,-7.599185,0
2026-07-02 15:37:58.210750,0.847180,-7.599185,1.415299,-0.002971,1.413342,-0.002971,-7.599185,0
2026-07-02 15:37:58.214785,0.849697,-7.594003,1.415299,-0.002971,1.413342,-0.002971,-7.594003,0
2026-07-02 15:37:58.218815,0.852332,-7.594003,1.415299,-0.002971,1.418524,-0.002971,-7.594003,0
2026-07-02 15:37:58.220834,0.855979,-7.599185,1.415299,-0.002971,1.418524,-0.002971,-7.599185,0
2026-07-02 15:37:58.222194,0.858351,-7.594003,1.415299,-0.002971,1.413342,-0.002971,-7.594003,0
2026-07-02 15:37:58.224964,0.860672,-7.599185,1.415299,-0.002971,1.413342,-0.002971,-7.599185,0
2026-07-02 15:37:58.228522,0.864010,-7.594003,1.415299,-0.002971,1.418524,-0.002971,-7.594003,0
2026-07-02 15:37:58.230534,0.866599,-7.599185,1.415299,-0.002971,1.413342,-0.002971,-7.599185,0
2026-07-02 15:37:58.234562,0.869025,-7.599185,1.415299,-0.002971,1.418524,-0.002971,-7.599185,0
2026-07-02 15:37:58.236580,0.871791,-7.594003,1.415299,-0.002971,1.418524,-0.002971,-7.594003,0
2026-07-02 15:37:58.238595,0.874248,-7.594003,1.415299,-0.002971,1.418524,-0.002971,-7.594003,0
2026-07-02 15:37:58.241720,0.876666,-7.594003,1.415299,-0.002971,1.413342,-0.002971,-7.594003,0
2026-07-02 15:37:58.244296,0.879110,-7.594003,1.415299,-0.002971,1.418524,-0.002971,-7.594003,0
2026-07-02 15:37:58.246310,0.881606,-7.594003,1.415299,-0.002971,1.413342,-0.002971,-7.594003,0
2026-07-02 15:37:58.248329,0.883915,-7.594003,1.415299,-0.002971,1.413342,-0.002971,-7.594003,0
2026-07-02 15:37:58.250344,0.886193,-7.594003,1.415299,-0.002971,1.418524,-0.002971,-7.594003,0
2026-07-02 15:37:58.255834,0.888571,-7.599185,1.415299,-0.002971,1.413342,-0.002971,-7.599185,0
2026-07-02 15:37:58.257763,0.892947,-7.599185,1.415299,-0.002971,1.413342,-0.002971,-7.599185,0
2026-07-02 15:37:58.260764,0.895539,-7.599185,1.415299,-0.002971,1.413342,-0.002971,-7.599185,0
2026-07-02 15:37:58.262285,0.897918,-7.594003,1.415299,-0.002971,1.413342,-0.002971,-7.594003,0
2026-07-02 15:37:58.264306,0.900386,-7.599185,1.415299,-0.002971,1.418524,-0.002971,-7.599185,0
2026-07-02 15:37:58.269763,0.902685,-7.599185,1.415299,-0.002971,1.418524,-0.002971,-7.599185,0
2026-07-02 15:37:58.272583,0.907366,-7.594003,1.415299,-0.002971,1.413342,-0.002971,-7.594003,0
2026-07-02 15:37:58.274600,0.909794,-7.599185,1.415299,-0.002971,1.413342,-0.002971,-7.599185,0
2026-07-02 15:37:58.276616,0.912083,-7.599185,1.415299,-0.002971,1.413342,-0.002971,-7.599185,0
2026-07-02 15:37:58.278633,0.914568,-7.594003,1.415299,-0.002971,1.418524,-0.002971,-7.594003,0
2026-07-02 15:37:58.282658,0.916861,-7.599185,1.415299,-0.002971,1.413342,-0.002971,-7.599185,0
2026-07-02 15:37:58.285682,0.920882,-7.599185,1.415299,-0.002971,1.418524,-0.002971,-7.599185,0
2026-07-02 15:37:58.287698,0.923315,-7.599185,1.415299,-0.002971,1.418524,-0.002971,-7.599185,0
2026-07-02 15:37:58.289719,0.925605,-7.599185,1.415299,-0.002971,1.413342,-0.002971,-7.599185,0
2026-07-02 15:37:58.292753,0.927978,-7.599185,1.415299,-0.002971,1.418524,-0.002971,-7.599185,0
2026-07-02 15:37:58.295180,0.930812,-7.594003,1.415299,-0.002971,1.413342,-0.002971,-7.594003,0
2026-07-02 15:37:58.296855,0.933421,-7.594003,1.415299,-0.002971,1.418524,-0.002971,-7.594003,0
2026-07-02 15:37:58.301687,0.935771,-7.599185,1.415299,-0.002971,1.413342,-0.002971,-7.599185,0
2026-07-02 15:37:58.305715,0.940336,-7.599185,1.415299,-0.002971,1.418524,-0.002971,-7.599185,0
2026-07-02 15:37:58.310946,0.943147,-7.594003,1.415299,-0.002971,1.413342,-0.002971,-7.594003,0
2026-07-02 15:37:58.314802,0.948182,-7.599185,1.415299,-0.002971,1.413342,-0.002971,-7.599185,0
2026-07-02 15:37:58.319211,0.953304,-7.594003,1.415299,-0.002971,1.413342,-0.002971,-7.594003,0
2026-07-02 15:37:58.321324,0.957443,-7.594003,1.415299,-0.002971,1.413342,-0.002971,-7.594003,0
2026-07-02 15:37:58.325853,0.959782,-7.599185,1.415299,-0.002971,1.413342,-0.002971,-7.599185,0
2026-07-02 15:37:58.327807,0.963264,-7.599185,1.415299,-0.002971,1.413342,-0.002971,-7.599185,0
2026-07-02 15:37:58.330672,0.966320,-7.599185,1.415299,-0.002971,1.413342,-0.002971,-7.599185,0
2026-07-02 15:37:58.334247,0.968930,-7.599185,1.415299,-0.002971,1.418524,-0.002971,-7.599185,0
2026-07-02 15:37:58.336120,0.971311,-7.594003,1.415299,-0.002971,1.413342,-0.002971,-7.594003,0
2026-07-02 15:37:58.338136,0.973616,-7.599185,1.415299,-0.002971,1.418524,-0.002971,-7.599185,0
2026-07-02 15:37:58.340148,0.976022,-7.594003,1.415299,-0.002971,1.413342,-0.002971,-7.594003,0
2026-07-02 15:37:58.343339,0.978224,-7.594003,1.415299,-0.002971,1.418524,-0.002971,-7.594003,0
2026-07-02 15:37:58.344350,0.980527,-7.599185,1.415299,-0.002971,1.413342,-0.002971,-7.599185,0
2026-07-02 15:37:58.346362,0.982955,-7.599185,1.415299,-0.002971,1.413342,-0.002971,-7.599185,0
2026-07-02 15:37:58.350385,0.985271,-7.594003,1.415299,-0.002971,1.413342,-0.002971,-7.594003,0
2026-07-02 15:37:58.352772,0.987584,-7.599185,1.415299,-0.002971,1.413342,-0.002971,-7.599185,0
2026-07-02 15:37:58.354786,0.990220,-7.594003,1.415299,-0.002971,1.413342,-0.002971,-7.594003,0
2026-07-02 15:37:58.356801,0.992631,-7.599185,1.415299,-0.002971,1.413342,-0.002971,-7.599185,0
2026-07-02 15:37:58.359181,0.995014,-7.594003,1.415299,-0.002971,1.418524,-0.002971,-7.594003,0
2026-07-02 15:37:58.362178,0.998016,-7.594003,1.415299,-0.002971,1.413342,-0.002971,-7.594003,0
2026-07-02 15:37:58.364192,1.001069,-7.599185,1.415299,-0.002971,1.413342,-0.002971,-7.599185,0
2026-07-02 15:37:58.367627,1.003446,-7.599185,1.415299,-0.002971,1.413342,-0.002971,-7.599185,0
2026-07-02 15:37:58.369571,1.005925,-7.594003,1.415299,-0.002971,1.413342,-0.002971,-7.594003,0
2026-07-02 15:37:58.373598,1.008372,-7.599185,1.415299,-0.002971,1.418524,-0.002971,-7.599185,0
2026-07-02 15:37:58.375987,1.010689,-7.594003,1.415299,-0.002971,1.413342,-0.002971,-7.594003,0
2026-07-02 15:37:58.377738,1.013148,-7.599185,1.415299,-0.002971,1.418524,-0.002971,-7.599185,0
2026-07-02 15:37:58.377738,1.015550,-7.599185,1.415299,-0.002971,1.418524,-0.002971,-7.599185,0
2026-07-02 15:37:58.377738,1.017891,-7.599185,1.415299,-0.002971,1.413342,-0.002971,-7.599185,0
2026-07-02 15:37:58.384164,1.020243,-7.599185,1.415299,-0.002971,1.418524,-0.002971,-7.599185,0
2026-07-02 15:37:58.386177,1.022545,-7.599185,1.415299,-0.002971,1.418524,-0.002971,-7.599185,0
2026-07-02 15:37:58.388561,1.024911,-7.594003,1.415299,-0.002971,1.413342,-0.002971,-7.594003,0
2026-07-02 15:37:58.392446,1.027324,-7.599185,1.415299,-0.002971,1.413342,-0.002971,-7.599185,0
2026-07-02 15:37:58.394373,1.029677,-7.599185,1.415299,-0.002971,1.418524,-0.002971,-7.599185,0
2026-07-02 15:37:58.394373,1.032071,-7.599185,1.415299,-0.002971,1.413342,-0.002971,-7.599185,0
2026-07-02 15:37:58.394373,1.034357,-7.594003,1.415299,-0.002971,1.418524,-0.002971,-7.594003,0
2026-07-02 15:37:58.400833,1.036585,-7.594003,1.415299,-0.002971,1.418524,-0.002971,-7.594003,0
2026-07-02 15:37:58.402740,1.038933,-7.594003,1.415299,-0.002971,1.413342,-0.002971,-7.594003,0
2026-07-02 15:37:58.402740,1.041415,-7.599185,1.415299,-0.002971,1.413342,-0.002971,-7.599185,0
2026-07-02 15:37:58.402740,1.043769,-7.594003,1.415299,-0.002971,1.418524,-0.002971,-7.594003,0
2026-07-02 15:37:58.411264,1.046099,-7.594003,1.415299,-0.002971,1.418524,-0.002971,-7.594003,0
2026-07-02 15:37:58.413283,1.048581,-7.599185,1.415299,-0.002971,1.418524,-0.002971,-7.599185,0
2026-07-02 15:37:58.415301,1.050905,-7.594003,1.415299,-0.002971,1.418524,-0.002971,-7.594003,0
2026-07-02 15:37:58.417871,1.053166,-7.594003,1.415299,-0.002971,1.413342,-0.002971,-7.594003,0
2026-07-02 15:37:58.419054,1.055490,-7.594003,1.415299,-0.002971,1.418524,-0.002971,-7.594003,0
2026-07-02 15:37:58.419054,1.057768,-7.594003,1.415299,-0.002971,1.413342,-0.002971,-7.594003,0
2026-07-02 15:37:58.423335,1.060052,-7.594003,1.415299,-0.002971,1.413342,-0.002971,-7.594003,0
2026-07-02 15:37:58.427574,1.062380,-7.594003,1.415299,-0.002971,1.413342,-0.002971,-7.594003,0
2026-07-02 15:37:58.428419,1.064766,-7.599185,1.415299,-0.002971,1.413342,-0.002971,-7.599185,0
2026-07-02 15:37:58.428419,1.067217,-7.599185,1.415299,-0.002971,1.413342,-0.002971,-7.599185,0
2026-07-02 15:37:58.434110,1.069647,-7.594003,1.415299,-0.002971,1.413342,-0.002971,-7.594003,0
2026-07-02 15:37:58.436000,1.072029,-7.594003,1.415299,-0.008152,1.413342,-0.008152,-7.594003,0
2026-07-02 15:37:58.438014,1.074395,-7.599185,1.415299,-0.002971,1.413342,-0.002971,-7.599185,0
2026-07-02 15:37:58.440026,1.076720,-7.599185,1.415299,-0.002971,1.413342,-0.002971,-7.599185,0
2026-07-02 15:37:58.443477,1.079145,-7.594003,1.415299,-0.002971,1.413342,-0.002971,-7.594003,0
2026-07-02 15:37:58.446501,1.081459,-7.594003,1.415299,-0.002971,1.418524,-0.002971,-7.594003,0
2026-07-02 15:37:58.448519,1.083943,-7.599185,1.415299,-0.002971,1.418524,-0.002971,-7.599185,0
2026-07-02 15:37:58.452706,1.086327,-7.599185,1.415299,-0.002971,1.413342,-0.002971,-7.599185,0
2026-07-02 15:37:58.457639,1.091531,-7.599185,1.415299,-0.002971,1.413342,-0.002971,-7.599185,0
2026-07-02 15:37:58.463837,1.095662,-7.599185,1.415299,-0.002971,1.413342,-0.002971,-7.599185,0
2026-07-02 15:37:58.468024,1.101773,-7.599185,1.415299,-0.002971,1.413342,-0.002971,-7.599185,0
2026-07-02 15:37:58.485109,1.106089,-7.599185,1.415299,-0.002971,1.413342,-0.002971,-7.599185,0
2026-07-02 15:37:58.489738,1.125291,-7.599185,1.415299,-0.002971,1.418524,-0.002971,-7.599185,0
2026-07-02 15:37:58.493115,1.127847,-7.599185,1.415299,0.002211,1.418524,0.002211,-7.599185,0
2026-07-02 15:37:58.495459,1.130514,-7.594003,1.415299,-0.002971,1.413342,-0.002971,-7.594003,0
2026-07-02 15:37:58.497212,1.133121,-7.599185,1.415299,-0.002971,1.418524,-0.002971,-7.599185,0
2026-07-02 15:37:58.500856,1.135558,-7.594003,1.415299,-0.002971,1.413342,-0.002971,-7.594003,0
2026-07-02 15:37:58.502864,1.137982,-7.599185,1.415299,-0.002971,1.413342,-0.002971,-7.599185,0
2026-07-02 15:37:58.504875,1.140472,-7.599185,1.415299,-0.002971,1.413342,-0.002971,-7.599185,0
2026-07-02 15:37:58.506886,1.142856,-7.594003,1.415299,-0.002971,1.418524,-0.002971,-7.594003,0
2026-07-02 15:37:58.509985,1.145210,-7.594003,1.415299,-0.002971,1.413342,-0.002971,-7.594003,0
2026-07-02 15:37:58.511571,1.147591,-7.599185,1.415299,-0.002971,1.418524,-0.002971,-7.599185,0
2026-07-02 15:37:58.515104,1.149968,-7.594003,1.415299,-0.002971,1.413342,-0.002971,-7.594003,0
2026-07-02 15:37:58.517190,1.152467,-7.594003,1.415299,-0.002971,1.418524,-0.002971,-7.594003,0
2026-07-02 15:37:58.518275,1.154847,-7.594003,1.415299,-0.002971,1.418524,-0.002971,-7.594003,0
2026-07-02 15:37:58.521033,1.157218,-7.594003,1.415299,-0.002971,1.413342,-0.002971,-7.594003,0
2026-07-02 15:37:58.524427,1.159853,-7.599185,1.415299,-0.002971,1.413342,-0.002971,-7.599185,0
2026-07-02 15:37:58.526417,1.162320,-7.599185,1.415299,-0.002971,1.413342,-0.002971,-7.599185,0
2026-07-02 15:37:58.527886,1.164813,-7.594003,1.415299,-0.002971,1.413342,-0.002971,-7.594003,0
2026-07-02 15:37:58.531968,1.167283,-7.594003,1.415299,-0.002971,1.418524,-0.002971,-7.594003,0
2026-07-02 15:37:58.534795,1.169724,-7.594003,1.415299,-0.002971,1.413342,-0.002971,-7.594003,0
2026-07-02 15:37:58.535923,1.171984,-7.594003,1.415299,-0.002971,1.413342,-0.002971,-7.594003,0
2026-07-02 15:37:58.535923,1.174452,-7.594003,1.415299,-0.002971,1.413342,-0.002971,-7.594003,0
2026-07-02 15:37:58.542390,1.176887,-7.599185,1.415299,-0.002971,1.413342,-0.002971,-7.599185,0
2026-07-02 15:37:58.545463,1.179645,-7.599185,1.415299,-0.002971,1.413342,-0.002971,-7.599185,0
2026-07-02 15:37:58.546381,1.183067,-7.594003,1.415299,-0.002971,1.413342,-0.002971,-7.594003,0
2026-07-02 15:37:58.551544,1.185387,-7.594003,1.415299,-0.002971,1.418524,-0.002971,-7.594003,0
2026-07-02 15:37:58.553813,1.188953,-7.599185,1.415299,-0.002971,1.413342,-0.002971,-7.599185,0
2026-07-02 15:37:58.554474,1.191382,-7.594003,1.415299,-0.002971,1.413342,-0.002971,-7.594003,0
2026-07-02 15:37:58.557061,1.193733,-7.594003,1.415299,-0.002971,1.418524,-0.002971,-7.594003,0
2026-07-02 15:37:58.560007,1.196106,-7.594003,1.415299,-0.002971,1.413342,-0.002971,-7.594003,0
2026-07-02 15:37:58.562024,1.198440,-7.594003,1.415299,-0.002971,1.413342,-0.002971,-7.594003,0
2026-07-02 15:37:58.564873,1.200754,-7.594003,1.415299,-0.002971,1.413342,-0.002971,-7.594003,0
2026-07-02 15:37:58.568102,1.203037,-7.599185,1.415299,-0.002971,1.413342,-0.002971,-7.599185,0
2026-07-02 15:37:58.570672,1.205323,-7.599185,1.415299,-0.002971,1.413342,-0.002971,-7.599185,0
2026-07-02 15:37:58.572772,1.207770,-7.599185,1.415299,-0.002971,1.413342,-0.002971,-7.599185,0
2026-07-02 15:37:58.572772,1.210088,-7.594003,1.415299,-0.002971,1.413342,-0.002971,-7.594003,0
2026-07-02 15:37:58.576500,1.212513,-7.599185,1.415299,-0.002971,1.418524,-0.002971,-7.599185,0
2026-07-02 15:37:58.576500,1.214883,-7.594003,1.415299,-0.002971,1.413342,-0.002971,-7.594003,0
2026-07-02 15:37:58.576500,1.217187,-7.599185,1.415299,-0.002971,1.413342,-0.002971,-7.599185,0
2026-07-02 15:37:58.584475,1.219496,-7.599185,1.415299,-0.002971,1.413342,-0.002971,-7.599185,0
2026-07-02 15:37:58.586955,1.221801,-7.599185,1.415299,-0.002971,1.418524,-0.002971,-7.599185,0
2026-07-02 15:37:58.586955,1.224147,-7.599185,1.415299,-0.002971,1.418524,-0.002971,-7.599185,0
2026-07-02 15:37:58.590442,1.226424,-7.594003,1.415299,-0.002971,1.413342,-0.002971,-7.594003,0
2026-07-02 15:37:58.593718,1.228972,-7.599185,1.415299,-0.002971,1.413342,-0.002971,-7.599185,0
2026-07-02 15:37:58.593718,1.232104,-7.594003,1.415299,-0.002971,1.413342,-0.002971,-7.594003,0
2026-07-02 15:37:58.598161,1.234379,-7.594003,1.415299,-0.002971,1.413342,-0.002971,-7.594003,0
2026-07-02 15:37:58.602117,1.236794,-7.599185,1.415299,-0.002971,1.413342,-0.002971,-7.599185,0
2026-07-02 15:37:58.602117,1.239547,-7.594003,1.415299,-0.002971,1.418524,-0.002971,-7.594003,0
2026-07-02 15:37:58.605941,1.241923,-7.599185,1.415299,-0.002971,1.413342,-0.002971,-7.599185,0
2026-07-02 15:37:58.608954,1.244220,-7.599185,1.415299,-0.002971,1.418524,-0.002971,-7.599185,0
2026-07-02 15:37:58.611453,1.246557,-7.594003,1.415299,-0.002971,1.418524,-0.002971,-7.594003,0
2026-07-02 15:37:58.612513,1.248899,-7.599185,1.415299,-0.002971,1.413342,-0.002971,-7.599185,0
2026-07-02 15:37:58.614521,1.251326,-7.594003,1.415299,-0.002971,1.413342,-0.002971,-7.594003,0
2026-07-02 15:37:58.617918,1.253602,-7.594003,1.415299,-0.002971,1.413342,-0.002971,-7.594003,0
2026-07-02 15:37:58.619425,1.255977,-7.594003,1.415299,-0.002971,1.413342,-0.002971,-7.594003,0
2026-07-02 15:37:58.619425,1.258301,-7.594003,1.415299,-0.002971,1.413342,-0.002971,-7.594003,0
2026-07-02 15:37:58.625653,1.260699,-7.599185,1.415299,-0.002971,1.413342,-0.002971,-7.599185,0
2026-07-02 15:37:58.626681,1.263119,-7.599185,1.415299,-0.002971,1.413342,-0.002971,-7.599185,0
2026-07-02 15:37:58.630002,1.265488,-7.594003,1.415299,-0.002971,1.418524,-0.002971,-7.594003,0
2026-07-02 15:37:58.630002,1.267760,-7.594003,1.415299,-0.002971,1.413342,-0.002971,-7.594003,0
2026-07-02 15:37:58.634745,1.270050,-7.599185,1.415299,-0.002971,1.413342,-0.002971,-7.599185,0
2026-07-02 15:37:58.638728,1.273470,-7.599185,1.415299,-0.002971,1.418524,-0.002971,-7.599185,0
2026-07-02 15:37:58.640119,1.275844,-7.594003,1.415299,-0.002971,1.413342,-0.002971,-7.594003,0
2026-07-02 15:37:58.642987,1.278142,-7.594003,1.415299,-0.002971,1.413342,-0.002971,-7.594003,0
2026-07-02 15:37:58.645230,1.280406,-7.599185,1.415299,-0.002971,1.413342,-0.002971,-7.599185,0
2026-07-02 15:37:58.646661,1.282787,-7.594003,1.415299,-0.002971,1.413342,-0.002971,-7.594003,0
2026-07-02 15:37:58.646661,1.285096,-7.594003,1.415299,-0.002971,1.418524,-0.002971,-7.594003,0
2026-07-02 15:37:58.651714,1.287429,-7.599185,1.415299,-0.002971,1.413342,-0.002971,-7.599185,0
2026-07-02 15:37:58.651714,1.289920,-7.599185,1.415299,-0.002971,1.413342,-0.002971,-7.599185,0
2026-07-02 15:37:58.651714,1.292355,-7.599185,1.415299,-0.002971,1.413342,-0.002971,-7.599185,0
2026-07-02 15:37:58.659734,1.294593,-7.594003,1.415299,-0.002971,1.418524,-0.002971,-7.594003,0
2026-07-02 15:37:58.662092,1.296886,-7.594003,1.415299,-0.002971,1.418524,-0.002971,-7.594003,0
2026-07-02 15:37:58.662599,1.299257,-7.599185,1.415299,-0.002971,1.413342,-0.002971,-7.599185,0
2026-07-02 15:37:58.664606,1.301592,-7.599185,1.415299,-0.002971,1.413342,-0.002971,-7.599185,0
2026-07-02 15:37:58.668218,1.303871,-7.599185,1.415299,-0.002971,1.413342,-0.002971,-7.599185,0
2026-07-02 15:37:58.671009,1.306704,-7.599185,1.415299,-0.002971,1.418524,-0.002971,-7.599185,0
2026-07-02 15:37:58.671009,1.309077,-7.594003,1.415299,-0.002971,1.413342,-0.002971,-7.594003,0
2026-07-02 15:37:58.676130,1.311399,-7.594003,1.415299,-0.002971,1.413342,-0.002971,-7.594003,0
2026-07-02 15:37:58.677140,1.313692,-7.594003,1.415299,-0.002971,1.413342,-0.002971,-7.594003,0
2026-07-02 15:37:58.677140,1.316076,-7.599185,1.415299,-0.002971,1.413342,-0.002971,-7.599185,0
2026-07-02 15:37:58.677140,1.318418,-7.594003,1.415299,-0.002971,1.413342,-0.002971,-7.594003,0
2026-07-02 15:37:58.685647,1.320684,-7.599185,1.415299,-0.002971,1.413342,-0.002971,-7.599185,0
2026-07-02 15:37:58.685647,1.322898,-7.599185,1.415299,-0.002971,1.413342,-0.002971,-7.599185,0
2026-07-02 15:37:58.685647,1.325190,-7.594003,1.415299,-0.002971,1.413342,-0.002971,-7.594003,0
2026-07-02 15:37:58.692285,1.327467,-7.599185,1.415299,-0.002971,1.418524,-0.002971,-7.599185,0
2026-07-02 15:37:58.693384,1.329756,-7.594003,1.415299,-0.002971,1.418524,-0.002971,-7.594003,0
2026-07-02 15:37:58.696744,1.332077,-7.594003,1.415299,-0.002971,1.413342,-0.002971,-7.594003,0
2026-07-02 15:37:58.696744,1.334440,-7.599185,1.415299,-0.002971,1.413342,-0.002971,-7.599185,0
2026-07-02 15:37:58.702165,1.336845,-7.594003,1.415299,-0.002971,1.418524,-0.002971,-7.594003,0
2026-07-02 15:37:58.703178,1.339398,-7.599185,1.415299,-0.002971,1.413342,-0.002971,-7.599185,0
2026-07-02 15:37:58.703178,1.341785,-7.599185,1.415299,-0.002971,1.413342,-0.002971,-7.599185,0
2026-07-02 15:37:58.709104,1.344067,-7.594003,1.415299,-0.002971,1.413342,-0.002971,-7.594003,0
2026-07-02 15:37:58.711350,1.346368,-7.599185,1.415299,-0.002971,1.418524,-0.002971,-7.599185,0
2026-07-02 15:37:58.711350,1.348746,-7.599185,1.415299,-0.002971,1.413342,-0.002971,-7.599185,0
2026-07-02 15:37:58.711350,1.351084,-7.594003,1.415299,-0.002971,1.413342,-0.002971,-7.594003,0
2026-07-02 15:37:58.718063,1.353386,-7.594003,1.415299,-0.002971,1.418524,-0.002971,-7.594003,0
2026-07-02 15:37:58.718820,1.355795,-7.599185,1.415299,-0.002971,1.418524,-0.002971,-7.599185,0
2026-07-02 15:37:58.718820,1.358180,-7.594003,1.410120,-0.002971,1.413342,-0.002971,-7.594003,0
2026-07-02 15:37:58.725709,1.360504,-7.599185,1.415299,-0.002971,1.413342,-0.002971,-7.599185,0
2026-07-02 15:37:58.726494,1.362879,-7.594003,1.415299,-0.002971,1.413342,-0.002971,-7.594003,0
2026-07-02 15:37:58.729816,1.365395,-7.594003,1.415299,-0.002971,1.413342,-0.002971,-7.594003,0
2026-07-02 15:37:58.731831,1.367744,-7.599185,1.415299,-0.002971,1.413342,-0.002971,-7.599185,0
2026-07-02 15:37:58.734674,1.370010,-7.594003,1.415299,-0.002971,1.413342,-0.002971,-7.594003,0
2026-07-02 15:37:58.736099,1.372391,-7.594003,1.415299,-0.002971,1.413342,-0.002971,-7.594003,0
2026-07-02 15:37:58.736099,1.374851,-7.599185,1.415299,-0.002971,1.413342,-0.002971,-7.599185,0
2026-07-02 15:37:58.742530,1.377167,-7.594003,1.415299,-0.002971,1.413342,-0.002971,-7.594003,0
2026-07-02 15:37:58.743534,1.379625,-7.599185,1.415299,-0.002971,1.413342,-0.002971,-7.599185,0
2026-07-02 15:37:58.747420,1.382151,-7.599185,1.415299,-0.002971,1.418524,-0.002971,-7.599185,0
2026-07-02 15:37:58.747420,1.384582,-7.594003,1.415299,-0.002971,1.418524,-0.002971,-7.594003,0
2026-07-02 15:37:58.751317,1.386861,-7.594003,1.415299,-0.002971,1.413342,-0.002971,-7.594003,0
2026-07-02 15:37:58.753599,1.389192,-7.599185,1.415299,-0.002971,1.413342,-0.002971,-7.599185,0
2026-07-02 15:37:58.755612,1.391659,-7.594003,1.415299,-0.002971,1.413342,-0.002971,-7.594003,0
2026-07-02 15:37:58.758990,1.394051,-7.594003,1.415299,-0.002971,1.413342,-0.002971,-7.594003,0
2026-07-02 15:37:58.759591,1.396356,-7.594003,1.415299,-0.002971,1.418524,-0.002971,-7.594003,0
2026-07-02 15:37:58.762141,1.398666,-7.594003,1.415299,-0.002971,1.413342,-0.002971,-7.594003,0
2026-07-02 15:37:58.762141,1.401040,-7.599185,1.415299,-0.002971,1.413342,-0.002971,-7.599185,0
2026-07-02 15:37:58.767978,1.403370,-7.599185,1.415299,-0.002971,1.413342,-0.002971,-7.599185,0
2026-07-02 15:37:58.767978,1.405704,-7.594003,1.415299,-0.002971,1.418524,-0.002971,-7.594003,0
2026-07-02 15:37:58.767978,1.408113,-7.599185,1.415299,-0.002971,1.418524,-0.002971,-7.599185,0
2026-07-02 15:37:58.775721,1.410486,-7.599185,1.415299,-0.002971,1.418524,-0.002971,-7.599185,0
2026-07-02 15:37:58.775721,1.412847,-7.594003,1.415299,-0.002971,1.413342,-0.002971,-7.594003,0
2026-07-02 15:37:58.775721,1.415142,-7.594003,1.415299,-0.002971,1.413342,-0.002971,-7.594003,0
2026-07-02 15:37:58.775721,1.417472,-7.594003,1.415299,-0.002971,1.418524,-0.002971,-7.594003,0
2026-07-02 15:37:58.786201,1.419823,-7.594003,1.415299,-0.002971,1.413342,-0.002971,-7.594003,0
2026-07-02 15:37:58.788208,1.423684,-7.599185,1.415299,-0.002971,1.413342,-0.002971,-7.599185,0
2026-07-02 15:37:58.788208,1.426297,-7.594003,1.415299,-0.002971,1.413342,-0.002971,-7.594003,0
2026-07-02 15:37:58.793730,1.428710,-7.599185,1.415299,-0.002971,1.413342,-0.002971,-7.599185,0
2026-07-02 15:37:58.795990,1.431321,-7.594003,1.415299,-0.002971,1.413342,-0.002971,-7.594003,0
2026-07-02 15:37:58.798422,1.433761,-7.594003,1.415299,-0.002971,1.413342,-0.002971,-7.594003,0
2026-07-02 15:37:58.801065,1.436375,-7.599185,1.415299,-0.002971,1.413342,-0.002971,-7.599185,0
2026-07-02 15:37:58.802593,1.438886,-7.594003,1.415299,-0.002971,1.418524,-0.002971,-7.594003,0
2026-07-02 15:37:58.806614,1.441320,-7.599185,1.415299,-0.002971,1.413342,-0.002971,-7.599185,0
2026-07-02 15:37:58.806614,1.443609,-7.594003,1.415299,-0.002971,1.418524,-0.002971,-7.594003,0
2026-07-02 15:37:58.809677,1.445936,-7.594003,1.415299,-0.002971,1.413342,-0.002971,-7.594003,0
2026-07-02 15:37:58.809677,1.448310,-7.599185,1.415299,-0.002971,1.418524,-0.002971,-7.599185,0
2026-07-02 15:37:58.809677,1.450676,-7.594003,1.415299,-0.002971,1.418524,-0.002971,-7.594003,0
2026-07-02 15:37:58.817903,1.452917,-7.594003,1.415299,-0.002971,1.413342,-0.002971,-7.594003,0
2026-07-02 15:37:58.820232,1.455206,-7.594003,1.415299,-0.002971,1.418524,-0.002971,-7.594003,0
2026-07-02 15:37:58.822241,1.457544,-7.594003,1.415299,-0.002971,1.413342,-0.002971,-7.594003,0
2026-07-02 15:37:58.824712,1.459910,-7.594003,1.415299,-0.002971,1.418524,-0.002971,-7.594003,0
2026-07-02 15:37:58.826207,1.462142,-7.594003,1.415299,-0.002971,1.418524,-0.002971,-7.594003,0
2026-07-02 15:37:58.829646,1.464438,-7.599185,1.415299,-0.002971,1.418524,-0.002971,-7.599185,0
2026-07-02 15:37:58.831656,1.466826,-7.599185,1.415299,-0.002971,1.413342,-0.002971,-7.599185,0
2026-07-02 15:37:58.833941,1.469067,-7.599185,1.415299,-0.002971,1.413342,-0.002971,-7.599185,0
2026-07-02 15:37:58.835229,1.471337,-7.594003,1.415299,-0.002971,1.418524,-0.002971,-7.594003,0
2026-07-02 15:37:58.837235,1.473823,-7.594003,1.415299,-0.002971,1.413342,-0.002971,-7.594003,0
2026-07-02 15:37:58.841256,1.476171,-7.594003,1.415299,-0.002971,1.413342,-0.002971,-7.594003,0
2026-07-02 15:37:58.842923,1.478389,-7.594003,1.415299,-0.002971,1.413342,-0.002971,-7.594003,0
2026-07-02 15:37:58.845303,1.480754,-7.599185,1.415299,-0.002971,1.418524,-0.002971,-7.599185,0
2026-07-02 15:37:58.847312,1.483334,-7.599185,1.415299,-0.002971,1.418524,-0.002971,-7.599185,0
2026-07-02 15:37:58.850788,1.485612,-7.594003,1.415299,-0.002971,1.418524,-0.002971,-7.594003,0
2026-07-02 15:37:58.851478,1.488276,-7.599185,1.415299,-0.002971,1.413342,-0.002971,-7.599185,0
2026-07-02 15:37:58.853949,1.490589,-7.594003,1.415299,-0.008152,1.418524,-0.008152,-7.594003,0
2026-07-02 15:37:58.855955,1.492909,-7.594003,1.415299,-0.002971,1.413342,-0.002971,-7.594003,0
2026-07-02 15:37:58.859489,1.495135,-7.594003,1.415299,-0.002971,1.418524,-0.002971,-7.594003,0
2026-07-02 15:37:58.862327,1.497431,-7.594003,1.415299,-0.002971,1.413342,-0.002971,-7.594003,0
2026-07-02 15:37:58.862327,1.499695,-7.599185,1.415299,-0.002971,1.413342,-0.002971,-7.599185,0
2026-07-02 15:37:58.862327,1.501920,-7.599185,1.415299,-0.002971,1.413342,-0.002971,-7.599185,0
2026-07-02 15:37:58.868875,1.504219,-7.599185,1.415299,-0.002971,1.418524,-0.002971,-7.599185,0
2026-07-02 15:37:58.870888,1.506556,-7.599185,1.415299,-0.002971,1.413342,-0.002971,-7.599185,0
2026-07-02 15:37:58.872897,1.509159,-7.594003,1.415299,-0.002971,1.418524,-0.002971,-7.594003,0
2026-07-02 15:37:58.876558,1.511592,-7.594003,1.415299,-0.002971,1.413342,-0.002971,-7.594003,0
2026-07-02 15:37:58.877665,1.513900,-7.594003,1.415299,-0.002971,1.418524,-0.002971,-7.594003,0
2026-07-02 15:37:58.877665,1.516366,-7.599185,1.415299,-0.002971,1.413342,-0.002971,-7.599185,0
2026-07-02 15:37:58.877665,1.518840,-7.594003,1.415299,-0.002971,1.413342,-0.002971,-7.594003,0
2026-07-02 15:37:58.886428,1.521128,-7.599185,1.415299,-0.002971,1.413342,-0.002971,-7.599185,0
2026-07-02 15:37:58.888441,1.523663,-7.599185,1.415299,-0.002971,1.413342,-0.002971,-7.599185,0
2026-07-02 15:37:58.890452,1.526240,-7.599185,1.415299,-0.002971,1.418524,-0.002971,-7.599185,0
2026-07-02 15:37:58.893850,1.528654,-7.599185,1.415299,-0.002971,1.413342,-0.002971,-7.599185,0
2026-07-02 15:37:58.895860,1.530995,-7.594003,1.415299,-0.002971,1.413342,-0.002971,-7.594003,0
2026-07-02 15:37:58.895860,1.533524,-7.594003,1.415299,-0.002971,1.413342,-0.002971,-7.594003,0
2026-07-02 15:37:58.901569,1.535943,-7.599185,1.415299,-0.002971,1.413342,-0.002971,-7.599185,0
2026-07-02 15:37:58.902406,1.538616,-7.594003,1.415299,-0.002971,1.418524,-0.002971,-7.594003,0
2026-07-02 15:37:58.904520,1.541110,-7.599185,1.415299,-0.002971,1.418524,-0.002971,-7.599185,0
2026-07-02 15:37:58.909099,1.543538,-7.599185,1.415299,-0.002971,1.413342,-0.002971,-7.599185,0
2026-07-02 15:37:58.910700,1.546138,-7.594003,1.415299,-0.002971,1.413342,-0.002971,-7.594003,0
2026-07-02 15:37:58.912715,1.548578,-7.599185,1.415299,-0.002971,1.418524,-0.002971,-7.599185,0
2026-07-02 15:37:58.915936,1.551024,-7.599185,1.415299,-0.002971,1.418524,-0.002971,-7.599185,0
2026-07-02 15:37:58.917400,1.553487,-7.599185,1.415299,-0.002971,1.413342,-0.002971,-7.599185,0
2026-07-02 15:37:58.919845,1.555752,-7.599185,1.415299,-0.002971,1.413342,-0.002971,-7.599185,0
2026-07-02 15:37:58.919845,1.558044,-7.594003,1.415299,-0.002971,1.413342,-0.002971,-7.594003,0
2026-07-02 15:37:58.925821,1.560507,-7.599185,1.415299,-0.002971,1.413342,-0.002971,-7.599185,0
2026-07-02 15:37:58.926966,1.563109,-7.599185,1.415299,-0.002971,1.413342,-0.002971,-7.599185,0
2026-07-02 15:37:58.930995,1.565730,-7.599185,1.415299,-0.002971,1.413342,-0.002971,-7.599185,0
2026-07-02 15:37:58.933010,1.568150,-7.599185,1.415299,-0.002971,1.418524,-0.002971,-7.599185,0
2026-07-02 15:37:58.935582,1.570547,-7.594003,1.415299,-0.002971,1.413342,-0.002971,-7.594003,0
2026-07-02 15:37:58.936470,1.573353,-7.594003,1.415299,-0.002971,1.413342,-0.002971,-7.594003,0
2026-07-02 15:37:58.936470,1.575899,-7.594003,1.415299,-0.002971,1.413342,-0.002971,-7.594003,0
2026-07-02 15:37:58.943245,1.578328,-7.594003,1.415299,-0.002971,1.418524,-0.002971,-7.594003,0
2026-07-02 15:37:58.945389,1.580666,-7.594003,1.415299,-0.002971,1.413342,-0.002971,-7.594003,0
2026-07-02 15:37:58.945389,1.583099,-7.594003,1.415299,-0.002971,1.413342,-0.002971,-7.594003,0
2026-07-02 15:37:58.950726,1.585561,-7.599185,1.415299,-0.002971,1.413342,-0.002971,-7.599185,0
2026-07-02 15:37:58.952549,1.588203,-7.594003,1.415299,-0.002971,1.413342,-0.002971,-7.594003,0
2026-07-02 15:37:58.953995,1.590702,-7.594003,1.415299,-0.002971,1.413342,-0.002971,-7.594003,0
2026-07-02 15:37:58.953995,1.593152,-7.594003,1.415299,-0.008152,1.418524,-0.008152,-7.594003,0
2026-07-02 15:37:58.959867,1.595552,-7.599185,1.415299,-0.002971,1.418524,-0.002971,-7.599185,0
2026-07-02 15:37:58.962748,1.597861,-7.594003,1.415299,-0.002971,1.413342,-0.002971,-7.594003,0
2026-07-02 15:37:58.964782,1.600557,-7.599185,1.415299,-0.002971,1.413342,-0.002971,-7.599185,0
2026-07-02 15:37:58.967762,1.603076,-7.594003,1.415299,-0.002971,1.418524,-0.002971,-7.594003,0
2026-07-02 15:37:58.970760,1.605423,-7.594003,1.415299,-0.002971,1.413342,-0.002971,-7.594003,0
2026-07-02 15:37:58.972777,1.607853,-7.599185,1.415299,-0.002971,1.413342,-0.002971,-7.599185,0
2026-07-02 15:37:58.975783,1.610249,-7.594003,1.415299,-0.002971,1.418524,-0.002971,-7.594003,0
2026-07-02 15:37:58.977193,1.612824,-7.594003,1.415299,-0.002971,1.413342,-0.002971,-7.594003,0
2026-07-02 15:37:58.979207,1.615171,-7.594003,1.415299,-0.002971,1.413342,-0.002971,-7.594003,0
2026-07-02 15:37:58.981222,1.617680,-7.599185,1.415299,-0.002971,1.413342,-0.002971,-7.599185,0
2026-07-02 15:37:58.984527,1.620106,-7.599185,1.415299,-0.002971,1.413342,-0.002971,-7.599185,0
2026-07-02 15:37:58.987074,1.622385,-7.599185,1.415299,-0.002971,1.413342,-0.002971,-7.599185,0
2026-07-02 15:37:58.989103,1.624857,-7.594003,1.415299,-0.002971,1.413342,-0.002971,-7.594003,0
2026-07-02 15:37:58.992427,1.627291,-7.594003,1.415299,-0.002971,1.418524,-0.002971,-7.594003,0
2026-07-02 15:37:58.992954,1.629613,-7.599185,1.415299,-0.002971,1.413342,-0.002971,-7.599185,0
2026-07-02 15:37:58.997030,1.631958,-7.594003,1.415299,-0.002971,1.418524,-0.002971,-7.594003,0
2026-07-02 15:37:58.997030,1.634597,-7.594003,1.415299,-0.002971,1.413342,-0.002971,-7.594003,0
2026-07-02 15:37:59.002371,1.636944,-7.594003,1.415299,-0.002971,1.418524,-0.002971,-7.594003,0
2026-07-02 15:37:59.003560,1.639654,-7.599185,1.415299,-0.002971,1.418524,-0.002971,-7.599185,0
2026-07-02 15:37:59.005567,1.642028,-7.599185,1.415299,-0.002971,1.413342,-0.002971,-7.599185,0
2026-07-02 15:37:59.009564,1.644579,-7.594003,1.415299,-0.002971,1.413342,-0.002971,-7.594003,0
2026-07-02 15:37:59.009564,1.646874,-7.599185,1.415299,-0.002971,1.413342,-0.002971,-7.599185,0
2026-07-02 15:37:59.009564,1.649334,-7.594003,1.415299,-0.002971,1.413342,-0.002971,-7.594003,0
2026-07-02 15:37:59.009564,1.651820,-7.594003,1.415299,-0.002971,1.413342,-0.002971,-7.594003,0
2026-07-02 15:37:59.018818,1.654208,-7.594003,1.415299,-0.002971,1.413342,-0.002971,-7.594003,0
2026-07-02 15:37:59.020827,1.657223,-7.594003,1.415299,-0.002971,1.418524,-0.002971,-7.594003,0
2026-07-02 15:37:59.024842,1.659661,-7.594003,1.415299,-0.002971,1.413342,-0.002971,-7.594003,0
2026-07-02 15:37:59.026194,1.662068,-7.599185,1.415299,-0.002971,1.413342,-0.002971,-7.599185,0
2026-07-02 15:37:59.026194,1.664450,-7.599185,1.415299,-0.002971,1.418524,-0.002971,-7.599185,0
2026-07-02 15:37:59.026194,1.666981,-7.599185,1.415299,-0.002971,1.413342,-0.002971,-7.599185,0
2026-07-02 15:37:59.035690,1.669421,-7.594003,1.415299,-0.002971,1.413342,-0.002971,-7.594003,0
2026-07-02 15:37:59.036281,1.672863,-7.599185,1.415299,-0.002971,1.413342,-0.002971,-7.599185,0
2026-07-02 15:37:59.038945,1.675358,-7.594003,1.415299,-0.002971,1.413342,-0.002971,-7.594003,0
2026-07-02 15:37:59.043440,1.677780,-7.594003,1.415299,0.002211,1.418524,0.002211,-7.594003,0
2026-07-02 15:37:59.045447,1.680589,-7.599185,1.415299,-0.002971,1.413342,-0.002971,-7.599185,0
2026-07-02 15:37:59.047456,1.683055,-7.599185,1.415299,-0.002971,1.413342,-0.002971,-7.599185,0
2026-07-02 15:37:59.051467,1.685639,-7.599185,1.415299,-0.002971,1.418524,-0.002971,-7.599185,0
2026-07-02 15:37:59.053097,1.688580,-7.599185,1.415299,-0.002971,1.413342,-0.002971,-7.599185,0
2026-07-02 15:37:59.055369,1.691329,-7.594003,1.415299,-0.002971,1.413342,-0.002971,-7.594003,0
2026-07-02 15:37:59.059621,1.693936,-7.599185,1.415299,-0.002971,1.413342,-0.002971,-7.599185,0
2026-07-02 15:37:59.059621,1.696753,-7.594003,1.415299,-0.002971,1.413342,-0.002971,-7.594003,0
2026-07-02 15:37:59.063366,1.699167,-7.594003,1.415299,-0.002971,1.413342,-0.002971,-7.594003,0
2026-07-02 15:37:59.066815,1.701497,-7.599185,1.415299,-0.002971,1.418524,-0.002971,-7.599185,0
2026-07-02 15:37:59.068083,1.703852,-7.599185,1.415299,-0.002971,1.413342,-0.002971,-7.599185,0
2026-07-02 15:37:59.069589,1.706309,-7.599185,1.415299,-0.002971,1.418524,-0.002971,-7.599185,0
2026-07-02 15:37:59.072469,1.708789,-7.599185,1.415299,-0.002971,1.418524,-0.002971,-7.599185,0
2026-07-02 15:37:59.076392,1.711193,-7.594003,1.415299,-0.002971,1.413342,-0.002971,-7.594003,0
2026-07-02 15:37:59.077817,1.713567,-7.599185,1.415299,-0.002971,1.413342,-0.002971,-7.599185,0
2026-07-02 15:37:59.079824,1.716027,-7.599185,1.415299,-0.002971,1.418524,-0.002971,-7.599185,0
2026-07-02 15:37:59.083848,1.718547,-7.594003,1.415299,-0.002971,1.413342,-0.002971,-7.594003,0
2026-07-02 15:37:59.085349,1.721368,-7.599185,1.415299,-0.002971,1.413342,-0.002971,-7.599185,0
2026-07-02 15:37:59.087355,1.723711,-7.594003,1.415299,-0.002971,1.413342,-0.002971,-7.594003,0
2026-07-02 15:37:59.091401,1.726228,-7.594003,1.415299,-0.002971,1.413342,-0.002971,-7.594003,0
2026-07-02 15:37:59.093584,1.728821,-7.594003,1.415299,-0.002971,1.418524,-0.002971,-7.594003,0
2026-07-02 15:37:59.094392,1.731158,-7.594003,1.415299,-0.002971,1.413342,-0.002971,-7.594003,0
2026-07-02 15:37:59.098090,1.733570,-7.594003,1.415299,-0.002971,1.413342,-0.002971,-7.594003,0
2026-07-02 15:37:59.100950,1.736028,-7.599185,1.415299,-0.002971,1.413342,-0.002971,-7.599185,0
2026-07-02 15:37:59.102479,1.738515,-7.594003,1.415299,-0.002971,1.418524,-0.002971,-7.594003,0
2026-07-02 15:37:59.102479,1.740951,-7.594003,1.415299,-0.002971,1.413342,-0.002971,-7.594003,0
2026-07-02 15:37:59.110411,1.743363,-7.594003,1.415299,-0.002971,1.413342,-0.002971,-7.594003,0
2026-07-02 15:37:59.112427,1.748566,-7.599185,1.415299,-0.002971,1.413342,-0.002971,-7.599185,0
2026-07-02 15:37:59.116448,1.751111,-7.594003,1.415299,-0.002971,1.413342,-0.002971,-7.594003,0
2026-07-02 15:37:59.118073,1.753550,-7.599185,1.415299,-0.002971,1.413342,-0.002971,-7.599185,0
2026-07-02 15:37:59.118073,1.755806,-7.594003,1.415299,-0.002971,1.413342,-0.002971,-7.594003,0
2026-07-02 15:37:59.121884,1.758340,-7.599185,1.415299,-0.002971,1.418524,-0.002971,-7.599185,0
2026-07-02 15:37:59.125584,1.760706,-7.599185,1.415299,-0.002971,1.413342,-0.002971,-7.599185,0
2026-07-02 15:37:59.127734,1.762998,-7.594003,1.415299,-0.002971,1.413342,-0.002971,-7.594003,0
2026-07-02 15:37:59.127734,1.765314,-7.594003,1.415299,-0.002971,1.413342,-0.002971,-7.594003,0
2026-07-02 15:37:59.127734,1.767758,-7.599185,1.415299,-0.002971,1.413342,-0.002971,-7.599185,0
2026-07-02 15:37:59.135696,1.770209,-7.599185,1.415299,-0.002971,1.413342,-0.002971,-7.599185,0
2026-07-02 15:37:59.138456,1.773260,-7.594003,1.415299,-0.002971,1.418524,-0.002971,-7.594003,0
2026-07-02 15:37:59.140470,1.775726,-7.599185,1.415299,-0.002971,1.413342,-0.002971,-7.599185,0
2026-07-02 15:37:59.143433,1.778151,-7.594003,1.415299,-0.002971,1.413342,-0.002971,-7.594003,0
2026-07-02 15:37:59.144622,1.780452,-7.599185,1.415299,-0.002971,1.413342,-0.002971,-7.599185,0
2026-07-02 15:37:59.147067,1.782998,-7.594003,1.415299,-0.002971,1.413342,-0.002971,-7.594003,0
2026-07-02 15:37:59.147067,1.785382,-7.594003,1.415299,-0.002971,1.418524,-0.002971,-7.594003,0
2026-07-02 15:37:59.147067,1.787687,-7.599185,1.415299,-0.002971,1.413342,-0.002971,-7.599185,0
2026-07-02 15:37:59.154802,1.790988,-7.594003,1.415299,-0.002971,1.413342,-0.002971,-7.594003,0
2026-07-02 15:37:59.158563,1.793429,-7.599185,1.415299,-0.002971,1.413342,-0.002971,-7.599185,0
2026-07-02 15:37:59.161125,1.797379,-7.594003,1.415299,-0.002971,1.418524,-0.002971,-7.594003,0
2026-07-02 15:37:59.163130,1.799810,-7.599185,1.415299,-0.002971,1.418524,-0.002971,-7.599185,0
2026-07-02 15:37:59.167397,1.802294,-7.599185,1.415299,-0.002971,1.413342,-0.002971,-7.599185,0
2026-07-02 15:37:59.169486,1.804701,-7.599185,1.415299,-0.002971,1.418524,-0.002971,-7.599185,0
2026-07-02 15:37:59.171500,1.807257,-7.594003,1.415299,-0.002971,1.413342,-0.002971,-7.594003,0
2026-07-02 15:37:59.171500,1.809618,-7.599185,1.415299,-0.002971,1.413342,-0.002971,-7.599185,0
2026-07-02 15:37:59.178109,1.812045,-7.594003,1.415299,-0.002971,1.413342,-0.002971,-7.594003,0
2026-07-02 15:37:59.180975,1.815646,-7.594003,1.415299,-0.002971,1.418524,-0.002971,-7.594003,0
2026-07-02 15:37:59.182990,1.818081,-7.599185,1.415299,-0.002971,1.418524,-0.002971,-7.599185,0
2026-07-02 15:37:59.184202,1.820517,-7.599185,1.415299,-0.002971,1.413342,-0.002971,-7.599185,0
2026-07-02 15:37:59.188055,1.822876,-7.594003,1.415299,-0.002971,1.413342,-0.002971,-7.594003,0
2026-07-02 15:37:59.190069,1.825154,-7.594003,1.415299,-0.002971,1.413342,-0.002971,-7.594003,0
2026-07-02 15:37:59.190069,1.827653,-7.594003,1.415299,-0.002971,1.413342,-0.002971,-7.594003,0
2026-07-02 15:37:59.195611,1.829991,-7.594003,1.415299,-0.002971,1.413342,-0.002971,-7.594003,0
2026-07-02 15:37:59.197363,1.832693,-7.594003,1.415299,-0.002971,1.413342,-0.002971,-7.594003,0
2026-07-02 15:37:59.199378,1.835018,-7.594003,1.415299,-0.002971,1.418524,-0.002971,-7.594003,0
2026-07-02 15:37:59.201386,1.837557,-7.594003,1.415299,-0.002971,1.413342,-0.002971,-7.594003,0
2026-07-02 15:37:59.203902,1.840028,-7.594003,1.415299,-0.002971,1.418524,-0.002971,-7.594003,0
2026-07-02 15:37:59.207667,1.842509,-7.599185,1.415299,-0.002971,1.413342,-0.002971,-7.599185,0
2026-07-02 15:37:59.209676,1.845001,-7.599185,1.415299,-0.002971,1.413342,-0.002971,-7.599185,0
2026-07-02 15:37:59.211685,1.847336,-7.599185,1.415299,-0.002971,1.418524,-0.002971,-7.599185,0
2026-07-02 15:37:59.213700,1.849741,-7.594003,1.415299,-0.002971,1.413342,-0.002971,-7.594003,0
2026-07-02 15:37:59.217726,1.852173,-7.599185,1.415299,-0.002971,1.413342,-0.002971,-7.599185,0
2026-07-02 15:37:59.219737,1.855355,-7.594003,1.415299,-0.002971,1.413342,-0.002971,-7.594003,0
2026-07-02 15:37:59.219737,1.857790,-7.594003,1.415299,-0.002971,1.413342,-0.002971,-7.594003,0
2026-07-02 15:37:59.224250,1.860225,-7.599185,1.415299,-0.002971,1.413342,-0.002971,-7.599185,0
2026-07-02 15:37:59.227879,1.862701,-7.594003,1.415299,-0.002971,1.413342,-0.002971,-7.594003,0
2026-07-02 15:37:59.229890,1.865075,-7.599185,1.415299,-0.002971,1.413342,-0.002971,-7.599185,0
2026-07-02 15:37:59.231901,1.867591,-7.599185,1.415299,-0.002971,1.418524,-0.002971,-7.599185,0
2026-07-02 15:37:59.234323,1.869915,-7.594003,1.415299,-0.002971,1.418524,-0.002971,-7.594003,0
2026-07-02 15:37:59.235286,1.872299,-7.594003,1.415299,-0.002971,1.413342,-0.002971,-7.594003,0
2026-07-02 15:37:59.238385,1.874705,-7.594003,1.415299,-0.002971,1.418524,-0.002971,-7.594003,0
2026-07-02 15:37:59.240396,1.876992,-7.594003,1.415299,-0.002971,1.413342,-0.002971,-7.594003,0
2026-07-02 15:37:59.244102,1.879314,-7.594003,1.415299,-0.002971,1.413342,-0.002971,-7.594003,0
2026-07-02 15:37:59.244102,1.881621,-7.599185,1.415299,-0.002971,1.413342,-0.002971,-7.599185,0
2026-07-02 15:37:59.248628,1.884035,-7.594003,1.415299,-0.002971,1.418524,-0.002971,-7.594003,0
2026-07-02 15:37:59.251732,1.886380,-7.594003,1.415299,-0.002971,1.413342,-0.002971,-7.594003,0
2026-07-02 15:37:59.253018,1.888845,-7.599185,1.415299,-0.002971,1.418524,-0.002971,-7.599185,0
2026-07-02 15:37:59.255883,1.891213,-7.594003,1.415299,-0.002971,1.413342,-0.002971,-7.594003,0
2026-07-02 15:37:59.257891,1.893550,-7.594003,1.415299,-0.002971,1.413342,-0.002971,-7.594003,0
2026-07-02 15:37:59.261521,1.895795,-7.594003,1.415299,-0.002971,1.413342,-0.002971,-7.594003,0
2026-07-02 15:37:59.263537,1.898715,-7.599185,1.415299,-0.002971,1.418524,-0.002971,-7.599185,0
2026-07-02 15:37:59.265552,1.901017,-7.599185,1.415299,-0.002971,1.413342,-0.002971,-7.599185,0
2026-07-02 15:37:59.268045,1.903246,-7.594003,1.415299,-0.002971,1.413342,-0.002971,-7.594003,0
2026-07-02 15:37:59.268045,1.905508,-7.599185,1.415299,-0.002971,1.413342,-0.002971,-7.599185,0
2026-07-02 15:37:59.273259,1.908111,-7.599185,1.415299,-0.002971,1.413342,-0.002971,-7.599185,0
2026-07-02 15:37:59.276227,1.910574,-7.594003,1.415299,-0.002971,1.413342,-0.002971,-7.594003,0
2026-07-02 15:37:59.277349,1.913458,-7.599185,1.415299,-0.002971,1.418524,-0.002971,-7.599185,0
2026-07-02 15:37:59.279358,1.915809,-7.599185,1.415299,-0.002971,1.413342,-0.002971,-7.599185,0
2026-07-02 15:37:59.281367,1.918162,-7.594003,1.415299,-0.002971,1.413342,-0.002971,-7.594003,0
2026-07-02 15:37:59.285621,1.920405,-7.599185,1.415299,-0.002971,1.413342,-0.002971,-7.599185,0
2026-07-02 15:37:59.286415,1.922737,-7.599185,1.415299,-0.002971,1.413342,-0.002971,-7.599185,0
2026-07-02 15:37:59.290437,1.925189,-7.594003,1.415299,-0.002971,1.413342,-0.002971,-7.594003,0
2026-07-02 15:37:59.292890,1.927568,-7.599185,1.415299,-0.002971,1.418524,-0.002971,-7.599185,0
2026-07-02 15:37:59.294936,1.929912,-7.594003,1.415299,-0.002971,1.413342,-0.002971,-7.594003,0
2026-07-02 15:37:59.297668,1.932389,-7.594003,1.415299,-0.002971,1.413342,-0.002971,-7.594003,0
2026-07-02 15:37:59.299684,1.934867,-7.594003,1.415299,-0.002971,1.413342,-0.002971,-7.594003,0
2026-07-02 15:37:59.301411,1.937234,-7.599185,1.415299,-0.002971,1.413342,-0.002971,-7.599185,0
2026-07-02 15:37:59.301411,1.939656,-7.594003,1.415299,-0.002971,1.413342,-0.002971,-7.594003,0
2026-07-02 15:37:59.307338,1.942094,-7.599185,1.415299,-0.002971,1.413342,-0.002971,-7.599185,0
2026-07-02 15:37:59.309095,1.944516,-7.594003,1.415299,-0.002971,1.418524,-0.002971,-7.594003,0
2026-07-02 15:37:59.310407,1.946822,-7.599185,1.415299,-0.002971,1.418524,-0.002971,-7.599185,0
2026-07-02 15:37:59.312415,1.949209,-7.599185,1.415299,-0.002971,1.413342,-0.002971,-7.599185,0
2026-07-02 15:37:59.316677,1.951507,-7.594003,1.415299,-0.002971,1.413342,-0.002971,-7.594003,0
2026-07-02 15:37:59.319042,1.953808,-7.599185,1.415299,-0.002971,1.413342,-0.002971,-7.599185,0
2026-07-02 15:37:59.321053,1.956130,-7.599185,1.415299,-0.002971,1.418524,-0.002971,-7.599185,0
2026-07-02 15:37:59.323064,1.958465,-7.594003,1.415299,-0.002971,1.418524,-0.002971,-7.594003,0
2026-07-02 15:37:59.325793,1.960816,-7.599185,1.415299,-0.002971,1.418524,-0.002971,-7.599185,0
2026-07-02 15:37:59.326564,1.963142,-7.599185,1.415299,-0.002971,1.413342,-0.002971,-7.599185,0
2026-07-02 15:37:59.330584,1.965597,-7.594003,1.415299,-0.002971,1.413342,-0.002971,-7.594003,0
2026-07-02 15:37:59.332597,1.967991,-7.599185,1.415299,-0.002971,1.413342,-0.002971,-7.599185,0
2026-07-02 15:37:59.335445,1.970484,-7.594003,1.415299,-0.002971,1.413342,-0.002971,-7.594003,0
2026-07-02 15:37:59.337452,1.972828,-7.599185,1.415299,-0.002971,1.413342,-0.002971,-7.599185,0
2026-07-02 15:37:59.339458,1.975075,-7.599185,1.415299,-0.002971,1.418524,-0.002971,-7.599185,0
2026-07-02 15:37:59.341465,1.977254,-7.594003,1.415299,-0.002971,1.413342,-0.002971,-7.594003,0
2026-07-02 15:37:59.342970,1.979445,-7.594003,1.415299,-0.008152,1.413342,-0.008152,-7.594003,0
2026-07-02 15:37:59.346986,1.981782,-7.599185,1.415299,-0.002971,1.418524,-0.002971,-7.599185,0
2026-07-02 15:37:59.346986,1.984103,-7.599185,1.415299,-0.002971,1.413342,-0.002971,-7.599185,0
2026-07-02 15:37:59.346986,1.986472,-7.594003,1.415299,-0.002971,1.413342,-0.002971,-7.594003,0
2026-07-02 15:37:59.353173,1.988827,-7.599185,1.415299,-0.002971,1.413342,-0.002971,-7.599185,0
2026-07-02 15:37:59.355191,1.991326,-7.599185,1.415299,-0.002971,1.413342,-0.002971,-7.599185,0
2026-07-02 15:37:59.359213,1.993691,-7.594003,1.415299,-0.002971,1.413342,-0.002971,-7.594003,0
2026-07-02 15:37:59.361231,1.996865,-7.599185,1.415299,-0.002971,1.413342,-0.002971,-7.599185,0
2026-07-02 15:37:59.363743,1.999205,-7.594003,1.415299,-0.002971,1.413342,-0.002971,-7.594003,0
2026-07-02 15:37:59.365757,2.001537,-7.599185,1.415299,-0.002971,1.418524,-0.002971,-7.599185,0
2026-07-02 15:37:59.368660,2.003940,-7.599185,1.415299,-0.002971,1.413342,-0.002971,-7.599185,0
2026-07-02 15:37:59.370669,2.006418,-7.594003,1.415299,-0.002971,1.413342,-0.002971,-7.594003,0
2026-07-02 15:37:59.372677,2.008713,-7.599185,1.415299,-0.002971,1.413342,-0.002971,-7.599185,0
2026-07-02 15:37:59.376202,2.011014,-7.594003,1.415299,-0.002971,1.413342,-0.002971,-7.594003,0
2026-07-02 15:37:59.378210,2.013310,-7.599185,1.415299,-0.002971,1.413342,-0.002971,-7.599185,0
2026-07-02 15:37:59.378210,2.015644,-7.594003,1.415299,-0.002971,1.413342,-0.002971,-7.594003,0
2026-07-02 15:37:59.383202,2.018061,-7.594003,1.415299,-0.002971,1.413342,-0.002971,-7.594003,0
2026-07-02 15:37:59.384217,2.020444,-7.599185,1.415299,-0.002971,1.413342,-0.002971,-7.599185,0
2026-07-02 15:37:59.386240,2.022760,-7.599185,1.415299,-0.002971,1.413342,-0.002971,-7.599185,0
2026-07-02 15:37:59.388754,2.025030,-7.599185,1.415299,-0.002971,1.413342,-0.002971,-7.599185,0
2026-07-02 15:37:59.390768,2.027368,-7.599185,1.415299,-0.002971,1.413342,-0.002971,-7.599185,0
2026-07-02 15:37:59.394853,2.029693,-7.594003,1.415299,-0.002971,1.413342,-0.002971,-7.594003,0
2026-07-02 15:37:59.396866,2.031907,-7.594003,1.415299,-0.002971,1.413342,-0.002971,-7.594003,0
2026-07-02 15:37:59.398871,2.034124,-7.594003,1.415299,-0.002971,1.413342,-0.002971,-7.594003,0
2026-07-02 15:37:59.400880,2.036349,-7.594003,1.415299,-0.002971,1.413342,-0.002971,-7.594003,0
2026-07-02 15:37:59.402892,2.038539,-7.594003,1.415299,-0.002971,1.413342,-0.002971,-7.594003,0
2026-07-02 15:37:59.405908,2.040763,-7.599185,1.415299,-0.002971,1.413342,-0.002971,-7.599185,0
2026-07-02 15:37:59.407917,2.043599,-7.599185,1.415299,-0.002971,1.413342,-0.002971,-7.599185,0
2026-07-02 15:37:59.409922,2.046050,-7.594003,1.415299,-0.002971,1.418524,-0.002971,-7.594003,0
2026-07-02 15:37:59.411926,2.048307,-7.599185,1.415299,-0.002971,1.418524,-0.002971,-7.599185,0
2026-07-02 15:37:59.413933,2.050669,-7.594003,1.415299,-0.002971,1.413342,-0.002971,-7.594003,0
2026-07-02 15:37:59.417620,2.053012,-7.594003,1.415299,-0.002971,1.413342,-0.002971,-7.594003,0
2026-07-02 15:37:59.419636,2.055334,-7.599185,1.415299,-0.002971,1.413342,-0.002971,-7.599185,0
2026-07-02 15:37:59.419636,2.057586,-7.594003,1.415299,-0.002971,1.413342,-0.002971,-7.594003,0
2026-07-02 15:37:59.424013,2.059785,-7.599185,1.415299,-0.002971,1.413342,-0.002971,-7.599185,0
2026-07-02 15:37:59.426024,2.062138,-7.599185,1.415299,-0.002971,1.418524,-0.002971,-7.599185,0
2026-07-02 15:37:59.428030,2.064434,-7.599185,1.415299,-0.002971,1.413342,-0.002971,-7.599185,0
2026-07-02 15:37:59.430034,2.066650,-7.599185,1.415299,-0.002971,1.418524,-0.002971,-7.599185,0
2026-07-02 15:37:59.432045,2.068837,-7.599185,1.415299,-0.002971,1.413342,-0.002971,-7.599185,0
2026-07-02 15:37:59.436064,2.071060,-7.594003,1.415299,-0.002971,1.413342,-0.002971,-7.594003,0
2026-07-02 15:37:59.438075,2.073462,-7.594003,1.415299,-0.002971,1.413342,-0.002971,-7.594003,0
2026-07-02 15:37:59.440084,2.075785,-7.599185,1.415299,-0.002971,1.413342,-0.002971,-7.599185,0
2026-07-02 15:37:59.442090,2.078012,-7.594003,1.415299,-0.002971,1.413342,-0.002971,-7.594003,0
2026-07-02 15:37:59.446098,2.080469,-7.599185,1.415299,-0.002971,1.413342,-0.002971,-7.599185,0
2026-07-02 15:37:59.448101,2.083389,-7.599185,1.415299,-0.002971,1.413342,-0.002971,-7.599185,0
2026-07-02 15:37:59.450109,2.085678,-7.594003,1.415299,-0.002971,1.413342,-0.002971,-7.594003,0
2026-07-02 15:37:59.452114,2.088772,-7.599185,1.415299,-0.002971,1.413342,-0.002971,-7.599185,0
2026-07-02 15:37:59.456128,2.090996,-7.594003,1.415299,-0.002971,1.413342,-0.002971,-7.594003,0
2026-07-02 15:37:59.458137,2.093282,-7.594003,1.415299,-0.002971,1.418524,-0.002971,-7.594003,0
2026-07-02 15:37:59.460145,2.095522,-7.594003,1.415299,-0.002971,1.413342,-0.002971,-7.594003,0
2026-07-02 15:37:59.462152,2.097794,-7.594003,1.415299,-0.002971,1.413342,-0.002971,-7.594003,0
2026-07-02 15:37:59.463657,2.100039,-7.594003,1.415299,-0.002971,1.413342,-0.002971,-7.594003,0
2026-07-02 15:37:59.467665,2.102404,-7.599185,1.415299,-0.002971,1.413342,-0.002971,-7.599185,0
2026-07-02 15:37:59.469672,2.105820,-7.599185,1.415299,-0.002971,1.413342,-0.002971,-7.599185,0
2026-07-02 15:37:59.471679,2.108131,-7.599185,1.415299,-0.002971,1.418524,-0.002971,-7.599185,0
2026-07-02 15:37:59.479720,2.110397,-7.599185,1.415299,-0.002971,1.413342,-0.002971,-7.599185,0
2026-07-02 15:37:59.485742,2.117950,-7.599185,1.415299,-0.002971,1.413342,-0.002971,-7.599185,0
2026-07-02 15:37:59.489214,2.124099,-7.599185,1.415299,-0.002971,1.413342,-0.002971,-7.599185,0
2026-07-02 15:37:59.495408,2.126781,-7.594003,1.415299,-0.002971,1.418524,-0.002971,-7.594003,0
2026-07-02 15:37:59.497416,2.132803,-7.594003,1.415299,-0.002971,1.418524,-0.002971,-7.594003,0
2026-07-02 15:37:59.499423,2.135719,-7.599185,1.415299,-0.002971,1.413342,-0.002971,-7.599185,0
2026-07-02 15:37:59.502968,2.138063,-7.594003,1.415299,-0.002971,1.418524,-0.002971,-7.594003,0
2026-07-02 15:37:59.502968,2.140377,-7.599185,1.415299,-0.002971,1.413342,-0.002971,-7.599185,0
2026-07-02 15:37:59.502968,2.142638,-7.599185,1.415299,-0.002971,1.418524,-0.002971,-7.599185,0
2026-07-02 15:37:59.508352,2.144888,-7.599185,1.415299,-0.002971,1.413342,-0.002971,-7.599185,0
2026-07-02 15:37:59.512367,2.147234,-7.599185,1.415299,-0.002971,1.413342,-0.002971,-7.599185,0
2026-07-02 15:37:59.513372,2.149682,-7.599185,1.415299,-0.002971,1.418524,-0.002971,-7.599185,0
2026-07-02 15:37:59.515383,2.151997,-7.594003,1.415299,-0.002971,1.413342,-0.002971,-7.594003,0
2026-07-02 15:37:59.518277,2.154435,-7.594003,1.415299,-0.002971,1.413342,-0.002971,-7.594003,0
2026-07-02 15:37:59.520291,2.156709,-7.599185,1.415299,-0.002971,1.413342,-0.002971,-7.599185,0
2026-07-02 15:37:59.523813,2.158958,-7.594003,1.415299,-0.002971,1.413342,-0.002971,-7.594003,0
2026-07-02 15:37:59.525839,2.161163,-7.599185,1.415299,-0.002971,1.418524,-0.002971,-7.599185,0
2026-07-02 15:37:59.527856,2.163465,-7.594003,1.415299,-0.002971,1.418524,-0.002971,-7.594003,0
2026-07-02 15:37:59.529870,2.165752,-7.594003,1.415299,-0.002971,1.413342,-0.002971,-7.594003,0
2026-07-02 15:37:59.529870,2.168051,-7.599185,1.415299,-0.002971,1.413342,-0.002971,-7.599185,0
2026-07-02 15:37:59.533857,2.170375,-7.594003,1.415299,-0.002971,1.413342,-0.002971,-7.594003,0
2026-07-02 15:37:59.537794,2.172680,-7.599185,1.415299,-0.002971,1.413342,-0.002971,-7.599185,0
2026-07-02 15:37:59.539801,2.175049,-7.599185,1.415299,-0.002971,1.418524,-0.002971,-7.599185,0
2026-07-02 15:37:59.542814,2.177414,-7.594003,1.415299,-0.002971,1.418524,-0.002971,-7.594003,0
2026-07-02 15:37:59.544173,2.179926,-7.594003,1.415299,-0.002971,1.418524,-0.002971,-7.594003,0
2026-07-02 15:37:59.544173,2.182332,-7.599185,1.415299,-0.002971,1.418524,-0.002971,-7.599185,0
2026-07-02 15:37:59.544173,2.184644,-7.599185,1.415299,-0.002971,1.413342,-0.002971,-7.599185,0
2026-07-02 15:37:59.544173,2.186915,-7.594003,1.415299,-0.002971,1.418524,-0.002971,-7.594003,0
2026-07-02 15:37:59.554444,2.189263,-7.599185,1.415299,-0.002971,1.418524,-0.002971,-7.599185,0
2026-07-02 15:37:59.554444,2.191533,-7.594003,1.415299,-0.002971,1.418524,-0.002971,-7.594003,0
2026-07-02 15:37:59.554444,2.193852,-7.594003,1.415299,-0.002971,1.418524,-0.002971,-7.594003,0
2026-07-02 15:37:59.554444,2.196065,-7.594003,1.415299,-0.002971,1.413342,-0.002971,-7.594003,0
2026-07-02 15:37:59.554444,2.198442,-7.594003,1.415299,-0.002971,1.413342,-0.002971,-7.594003,0
2026-07-02 15:37:59.563877,2.200783,-7.599185,1.415299,-0.002971,1.413342,-0.002971,-7.599185,0
2026-07-02 15:37:59.563877,2.203087,-7.599185,1.415299,-0.002971,1.418524,-0.002971,-7.599185,0
2026-07-02 15:37:59.563877,2.205442,-7.594003,1.415299,-0.002971,1.413342,-0.002971,-7.594003,0
2026-07-02 15:37:59.563877,2.207805,-7.594003,1.415299,-0.002971,1.418524,-0.002971,-7.594003,0
2026-07-02 15:37:59.574117,2.210120,-7.594003,1.415299,-0.002971,1.413342,-0.002971,-7.594003,0
2026-07-02 15:37:59.576632,2.212768,-7.594003,1.415299,-0.002971,1.413342,-0.002971,-7.594003,0
2026-07-02 15:37:59.578644,2.215070,-7.594003,1.415299,-0.002971,1.413342,-0.002971,-7.594003,0
2026-07-02 15:37:59.581740,2.217495,-7.594003,1.415299,-0.002971,1.413342,-0.002971,-7.594003,0
2026-07-02 15:37:59.584766,2.220018,-7.599185,1.415299,-0.002971,1.413342,-0.002971,-7.599185,0
2026-07-02 15:37:59.588795,2.223141,-7.594003,1.415299,-0.002971,1.413342,-0.002971,-7.594003,0
2026-07-02 15:37:59.591596,2.226268,-7.599185,1.415299,-0.002971,1.413342,-0.002971,-7.599185,0
2026-07-02 15:37:59.593605,2.228733,-7.599185,1.415299,-0.002971,1.413342,-0.002971,-7.599185,0
2026-07-02 15:37:59.596304,2.231298,-7.594003,1.415299,0.002211,1.413342,0.002211,-7.594003,0
2026-07-02 15:37:59.596304,2.233595,-7.594003,1.415299,-0.002971,1.413342,-0.002971,-7.594003,0
2026-07-02 15:37:59.601230,2.236056,-7.599185,1.415299,-0.002971,1.413342,-0.002971,-7.599185,0
2026-07-02 15:37:59.603235,2.238316,-7.594003,1.415299,-0.002971,1.413342,-0.002971,-7.594003,0
2026-07-02 15:37:59.603235,2.240539,-7.599185,1.415299,-0.002971,1.413342,-0.002971,-7.599185,0
2026-07-02 15:37:59.603235,2.242866,-7.599185,1.415299,-0.002971,1.413342,-0.002971,-7.599185,0
2026-07-02 15:37:59.603235,2.245175,-7.594003,1.415299,-0.002971,1.413342,-0.002971,-7.594003,0
2026-07-02 15:37:59.603235,2.247386,-7.594003,1.415299,-0.002971,1.413342,-0.002971,-7.594003,0
2026-07-02 15:37:59.613055,2.249678,-7.599185,1.415299,-0.002971,1.413342,-0.002971,-7.599185,0
2026-07-02 15:37:59.617147,2.252016,-7.594003,1.415299,-0.002971,1.413342,-0.002971,-7.594003,0
2026-07-02 15:37:59.621136,2.254633,-7.599185,1.415299,-0.002971,1.413342,-0.002971,-7.599185,0
2026-07-02 15:37:59.623193,2.258551,-7.594003,1.415299,-0.002971,1.413342,-0.002971,-7.594003,0
2026-07-02 15:37:59.623940,2.260906,-7.599185,1.415299,-0.002971,1.418524,-0.002971,-7.599185,0
2026-07-02 15:37:59.627651,2.263181,-7.594003,1.415299,-0.002971,1.413342,-0.002971,-7.594003,0
2026-07-02 15:37:59.629667,2.265630,-7.594003,1.415299,-0.002971,1.413342,-0.002971,-7.594003,0
2026-07-02 15:37:59.633362,2.268058,-7.599185,1.415299,-0.002971,1.418524,-0.002971,-7.599185,0
2026-07-02 15:37:59.635370,2.270489,-7.594003,1.415299,-0.002971,1.413342,-0.002971,-7.594003,0
2026-07-02 15:37:59.635370,2.272738,-7.594003,1.415299,-0.002971,1.418524,-0.002971,-7.594003,0
2026-07-02 15:37:59.635370,2.274998,-7.594003,1.415299,-0.002971,1.413342,-0.002971,-7.594003,0
2026-07-02 15:37:59.635370,2.277341,-7.599185,1.415299,-0.002971,1.418524,-0.002971,-7.599185,0
2026-07-02 15:37:59.643627,2.279495,-7.599185,1.415299,-0.002971,1.418524,-0.002971,-7.599185,0
2026-07-02 15:37:59.643627,2.281761,-7.599185,1.415299,-0.002971,1.418524,-0.002971,-7.599185,0
2026-07-02 15:37:59.643627,2.283995,-7.599185,1.415299,-0.002971,1.413342,-0.002971,-7.599185,0
2026-07-02 15:37:59.643627,2.286233,-7.599185,1.415299,-0.002971,1.413342,-0.002971,-7.599185,0
2026-07-02 15:37:59.653710,2.288534,-7.599185,1.415299,-0.002971,1.413342,-0.002971,-7.599185,0
2026-07-02 15:37:59.653710,2.290822,-7.594003,1.415299,-0.002971,1.418524,-0.002971,-7.594003,0
2026-07-02 15:37:59.653710,2.293090,-7.594003,1.415299,-0.002971,1.413342,-0.002971,-7.594003,0
2026-07-02 15:37:59.653710,2.295324,-7.599185,1.415299,-0.002971,1.418524,-0.002971,-7.599185,0
2026-07-02 15:37:59.653710,2.297610,-7.594003,1.415299,-0.002971,1.413342,-0.002971,-7.594003,0
2026-07-02 15:37:59.663917,2.299927,-7.594003,1.415299,-0.002971,1.418524,-0.002971,-7.594003,0
2026-07-02 15:37:59.665932,2.302383,-7.599185,1.415299,-0.002971,1.418524,-0.002971,-7.599185,0
2026-07-02 15:37:59.668956,2.304769,-7.594003,1.415299,-0.002971,1.413342,-0.002971,-7.594003,0
2026-07-02 15:37:59.670968,2.307129,-7.594003,1.415299,-0.002971,1.413342,-0.002971,-7.594003,0
2026-07-02 15:37:59.673996,2.309543,-7.599185,1.415299,-0.002971,1.418524,-0.002971,-7.599185,0
2026-07-02 15:37:59.676002,2.311956,-7.594003,1.415299,-0.002971,1.413342,-0.002971,-7.594003,0
2026-07-02 15:37:59.678010,2.314496,-7.594003,1.415299,-0.002971,1.413342,-0.002971,-7.594003,0
2026-07-02 15:37:59.682029,2.316918,-7.594003,1.415299,-0.002971,1.413342,-0.002971,-7.594003,0
2026-07-02 15:37:59.684046,2.319218,-7.594003,1.415299,-0.002971,1.418524,-0.002971,-7.594003,0
2026-07-02 15:37:59.687431,2.322182,-7.594003,1.415299,-0.002971,1.413342,-0.002971,-7.594003,0
2026-07-02 15:37:59.689443,2.324665,-7.599185,1.415299,-0.002971,1.413342,-0.002971,-7.599185,0
2026-07-02 15:37:59.692458,2.327062,-7.594003,1.415299,-0.002971,1.413342,-0.002971,-7.594003,0
2026-07-02 15:37:59.694213,2.330202,-7.594003,1.415299,-0.002971,1.418524,-0.002971,-7.594003,0
2026-07-02 15:37:59.696227,2.332576,-7.594003,1.415299,-0.002971,1.418524,-0.002971,-7.594003,0
2026-07-02 15:37:59.700250,2.334969,-7.594003,1.415299,-0.002971,1.418524,-0.002971,-7.594003,0
2026-07-02 15:37:59.704269,2.337291,-7.594003,1.415299,-0.002971,1.413342,-0.002971,-7.594003,0
2026-07-02 15:37:59.708284,2.342463,-7.599185,1.415299,-0.002971,1.418524,-0.002971,-7.599185,0
2026-07-02 15:37:59.710294,2.345359,-7.594003,1.415299,-0.002971,1.413342,-0.002971,-7.594003,0
2026-07-02 15:37:59.712306,2.347630,-7.599185,1.415299,-0.002971,1.413342,-0.002971,-7.599185,0
2026-07-02 15:37:59.714319,2.350171,-7.594003,1.415299,-0.002971,1.413342,-0.002971,-7.594003,0
2026-07-02 15:37:59.718333,2.352531,-7.594003,1.415299,-0.002971,1.413342,-0.002971,-7.594003,0
2026-07-02 15:37:59.720840,2.355495,-7.594003,1.415299,-0.002971,1.413342,-0.002971,-7.594003,0
2026-07-02 15:37:59.722869,2.358250,-7.594003,1.415299,-0.002971,1.413342,-0.002971,-7.594003,0
2026-07-02 15:37:59.726613,2.360585,-7.599185,1.415299,-0.002971,1.413342,-0.002971,-7.599185,0
2026-07-02 15:37:59.728628,2.363859,-7.599185,1.415299,-0.002971,1.418524,-0.002971,-7.599185,0
2026-07-02 15:37:59.730645,2.366204,-7.599185,1.415299,-0.002971,1.413342,-0.002971,-7.599185,0
2026-07-02 15:37:59.733129,2.368729,-7.599185,1.415299,-0.002971,1.413342,-0.002971,-7.599185,0
2026-07-02 15:37:59.734868,2.371264,-7.594003,1.415299,-0.002971,1.413342,-0.002971,-7.594003,0
2026-07-02 15:37:59.738389,2.373743,-7.599185,1.415299,-0.002971,1.413342,-0.002971,-7.599185,0
2026-07-02 15:37:59.738389,2.376107,-7.594003,1.415299,-0.002971,1.418524,-0.002971,-7.594003,0
2026-07-02 15:37:59.742471,2.378361,-7.594003,1.415299,-0.002971,1.413342,-0.002971,-7.594003,0
2026-07-02 15:37:59.744484,2.380644,-7.599185,1.415299,-0.002971,1.413342,-0.002971,-7.599185,0
2026-07-02 15:37:59.744484,2.382998,-7.599185,1.415299,-0.002971,1.413342,-0.002971,-7.599185,0
2026-07-02 15:37:59.744484,2.385415,-7.599185,1.415299,-0.002971,1.413342,-0.002971,-7.599185,0
2026-07-02 15:37:59.752453,2.387830,-7.599185,1.415299,-0.002971,1.413342,-0.002971,-7.599185,0
2026-07-02 15:37:59.754632,2.390189,-7.594003,1.415299,-0.002971,1.413342,-0.002971,-7.594003,0
2026-07-02 15:37:59.756655,2.392573,-7.594003,1.415299,-0.002971,1.413342,-0.002971,-7.594003,0
2026-07-02 15:37:59.758663,2.394974,-7.599185,1.415299,-0.002971,1.413342,-0.002971,-7.599185,0
2026-07-02 15:37:59.760669,2.397392,-7.594003,1.415299,-0.002971,1.413342,-0.002971,-7.594003,0
2026-07-02 15:37:59.764930,2.399812,-7.594003,1.415299,-0.002971,1.418524,-0.002971,-7.594003,0
2026-07-02 15:37:59.764930,2.402752,-7.599185,1.415299,-0.002971,1.413342,-0.002971,-7.599185,0
2026-07-02 15:37:59.768612,2.405096,-7.599185,1.415299,-0.002971,1.413342,-0.002971,-7.599185,0
2026-07-02 15:37:59.772639,2.407500,-7.599185,1.415299,-0.002971,1.413342,-0.002971,-7.599185,0
2026-07-02 15:37:59.774651,2.409900,-7.599185,1.415299,-0.002971,1.413342,-0.002971,-7.599185,0
2026-07-02 15:37:59.776666,2.412178,-7.594003,1.415299,-0.002971,1.418524,-0.002971,-7.594003,0
2026-07-02 15:37:59.778680,2.414562,-7.594003,1.415299,-0.002971,1.413342,-0.002971,-7.594003,0
2026-07-02 15:37:59.780691,2.416991,-7.594003,1.415299,-0.002971,1.413342,-0.002971,-7.594003,0
2026-07-02 15:37:59.784714,2.419447,-7.594003,1.415299,-0.002971,1.418524,-0.002971,-7.594003,0
2026-07-02 15:37:59.785303,2.421849,-7.599185,1.415299,-0.002971,1.413342,-0.002971,-7.599185,0
2026-07-02 15:37:59.789333,2.424249,-7.599185,1.415299,-0.002971,1.413342,-0.002971,-7.599185,0
2026-07-02 15:37:59.790849,2.426671,-7.594003,1.415299,-0.002971,1.413342,-0.002971,-7.594003,0
2026-07-02 15:37:59.793755,2.429092,-7.599185,1.415299,-0.002971,1.413342,-0.002971,-7.599185,0
2026-07-02 15:37:59.796774,2.431501,-7.594003,1.415299,-0.002971,1.413342,-0.002971,-7.594003,0
2026-07-02 15:37:59.796774,2.433910,-7.599185,1.415299,-0.002971,1.413342,-0.002971,-7.599185,0
2026-07-02 15:37:59.800481,2.436291,-7.594003,1.415299,-0.002971,1.413342,-0.002971,-7.594003,0
2026-07-02 15:37:59.802492,2.438681,-7.594003,1.415299,-0.002971,1.413342,-0.002971,-7.594003,0
2026-07-02 15:37:59.804504,2.441176,-7.599185,1.415299,-0.002971,1.418524,-0.002971,-7.599185,0
2026-07-02 15:37:59.807775,2.443577,-7.594003,1.415299,-0.002971,1.418524,-0.002971,-7.594003,0
2026-07-02 15:37:59.807775,2.446036,-7.594003,1.415299,-0.002971,1.418524,-0.002971,-7.594003,0
2026-07-02 15:37:59.807775,2.448567,-7.599185,1.415299,-0.002971,1.413342,-0.002971,-7.599185,0
2026-07-02 15:37:59.814559,2.451086,-7.594003,1.415299,-0.002971,1.413342,-0.002971,-7.594003,0
2026-07-02 15:37:59.816571,2.453503,-7.594003,1.415299,-0.002971,1.418524,-0.002971,-7.594003,0
2026-07-02 15:37:59.820316,2.455889,-7.599185,1.415299,-0.002971,1.418524,-0.002971,-7.599185,0
2026-07-02 15:37:59.822327,2.458300,-7.594003,1.415299,-0.002971,1.418524,-0.002971,-7.594003,0
2026-07-02 15:37:59.824342,2.460579,-7.599185,1.415299,-0.002971,1.418524,-0.002971,-7.599185,0
2026-07-02 15:37:59.828366,2.463287,-7.594003,1.415299,-0.002971,1.413342,-0.002971,-7.594003,0
2026-07-02 15:37:59.830374,2.465900,-7.594003,1.415299,-0.002971,1.418524,-0.002971,-7.594003,0
2026-07-02 15:37:59.833070,2.468113,-7.599185,1.415299,-0.002971,1.413342,-0.002971,-7.599185,0
2026-07-02 15:37:59.834804,2.470415,-7.599185,1.415299,-0.002971,1.413342,-0.002971,-7.599185,0
2026-07-02 15:37:59.836812,2.472770,-7.599185,1.415299,-0.002971,1.413342,-0.002971,-7.599185,0
2026-07-02 15:37:59.838819,2.475003,-7.594003,1.415299,-0.002971,1.418524,-0.002971,-7.594003,0
2026-07-02 15:37:59.840825,2.477238,-7.594003,1.415299,-0.002971,1.418524,-0.002971,-7.594003,0
2026-07-02 15:37:59.844889,2.479563,-7.594003,1.415299,-0.002971,1.413342,-0.002971,-7.594003,0
2026-07-02 15:37:59.848340,2.482243,-7.599185,1.415299,-0.002971,1.413342,-0.002971,-7.599185,0
2026-07-02 15:37:59.850859,2.485360,-7.594003,1.415299,-0.002971,1.418524,-0.002971,-7.594003,0
2026-07-02 15:37:59.853338,2.488459,-7.599185,1.415299,-0.002971,1.413342,-0.002971,-7.599185,0
2026-07-02 15:37:59.855360,2.490804,-7.599185,1.415299,-0.002971,1.418524,-0.002971,-7.599185,0
2026-07-02 15:37:59.859988,2.494086,-7.599185,1.415299,-0.002971,1.413342,-0.002971,-7.599185,0
2026-07-02 15:37:59.863174,2.497349,-7.594003,1.415299,-0.002971,1.413342,-0.002971,-7.594003,0
2026-07-02 15:37:59.885284,2.500611,-7.599185,1.415299,-0.002971,1.418524,-0.002971,-7.599185,0
2026-07-02 15:37:59.897879,2.523406,-7.599185,1.415299,-0.002971,1.418524,-0.002971,-7.599185,0
2026-07-02 15:37:59.905663,2.535077,-7.599185,1.415299,-0.002971,1.413342,-0.002971,-7.599185,0
2026-07-02 15:37:59.909681,2.543726,-7.599185,1.415299,-0.002971,1.418524,-0.002971,-7.599185,0
2026-07-02 15:37:59.919726,2.547768,-7.599185,1.415299,-0.002971,1.418524,-0.002971,-7.599185,0
2026-07-02 15:37:59.923737,2.558041,-7.594003,1.415299,-0.002971,1.418524,-0.002971,-7.594003,0
2026-07-02 15:37:59.927750,2.562306,-7.599185,1.415299,-0.002971,1.413342,-0.002971,-7.599185,0
2026-07-02 15:37:59.934976,2.566368,-7.594003,1.415299,-0.002971,1.413342,-0.002971,-7.594003,0
2026-07-02 15:37:59.938991,2.572285,-7.594003,1.415299,-0.002971,1.413342,-0.002971,-7.594003,0
2026-07-02 15:37:59.956075,2.577959,-7.594003,1.415299,-0.002971,1.413342,-0.002971,-7.594003,0
2026-07-02 15:37:59.962105,2.594615,-7.594003,1.415299,-0.002971,1.413342,-0.002971,-7.594003,0
2026-07-02 15:37:59.972137,2.599607,-7.594003,1.415299,-0.002971,1.413342,-0.002971,-7.594003,0
2026-07-02 15:37:59.978168,2.609380,-7.599185,1.415299,-0.002971,1.413342,-0.002971,-7.599185,0
2026-07-02 15:37:59.984191,2.615891,-7.599185,1.415299,-0.002971,1.413342,-0.002971,-7.599185,0
2026-07-02 15:37:59.988204,2.621873,-7.599185,1.415299,-0.002971,1.413342,-0.002971,-7.599185,0
2026-07-02 15:37:59.995742,2.625645,-7.599185,1.415299,-0.002971,1.418524,-0.002971,-7.599185,0
2026-07-02 15:38:00.001755,2.634128,-7.594003,1.415299,-0.002971,1.413342,-0.002971,-7.594003,0
2026-07-02 15:38:00.007790,2.640433,-7.599185,1.415299,-0.002971,1.413342,-0.002971,-7.599185,0
2026-07-02 15:38:00.011804,2.646491,-7.599185,1.415299,-0.002971,1.418524,-0.002971,-7.599185,0
2026-07-02 15:38:00.021153,2.649569,-7.594003,1.415299,-0.002971,1.413342,-0.002971,-7.594003,0
2026-07-02 15:38:00.062527,2.659137,-7.599185,1.415299,-0.002971,1.418524,-0.002971,-7.599185,0
2026-07-02 15:38:00.092210,2.700025,-7.599185,1.415299,-0.002971,1.413342,-0.002971,-7.599185,0
2026-07-02 15:38:00.112539,2.731440,-7.594003,1.415299,-0.002971,1.418524,-0.002971,-7.594003,0
2026-07-02 15:38:00.123082,2.750415,-7.594003,1.415299,-0.002971,1.418524,-0.002971,-7.594003,0
2026-07-02 15:38:00.124833,2.761294,-7.599185,1.415299,-0.002971,1.418524,-0.002971,-7.599185,0
2026-07-02 15:38:00.128850,2.763820,-7.599185,1.415299,-0.002971,1.413342,-0.002971,-7.599185,0
2026-07-02 15:38:00.130858,2.766168,-7.599185,1.415299,-0.002971,1.418524,-0.002971,-7.599185,0
2026-07-02 15:38:00.134865,2.768922,-7.599185,1.415299,-0.002971,1.413342,-0.002971,-7.599185,0
2026-07-02 15:38:00.136876,2.772567,-7.594003,1.415299,-0.002971,1.413342,-0.002971,-7.594003,0
2026-07-02 15:38:00.138888,2.774812,-7.594003,1.415299,-0.002971,1.413342,-0.002971,-7.594003,0
2026-07-02 15:38:00.143420,2.777245,-7.599185,1.415299,-0.002971,1.413342,-0.002971,-7.599185,0
2026-07-02 15:38:00.144955,2.780407,-7.599185,1.415299,-0.002971,1.413342,-0.002971,-7.599185,0
2026-07-02 15:38:00.151976,2.782628,-7.599185,1.415299,-0.002971,1.418524,-0.002971,-7.599185,0
2026-07-02 15:38:00.157028,2.789784,-7.594003,1.415299,-0.002971,1.413342,-0.002971,-7.594003,0
2026-07-02 15:38:00.159853,2.794465,-7.594003,1.415299,-0.002971,1.413342,-0.002971,-7.594003,0
2026-07-02 15:38:00.161803,2.797202,-7.599185,1.415299,-0.002971,1.413342,-0.002971,-7.599185,0
2026-07-02 15:38:00.164313,2.799479,-7.594003,1.415299,-0.002971,1.413342,-0.002971,-7.594003,0
2026-07-02 15:38:00.171352,2.801696,-7.599185,1.415299,-0.002971,1.413342,-0.002971,-7.599185,0
2026-07-02 15:38:00.175369,2.808957,-7.599185,1.415299,-0.002971,1.418524,-0.002971,-7.599185,0
2026-07-02 15:38:00.180893,2.813693,-7.594003,1.415299,-0.002971,1.418524,-0.002971,-7.594003,0
2026-07-02 15:38:00.183727,2.817997,-7.599185,1.415299,-0.002971,1.413342,-0.002971,-7.599185,0
2026-07-02 15:38:00.185868,2.822386,-7.599185,1.415299,-0.002971,1.418524,-0.002971,-7.599185,0
2026-07-02 15:38:00.190437,2.825604,-7.599185,1.415299,-0.002971,1.413342,-0.002971,-7.599185,0
2026-07-02 15:38:00.193001,2.827829,-7.599185,1.415299,-0.002971,1.413342,-0.002971,-7.599185,0
2026-07-02 15:38:00.195011,2.830715,-7.594003,1.415299,-0.002971,1.413342,-0.002971,-7.594003,0
2026-07-02 15:38:00.198033,2.833261,-7.594003,1.415299,-0.002971,1.413342,-0.002971,-7.594003,0
2026-07-02 15:38:00.200042,2.835623,-7.599185,1.415299,-0.002971,1.413342,-0.002971,-7.599185,0
2026-07-02 15:38:00.202054,2.837815,-7.599185,1.415299,-0.002971,1.413342,-0.002971,-7.599185,0
2026-07-02 15:38:00.204067,2.840140,-7.594003,1.415299,-0.002971,1.418524,-0.002971,-7.594003,0
2026-07-02 15:38:00.206081,2.842450,-7.599185,1.415299,-0.002971,1.418524,-0.002971,-7.599185,0
2026-07-02 15:38:00.208094,2.844771,-7.599185,1.415299,-0.002971,1.418524,-0.002971,-7.599185,0
2026-07-02 15:38:00.212114,2.847034,-7.594003,1.415299,-0.002971,1.413342,-0.002971,-7.594003,0
2026-07-02 15:38:00.212114,2.849293,-7.599185,1.415299,-0.002971,1.418524,-0.002971,-7.599185,0
2026-07-02 15:38:00.216354,2.851590,-7.594003,1.415299,-0.002971,1.413342,-0.002971,-7.594003,0
2026-07-02 15:38:00.218448,2.853892,-7.599185,1.415299,-0.002971,1.418524,-0.002971,-7.599185,0
2026-07-02 15:38:00.220459,2.856859,-7.594003,1.415299,-0.002971,1.413342,-0.002971,-7.594003,0
2026-07-02 15:38:00.224484,2.859311,-7.594003,1.415299,-0.002971,1.413342,-0.002971,-7.594003,0
2026-07-02 15:38:00.226491,2.861861,-7.599185,1.415299,-0.002971,1.413342,-0.002971,-7.599185,0
2026-07-02 15:38:00.229851,2.864546,-7.594003,1.415299,-0.002971,1.413342,-0.002971,-7.594003,0
2026-07-02 15:38:00.231858,2.867045,-7.594003,1.415299,-0.002971,1.413342,-0.002971,-7.594003,0
2026-07-02 15:38:00.233862,2.869508,-7.599185,1.415299,-0.002971,1.413342,-0.002971,-7.599185,0
2026-07-02 15:38:00.236880,2.871899,-7.594003,1.415299,-0.002971,1.413342,-0.002971,-7.594003,0
2026-07-02 15:38:00.238897,2.874284,-7.594003,1.415299,-0.002971,1.413342,-0.002971,-7.594003,0
2026-07-02 15:38:00.240913,2.876672,-7.599185,1.415299,-0.002971,1.413342,-0.002971,-7.599185,0
2026-07-02 15:38:00.242920,2.879077,-7.594003,1.415299,-0.002971,1.413342,-0.002971,-7.594003,0
2026-07-02 15:38:00.245651,2.881368,-7.599185,1.415299,-0.002971,1.413342,-0.002971,-7.599185,0
2026-07-02 15:38:00.249175,2.883759,-7.599185,1.415299,-0.002971,1.413342,-0.002971,-7.599185,0
2026-07-02 15:38:00.251188,2.886186,-7.599185,1.415299,-0.002971,1.418524,-0.002971,-7.599185,0
2026-07-02 15:38:00.251188,2.888564,-7.599185,1.415299,-0.002971,1.418524,-0.002971,-7.599185,0
2026-07-02 15:38:00.254433,2.890951,-7.594003,1.415299,-0.002971,1.418524,-0.002971,-7.594003,0
2026-07-02 15:38:00.257457,2.893341,-7.594003,1.415299,-0.002971,1.413342,-0.002971,-7.594003,0
2026-07-02 15:38:00.259476,2.895767,-7.599185,1.415299,-0.002971,1.418524,-0.002971,-7.599185,0
2026-07-02 15:38:00.263500,2.898156,-7.594003,1.415299,-0.002971,1.413342,-0.002971,-7.594003,0
2026-07-02 15:38:00.264511,2.900544,-7.599185,1.415299,0.002211,1.418524,0.002211,-7.599185,0
2026-07-02 15:38:00.267529,2.903019,-7.599185,1.415299,-0.002971,1.413342,-0.002971,-7.599185,0
2026-07-02 15:38:00.269544,2.905334,-7.599185,1.415299,-0.002971,1.418524,-0.002971,-7.599185,0
2026-07-02 15:38:00.271551,2.907684,-7.599185,1.415299,-0.002971,1.413342,-0.002971,-7.599185,0
2026-07-02 15:38:00.273557,2.910068,-7.594003,1.415299,-0.002971,1.413342,-0.002971,-7.594003,0
2026-07-02 15:38:00.277582,2.912496,-7.594003,1.415299,-0.002971,1.413342,-0.002971,-7.594003,0
2026-07-02 15:38:00.279598,2.914893,-7.594003,1.415299,-0.002971,1.418524,-0.002971,-7.594003,0
2026-07-02 15:38:00.281615,2.917269,-7.594003,1.415299,-0.002971,1.413342,-0.002971,-7.594003,0
2026-07-02 15:38:00.283632,2.919696,-7.599185,1.415299,-0.002971,1.418524,-0.002971,-7.599185,0
2026-07-02 15:38:00.283632,2.922106,-7.594003,1.415299,-0.002971,1.418524,-0.002971,-7.594003,0
2026-07-02 15:38:00.288051,2.924631,-7.594003,1.415299,-0.002971,1.413342,-0.002971,-7.594003,0
2026-07-02 15:38:00.292080,2.927014,-7.599185,1.415299,-0.002971,1.413342,-0.002971,-7.599185,0
2026-07-02 15:38:00.294095,2.929550,-7.594003,1.415299,-0.002971,1.413342,-0.002971,-7.594003,0
2026-07-02 15:38:00.296108,2.931982,-7.594003,1.415299,-0.002971,1.413342,-0.002971,-7.594003,0
2026-07-02 15:38:00.298120,2.934373,-7.594003,1.415299,-0.002971,1.413342,-0.002971,-7.594003,0
2026-07-02 15:38:00.300127,2.936764,-7.594003,1.415299,-0.002971,1.413342,-0.002971,-7.594003,0
2026-07-02 15:38:00.304152,2.939142,-7.594003,1.415299,-0.002971,1.418524,-0.002971,-7.594003,0
2026-07-02 15:38:00.306169,2.941631,-7.599185,1.415299,-0.002971,1.413342,-0.002971,-7.599185,0
2026-07-02 15:38:00.312190,2.943995,-7.599185,1.415299,-0.002971,1.418524,-0.002971,-7.599185,0
2026-07-02 15:38:00.314198,2.949902,-7.594003,1.415299,-0.002971,1.413342,-0.002971,-7.594003,0
2026-07-02 15:38:00.314198,2.952354,-7.594003,1.415299,-0.002971,1.413342,-0.002971,-7.594003,0
2026-07-02 15:38:00.318207,2.954596,-7.594003,1.415299,-0.002971,1.418524,-0.002971,-7.594003,0
2026-07-02 15:38:00.318207,2.956996,-7.594003,1.415299,-0.002971,1.413342,-0.002971,-7.594003,0
2026-07-02 15:38:00.318207,2.959256,-7.599185,1.415299,-0.002971,1.413342,-0.002971,-7.599185,0
2026-07-02 15:38:00.318207,2.961509,-7.599185,1.415299,-0.002971,1.413342,-0.002971,-7.599185,0
2026-07-02 15:38:00.328233,2.963698,-7.599185,1.415299,-0.002971,1.413342,-0.002971,-7.599185,0
2026-07-02 15:38:00.328233,2.965872,-7.599185,1.415299,-0.002971,1.418524,-0.002971,-7.599185,0
2026-07-02 15:38:00.328233,2.968128,-7.599185,1.415299,-0.002971,1.418524,-0.002971,-7.599185,0
2026-07-02 15:38:00.328233,2.970402,-7.594003,1.415299,-0.002971,1.413342,-0.002971,-7.594003,0
2026-07-02 15:38:00.328233,2.972648,-7.594003,1.415299,-0.002971,1.418524,-0.002971,-7.594003,0
2026-07-02 15:38:00.338439,2.974874,-7.599185,1.415299,-0.002971,1.413342,-0.002971,-7.599185,0
2026-07-02 15:38:00.340967,2.977109,-7.594003,1.415299,-0.002971,1.413342,-0.002971,-7.594003,0
2026-07-02 15:38:00.344986,2.979822,-7.594003,1.415299,-0.002971,1.413342,-0.002971,-7.594003,0
2026-07-02 15:38:00.344986,2.982059,-7.599185,1.415299,0.002211,1.418524,0.002211,-7.599185,0
2026-07-02 15:38:00.349332,2.984420,-7.599185,1.415299,-0.002971,1.413342,-0.002971,-7.599185,0
2026-07-02 15:38:00.351347,2.986778,-7.599185,1.415299,-0.002971,1.413342,-0.002971,-7.599185,0
2026-07-02 15:38:00.351347,2.989218,-7.599185,1.415299,0.002211,1.413342,0.002211,-7.599185,0
2026-07-02 15:38:00.351347,2.991589,-7.594003,1.415299,-0.002971,1.413342,-0.002971,-7.594003,0
2026-07-02 15:38:00.359419,2.993994,-7.594003,1.415299,-0.002971,1.418524,-0.002971,-7.594003,0
2026-07-02 15:38:00.360508,2.996450,-7.594003,1.415299,-0.002971,1.413342,-0.002971,-7.594003,0
2026-07-02 15:38:00.362520,2.998893,-7.599185,1.415299,-0.008152,1.418524,-0.008152,-7.599185,0
2026-07-02 15:38:00.366545,3.001232,-7.599185,1.415299,-0.002971,1.413342,-0.002971,-7.599185,0
2026-07-02 15:38:00.368218,3.003586,-7.594003,1.415299,-0.002971,1.413342,-0.002971,-7.594003,0
2026-07-02 15:38:00.371236,3.005841,-7.594003,1.415299,-0.002971,1.418524,-0.002971,-7.594003,0
2026-07-02 15:38:00.373249,3.008219,-7.599185,1.415299,-0.002971,1.413342,-0.002971,-7.599185,0
2026-07-02 15:38:00.373249,3.010555,-7.594003,1.415299,-0.002971,1.418524,-0.002971,-7.594003,0
2026-07-02 15:38:00.378167,3.012960,-7.594003,1.415299,-0.002971,1.413342,-0.002971,-7.594003,0
2026-07-02 15:38:00.379680,3.015367,-7.594003,1.415299,-0.002971,1.413342,-0.002971,-7.594003,0
2026-07-02 15:38:00.384565,3.017746,-7.599185,1.415299,-0.002971,1.418524,-0.002971,-7.599185,0
2026-07-02 15:38:00.386571,3.022009,-7.599185,1.415299,-0.002971,1.413342,-0.002971,-7.599185,0
2026-07-02 15:38:00.388084,3.024383,-7.599185,1.415299,-0.002971,1.413342,-0.002971,-7.599185,0
2026-07-02 15:38:00.391710,3.026753,-7.599185,1.415299,-0.002971,1.413342,-0.002971,-7.599185,0
2026-07-02 15:38:00.392598,3.029134,-7.599185,1.415299,-0.002971,1.418524,-0.002971,-7.599185,0
2026-07-02 15:38:00.394605,3.031570,-7.594003,1.415299,-0.002971,1.413342,-0.002971,-7.594003,0
2026-07-02 15:38:00.400408,3.033991,-7.599185,1.415299,-0.002971,1.418524,-0.002971,-7.599185,0
2026-07-02 15:38:00.402416,3.037969,-7.594003,1.415299,-0.002971,1.418524,-0.002971,-7.594003,0
2026-07-02 15:38:00.404431,3.040500,-7.599185,1.415299,-0.002971,1.413342,-0.002971,-7.599185,0
2026-07-02 15:38:00.404431,3.042873,-7.599185,1.415299,-0.002971,1.413342,-0.002971,-7.599185,0
2026-07-02 15:38:00.408885,3.045319,-7.599185,1.415299,-0.002971,1.413342,-0.002971,-7.599185,0
2026-07-02 15:38:00.412991,3.047790,-7.599185,1.415299,-0.002971,1.413342,-0.002971,-7.599185,0
2026-07-02 15:38:00.415006,3.050219,-7.594003,1.415299,-0.002971,1.413342,-0.002971,-7.594003,0
2026-07-02 15:38:00.417016,3.052598,-7.599185,1.415299,-0.002971,1.413342,-0.002971,-7.599185,0
2026-07-02 15:38:00.419023,3.054909,-7.599185,1.415299,-0.002971,1.413342,-0.002971,-7.599185,0
2026-07-02 15:38:00.421035,3.057302,-7.594003,1.415299,-0.002971,1.413342,-0.002971,-7.594003,0
2026-07-02 15:38:00.425058,3.059705,-7.599185,1.415299,-0.002971,1.413342,-0.002971,-7.599185,0
2026-07-02 15:38:00.427073,3.062116,-7.594003,1.415299,-0.002971,1.418524,-0.002971,-7.594003,0
2026-07-02 15:38:00.429082,3.064525,-7.599185,1.415299,-0.002971,1.413342,-0.002971,-7.599185,0
2026-07-02 15:38:00.431098,3.066925,-7.594003,1.415299,-0.002971,1.413342,-0.002971,-7.594003,0
2026-07-02 15:38:00.433109,3.069376,-7.594003,1.415299,-0.002971,1.413342,-0.002971,-7.594003,0
2026-07-02 15:38:00.435122,3.071775,-7.594003,1.415299,-0.002971,1.413342,-0.002971,-7.594003,0
2026-07-02 15:38:00.439152,3.074198,-7.594003,1.415299,-0.002971,1.413342,-0.002971,-7.594003,0
2026-07-02 15:38:00.439152,3.076559,-7.594003,1.415299,-0.002971,1.413342,-0.002971,-7.594003,0
2026-07-02 15:38:00.444281,3.078972,-7.594003,1.415299,-0.002971,1.413342,-0.002971,-7.594003,0
2026-07-02 15:38:00.446292,3.081554,-7.599185,1.415299,-0.002971,1.418524,-0.002971,-7.599185,0
2026-07-02 15:38:00.449393,3.084077,-7.599185,1.415299,-0.002971,1.413342,-0.002971,-7.599185,0
2026-07-02 15:38:00.450535,3.086574,-7.594003,1.415299,-0.002971,1.418524,-0.002971,-7.594003,0
2026-07-02 15:38:00.452546,3.088982,-7.599185,1.415299,-0.002971,1.418524,-0.002971,-7.599185,0
2026-07-02 15:38:00.456573,3.091380,-7.594003,1.415299,-0.002971,1.413342,-0.002971,-7.594003,0
2026-07-02 15:38:00.458587,3.093817,-7.594003,1.415299,-0.002971,1.413342,-0.002971,-7.594003,0
2026-07-02 15:38:00.460287,3.096250,-7.594003,1.415299,-0.002971,1.418524,-0.002971,-7.594003,0
2026-07-02 15:38:00.462299,3.098686,-7.594003,1.415299,-0.002971,1.413342,-0.002971,-7.594003,0
2026-07-02 15:38:00.464813,3.101137,-7.599185,1.415299,-0.002971,1.413342,-0.002971,-7.599185,0
2026-07-02 15:38:00.468833,3.103550,-7.594003,1.415299,-0.002971,1.418524,-0.002971,-7.594003,0
2026-07-02 15:38:00.469842,3.105968,-7.594003,1.415299,-0.002971,1.418524,-0.002971,-7.594003,0
2026-07-02 15:38:00.473621,3.108439,-7.599185,1.415299,-0.002971,1.413342,-0.002971,-7.599185,0
2026-07-02 15:38:00.475630,3.111017,-7.594003,1.415299,-0.002971,1.418524,-0.002971,-7.594003,0
2026-07-02 15:38:00.477644,3.113546,-7.599185,1.415299,-0.002971,1.413342,-0.002971,-7.599185,0
2026-07-02 15:38:00.479658,3.115975,-7.599185,1.415299,-0.002971,1.418524,-0.002971,-7.599185,0
2026-07-02 15:38:00.483679,3.118443,-7.594003,1.415299,0.002211,1.413342,0.002211,-7.594003,0
2026-07-02 15:38:00.483679,3.121043,-7.599185,1.415299,-0.002971,1.413342,-0.002971,-7.599185,0
2026-07-02 15:38:00.483679,3.123424,-7.599185,1.415299,-0.002971,1.418524,-0.002971,-7.599185,0
2026-07-02 15:38:00.489480,3.125810,-7.594003,1.415299,-0.002971,1.418524,-0.002971,-7.594003,0
2026-07-02 15:38:00.493504,3.128254,-7.599185,1.415299,-0.002971,1.413342,-0.002971,-7.599185,0
2026-07-02 15:38:00.495018,3.130733,-7.594003,1.415299,-0.002971,1.413342,-0.002971,-7.594003,0
2026-07-02 15:38:00.497031,3.133224,-7.594003,1.415299,-0.002971,1.413342,-0.002971,-7.594003,0
2026-07-02 15:38:00.499719,3.135658,-7.594003,1.415299,-0.002971,1.413342,-0.002971,-7.594003,0
2026-07-02 15:38:00.501726,3.138365,-7.594003,1.415299,-0.002971,1.413342,-0.002971,-7.594003,0
2026-07-02 15:38:00.505749,3.140754,-7.599185,1.415299,-0.002971,1.413342,-0.002971,-7.599185,0
2026-07-02 15:38:00.507765,3.143140,-7.599185,1.415299,-0.002971,1.418524,-0.002971,-7.599185,0
2026-07-02 15:38:00.509521,3.145592,-7.599185,1.415299,-0.002971,1.413342,-0.002971,-7.599185,0
2026-07-02 15:38:00.509521,3.148334,-7.599185,1.415299,-0.002971,1.418524,-0.002971,-7.599185,0
2026-07-02 15:38:00.509521,3.150735,-7.594003,1.415299,-0.002971,1.413342,-0.002971,-7.594003,0
2026-07-02 15:38:00.509521,3.153152,-7.594003,1.415299,-0.002971,1.413342,-0.002971,-7.594003,0
2026-07-02 15:38:00.519709,3.155507,-7.594003,1.415299,-0.002971,1.413342,-0.002971,-7.594003,0
2026-07-02 15:38:00.519709,3.157783,-7.594003,1.415299,-0.002971,1.418524,-0.002971,-7.594003,0
2026-07-02 15:38:00.519709,3.160273,-7.594003,1.415299,-0.008152,1.418524,-0.008152,-7.594003,0
2026-07-02 15:38:00.519709,3.162683,-7.594003,1.415299,-0.002971,1.418524,-0.002971,-7.594003,0
2026-07-02 15:38:00.529722,3.164866,-7.594003,1.415299,-0.002971,1.413342,-0.002971,-7.594003,0
2026-07-02 15:38:00.530542,3.167171,-7.599185,1.415299,-0.002971,1.413342,-0.002971,-7.599185,0
2026-07-02 15:38:00.534553,3.169463,-7.599185,1.415299,-0.002971,1.413342,-0.002971,-7.599185,0
2026-07-02 15:38:00.536558,3.171706,-7.599185,1.415299,-0.002971,1.413342,-0.002971,-7.599185,0
2026-07-02 15:38:00.538562,3.173948,-7.594003,1.415299,-0.002971,1.413342,-0.002971,-7.594003,0
2026-07-02 15:38:00.540067,3.176195,-7.594003,1.415299,-0.008152,1.418524,-0.008152,-7.594003,0
2026-07-02 15:38:00.545620,3.178966,-7.599185,1.415299,-0.002971,1.418524,-0.002971,-7.599185,0
2026-07-02 15:38:00.547632,3.184351,-7.599185,1.415299,-0.002971,1.413342,-0.002971,-7.599185,0
2026-07-02 15:38:00.550420,3.186753,-7.594003,1.415299,-0.002971,1.413342,-0.002971,-7.594003,0
2026-07-02 15:38:00.554453,3.189290,-7.599185,1.415299,-0.002971,1.418524,-0.002971,-7.599185,0
2026-07-02 15:38:00.556469,3.191708,-7.594003,1.415299,-0.002971,1.413342,-0.002971,-7.594003,0
2026-07-02 15:38:00.556469,3.194156,-7.594003,1.415299,-0.002971,1.418524,-0.002971,-7.594003,0
2026-07-02 15:38:00.560455,3.196855,-7.594003,1.415299,-0.002971,1.413342,-0.002971,-7.594003,0
2026-07-02 15:38:00.562467,3.199197,-7.594003,1.415299,-0.002971,1.413342,-0.002971,-7.594003,0
2026-07-02 15:38:00.564757,3.201657,-7.599185,1.415299,-0.002971,1.418524,-0.002971,-7.599185,0
2026-07-02 15:38:00.568459,3.204827,-7.599185,1.415299,-0.002971,1.413342,-0.002971,-7.599185,0
2026-07-02 15:38:00.572478,3.207170,-7.599185,1.415299,-0.002971,1.418524,-0.002971,-7.599185,0
2026-07-02 15:38:00.576509,3.209555,-7.594003,1.415299,-0.002971,1.413342,-0.002971,-7.594003,0
2026-07-02 15:38:00.578520,3.214511,-7.599185,1.415299,-0.002971,1.413342,-0.002971,-7.599185,0
2026-07-02 15:38:00.584554,3.216899,-7.594003,1.415299,-0.002971,1.413342,-0.002971,-7.594003,0
2026-07-02 15:38:00.586570,3.222101,-7.599185,1.415299,-0.002971,1.413342,-0.002971,-7.599185,0
2026-07-02 15:38:00.588626,3.224490,-7.599185,1.415299,-0.002971,1.413342,-0.002971,-7.599185,0
2026-07-02 15:38:00.590665,3.226853,-7.599185,1.415299,-0.002971,1.418524,-0.002971,-7.599185,0
2026-07-02 15:38:00.592676,3.229355,-7.599185,1.415299,-0.002971,1.413342,-0.002971,-7.599185,0
2026-07-02 15:38:00.595622,3.231747,-7.594003,1.415299,-0.002971,1.413342,-0.002971,-7.594003,0
2026-07-02 15:38:00.597524,3.234109,-7.594003,1.415299,-0.002971,1.413342,-0.002971,-7.594003,0
2026-07-02 15:38:00.601702,3.236414,-7.599185,1.415299,-0.002971,1.418524,-0.002971,-7.599185,0
2026-07-02 15:38:00.603225,3.238739,-7.594003,1.415299,-0.002971,1.413342,-0.002971,-7.594003,0
2026-07-02 15:38:00.605266,3.241169,-7.599185,1.415299,-0.002971,1.418524,-0.002971,-7.599185,0
2026-07-02 15:38:00.605266,3.243651,-7.599185,1.415299,-0.002971,1.413342,-0.002971,-7.599185,0
2026-07-02 15:38:00.610954,3.245991,-7.594003,1.415299,-0.002971,1.413342,-0.002971,-7.594003,0
2026-07-02 15:38:00.612971,3.248485,-7.599185,1.415299,-0.002971,1.413342,-0.002971,-7.599185,0
2026-07-02 15:38:00.614979,3.250894,-7.594003,1.415299,-0.002971,1.413342,-0.002971,-7.594003,0
2026-07-02 15:38:00.618094,3.253221,-7.599185,1.415299,-0.002971,1.413342,-0.002971,-7.599185,0
2026-07-02 15:38:00.619170,3.255640,-7.594003,1.415299,-0.002971,1.418524,-0.002971,-7.594003,0
2026-07-02 15:38:00.622062,3.258117,-7.599185,1.415299,-0.002971,1.418524,-0.002971,-7.599185,0
2026-07-02 15:38:00.624093,3.260852,-7.599185,1.415299,-0.002971,1.413342,-0.002971,-7.599185,0
2026-07-02 15:38:00.626606,3.263207,-7.599185,1.415299,-0.002971,1.418524,-0.002971,-7.599185,0
2026-07-02 15:38:00.628642,3.265629,-7.594003,1.415299,-0.002971,1.418524,-0.002971,-7.594003,0
2026-07-02 15:38:00.631394,3.268054,-7.599185,1.415299,-0.002971,1.413342,-0.002971,-7.599185,0
2026-07-02 15:38:00.636018,3.270646,-7.594003,1.415299,-0.002971,1.418524,-0.002971,-7.594003,0
2026-07-02 15:38:00.638564,3.273318,-7.599185,1.415299,-0.002971,1.413342,-0.002971,-7.599185,0
2026-07-02 15:38:00.640576,3.275884,-7.599185,1.415299,-0.002971,1.418524,-0.002971,-7.599185,0
2026-07-02 15:38:00.643702,3.278311,-7.594003,1.415299,-0.002971,1.413342,-0.002971,-7.594003,0
2026-07-02 15:38:00.646218,3.280922,-7.599185,1.415299,-0.002971,1.413342,-0.002971,-7.599185,0
2026-07-02 15:38:00.648225,3.283346,-7.599185,1.415299,-0.002971,1.418524,-0.002971,-7.599185,0
2026-07-02 15:38:00.650232,3.285756,-7.599185,1.415299,-0.002971,1.413342,-0.002971,-7.599185,0
2026-07-02 15:38:00.651982,3.288261,-7.599185,1.415299,-0.002971,1.413342,-0.002971,-7.599185,0
2026-07-02 15:38:00.656001,3.290692,-7.594003,1.415299,-0.002971,1.418524,-0.002971,-7.594003,0
2026-07-02 15:38:00.658015,3.293185,-7.594003,1.415299,-0.002971,1.413342,-0.002971,-7.594003,0
2026-07-02 15:38:00.660029,3.295524,-7.594003,1.415299,-0.002971,1.413342,-0.002971,-7.594003,0
2026-07-02 15:38:00.665077,3.297952,-7.594003,1.415299,-0.002971,1.413342,-0.002971,-7.594003,0
2026-07-02 15:38:00.667087,3.303348,-7.599185,1.415299,-0.002971,1.413342,-0.002971,-7.599185,0
2026-07-02 15:38:00.670320,3.305709,-7.594003,1.415299,-0.002971,1.418524,-0.002971,-7.594003,0
2026-07-02 15:38:00.672057,3.308135,-7.594003,1.415299,-0.002971,1.418524,-0.002971,-7.594003,0
2026-07-02 15:38:00.674065,3.310555,-7.594003,1.415299,-0.002971,1.413342,-0.002971,-7.594003,0
2026-07-02 15:38:00.674065,3.312857,-7.594003,1.415299,-0.002971,1.418524,-0.002971,-7.594003,0
2026-07-02 15:38:00.680584,3.315192,-7.594003,1.415299,-0.002971,1.413342,-0.002971,-7.594003,0
2026-07-02 15:38:00.682959,3.317667,-7.594003,1.415299,-0.002971,1.418524,-0.002971,-7.594003,0
2026-07-02 15:38:00.686983,3.320002,-7.599185,1.415299,-0.002971,1.418524,-0.002971,-7.599185,0
2026-07-02 15:38:00.688992,3.325031,-7.594003,1.415299,-0.002971,1.413342,-0.002971,-7.594003,0
2026-07-02 15:38:00.692661,3.327483,-7.599185,1.415299,-0.002971,1.418524,-0.002971,-7.599185,0
2026-07-02 15:38:00.695530,3.330399,-7.599185,1.415299,-0.002971,1.413342,-0.002971,-7.599185,0
2026-07-02 15:38:00.698050,3.332802,-7.594003,1.415299,-0.002971,1.413342,-0.002971,-7.594003,0
2026-07-02 15:38:00.700060,3.335222,-7.594003,1.415299,-0.002971,1.413342,-0.002971,-7.594003,0
2026-07-02 15:38:00.702871,3.338043,-7.594003,1.415299,-0.002971,1.418524,-0.002971,-7.594003,0
2026-07-02 15:38:00.704879,3.340394,-7.599185,1.415299,-0.002971,1.413342,-0.002971,-7.599185,0
2026-07-02 15:38:00.704879,3.342734,-7.599185,1.415299,-0.002971,1.418524,-0.002971,-7.599185,0
2026-07-02 15:38:00.704879,3.345148,-7.599185,1.415299,-0.002971,1.413342,-0.002971,-7.599185,0
2026-07-02 15:38:00.704879,3.347511,-7.594003,1.415299,-0.002971,1.413342,-0.002971,-7.594003,0
2026-07-02 15:38:00.713373,3.349833,-7.594003,1.415299,-0.002971,1.418524,-0.002971,-7.594003,0
2026-07-02 15:38:00.717394,3.352258,-7.594003,1.415299,-0.002971,1.413342,-0.002971,-7.594003,0
2026-07-02 15:38:00.719410,3.354695,-7.599185,1.415299,-0.002971,1.413342,-0.002971,-7.599185,0
2026-07-02 15:38:00.721421,3.357155,-7.594003,1.415299,-0.002971,1.418524,-0.002971,-7.594003,0
2026-07-02 15:38:00.724341,3.359473,-7.594003,1.415299,-0.002971,1.418524,-0.002971,-7.594003,0
2026-07-02 15:38:00.726354,3.361941,-7.594003,1.415299,-0.002971,1.413342,-0.002971,-7.594003,0
2026-07-02 15:38:00.728366,3.364380,-7.594003,1.415299,-0.002971,1.418524,-0.002971,-7.594003,0
2026-07-02 15:38:00.728366,3.366800,-7.594003,1.415299,-0.002971,1.413342,-0.002971,-7.594003,0
2026-07-02 15:38:00.733863,3.369237,-7.599185,1.415299,-0.002971,1.413342,-0.002971,-7.599185,0
2026-07-02 15:38:00.735878,3.371613,-7.594003,1.415299,-0.002971,1.413342,-0.002971,-7.594003,0
2026-07-02 15:38:00.737892,3.374056,-7.594003,1.415299,-0.002971,1.418524,-0.002971,-7.594003,0
2026-07-02 15:38:00.739899,3.376498,-7.599185,1.415299,-0.002971,1.413342,-0.002971,-7.599185,0
2026-07-02 15:38:00.743913,3.378884,-7.594003,1.415299,-0.002971,1.413342,-0.002971,-7.594003,0
2026-07-02 15:38:00.743913,3.381521,-7.599185,1.415299,-0.002971,1.413342,-0.002971,-7.599185,0
2026-07-02 15:38:00.743913,3.384012,-7.599185,1.415299,-0.002971,1.418524,-0.002971,-7.599185,0
2026-07-02 15:38:00.743913,3.386480,-7.599185,1.415299,-0.002971,1.418524,-0.002971,-7.599185,0
2026-07-02 15:38:00.754020,3.388749,-7.599185,1.415299,-0.002971,1.413342,-0.002971,-7.599185,0
2026-07-02 15:38:00.756039,3.391061,-7.594003,1.415299,-0.002971,1.413342,-0.002971,-7.594003,0
2026-07-02 15:38:00.758054,3.393611,-7.599185,1.415299,-0.002971,1.413342,-0.002971,-7.599185,0
2026-07-02 15:38:00.761088,3.396917,-7.594003,1.415299,-0.002971,1.413342,-0.002971,-7.594003,0
2026-07-02 15:38:00.764329,3.399326,-7.599185,1.415299,-0.002971,1.418524,-0.002971,-7.599185,0
2026-07-02 15:38:00.767900,3.402147,-7.599185,1.415299,-0.002971,1.418524,-0.002971,-7.599185,0
2026-07-02 15:38:00.769918,3.405404,-7.594003,1.415299,-0.002971,1.418524,-0.002971,-7.594003,0
2026-07-02 15:38:00.769918,3.407793,-7.599185,1.415299,-0.002971,1.413342,-0.002971,-7.599185,0
2026-07-02 15:38:00.774784,3.410199,-7.594003,1.415299,-0.002971,1.418524,-0.002971,-7.594003,0
2026-07-02 15:38:00.774784,3.412586,-7.594003,1.415299,-0.002971,1.413342,-0.002971,-7.594003,0
2026-07-02 15:38:00.774784,3.414876,-7.594003,1.415299,-0.002971,1.418524,-0.002971,-7.594003,0
2026-07-02 15:38:00.774784,3.417300,-7.599185,1.415299,-0.002971,1.418524,-0.002971,-7.599185,0
2026-07-02 15:38:00.784885,3.419601,-7.594003,1.415299,-0.002971,1.413342,-0.002971,-7.594003,0
2026-07-02 15:38:00.786904,3.421977,-7.599185,1.415299,-0.002971,1.413342,-0.002971,-7.599185,0
2026-07-02 15:38:00.788917,3.424339,-7.594003,1.415299,-0.002971,1.418524,-0.002971,-7.594003,0
2026-07-02 15:38:00.791318,3.426661,-7.594003,1.415299,-0.002971,1.413342,-0.002971,-7.594003,0
2026-07-02 15:38:00.795087,3.429756,-7.594003,1.415299,-0.002971,1.413342,-0.002971,-7.594003,0
2026-07-02 15:38:00.796602,3.432342,-7.594003,1.415299,-0.002971,1.418524,-0.002971,-7.594003,0
2026-07-02 15:38:00.800110,3.434757,-7.594003,1.415299,-0.002971,1.413342,-0.002971,-7.594003,0
2026-07-02 15:38:00.802123,3.437188,-7.594003,1.415299,-0.002971,1.418524,-0.002971,-7.594003,0
2026-07-02 15:38:00.804138,3.439623,-7.594003,1.415299,-0.002971,1.413342,-0.002971,-7.594003,0
2026-07-02 15:38:00.805148,3.442039,-7.599185,1.415299,-0.002971,1.418524,-0.002971,-7.599185,0
2026-07-02 15:38:00.805148,3.444442,-7.594003,1.415299,-0.002971,1.413342,-0.002971,-7.594003,0
2026-07-02 15:38:00.811997,3.446662,-7.594003,1.415299,-0.002971,1.413342,-0.002971,-7.594003,0
2026-07-02 15:38:00.814007,3.449031,-7.599185,1.415299,-0.002971,1.413342,-0.002971,-7.599185,0
2026-07-02 15:38:00.815520,3.451540,-7.594003,1.415299,-0.002971,1.413342,-0.002971,-7.594003,0
2026-07-02 15:38:00.819549,3.453978,-7.594003,1.415299,-0.002971,1.418524,-0.002971,-7.594003,0
2026-07-02 15:38:00.821564,3.457436,-7.594003,1.415299,-0.002971,1.413342,-0.002971,-7.594003,0
2026-07-02 15:38:00.821564,3.459810,-7.599185,1.415299,-0.002971,1.413342,-0.002971,-7.599185,0
2026-07-02 15:38:00.825712,3.462144,-7.594003,1.415299,-0.002971,1.418524,-0.002971,-7.594003,0
2026-07-02 15:38:00.825712,3.464503,-7.599185,1.415299,-0.002971,1.413342,-0.002971,-7.599185,0
2026-07-02 15:38:00.825712,3.466824,-7.599185,1.415299,-0.002971,1.413342,-0.002971,-7.599185,0
2026-07-02 15:38:00.825712,3.469138,-7.599185,1.415299,-0.002971,1.413342,-0.002971,-7.599185,0
2026-07-02 15:38:00.835944,3.471338,-7.594003,1.415299,-0.002971,1.418524,-0.002971,-7.594003,0
2026-07-02 15:38:00.838799,3.473628,-7.594003,1.415299,-0.002971,1.413342,-0.002971,-7.594003,0
2026-07-02 15:38:00.840812,3.475979,-7.599185,1.415299,-0.002971,1.418524,-0.002971,-7.599185,0
2026-07-02 15:38:00.842819,3.478289,-7.594003,1.415299,-0.002971,1.413342,-0.002971,-7.594003,0
2026-07-02 15:38:00.844826,3.480658,-7.599185,1.415299,-0.002971,1.413342,-0.002971,-7.599185,0
2026-07-02 15:38:00.848342,3.482954,-7.599185,1.415299,-0.002971,1.418524,-0.002971,-7.599185,0
2026-07-02 15:38:00.856381,3.485614,-7.594003,1.415299,-0.002971,1.413342,-0.002971,-7.594003,0
2026-07-02 15:38:00.859507,3.494063,-7.599185,1.415299,-0.002971,1.413342,-0.002971,-7.599185,0
2026-07-02 15:38:00.862030,3.497043,-7.599185,1.415299,-0.002971,1.413342,-0.002971,-7.599185,0
2026-07-02 15:38:00.864038,3.499645,-7.594003,1.415299,-0.002971,1.413342,-0.002971,-7.594003,0
2026-07-02 15:38:00.872602,3.502042,-7.599185,1.415299,-0.002971,1.418524,-0.002971,-7.599185,0
2026-07-02 15:38:00.876636,3.510109,-7.599185,1.415299,-0.002971,1.413342,-0.002971,-7.599185,0
2026-07-02 15:38:00.878647,3.514482,-7.594003,1.415299,-0.002971,1.413342,-0.002971,-7.594003,0
2026-07-02 15:38:00.881433,3.517009,-7.594003,1.415299,-0.002971,1.413342,-0.002971,-7.594003,0
2026-07-02 15:38:00.884252,3.519723,-7.594003,1.415299,-0.002971,1.413342,-0.002971,-7.594003,0
2026-07-02 15:38:00.887526,3.522475,-7.599185,1.415299,-0.002971,1.418524,-0.002971,-7.599185,0
2026-07-02 15:38:00.888786,3.524876,-7.599185,1.415299,-0.002971,1.413342,-0.002971,-7.599185,0
2026-07-02 15:38:00.892304,3.527440,-7.599185,1.415299,-0.002971,1.418524,-0.002971,-7.599185,0
2026-07-02 15:38:00.894844,3.529876,-7.599185,1.415299,-0.002971,1.418524,-0.002971,-7.599185,0
2026-07-02 15:38:00.896961,3.532222,-7.599185,1.415299,-0.002971,1.413342,-0.002971,-7.599185,0
2026-07-02 15:38:00.898985,3.534427,-7.594003,1.415299,-0.002971,1.413342,-0.002971,-7.594003,0
2026-07-02 15:38:00.899991,3.536707,-7.594003,1.415299,-0.002971,1.413342,-0.002971,-7.594003,0
2026-07-02 15:38:00.903835,3.538947,-7.594003,1.415299,-0.002971,1.413342,-0.002971,-7.594003,0
2026-07-02 15:38:00.906088,3.541147,-7.599185,1.415299,-0.002971,1.413342,-0.002971,-7.599185,0
2026-07-02 15:38:00.909103,3.543637,-7.594003,1.415299,-0.002971,1.418524,-0.002971,-7.594003,0
2026-07-02 15:38:00.909103,3.546118,-7.594003,1.415299,-0.002971,1.413342,-0.002971,-7.594003,0
2026-07-02 15:38:00.913493,3.548431,-7.599185,1.415299,-0.002971,1.413342,-0.002971,-7.599185,0
2026-07-02 15:38:00.914506,3.550863,-7.594003,1.415299,-0.002971,1.413342,-0.002971,-7.594003,0
2026-07-02 15:38:00.917514,3.553282,-7.599185,1.415299,-0.002971,1.418524,-0.002971,-7.599185,0
2026-07-02 15:38:00.920737,3.555629,-7.594003,1.415299,-0.002971,1.418524,-0.002971,-7.594003,0
2026-07-02 15:38:00.922750,3.557998,-7.594003,1.415299,-0.002971,1.413342,-0.002971,-7.594003,0
2026-07-02 15:38:00.924765,3.560375,-7.599185,1.415299,-0.002971,1.413342,-0.002971,-7.599185,0
2026-07-02 15:38:00.926775,3.562640,-7.594003,1.415299,-0.002971,1.413342,-0.002971,-7.594003,0
2026-07-02 15:38:00.928782,3.564978,-7.599185,1.415299,-0.002971,1.413342,-0.002971,-7.599185,0
2026-07-02 15:38:00.930788,3.567378,-7.599185,1.415299,-0.002971,1.413342,-0.002971,-7.599185,0
2026-07-02 15:38:00.934795,3.569564,-7.594003,1.415299,-0.002971,1.413342,-0.002971,-7.594003,0
2026-07-02 15:38:00.936808,3.571931,-7.594003,1.415299,-0.002971,1.418524,-0.002971,-7.594003,0
2026-07-02 15:38:00.938821,3.574419,-7.599185,1.415299,-0.002971,1.413342,-0.002971,-7.599185,0
2026-07-02 15:38:00.940835,3.576796,-7.594003,1.415299,-0.002971,1.413342,-0.002971,-7.594003,0
2026-07-02 15:38:00.944978,3.579443,-7.594003,1.415299,-0.002971,1.418524,-0.002971,-7.594003,0
2026-07-02 15:38:00.944978,3.582173,-7.594003,1.415299,-0.002971,1.418524,-0.002971,-7.594003,0
2026-07-02 15:38:00.944978,3.584479,-7.599185,1.415299,-0.002971,1.413342,-0.002971,-7.599185,0
2026-07-02 15:38:00.944978,3.586863,-7.599185,1.415299,-0.002971,1.418524,-0.002971,-7.599185,0
2026-07-02 15:38:00.944978,3.589375,-7.599185,1.415299,-0.002971,1.418524,-0.002971,-7.599185,0
2026-07-02 15:38:00.955350,3.591805,-7.594003,1.415299,-0.002971,1.413342,-0.002971,-7.594003,0
2026-07-02 15:38:00.955350,3.594342,-7.594003,1.415299,-0.002971,1.413342,-0.002971,-7.594003,0
2026-07-02 15:38:00.955350,3.596753,-7.594003,1.415299,-0.002971,1.418524,-0.002971,-7.594003,0
2026-07-02 15:38:00.955350,3.599176,-7.594003,1.415299,-0.002971,1.418524,-0.002971,-7.594003,0
2026-07-02 15:38:00.966476,3.601598,-7.599185,1.415299,-0.002971,1.413342,-0.002971,-7.599185,0
2026-07-02 15:38:00.968493,3.603882,-7.599185,1.415299,-0.002971,1.413342,-0.002971,-7.599185,0
2026-07-02 15:38:00.968493,3.606282,-7.594003,1.415299,-0.002971,1.418524,-0.002971,-7.594003,0
2026-07-02 15:38:00.968493,3.608777,-7.599185,1.415299,-0.002971,1.413342,-0.002971,-7.599185,0
2026-07-02 15:38:00.975715,3.611198,-7.594003,1.415299,-0.002971,1.413342,-0.002971,-7.594003,0
2026-07-02 15:38:00.977305,3.613595,-7.594003,1.415299,-0.002971,1.413342,-0.002971,-7.594003,0
2026-07-02 15:38:00.981276,3.616079,-7.599185,1.415299,-0.002971,1.413342,-0.002971,-7.599185,0
2026-07-02 15:38:00.983289,3.618543,-7.594003,1.415299,-0.002971,1.418524,-0.002971,-7.594003,0
2026-07-02 15:38:00.985302,3.620967,-7.599185,1.415299,-0.002971,1.413342,-0.002971,-7.599185,0
2026-07-02 15:38:00.985302,3.623309,-7.594003,1.415299,-0.002971,1.413342,-0.002971,-7.594003,0
2026-07-02 15:38:00.985302,3.625688,-7.594003,1.415299,-0.002971,1.413342,-0.002971,-7.594003,0
2026-07-02 15:38:00.985302,3.628108,-7.599185,1.415299,-0.002971,1.413342,-0.002971,-7.599185,0
2026-07-02 15:38:00.995510,3.630510,-7.594003,1.415299,-0.002971,1.413342,-0.002971,-7.594003,0
2026-07-02 15:38:00.997286,3.632836,-7.594003,1.415299,-0.002971,1.413342,-0.002971,-7.594003,0
2026-07-02 15:38:00.999299,3.635226,-7.594003,1.415299,-0.002971,1.413342,-0.002971,-7.594003,0
2026-07-02 15:38:01.001820,3.637637,-7.594003,1.415299,-0.002971,1.413342,-0.002971,-7.594003,0
2026-07-02 15:38:01.003829,3.640048,-7.594003,1.415299,-0.002971,1.413342,-0.002971,-7.594003,0
2026-07-02 15:38:01.005586,3.642557,-7.599185,1.415299,-0.002971,1.418524,-0.002971,-7.599185,0
2026-07-02 15:38:01.005586,3.645053,-7.599185,1.415299,-0.002971,1.418524,-0.002971,-7.599185,0
2026-07-02 15:38:01.005586,3.647730,-7.599185,1.415299,-0.002971,1.418524,-0.002971,-7.599185,0
2026-07-02 15:38:01.005586,3.650193,-7.599185,1.415299,-0.002971,1.413342,-0.002971,-7.599185,0
2026-07-02 15:38:01.017759,3.652587,-7.594003,1.415299,-0.002971,1.413342,-0.002971,-7.594003,0
2026-07-02 15:38:01.020473,3.655018,-7.594003,1.415299,-0.002971,1.413342,-0.002971,-7.594003,0
2026-07-02 15:38:01.021386,3.657495,-7.594003,1.415299,-0.002971,1.418524,-0.002971,-7.594003,0
2026-07-02 15:38:01.023908,3.659897,-7.594003,1.415299,-0.002971,1.418524,-0.002971,-7.594003,0
2026-07-02 15:38:01.027027,3.662346,-7.599185,1.415299,-0.002971,1.413342,-0.002971,-7.599185,0
2026-07-02 15:38:01.030226,3.664750,-7.594003,1.415299,-0.002971,1.413342,-0.002971,-7.594003,0
2026-07-02 15:38:01.031433,3.667466,-7.594003,1.415299,-0.002971,1.413342,-0.002971,-7.594003,0
2026-07-02 15:38:01.033954,3.669892,-7.599185,1.415299,-0.002971,1.413342,-0.002971,-7.599185,0
2026-07-02 15:38:01.036658,3.672290,-7.594003,1.415299,-0.002971,1.413342,-0.002971,-7.594003,0
2026-07-02 15:38:01.036658,3.674704,-7.599185,1.415299,-0.002971,1.418524,-0.002971,-7.599185,0
2026-07-02 15:38:01.036658,3.677259,-7.594003,1.415299,-0.002971,1.413342,-0.002971,-7.594003,0
2026-07-02 15:38:01.036658,3.680152,-7.599185,1.415299,-0.002971,1.413342,-0.002971,-7.599185,0
2026-07-02 15:38:01.047424,3.682579,-7.594003,1.415299,-0.002971,1.418524,-0.002971,-7.594003,0
2026-07-02 15:38:01.049436,3.685787,-7.599185,1.415299,-0.002971,1.413342,-0.002971,-7.599185,0
2026-07-02 15:38:01.051548,3.688469,-7.599185,1.415299,-0.002971,1.413342,-0.002971,-7.599185,0
2026-07-02 15:38:01.051548,3.690938,-7.594003,1.415299,-0.002971,1.418524,-0.002971,-7.594003,0
2026-07-02 15:38:01.057961,3.693452,-7.594003,1.415299,-0.002971,1.413342,-0.002971,-7.594003,0
2026-07-02 15:38:01.061221,3.696137,-7.594003,1.415299,-0.002971,1.413342,-0.002971,-7.594003,0
2026-07-02 15:38:01.063749,3.698884,-7.594003,1.415299,-0.002971,1.413342,-0.002971,-7.594003,0
2026-07-02 15:38:01.066273,3.701337,-7.599185,1.415299,-0.002971,1.413342,-0.002971,-7.599185,0
2026-07-02 15:38:01.067784,3.703869,-7.594003,1.415299,-0.002971,1.418524,-0.002971,-7.594003,0
2026-07-02 15:38:01.067784,3.706346,-7.599185,1.415299,-0.002971,1.413342,-0.002971,-7.599185,0
2026-07-02 15:38:01.067784,3.708818,-7.599185,1.415299,-0.002971,1.413342,-0.002971,-7.599185,0
2026-07-02 15:38:01.067784,3.711317,-7.594003,1.415299,-0.002971,1.413342,-0.002971,-7.594003,0
2026-07-02 15:38:01.077994,3.713596,-7.599185,1.415299,-0.002971,1.413342,-0.002971,-7.599185,0
2026-07-02 15:38:01.077994,3.715955,-7.594003,1.415299,-0.002971,1.413342,-0.002971,-7.594003,0
2026-07-02 15:38:01.077994,3.718342,-7.594003,1.415299,-0.002971,1.418524,-0.002971,-7.594003,0
2026-07-02 15:38:01.086052,3.720805,-7.599185,1.415299,-0.002971,1.418524,-0.002971,-7.599185,0
2026-07-02 15:38:01.087790,3.723302,-7.599185,1.415299,-0.002971,1.418524,-0.002971,-7.599185,0
2026-07-02 15:38:01.089805,3.725661,-7.594003,1.415299,-0.002971,1.413342,-0.002971,-7.594003,0
2026-07-02 15:38:01.092745,3.728208,-7.594003,1.415299,-0.002971,1.413342,-0.002971,-7.594003,0
2026-07-02 15:38:01.094089,3.730623,-7.594003,1.415299,-0.002971,1.418524,-0.002971,-7.594003,0
2026-07-02 15:38:01.098927,3.733082,-7.594003,1.415299,-0.002971,1.413342,-0.002971,-7.594003,0
2026-07-02 15:38:01.100073,3.736109,-7.599185,1.415299,-0.002971,1.413342,-0.002971,-7.599185,0
2026-07-02 15:38:01.100073,3.738529,-7.594003,1.415299,-0.002971,1.413342,-0.002971,-7.594003,0
2026-07-02 15:38:01.100073,3.741002,-7.599185,1.415299,-0.002971,1.413342,-0.002971,-7.599185,0
2026-07-02 15:38:01.108506,3.743440,-7.594003,1.415299,0.002211,1.413342,0.002211,-7.594003,0
2026-07-02 15:38:01.110524,3.745857,-7.594003,1.415299,-0.002971,1.413342,-0.002971,-7.594003,0
2026-07-02 15:38:01.110524,3.748260,-7.594003,1.415299,-0.002971,1.418524,-0.002971,-7.594003,0
2026-07-02 15:38:01.110524,3.750690,-7.594003,1.415299,-0.002971,1.413342,-0.002971,-7.594003,0
2026-07-02 15:38:01.117891,3.753044,-7.594003,1.415299,-0.002971,1.413342,-0.002971,-7.594003,0
2026-07-02 15:38:01.120038,3.755589,-7.599185,1.415299,-0.002971,1.418524,-0.002971,-7.599185,0
2026-07-02 15:38:01.124068,3.758140,-7.599185,1.415299,-0.002971,1.413342,-0.002971,-7.599185,0
2026-07-02 15:38:01.126085,3.762099,-7.599185,1.415299,-0.002971,1.413342,-0.002971,-7.599185,0
2026-07-02 15:38:01.129110,3.764513,-7.594003,1.415299,-0.002971,1.418524,-0.002971,-7.594003,0
2026-07-02 15:38:01.129110,3.766895,-7.599185,1.415299,-0.002971,1.418524,-0.002971,-7.599185,0
2026-07-02 15:38:01.129110,3.769312,-7.599185,1.415299,-0.002971,1.413342,-0.002971,-7.599185,0
2026-07-02 15:38:01.129110,3.771646,-7.594003,1.415299,-0.002971,1.413342,-0.002971,-7.594003,0
2026-07-02 15:38:01.139210,3.774039,-7.599185,1.415299,-0.002971,1.413342,-0.002971,-7.599185,0
2026-07-02 15:38:01.139210,3.776497,-7.594003,1.415299,-0.002971,1.413342,-0.002971,-7.594003,0
2026-07-02 15:38:01.139210,3.778946,-7.599185,1.415299,-0.002971,1.413342,-0.002971,-7.599185,0
2026-07-02 15:38:01.139210,3.781427,-7.599185,1.415299,-0.002971,1.418524,-0.002971,-7.599185,0
2026-07-02 15:38:01.139210,3.783819,-7.594003,1.415299,-0.002971,1.418524,-0.002971,-7.594003,0
2026-07-02 15:38:01.150406,3.786222,-7.599185,1.415299,-0.002971,1.413342,-0.002971,-7.599185,0
2026-07-02 15:38:01.152422,3.788601,-7.599185,1.415299,-0.002971,1.413342,-0.002971,-7.599185,0
2026-07-02 15:38:01.156544,3.791079,-7.599185,1.415299,-0.002971,1.413342,-0.002971,-7.599185,0
2026-07-02 15:38:01.158556,3.793551,-7.599185,1.415299,-0.002971,1.413342,-0.002971,-7.599185,0
2026-07-02 15:38:01.159651,3.796014,-7.599185,1.415299,-0.002971,1.413342,-0.002971,-7.599185,0
2026-07-02 15:38:01.159651,3.798430,-7.594003,1.415299,-0.002971,1.418524,-0.002971,-7.594003,0
2026-07-02 15:38:01.165919,3.800812,-7.599185,1.415299,-0.002971,1.418524,-0.002971,-7.599185,0
2026-07-02 15:38:01.165919,3.803329,-7.594003,1.415299,-0.002971,1.413342,-0.002971,-7.594003,0
2026-07-02 15:38:01.169796,3.805741,-7.594003,1.415299,-0.002971,1.413342,-0.002971,-7.594003,0
2026-07-02 15:38:01.169796,3.808153,-7.599185,1.415299,-0.002971,1.418524,-0.002971,-7.599185,0
2026-07-02 15:38:01.169796,3.810557,-7.594003,1.415299,-0.002971,1.413342,-0.002971,-7.594003,0
2026-07-02 15:38:01.169796,3.813043,-7.594003,1.415299,-0.002971,1.418524,-0.002971,-7.594003,0
2026-07-02 15:38:01.180104,3.815494,-7.594003,1.415299,-0.002971,1.413342,-0.002971,-7.594003,0
2026-07-02 15:38:01.181870,3.817892,-7.594003,1.415299,-0.002971,1.413342,-0.002971,-7.594003,0
2026-07-02 15:38:01.184418,3.820308,-7.599185,1.415299,-0.002971,1.413342,-0.002971,-7.599185,0
2026-07-02 15:38:01.186434,3.822800,-7.599185,1.415299,-0.002971,1.413342,-0.002971,-7.599185,0
2026-07-02 15:38:01.190204,3.825246,-7.594003,1.415299,-0.002971,1.413342,-0.002971,-7.594003,0
2026-07-02 15:38:01.191022,3.827558,-7.594003,1.415299,-0.002971,1.413342,-0.002971,-7.594003,0
2026-07-02 15:38:01.191022,3.830022,-7.594003,1.415299,-0.002971,1.413342,-0.002971,-7.594003,0
2026-07-02 15:38:01.191022,3.832424,-7.599185,1.415299,-0.002971,1.413342,-0.002971,-7.599185,0
2026-07-02 15:38:01.198924,3.834825,-7.599185,1.415299,-0.002971,1.413342,-0.002971,-7.599185,0
2026-07-02 15:38:01.200679,3.837221,-7.594003,1.415299,-0.002971,1.413342,-0.002971,-7.594003,0
2026-07-02 15:38:01.203531,3.839681,-7.594003,1.415299,-0.002971,1.418524,-0.002971,-7.594003,0
2026-07-02 15:38:01.205545,3.842139,-7.594003,1.415299,-0.002971,1.413342,-0.002971,-7.594003,0
2026-07-02 15:38:01.205545,3.844570,-7.599185,1.415299,-0.002971,1.418524,-0.002971,-7.599185,0
2026-07-02 15:38:01.211081,3.847048,-7.594003,1.415299,-0.002971,1.418524,-0.002971,-7.594003,0
2026-07-02 15:38:01.211081,3.849411,-7.599185,1.415299,-0.002971,1.413342,-0.002971,-7.599185,0
2026-07-02 15:38:01.217458,3.851657,-7.599185,1.415299,-0.002971,1.413342,-0.002971,-7.599185,0
2026-07-02 15:38:01.217458,3.855491,-7.594003,1.415299,-0.002971,1.413342,-0.002971,-7.594003,0
2026-07-02 15:38:01.221385,3.857804,-7.594003,1.415299,-0.002971,1.413342,-0.002971,-7.594003,0
2026-07-02 15:38:01.221385,3.860189,-7.594003,1.415299,-0.002971,1.413342,-0.002971,-7.594003,0
2026-07-02 15:38:01.221385,3.862648,-7.599185,1.415299,-0.002971,1.413342,-0.002971,-7.599185,0
2026-07-02 15:38:01.221385,3.865087,-7.599185,1.415299,-0.002971,1.413342,-0.002971,-7.599185,0
2026-07-02 15:38:01.231622,3.867522,-7.599185,1.415299,-0.002971,1.413342,-0.002971,-7.599185,0
2026-07-02 15:38:01.231622,3.869907,-7.599185,1.415299,-0.002971,1.413342,-0.002971,-7.599185,0
2026-07-02 15:38:01.240274,3.872332,-7.594003,1.415299,-0.002971,1.418524,-0.002971,-7.594003,0
2026-07-02 15:38:01.243909,3.877376,-7.599185,1.415299,-0.002971,1.413342,-0.002971,-7.599185,0
2026-07-02 15:38:01.244479,3.881175,-7.599185,1.415299,-0.002971,1.418524,-0.002971,-7.599185,0
2026-07-02 15:38:01.246484,3.883408,-7.599185,1.415299,-0.002971,1.413342,-0.002971,-7.599185,0
2026-07-02 15:38:01.246484,3.885734,-7.599185,1.415299,-0.002971,1.413342,-0.002971,-7.599185,0
2026-07-02 15:38:01.256047,3.888459,-7.594003,1.415299,-0.002971,1.413342,-0.002971,-7.594003,0
2026-07-02 15:38:01.256949,3.893177,-7.594003,1.415299,-0.002971,1.418524,-0.002971,-7.594003,0
2026-07-02 15:38:01.262088,3.895595,-7.594003,1.415299,-0.002971,1.413342,-0.002971,-7.594003,0
2026-07-02 15:38:01.263365,3.900234,-7.599185,1.415299,-0.002971,1.418524,-0.002971,-7.599185,0
2026-07-02 15:38:01.266105,3.902688,-7.599185,1.415299,-0.002971,1.413342,-0.002971,-7.599185,0
2026-07-02 15:38:01.266105,3.905255,-7.599185,1.415299,-0.002971,1.413342,-0.002971,-7.599185,0
2026-07-02 15:38:01.272264,3.907777,-7.599185,1.415299,-0.002971,1.418524,-0.002971,-7.599185,0
2026-07-02 15:38:01.272264,3.910239,-7.594003,1.415299,-0.002971,1.413342,-0.002971,-7.594003,0
2026-07-02 15:38:01.272264,3.912678,-7.594003,1.415299,-0.002971,1.413342,-0.002971,-7.594003,0
2026-07-02 15:38:01.272264,3.915137,-7.599185,1.415299,-0.002971,1.413342,-0.002971,-7.599185,0
2026-07-02 15:38:01.282594,3.917660,-7.599185,1.415299,-0.002971,1.418524,-0.002971,-7.599185,0
2026-07-02 15:38:01.282594,3.920109,-7.594003,1.415299,-0.002971,1.413342,-0.002971,-7.594003,0
2026-07-02 15:38:01.286212,3.922611,-7.599185,1.415299,-0.002971,1.413342,-0.002971,-7.599185,0
2026-07-02 15:38:01.290241,3.925130,-7.594003,1.415299,-0.002971,1.413342,-0.002971,-7.594003,0
2026-07-02 15:38:01.292935,3.927628,-7.594003,1.415299,-0.002971,1.413342,-0.002971,-7.594003,0
2026-07-02 15:38:01.294030,3.930033,-7.594003,1.415299,-0.002971,1.418524,-0.002971,-7.594003,0
2026-07-02 15:38:01.296129,3.932341,-7.599185,1.415299,-0.002971,1.413342,-0.002971,-7.599185,0
2026-07-02 15:38:01.299663,3.934600,-7.599185,1.415299,-0.002971,1.418524,-0.002971,-7.599185,0
2026-07-02 15:38:01.299663,3.937210,-7.599185,1.415299,-0.002971,1.413342,-0.002971,-7.599185,0
2026-07-02 15:38:01.303064,3.939959,-7.594003,1.415299,-0.002971,1.418524,-0.002971,-7.594003,0
2026-07-02 15:38:01.303064,3.942236,-7.599185,1.415299,-0.002971,1.413342,-0.002971,-7.599185,0
2026-07-02 15:38:01.303064,3.944581,-7.594003,1.415299,-0.002971,1.413342,-0.002971,-7.594003,0
2026-07-02 15:38:01.303064,3.946801,-7.599185,1.415299,-0.002971,1.413342,-0.002971,-7.599185,0
2026-07-02 15:38:01.313570,3.949046,-7.599185,1.415299,-0.002971,1.418524,-0.002971,-7.599185,0
2026-07-02 15:38:01.313570,3.951227,-7.594003,1.415299,-0.002971,1.418524,-0.002971,-7.594003,0
2026-07-02 15:38:01.313570,3.953467,-7.599185,1.415299,-0.002971,1.418524,-0.002971,-7.599185,0
2026-07-02 15:38:01.313570,3.955810,-7.599185,1.415299,-0.002971,1.413342,-0.002971,-7.599185,0
2026-07-02 15:38:01.313570,3.958038,-7.599185,1.415299,-0.002971,1.413342,-0.002971,-7.599185,0
2026-07-02 15:38:01.323808,3.960328,-7.599185,1.415299,-0.002971,1.418524,-0.002971,-7.599185,0
2026-07-02 15:38:01.323808,3.963064,-7.599185,1.415299,-0.002971,1.413342,-0.002971,-7.599185,0
2026-07-02 15:38:01.323808,3.965460,-7.599185,1.415299,-0.002971,1.413342,-0.002971,-7.599185,0
2026-07-02 15:38:01.323808,3.967820,-7.599185,1.415299,-0.002971,1.413342,-0.002971,-7.599185,0
2026-07-02 15:38:01.334178,3.970145,-7.594003,1.415299,-0.002971,1.413342,-0.002971,-7.594003,0
2026-07-02 15:38:01.334178,3.972579,-7.594003,1.415299,-0.002971,1.418524,-0.002971,-7.594003,0
2026-07-02 15:38:01.334178,3.974904,-7.594003,1.415299,-0.002971,1.413342,-0.002971,-7.594003,0
2026-07-02 15:38:01.334178,3.977191,-7.594003,1.415299,-0.002971,1.418524,-0.002971,-7.594003,0
2026-07-02 15:38:01.344669,3.979475,-7.594003,1.415299,-0.002971,1.418524,-0.002971,-7.594003,0
2026-07-02 15:38:01.344669,3.982102,-7.599185,1.415299,-0.002971,1.413342,-0.002971,-7.599185,0
2026-07-02 15:38:01.344669,3.984457,-7.599185,1.415299,-0.002971,1.418524,-0.002971,-7.599185,0
2026-07-02 15:38:01.344669,3.986654,-7.594003,1.415299,-0.002971,1.413342,-0.002971,-7.594003,0
2026-07-02 15:38:01.344669,3.988899,-7.599185,1.415299,-0.002971,1.413342,-0.002971,-7.599185,0
2026-07-02 15:38:01.354762,3.991165,-7.594003,1.415299,-0.002971,1.418524,-0.002971,-7.594003,0
2026-07-02 15:38:01.354762,3.993530,-7.594003,1.415299,-0.002971,1.413342,-0.002971,-7.594003,0
2026-07-02 15:38:01.354762,3.996852,-7.594003,1.415299,-0.002971,1.413342,-0.002971,-7.594003,0
2026-07-02 15:38:01.354762,3.999300,-7.594003,1.415299,-0.002971,1.413342,-0.002971,-7.594003,0
2026-07-02 15:38:01.366289,4.001677,-7.599185,1.415299,-0.002971,1.413342,-0.002971,-7.599185,0
2026-07-02 15:38:01.366289,4.004079,-7.599185,1.415299,-0.002971,1.418524,-0.002971,-7.599185,0
2026-07-02 15:38:01.366289,4.006431,-7.594003,1.415299,-0.002971,1.418524,-0.002971,-7.594003,0
2026-07-02 15:38:01.366289,4.008766,-7.594003,1.415299,-0.002971,1.418524,-0.002971,-7.594003,0
2026-07-02 15:38:01.375713,4.011080,-7.594003,1.415299,-0.002971,1.418524,-0.002971,-7.594003,0
2026-07-02 15:38:01.375713,4.013573,-7.594003,1.415299,-0.002971,1.418524,-0.002971,-7.594003,0
2026-07-02 15:38:01.375713,4.015909,-7.599185,1.415299,-0.002971,1.413342,-0.002971,-7.599185,0
2026-07-02 15:38:01.375713,4.018210,-7.594003,1.415299,-0.002971,1.418524,-0.002971,-7.594003,0
2026-07-02 15:38:01.375713,4.020506,-7.594003,1.415299,-0.002971,1.413342,-0.002971,-7.594003,0
2026-07-02 15:38:01.386021,4.022827,-7.599185,1.415299,-0.002971,1.413342,-0.002971,-7.599185,0
2026-07-02 15:38:01.393081,4.025235,-7.599185,1.415299,-0.002971,1.418524,-0.002971,-7.599185,0
2026-07-02 15:38:01.393685,4.030367,-7.594003,1.415299,-0.002971,1.413342,-0.002971,-7.594003,0
2026-07-02 15:38:01.396125,4.032691,-7.594003,1.415299,-0.002971,1.413342,-0.002971,-7.594003,0
2026-07-02 15:38:01.400055,4.035091,-7.599185,1.415299,-0.002971,1.418524,-0.002971,-7.599185,0
2026-07-02 15:38:01.400055,4.037862,-7.594003,1.415299,-0.002971,1.413342,-0.002971,-7.594003,0
2026-07-02 15:38:01.400055,4.040230,-7.594003,1.415299,-0.002971,1.413342,-0.002971,-7.594003,0
2026-07-02 15:38:01.406603,4.042485,-7.599185,1.415299,-0.002971,1.413342,-0.002971,-7.599185,0
2026-07-02 15:38:01.406603,4.044845,-7.599185,1.415299,-0.002971,1.413342,-0.002971,-7.599185,0
2026-07-02 15:38:01.406603,4.047065,-7.594003,1.415299,-0.002971,1.413342,-0.002971,-7.594003,0
2026-07-02 15:38:01.406603,4.049331,-7.599185,1.415299,-0.002971,1.418524,-0.002971,-7.599185,0
2026-07-02 15:38:01.416696,4.051581,-7.599185,1.415299,-0.002971,1.418524,-0.002971,-7.599185,0
2026-07-02 15:38:01.416696,4.054664,-7.594003,1.415299,-0.002971,1.413342,-0.002971,-7.594003,0
2026-07-02 15:38:01.416696,4.057044,-7.594003,1.415299,-0.002971,1.413342,-0.002971,-7.594003,0
2026-07-02 15:38:01.416696,4.059657,-7.594003,1.415299,-0.002971,1.413342,-0.002971,-7.594003,0
2026-07-02 15:38:01.426811,4.062045,-7.599185,1.415299,-0.002971,1.413342,-0.002971,-7.599185,0
2026-07-02 15:38:01.426811,4.064507,-7.594003,1.415299,-0.002971,1.418524,-0.002971,-7.594003,0
2026-07-02 15:38:01.426811,4.066837,-7.594003,1.415299,-0.002971,1.413342,-0.002971,-7.594003,0
2026-07-02 15:38:01.426811,4.069136,-7.599185,1.415299,-0.002971,1.413342,-0.002971,-7.599185,0
2026-07-02 15:38:01.426811,4.071418,-7.594003,1.415299,-0.002971,1.413342,-0.002971,-7.594003,0
2026-07-02 15:38:01.439136,4.073721,-7.594003,1.415299,-0.002971,1.413342,-0.002971,-7.594003,0
2026-07-02 15:38:01.440106,4.076332,-7.594003,1.415299,-0.002971,1.418524,-0.002971,-7.594003,0
2026-07-02 15:38:01.442956,4.078645,-7.594003,1.415299,-0.002971,1.413342,-0.002971,-7.594003,0
2026-07-02 15:38:01.444967,4.081077,-7.599185,1.415299,-0.002971,1.413342,-0.002971,-7.599185,0
2026-07-02 15:38:01.444967,4.083334,-7.599185,1.415299,-0.002971,1.413342,-0.002971,-7.599185,0
2026-07-02 15:38:01.444967,4.085579,-7.599185,1.415299,-0.002971,1.413342,-0.002971,-7.599185,0
2026-07-02 15:38:01.451068,4.087791,-7.594003,1.415299,-0.002971,1.413342,-0.002971,-7.594003,0
2026-07-02 15:38:01.451068,4.090042,-7.599185,1.415299,-0.002971,1.418524,-0.002971,-7.599185,0
2026-07-02 15:38:01.455328,4.092232,-7.599185,1.415299,-0.002971,1.413342,-0.002971,-7.599185,0
2026-07-02 15:38:01.455328,4.094602,-7.594003,1.415299,-0.002971,1.413342,-0.002971,-7.594003,0
2026-07-02 15:38:01.455328,4.096968,-7.594003,1.415299,-0.002971,1.413342,-0.002971,-7.594003,0
2026-07-02 15:38:01.455328,4.099445,-7.594003,1.415299,-0.002971,1.418524,-0.002971,-7.594003,0
2026-07-02 15:38:01.466137,4.101793,-7.599185,1.415299,-0.002971,1.413342,-0.002971,-7.599185,0
2026-07-02 15:38:01.466137,4.104070,-7.594003,1.415299,-0.002971,1.413342,-0.002971,-7.594003,0
2026-07-02 15:38:01.466137,4.106345,-7.594003,1.415299,-0.002971,1.418524,-0.002971,-7.594003,0
2026-07-02 15:38:01.466137,4.108632,-7.599185,1.415299,-0.002971,1.413342,-0.002971,-7.599185,0
2026-07-02 15:38:01.476056,4.110942,-7.599185,1.415299,-0.002971,1.418524,-0.002971,-7.599185,0
2026-07-02 15:38:01.476894,4.113588,-7.594003,1.415299,-0.002971,1.418524,-0.002971,-7.594003,0
2026-07-02 15:38:01.476894,4.115963,-7.594003,1.415299,-0.002971,1.413342,-0.002971,-7.594003,0
2026-07-02 15:38:01.476894,4.118374,-7.594003,1.415299,-0.002971,1.413342,-0.002971,-7.594003,0
2026-07-02 15:38:01.476894,4.120804,-7.599185,1.415299,-0.002971,1.413342,-0.002971,-7.599185,0
2026-07-02 15:38:01.486248,4.123202,-7.599185,1.415299,-0.002971,1.413342,-0.002971,-7.599185,0
2026-07-02 15:38:01.486248,4.125675,-7.599185,1.415299,-0.002971,1.418524,-0.002971,-7.599185,0
2026-07-02 15:38:01.486248,4.127935,-7.594003,1.415299,-0.002971,1.413342,-0.002971,-7.594003,0
2026-07-02 15:38:01.486248,4.130222,-7.594003,1.415299,-0.002971,1.418524,-0.002971,-7.594003,0
2026-07-02 15:38:01.497643,4.132535,-7.594003,1.415299,-0.002971,1.413342,-0.002971,-7.594003,0
2026-07-02 15:38:01.497643,4.134769,-7.594003,1.415299,-0.002971,1.418524,-0.002971,-7.594003,0
2026-07-02 15:38:01.500675,4.137085,-7.594003,1.415299,-0.002971,1.418524,-0.002971,-7.594003,0
2026-07-02 15:38:01.500675,4.139440,-7.594003,1.415299,-0.002971,1.413342,-0.002971,-7.594003,0
2026-07-02 15:38:01.506737,4.141763,-7.599185,1.415299,-0.002971,1.413342,-0.002971,-7.599185,0
2026-07-02 15:38:01.508752,4.144169,-7.594003,1.415299,-0.002971,1.418524,-0.002971,-7.594003,0
2026-07-02 15:38:01.510768,4.146427,-7.594003,1.415299,-0.002971,1.413342,-0.002971,-7.594003,0
2026-07-02 15:38:01.510768,4.148691,-7.599185,1.415299,-0.002971,1.413342,-0.002971,-7.599185,0
2026-07-02 15:38:01.514917,4.150876,-7.594003,1.415299,-0.002971,1.418524,-0.002971,-7.594003,0
2026-07-02 15:38:01.516929,4.153097,-7.594003,1.415299,-0.002971,1.418524,-0.002971,-7.594003,0
2026-07-02 15:38:01.516929,4.155459,-7.599185,1.415299,-0.002971,1.418524,-0.002971,-7.599185,0
2026-07-02 15:38:01.522436,4.157741,-7.594003,1.415299,-0.002971,1.413342,-0.002971,-7.594003,0
2026-07-02 15:38:01.524450,4.160012,-7.594003,1.415299,-0.002971,1.418524,-0.002971,-7.594003,0
2026-07-02 15:38:01.527003,4.162251,-7.594003,1.415299,-0.002971,1.413342,-0.002971,-7.594003,0
2026-07-02 15:38:01.529023,4.165219,-7.599185,1.415299,-0.002971,1.413342,-0.002971,-7.599185,0
2026-07-02 15:38:01.531036,4.167649,-7.599185,1.415299,-0.002971,1.413342,-0.002971,-7.599185,0
2026-07-02 15:38:01.531036,4.170084,-7.594003,1.415299,-0.002971,1.413342,-0.002971,-7.594003,0
2026-07-02 15:38:01.536696,4.172640,-7.594003,1.415299,-0.002971,1.418524,-0.002971,-7.594003,0
2026-07-02 15:38:01.538709,4.174963,-7.599185,1.415299,-0.002971,1.413342,-0.002971,-7.599185,0
2026-07-02 15:38:01.540721,4.177291,-7.594003,1.415299,-0.002971,1.418524,-0.002971,-7.594003,0
2026-07-02 15:38:01.543483,4.179466,-7.594003,1.415299,-0.002971,1.413342,-0.002971,-7.594003,0
2026-07-02 15:38:01.547005,4.181808,-7.599185,1.415299,-0.002971,1.413342,-0.002971,-7.599185,0
2026-07-02 15:38:01.549015,4.184204,-7.599185,1.415299,-0.002971,1.413342,-0.002971,-7.599185,0
2026-07-02 15:38:01.549015,4.186538,-7.594003,1.415299,-0.002971,1.413342,-0.002971,-7.594003,0
2026-07-02 15:38:01.552339,4.188868,-7.599185,1.415299,-0.002971,1.413342,-0.002971,-7.599185,0
2026-07-02 15:38:01.556358,4.191195,-7.594003,1.415299,-0.002971,1.413342,-0.002971,-7.594003,0
2026-07-02 15:38:01.557739,4.193513,-7.594003,1.415299,-0.002971,1.418524,-0.002971,-7.594003,0
2026-07-02 15:38:01.557739,4.195780,-7.594003,1.415299,-0.002971,1.418524,-0.002971,-7.594003,0
2026-07-02 15:38:01.557739,4.198250,-7.594003,1.415299,-0.002971,1.418524,-0.002971,-7.594003,0
2026-07-02 15:38:01.557739,4.200663,-7.599185,1.415299,-0.002971,1.413342,-0.002971,-7.599185,0
2026-07-02 15:38:01.567397,4.203051,-7.599185,1.415299,-0.002971,1.413342,-0.002971,-7.599185,0
2026-07-02 15:38:01.567397,4.207795,-7.599185,1.415299,-0.002971,1.413342,-0.002971,-7.599185,0
2026-07-02 15:38:01.567397,4.210781,-7.594003,1.415299,-0.002971,1.413342,-0.002971,-7.594003,0
2026-07-02 15:38:01.577474,4.213395,-7.594003,1.415299,-0.002971,1.413342,-0.002971,-7.594003,0
2026-07-02 15:38:01.577474,4.221603,-7.599185,1.415299,-0.002971,1.418524,-0.002971,-7.599185,0
2026-07-02 15:38:01.587566,4.224051,-7.599185,1.415299,-0.002971,1.418524,-0.002971,-7.599185,0
2026-07-02 15:38:01.607905,4.228012,-7.599185,1.415299,-0.002971,1.413342,-0.002971,-7.599185,0
2026-07-02 15:38:01.619026,4.246996,-7.599185,1.415299,-0.002971,1.413342,-0.002971,-7.599185,0
2026-07-02 15:38:01.638248,4.259711,-7.594003,1.415299,-0.002971,1.413342,-0.002971,-7.594003,0
2026-07-02 15:38:01.639198,4.275746,-7.599185,1.415299,-0.002971,1.413342,-0.002971,-7.599185,0
2026-07-02 15:38:01.639198,4.278118,-7.599185,1.415299,-0.002971,1.413342,-0.002971,-7.599185,0
2026-07-02 15:38:01.639198,4.280476,-7.599185,1.415299,-0.002971,1.413342,-0.002971,-7.599185,0
2026-07-02 15:38:01.639198,4.282814,-7.599185,1.415299,-0.002971,1.418524,-0.002971,-7.599185,0
2026-07-02 15:38:01.648725,4.285171,-7.599185,1.415299,-0.002971,1.418524,-0.002971,-7.599185,0
2026-07-02 15:38:01.648725,4.287518,-7.594003,1.415299,-0.002971,1.413342,-0.002971,-7.594003,0
2026-07-02 15:38:01.648725,4.289875,-7.594003,1.415299,-0.002971,1.413342,-0.002971,-7.594003,0
2026-07-02 15:38:01.648725,4.292208,-7.594003,1.415299,-0.002971,1.418524,-0.002971,-7.594003,0
2026-07-02 15:38:01.658799,4.294546,-7.599185,1.415299,-0.002971,1.413342,-0.002971,-7.599185,0
2026-07-02 15:38:01.658799,4.296905,-7.599185,1.415299,-0.002971,1.413342,-0.002971,-7.599185,0
2026-07-02 15:38:01.658799,4.299245,-7.594003,1.415299,-0.002971,1.418524,-0.002971,-7.594003,0
2026-07-02 15:38:01.666412,4.301644,-7.599185,1.415299,-0.002971,1.418524,-0.002971,-7.599185,0
2026-07-02 15:38:01.668942,4.304030,-7.594003,1.415299,-0.002971,1.413342,-0.002971,-7.594003,0
2026-07-02 15:38:01.668942,4.306687,-7.594003,1.415299,-0.002971,1.413342,-0.002971,-7.594003,0
2026-07-02 15:38:01.668942,4.309101,-7.599185,1.415299,-0.002971,1.418524,-0.002971,-7.599185,0
2026-07-02 15:38:01.668942,4.311538,-7.594003,1.415299,-0.002971,1.413342,-0.002971,-7.594003,0
2026-07-02 15:38:01.679006,4.314000,-7.599185,1.415299,-0.002971,1.413342,-0.002971,-7.599185,0
2026-07-02 15:38:01.681064,4.316525,-7.594003,1.415299,-0.002971,1.413342,-0.002971,-7.594003,0
2026-07-02 15:38:01.681064,4.319053,-7.594003,1.415299,-0.002971,1.413342,-0.002971,-7.594003,0
2026-07-02 15:38:01.681064,4.321532,-7.599185,1.415299,-0.002971,1.413342,-0.002971,-7.599185,0
2026-07-02 15:38:01.689306,4.323918,-7.599185,1.415299,-0.002971,1.413342,-0.002971,-7.599185,0
2026-07-02 15:38:01.689306,4.326640,-7.594003,1.415299,-0.002971,1.418524,-0.002971,-7.594003,0
2026-07-02 15:38:01.694438,4.329839,-7.599185,1.415299,-0.002971,1.413342,-0.002971,-7.599185,0
2026-07-02 15:38:01.694438,4.332232,-7.594003,1.415299,-0.002971,1.413342,-0.002971,-7.594003,0
2026-07-02 15:38:01.699476,4.334645,-7.594003,1.415299,-0.002971,1.413342,-0.002971,-7.594003,0
2026-07-02 15:38:01.699476,4.340770,-7.599185,1.415299,-0.002971,1.418524,-0.002971,-7.599185,0
2026-07-02 15:38:01.719638,4.343933,-7.599185,1.415299,-0.002971,1.413342,-0.002971,-7.599185,0
2026-07-02 15:38:01.729778,4.362003,-7.599185,1.415299,-0.002971,1.418524,-0.002971,-7.599185,0
2026-07-02 15:38:01.729778,4.369663,-7.599185,1.415299,-0.002971,1.418524,-0.002971,-7.599185,0
2026-07-02 15:38:01.729778,4.374271,-7.594003,1.415299,-0.002971,1.418524,-0.002971,-7.594003,0
2026-07-02 15:38:01.739851,4.376694,-7.599185,1.415299,-0.002971,1.413342,-0.002971,-7.599185,0
2026-07-02 15:38:01.739851,4.380358,-7.594003,1.415299,-0.002971,1.413342,-0.002971,-7.594003,0
2026-07-02 15:38:01.739851,4.382855,-7.599185,1.415299,-0.002971,1.413342,-0.002971,-7.599185,0
2026-07-02 15:38:01.749911,4.385187,-7.599185,1.415299,-0.002971,1.413342,-0.002971,-7.599185,0
2026-07-02 15:38:01.749911,4.388910,-7.599185,1.415299,-0.002971,1.413342,-0.002971,-7.599185,0
2026-07-02 15:38:01.749911,4.391394,-7.594003,1.415299,-0.002971,1.413342,-0.002971,-7.594003,0
2026-07-02 15:38:01.749911,4.393802,-7.599185,1.415299,-0.002971,1.418524,-0.002971,-7.599185,0
2026-07-02 15:38:01.760266,4.396665,-7.594003,1.415299,-0.002971,1.413342,-0.002971,-7.594003,0
2026-07-02 15:38:01.766844,4.401181,-7.599185,1.415299,-0.002971,1.413342,-0.002971,-7.599185,0
2026-07-02 15:38:01.770374,4.405245,-7.594003,1.415299,-0.002971,1.413342,-0.002971,-7.594003,0
2026-07-02 15:38:01.770374,4.408160,-7.599185,1.415299,-0.002971,1.413342,-0.002971,-7.599185,0
2026-07-02 15:38:01.770374,4.411014,-7.594003,1.415299,-0.002971,1.413342,-0.002971,-7.594003,0
2026-07-02 15:38:01.770374,4.413593,-7.599185,1.415299,-0.002971,1.413342,-0.002971,-7.599185,0
2026-07-02 15:38:01.780467,4.415979,-7.594003,1.415299,-0.002971,1.418524,-0.002971,-7.594003,0
2026-07-02 15:38:01.780467,4.418354,-7.594003,1.415299,-0.002971,1.413342,-0.002971,-7.594003,0
2026-07-02 15:38:01.780467,4.421593,-7.599185,1.415299,-0.002971,1.418524,-0.002971,-7.599185,0
2026-07-02 15:38:01.780467,4.423929,-7.594003,1.415299,-0.002971,1.413342,-0.002971,-7.594003,0
2026-07-02 15:38:01.790624,4.426213,-7.594003,1.415299,-0.002971,1.413342,-0.002971,-7.594003,0
2026-07-02 15:38:01.790624,4.431870,-7.594003,1.415299,-0.002971,1.413342,-0.002971,-7.594003,0
2026-07-02 15:38:01.800693,4.436918,-7.599185,1.415299,-0.002971,1.413342,-0.002971,-7.599185,0
2026-07-02 15:38:01.800693,4.439403,-7.594003,1.415299,-0.002971,1.413342,-0.002971,-7.594003,0
2026-07-02 15:38:01.800693,4.441738,-7.599185,1.415299,-0.002971,1.418524,-0.002971,-7.599185,0
2026-07-02 15:38:01.807262,4.444176,-7.599185,1.415299,-0.002971,1.418524,-0.002971,-7.599185,0
2026-07-02 15:38:01.810869,4.446948,-7.599185,1.415299,-0.002971,1.413342,-0.002971,-7.599185,0
2026-07-02 15:38:01.810869,4.451448,-7.594003,1.415299,-0.002971,1.418524,-0.002971,-7.594003,0
2026-07-02 15:38:01.820933,4.457314,-7.594003,1.415299,-0.002971,1.418524,-0.002971,-7.594003,0
2026-07-02 15:38:01.820933,4.462257,-7.599185,1.415299,-0.002971,1.413342,-0.002971,-7.599185,0
2026-07-02 15:38:01.820933,4.465630,-7.594003,1.415299,-0.002971,1.413342,-0.002971,-7.594003,0
2026-07-02 15:38:01.830992,4.468332,-7.599185,1.415299,-0.002971,1.413342,-0.002971,-7.599185,0
2026-07-02 15:38:01.830992,4.471909,-7.594003,1.415299,-0.002971,1.413342,-0.002971,-7.594003,0
2026-07-02 15:38:01.830992,4.474349,-7.594003,1.415299,-0.002971,1.413342,-0.002971,-7.594003,0
2026-07-02 15:38:01.841072,4.476719,-7.594003,1.415299,-0.002971,1.413342,-0.002971,-7.594003,0
2026-07-02 15:38:01.841072,4.480037,-7.594003,1.415299,-0.002971,1.413342,-0.002971,-7.594003,0
2026-07-02 15:38:01.841072,4.482519,-7.594003,1.415299,-0.002971,1.413342,-0.002971,-7.594003,0
2026-07-02 15:38:01.841072,4.484825,-7.599185,1.415299,-0.002971,1.413342,-0.002971,-7.599185,0
2026-07-02 15:38:01.851231,4.487127,-7.599185,1.415299,-0.002971,1.418524,-0.002971,-7.599185,0
2026-07-02 15:38:01.851231,4.491510,-7.594003,1.415299,-0.002971,1.418524,-0.002971,-7.594003,0
2026-07-02 15:38:01.851231,4.494707,-7.599185,1.415299,-0.002971,1.418524,-0.002971,-7.599185,0
2026-07-02 15:38:01.861738,4.497047,-7.599185,1.415299,-0.002971,1.418524,-0.002971,-7.599185,0
2026-07-02 15:38:01.861738,4.499409,-7.594003,1.415299,-0.002971,1.418524,-0.002971,-7.594003,0
2026-07-02 15:38:01.866853,4.501714,-7.599185,1.415299,-0.002971,1.413342,-0.002971,-7.599185,0
2026-07-02 15:38:01.866853,4.504821,-7.594003,1.415299,-0.002971,1.418524,-0.002971,-7.594003,0
2026-07-02 15:38:01.871780,4.507186,-7.599185,1.415299,-0.002971,1.418524,-0.002971,-7.599185,0
2026-07-02 15:38:01.871780,4.509513,-7.599185,1.415299,-0.002971,1.413342,-0.002971,-7.599185,0
2026-07-02 15:38:01.871780,4.511967,-7.594003,1.415299,-0.002971,1.413342,-0.002971,-7.594003,0
2026-07-02 15:38:01.871780,4.514326,-7.594003,1.415299,-0.002971,1.418524,-0.002971,-7.594003,0
2026-07-02 15:38:01.881837,4.516640,-7.599185,1.415299,-0.002971,1.418524,-0.002971,-7.599185,0
2026-07-02 15:38:01.881837,4.519104,-7.594003,1.415299,-0.002971,1.418524,-0.002971,-7.594003,0
2026-07-02 15:38:01.881837,4.521786,-7.599185,1.415299,-0.002971,1.413342,-0.002971,-7.599185,0
2026-07-02 15:38:01.881837,4.524924,-7.594003,1.415299,-0.002971,1.413342,-0.002971,-7.594003,0
2026-07-02 15:38:01.891927,4.527262,-7.599185,1.415299,-0.002971,1.418524,-0.002971,-7.599185,0
2026-07-02 15:38:01.891927,4.533530,-7.594003,1.415299,-0.002971,1.413342,-0.002971,-7.594003,0
2026-07-02 15:38:01.899548,4.535923,-7.594003,1.415299,-0.002971,1.413342,-0.002971,-7.594003,0
2026-07-02 15:38:01.902092,4.538568,-7.594003,1.415299,-0.002971,1.418524,-0.002971,-7.594003,0
2026-07-02 15:38:01.902092,4.540982,-7.599185,1.415299,-0.002971,1.418524,-0.002971,-7.599185,0
2026-07-02 15:38:01.907675,4.543368,-7.599185,1.415299,-0.002971,1.418524,-0.002971,-7.599185,0
2026-07-02 15:38:01.907675,4.546583,-7.594003,1.415299,-0.002971,1.413342,-0.002971,-7.594003,0
2026-07-02 15:38:01.913233,4.548933,-7.599185,1.415299,-0.002971,1.418524,-0.002971,-7.599185,0
2026-07-02 15:38:01.913233,4.555043,-7.594003,1.415299,-0.002971,1.418524,-0.002971,-7.594003,0
2026-07-02 15:38:01.922528,4.557448,-7.599185,1.415299,-0.002971,1.413342,-0.002971,-7.599185,0
2026-07-02 15:38:01.925127,4.559996,-7.594003,1.415299,-0.002971,1.413342,-0.002971,-7.594003,0
2026-07-02 15:38:01.927140,4.562371,-7.599185,1.415299,-0.002971,1.413342,-0.002971,-7.599185,0
2026-07-02 15:38:01.929157,4.564735,-7.599185,1.415299,-0.002971,1.418524,-0.002971,-7.599185,0
2026-07-02 15:38:01.931171,4.567076,-7.599185,1.415299,-0.002971,1.413342,-0.002971,-7.599185,0
2026-07-02 15:38:01.932927,4.569416,-7.599185,1.415299,-0.002971,1.413342,-0.002971,-7.599185,0
2026-07-02 15:38:01.936943,4.571710,-7.594003,1.415299,-0.002971,1.413342,-0.002971,-7.594003,0
2026-07-02 15:38:01.938955,4.574050,-7.594003,1.415299,-0.002971,1.418524,-0.002971,-7.594003,0
2026-07-02 15:38:01.940971,4.576402,-7.594003,1.415299,-0.002971,1.413342,-0.002971,-7.594003,0
2026-07-02 15:38:01.947012,4.578702,-7.594003,1.415299,-0.002971,1.413342,-0.002971,-7.594003,0
2026-07-02 15:38:01.949023,4.585767,-7.599185,1.415299,-0.002971,1.413342,-0.002971,-7.599185,0
2026-07-02 15:38:01.953245,4.588229,-7.599185,1.415299,-0.002971,1.413342,-0.002971,-7.599185,0
2026-07-02 15:38:01.955258,4.590746,-7.594003,1.415299,-0.002971,1.413342,-0.002971,-7.594003,0
2026-07-02 15:38:01.955258,4.593123,-7.594003,1.415299,-0.002971,1.413342,-0.002971,-7.594003,0
2026-07-02 15:38:01.959503,4.595473,-7.594003,1.415299,-0.002971,1.413342,-0.002971,-7.594003,0
2026-07-02 15:38:01.961515,4.597820,-7.594003,1.415299,-0.002971,1.418524,-0.002971,-7.594003,0
2026-07-02 15:38:01.964596,4.600129,-7.599185,1.415299,-0.002971,1.413342,-0.002971,-7.599185,0
2026-07-02 15:38:01.967058,4.603181,-7.599185,1.415299,-0.002971,1.413342,-0.002971,-7.599185,0
2026-07-02 15:38:01.969068,4.605554,-7.594003,1.415299,-0.002971,1.413342,-0.002971,-7.594003,0
2026-07-02 15:38:01.971454,4.608073,-7.599185,1.415299,-0.002971,1.418524,-0.002971,-7.599185,0
2026-07-02 15:38:01.978141,4.610438,-7.599185,1.415299,-0.002971,1.413342,-0.002971,-7.599185,0
2026-07-02 15:38:01.980158,4.615869,-7.599185,1.415299,-0.002971,1.413342,-0.002971,-7.599185,0
2026-07-02 15:38:01.981918,4.618233,-7.599185,1.415299,-0.002971,1.413342,-0.002971,-7.599185,0
2026-07-02 15:38:01.985183,4.620596,-7.599185,1.415299,-0.002971,1.413342,-0.002971,-7.599185,0
2026-07-02 15:38:01.987193,4.622932,-7.599185,1.415299,-0.002971,1.418524,-0.002971,-7.599185,0
2026-07-02 15:38:01.989201,4.625227,-7.599185,1.415299,-0.002971,1.418524,-0.002971,-7.599185,0
2026-07-02 15:38:01.991959,4.627563,-7.599185,1.415299,-0.002971,1.418524,-0.002971,-7.599185,0
2026-07-02 15:38:01.994222,4.630062,-7.594003,1.415299,-0.002971,1.413342,-0.002971,-7.594003,0
2026-07-02 15:38:01.996235,4.632478,-7.594003,1.415299,-0.002971,1.413342,-0.002971,-7.594003,0
2026-07-02 15:38:01.998250,4.634788,-7.594003,1.415299,-0.002971,1.413342,-0.002971,-7.594003,0
2026-07-02 15:38:02.002014,4.637070,-7.594003,1.415299,-0.002971,1.413342,-0.002971,-7.594003,0
2026-07-02 15:38:02.004030,4.639458,-7.594003,1.415299,-0.002971,1.418524,-0.002971,-7.594003,0
2026-07-02 15:38:02.006044,4.641792,-7.599185,1.415299,-0.002971,1.418524,-0.002971,-7.599185,0
2026-07-02 15:38:02.008053,4.644074,-7.599185,1.415299,-0.002971,1.413342,-0.002971,-7.599185,0
2026-07-02 15:38:02.010573,4.646486,-7.594003,1.415299,-0.002971,1.413342,-0.002971,-7.594003,0
2026-07-02 15:38:02.012309,4.648814,-7.599185,1.415299,-0.002971,1.413342,-0.002971,-7.599185,0
2026-07-02 15:38:02.012309,4.653216,-7.594003,1.415299,-0.002971,1.413342,-0.002971,-7.594003,0
2026-07-02 15:38:02.012309,4.656438,-7.594003,1.415299,-0.002971,1.418524,-0.002971,-7.594003,0
2026-07-02 15:38:02.022635,4.658794,-7.594003,1.415299,-0.002971,1.413342,-0.002971,-7.594003,0
2026-07-02 15:38:02.022635,4.661136,-7.599185,1.415299,-0.002971,1.418524,-0.002971,-7.599185,0
2026-07-02 15:38:02.022635,4.663617,-7.599185,1.415299,-0.002971,1.413342,-0.002971,-7.599185,0
2026-07-02 15:38:02.022635,4.665951,-7.594003,1.415299,-0.002971,1.413342,-0.002971,-7.594003,0
2026-07-02 15:38:02.032722,4.668264,-7.599185,1.415299,-0.002971,1.413342,-0.002971,-7.599185,0
2026-07-02 15:38:02.032722,4.670607,-7.594003,1.415299,-0.002971,1.413342,-0.002971,-7.594003,0
2026-07-02 15:38:02.032722,4.673873,-7.594003,1.415299,-0.002971,1.413342,-0.002971,-7.594003,0
2026-07-02 15:38:02.032722,4.676251,-7.594003,1.415299,-0.002971,1.413342,-0.002971,-7.594003,0
2026-07-02 15:38:02.053195,4.678617,-7.594003,1.415299,-0.002971,1.413342,-0.002971,-7.594003,0
2026-07-02 15:38:02.063221,4.698832,-7.594003,1.415299,-0.002971,1.413342,-0.002971,-7.594003,0
2026-07-02 15:38:02.063221,4.701408,-7.599185,1.415299,-0.002971,1.413342,-0.002971,-7.599185,0
2026-07-02 15:38:02.067297,4.703795,-7.599185,1.415299,-0.002971,1.413342,-0.002971,-7.599185,0
2026-07-02 15:38:02.067297,4.706138,-7.594003,1.415299,-0.002971,1.413342,-0.002971,-7.594003,0
2026-07-02 15:38:02.073339,4.708590,-7.599185,1.415299,-0.002971,1.413342,-0.002971,-7.599185,0
2026-07-02 15:38:02.073339,4.710935,-7.594003,1.415299,-0.002971,1.418524,-0.002971,-7.594003,0
2026-07-02 15:38:02.073339,4.713405,-7.594003,1.415299,-0.002971,1.418524,-0.002971,-7.594003,0
2026-07-02 15:38:02.073339,4.715722,-7.594003,1.415299,-0.002971,1.413342,-0.002971,-7.594003,0
2026-07-02 15:38:02.081477,4.718057,-7.594003,1.415299,-0.008152,1.418524,-0.008152,-7.594003,0
2026-07-02 15:38:02.083487,4.720432,-7.599185,1.415299,-0.002971,1.418524,-0.002971,-7.599185,0
2026-07-02 15:38:02.083487,4.726352,-7.599185,1.415299,-0.002971,1.413342,-0.002971,-7.599185,0
2026-07-02 15:38:02.093558,4.728803,-7.599185,1.415299,-0.002971,1.413342,-0.002971,-7.599185,0
2026-07-02 15:38:02.093558,4.731387,-7.594003,1.415299,-0.002971,1.413342,-0.002971,-7.594003,0
2026-07-02 15:38:02.093558,4.733726,-7.594003,1.415299,-0.002971,1.413342,-0.002971,-7.594003,0
2026-07-02 15:38:02.093558,4.736038,-7.594003,1.415299,-0.002971,1.418524,-0.002971,-7.594003,0
2026-07-02 15:38:02.103644,4.738406,-7.594003,1.415299,-0.002971,1.413342,-0.002971,-7.594003,0
2026-07-02 15:38:02.108308,4.741381,-7.599185,1.415299,-0.002971,1.413342,-0.002971,-7.599185,0
2026-07-02 15:38:02.108308,4.746571,-7.594003,1.415299,-0.002971,1.413342,-0.002971,-7.594003,0
2026-07-02 15:38:02.113851,4.754829,-7.594003,1.415299,-0.002971,1.413342,-0.002971,-7.594003,0
2026-07-02 15:38:02.123930,4.760472,-7.599185,1.415299,-0.002971,1.413342,-0.002971,-7.599185,0
2026-07-02 15:38:02.134007,4.764889,-7.594003,1.415299,-0.002971,1.418524,-0.002971,-7.594003,0
2026-07-02 15:38:02.134007,4.771788,-7.594003,1.415299,-0.002971,1.418524,-0.002971,-7.594003,0
2026-07-02 15:38:02.144116,4.777614,-7.594003,1.415299,-0.002971,1.413342,-0.002971,-7.594003,0
2026-07-02 15:38:02.144116,4.783916,-7.599185,1.415299,-0.002971,1.413342,-0.002971,-7.599185,0
2026-07-02 15:38:02.154191,4.786768,-7.599185,1.415299,-0.002971,1.413342,-0.002971,-7.599185,0
2026-07-02 15:38:02.154191,4.793717,-7.599185,1.415299,-0.002971,1.413342,-0.002971,-7.599185,0
2026-07-02 15:38:02.167424,4.799179,-7.594003,1.415299,-0.002971,1.413342,-0.002971,-7.594003,0
2026-07-02 15:38:02.167424,4.805669,-7.599185,1.415299,-0.002971,1.413342,-0.002971,-7.599185,0
2026-07-02 15:38:02.174443,4.811342,-7.594003,1.415299,-0.002971,1.413342,-0.002971,-7.594003,0
2026-07-02 15:38:02.184486,4.818256,-7.594003,1.415299,-0.002971,1.413342,-0.002971,-7.594003,0
2026-07-02 15:38:02.184486,4.823945,-7.594003,1.415299,-0.002971,1.413342,-0.002971,-7.594003,0
2026-07-02 15:38:02.194519,4.829741,-7.599185,1.415299,-0.002971,1.418524,-0.002971,-7.599185,0
2026-07-02 15:38:02.194519,4.835168,-7.594003,1.415299,-0.002971,1.413342,-0.002971,-7.594003,0
2026-07-02 15:38:02.214807,4.840757,-7.594003,1.415299,-0.002971,1.413342,-0.002971,-7.594003,0
2026-07-02 15:38:02.214807,4.852700,-7.594003,1.415299,-0.002971,1.413342,-0.002971,-7.594003,0
2026-07-02 15:38:02.228840,4.858283,-7.594003,1.415299,-0.002971,1.413342,-0.002971,-7.594003,0
2026-07-02 15:38:02.234876,4.867753,-7.599185,1.415299,-0.002971,1.418524,-0.002971,-7.599185,0
2026-07-02 15:38:02.236567,4.872166,-7.594003,1.415299,-0.002971,1.413342,-0.002971,-7.594003,0
2026-07-02 15:38:02.238576,4.874481,-7.594003,1.415299,-0.002971,1.413342,-0.002971,-7.594003,0
2026-07-02 15:38:02.242606,4.876729,-7.594003,1.415299,-0.002971,1.413342,-0.002971,-7.594003,0
2026-07-02 15:38:02.244619,4.880102,-7.599185,1.415299,-0.002971,1.418524,-0.002971,-7.599185,0
2026-07-02 15:38:02.246635,4.882372,-7.599185,1.415299,-0.002971,1.413342,-0.002971,-7.599185,0
2026-07-02 15:38:02.248649,4.884601,-7.599185,1.415299,-0.002971,1.413342,-0.002971,-7.599185,0
2026-07-02 15:38:02.250656,4.886966,-7.599185,1.415299,-0.002971,1.418524,-0.002971,-7.599185,0
2026-07-02 15:38:02.254680,4.889419,-7.599185,1.415299,-0.002971,1.413342,-0.002971,-7.599185,0
2026-07-02 15:38:02.256703,4.891747,-7.594003,1.415299,-0.002971,1.413342,-0.002971,-7.594003,0
2026-07-02 15:38:02.258711,4.895031,-7.599185,1.415299,-0.002971,1.413342,-0.002971,-7.599185,0
2026-07-02 15:38:02.260721,4.897334,-7.594003,1.415299,-0.002971,1.418524,-0.002971,-7.594003,0
2026-07-02 15:38:02.264734,4.899577,-7.599185,1.415299,-0.002971,1.413342,-0.002971,-7.599185,0
2026-07-02 15:38:02.270514,4.902374,-7.599185,1.415299,-0.002971,1.418524,-0.002971,-7.599185,0
2026-07-02 15:38:02.278534,4.909144,-7.599185,1.415299,-0.002971,1.413342,-0.002971,-7.599185,0
2026-07-02 15:38:02.282541,4.915692,-7.599185,1.415299,-0.002971,1.413342,-0.002971,-7.599185,0
2026-07-02 15:38:02.284557,4.919964,-7.594003,1.415299,-0.002971,1.413342,-0.002971,-7.594003,0
2026-07-02 15:38:02.284557,4.922370,-7.599185,1.415299,-0.002971,1.413342,-0.002971,-7.599185,0
2026-07-02 15:38:02.284557,4.924811,-7.599185,1.415299,-0.002971,1.418524,-0.002971,-7.599185,0
2026-07-02 15:38:02.284557,4.927228,-7.599185,1.415299,-0.002971,1.418524,-0.002971,-7.599185,0
2026-07-02 15:38:02.294657,4.930042,-7.594003,1.415299,-0.002971,1.413342,-0.002971,-7.594003,0
2026-07-02 15:38:02.294657,4.933165,-7.594003,1.415299,-0.002971,1.413342,-0.002971,-7.594003,0
2026-07-02 15:38:02.294657,4.935583,-7.599185,1.415299,-0.002971,1.413342,-0.002971,-7.599185,0
2026-07-02 15:38:02.294657,4.938268,-7.599185,1.415299,-0.002971,1.413342,-0.002971,-7.599185,0
2026-07-02 15:38:02.304769,4.940687,-7.599185,1.415299,-0.002971,1.413342,-0.002971,-7.599185,0
2026-07-02 15:38:02.304769,4.943222,-7.599185,1.415299,-0.002971,1.413342,-0.002971,-7.599185,0
2026-07-02 15:38:02.310824,4.945457,-7.599185,1.415299,-0.002971,1.413342,-0.002971,-7.599185,0
2026-07-02 15:38:02.310824,4.948125,-7.599185,1.415299,-0.002971,1.418524,-0.002971,-7.599185,0
2026-07-02 15:38:02.314863,4.950547,-7.599185,1.415299,-0.002971,1.413342,-0.002971,-7.599185,0
2026-07-02 15:38:02.316390,4.952905,-7.594003,1.415299,-0.002971,1.413342,-0.002971,-7.594003,0
2026-07-02 15:38:02.320408,4.955168,-7.594003,1.415299,-0.002971,1.413342,-0.002971,-7.594003,0
2026-07-02 15:38:02.320408,4.957428,-7.594003,1.415299,-0.002971,1.413342,-0.002971,-7.594003,0
2026-07-02 15:38:02.325699,4.959641,-7.594003,1.415299,-0.002971,1.413342,-0.002971,-7.594003,0
2026-07-02 15:38:02.327717,4.963564,-7.599185,1.415299,-0.002971,1.413342,-0.002971,-7.599185,0
2026-07-02 15:38:02.329726,4.965860,-7.594003,1.415299,-0.002971,1.413342,-0.002971,-7.594003,0
2026-07-02 15:38:02.331739,4.968049,-7.594003,1.415299,-0.002971,1.413342,-0.002971,-7.594003,0
2026-07-02 15:38:02.335265,4.970332,-7.594003,1.415299,-0.002971,1.413342,-0.002971,-7.594003,0
2026-07-02 15:38:02.337282,4.972709,-7.594003,1.415299,-0.002971,1.413342,-0.002971,-7.594003,0
2026-07-02 15:38:02.339295,4.975019,-7.599185,1.415299,-0.002971,1.418524,-0.002971,-7.599185,0
2026-07-02 15:38:02.341308,4.977336,-7.594003,1.415299,-0.002971,1.413342,-0.002971,-7.594003,0
2026-07-02 15:38:02.343323,4.979582,-7.594003,1.415299,-0.002971,1.413342,-0.002971,-7.594003,0
2026-07-02 15:38:02.345339,4.981865,-7.599185,1.415299,-0.002971,1.418524,-0.002971,-7.599185,0
2026-07-02 15:38:02.347348,4.984208,-7.594003,1.415299,-0.002971,1.413342,-0.002971,-7.594003,0
2026-07-02 15:38:02.351678,4.986553,-7.594003,1.415299,-0.002971,1.413342,-0.002971,-7.594003,0
2026-07-02 15:38:02.351678,4.988862,-7.594003,1.415299,-0.002971,1.413342,-0.002971,-7.594003,0
2026-07-02 15:38:02.355601,4.991225,-7.594003,1.415299,-0.002971,1.413342,-0.002971,-7.594003,0
2026-07-02 15:38:02.357621,4.993524,-7.594003,1.415299,-0.002971,1.413342,-0.002971,-7.594003,0
2026-07-02 15:38:02.361645,4.996409,-7.599185,1.415299,-0.002971,1.413342,-0.002971,-7.599185,0
2026-07-02 15:38:02.361645,4.998688,-7.594003,1.415299,-0.002971,1.413342,-0.002971,-7.594003,0
