horodatage,temps_s,AIN0,AIN1,AIN2,AIN3,courant,position,trigger
2026-07-02 15:46:21.087537,0.000001,1.137094,1.415299,0.007391,1.418524,0.007391,1.137094,0
2026-07-02 15:46:21.091874,0.017230,1.121548,1.415299,0.007391,1.418524,0.007391,1.121548,0
2026-07-02 15:46:21.094402,0.020134,1.126730,1.415299,0.007391,1.413342,0.007391,1.126730,0
2026-07-02 15:46:21.096929,0.023003,1.137094,1.415299,0.007391,1.413342,0.007391,1.137094,0
2026-07-02 15:46:21.099822,0.025553,1.121548,1.415299,0.007391,1.418524,0.007391,1.121548,0
2026-07-02 15:46:21.100225,0.028081,1.126730,1.415299,0.007391,1.418524,0.007391,1.126730,0
2026-07-02 15:46:21.104496,0.030845,1.126730,1.415299,0.007391,1.413342,0.007391,1.126730,0
2026-07-02 15:46:21.106978,0.033407,1.131911,1.415299,0.007391,1.413342,0.007391,1.131911,0
2026-07-02 15:46:21.109934,0.036082,1.137094,1.415299,0.007391,1.413342,0.007391,1.137094,0
2026-07-02 15:46:21.112467,0.038695,1.121548,1.415299,0.007391,1.413342,0.007391,1.121548,0
2026-07-02 15:46:21.114083,0.041246,1.131911,1.415299,0.007391,1.413342,0.007391,1.131911,0
2026-07-02 15:46:21.117884,0.043806,1.137094,1.415299,0.007391,1.413342,0.007391,1.137094,0
2026-07-02 15:46:21.119367,0.046365,1.121548,1.410120,0.007391,1.413342,0.007391,1.121548,0
2026-07-02 15:46:21.122821,0.048943,1.131911,1.415299,0.007391,1.413342,0.007391,1.131911,0
2026-07-02 15:46:21.124583,0.051481,1.121548,1.415299,0.007391,1.418524,0.007391,1.121548,0
2026-07-02 15:46:21.127189,0.054086,1.137094,1.415299,0.007391,1.413342,0.007391,1.137094,0
2026-07-02 15:46:21.129206,0.056718,1.126730,1.415299,0.007391,1.413342,0.007391,1.126730,0
2026-07-02 15:46:21.132986,0.059279,1.126730,1.415299,0.007391,1.418524,0.007391,1.126730,0
2026-07-02 15:46:21.132986,0.061823,1.121548,1.415299,0.007391,1.418524,0.007391,1.121548,0
2026-07-02 15:46:21.132986,0.064369,1.126730,1.415299,0.007391,1.413342,0.007391,1.126730,0
2026-07-02 15:46:21.140313,0.066853,1.137094,1.415299,0.007391,1.418524,0.007391,1.137094,0
2026-07-02 15:46:21.143422,0.069339,1.126730,1.415299,0.007391,1.413342,0.007391,1.126730,0
2026-07-02 15:46:21.143422,0.071817,1.131911,1.415299,0.007391,1.418524,0.007391,1.131911,0
2026-07-02 15:46:21.146952,0.074406,1.131911,1.415299,0.007391,1.418524,0.007391,1.131911,0
2026-07-02 15:46:21.150995,0.077016,1.131911,1.415299,0.007391,1.418524,0.007391,1.131911,0
2026-07-02 15:46:21.153876,0.079678,1.121548,1.415299,0.007391,1.413342,0.007391,1.121548,0
2026-07-02 15:46:21.153876,0.082438,1.131911,1.415299,0.007391,1.413342,0.007391,1.131911,0
2026-07-02 15:46:21.153876,0.084786,1.137094,1.415299,0.007391,1.418524,0.007391,1.137094,0
2026-07-02 15:46:21.159841,0.087174,1.131911,1.415299,0.002211,1.418524,0.002211,1.131911,0
2026-07-02 15:46:21.161852,0.089643,1.126730,1.415299,0.007391,1.418524,0.007391,1.126730,0
2026-07-02 15:46:21.164570,0.092003,1.131911,1.415299,0.007391,1.413342,0.007391,1.131911,0
2026-07-02 15:46:21.164570,0.094335,1.131911,1.420479,0.007391,1.418524,0.007391,1.131911,0
2026-07-02 15:46:21.164570,0.096670,1.131911,1.415299,0.007391,1.418524,0.007391,1.131911,0
2026-07-02 15:46:21.164570,0.098954,1.131911,1.415299,0.007391,1.413342,0.007391,1.131911,0
2026-07-02 15:46:21.174062,0.101152,1.131911,1.415299,0.002211,1.418524,0.002211,1.131911,0
2026-07-02 15:46:21.177196,0.103422,1.126730,1.415299,0.007391,1.413342,0.007391,1.126730,0
2026-07-02 15:46:21.177196,0.105698,1.131911,1.415299,0.007391,1.413342,0.007391,1.131911,0
2026-07-02 15:46:21.177196,0.107908,1.126730,1.415299,0.007391,1.413342,0.007391,1.126730,0
2026-07-02 15:46:21.177196,0.110159,1.131911,1.415299,0.002211,1.413342,0.002211,1.131911,0
2026-07-02 15:46:21.186452,0.112518,1.137094,1.415299,0.007391,1.413342,0.007391,1.137094,0
2026-07-02 15:46:21.188466,0.115137,1.121548,1.415299,0.007391,1.418524,0.007391,1.121548,0
2026-07-02 15:46:21.190481,0.117635,1.126730,1.415299,0.007391,1.413342,0.007391,1.126730,0
2026-07-02 15:46:21.190481,0.120021,1.126730,1.415299,0.007391,1.413342,0.007391,1.126730,0
2026-07-02 15:46:21.194853,0.122531,1.131911,1.415299,0.007391,1.413342,0.007391,1.131911,0
2026-07-02 15:46:21.194853,0.124955,1.137094,1.415299,0.007391,1.413342,0.007391,1.137094,0
2026-07-02 15:46:21.194853,0.127388,1.121548,1.415299,0.007391,1.418524,0.007391,1.121548,0
2026-07-02 15:46:21.203770,0.129779,1.121548,1.415299,0.007391,1.413342,0.007391,1.121548,0
2026-07-02 15:46:21.205281,0.132194,1.121548,1.415299,0.007391,1.413342,0.007391,1.121548,0
2026-07-02 15:46:21.207293,0.134594,1.126730,1.415299,0.007391,1.413342,0.007391,1.126730,0
2026-07-02 15:46:21.209305,0.136902,1.131911,1.415299,0.007391,1.418524,0.007391,1.131911,0
2026-07-02 15:46:21.213096,0.139324,1.131911,1.415299,0.007391,1.418524,0.007391,1.131911,0
2026-07-02 15:46:21.215496,0.141680,1.131911,1.415299,0.007391,1.413342,0.007391,1.131911,0
2026-07-02 15:46:21.216448,0.144150,1.121548,1.415299,0.007391,1.418524,0.007391,1.121548,0
2026-07-02 15:46:21.220737,0.146659,1.126730,1.415299,0.007391,1.418524,0.007391,1.126730,0
2026-07-02 15:46:21.220737,0.149117,1.131911,1.415299,0.007391,1.413342,0.007391,1.131911,0
2026-07-02 15:46:21.220737,0.151587,1.131911,1.415299,0.007391,1.418524,0.007391,1.131911,0
2026-07-02 15:46:21.226985,0.154113,1.126730,1.415299,0.007391,1.418524,0.007391,1.126730,0
2026-07-02 15:46:21.226985,0.156619,1.137094,1.415299,0.002211,1.418524,0.002211,1.137094,0
2026-07-02 15:46:21.226985,0.159104,1.137094,1.415299,0.007391,1.418524,0.007391,1.137094,0
2026-07-02 15:46:21.235545,0.161458,1.126730,1.415299,0.007391,1.418524,0.007391,1.126730,0
2026-07-02 15:46:21.235545,0.163933,1.126730,1.415299,0.007391,1.413342,0.007391,1.126730,0
2026-07-02 15:46:21.239651,0.166399,1.121548,1.415299,0.007391,1.418524,0.007391,1.121548,0
2026-07-02 15:46:21.241666,0.168878,1.131911,1.415299,0.007391,1.418524,0.007391,1.131911,0
2026-07-02 15:46:21.243676,0.171323,1.131911,1.415299,0.007391,1.413342,0.007391,1.131911,0
2026-07-02 15:46:21.247704,0.173763,1.131911,1.415299,0.007391,1.418524,0.007391,1.131911,0
2026-07-02 15:46:21.247704,0.176283,1.131911,1.415299,0.007391,1.413342,0.007391,1.131911,0
2026-07-02 15:46:21.247704,0.178688,1.121548,1.415299,0.007391,1.413342,0.007391,1.121548,0
2026-07-02 15:46:21.247704,0.181130,1.131911,1.415299,0.007391,1.418524,0.007391,1.131911,0
2026-07-02 15:46:21.256515,0.183452,1.131911,1.415299,0.007391,1.413342,0.007391,1.131911,0
2026-07-02 15:46:21.258527,0.185813,1.137094,1.415299,0.007391,1.413342,0.007391,1.137094,0
2026-07-02 15:46:21.260538,0.188185,1.131911,1.415299,0.007391,1.413342,0.007391,1.131911,0
2026-07-02 15:46:21.264563,0.190529,1.126730,1.415299,0.007391,1.413342,0.007391,1.126730,0
2026-07-02 15:46:21.266320,0.192853,1.126730,1.415299,0.007391,1.413342,0.007391,1.126730,0
2026-07-02 15:46:21.268334,0.195517,1.137094,1.415299,0.007391,1.413342,0.007391,1.137094,0
2026-07-02 15:46:21.270791,0.197841,1.131911,1.415299,0.007391,1.413342,0.007391,1.131911,0
2026-07-02 15:46:21.272802,0.200154,1.121548,1.415299,0.007391,1.418524,0.007391,1.121548,0
2026-07-02 15:46:21.283619,0.202506,1.131911,1.415299,0.007391,1.418524,0.007391,1.131911,0
2026-07-02 15:46:21.286643,0.212889,1.126730,1.415299,0.007391,1.413342,0.007391,1.126730,0
2026-07-02 15:46:21.289229,0.215364,1.137094,1.415299,0.007391,1.418524,0.007391,1.137094,0
2026-07-02 15:46:21.291244,0.217786,1.131911,1.415299,0.007391,1.413342,0.007391,1.131911,0
2026-07-02 15:46:21.293257,0.220461,1.131911,1.415299,0.007391,1.413342,0.007391,1.131911,0
2026-07-02 15:46:21.295272,0.222819,1.121548,1.415299,0.007391,1.418524,0.007391,1.121548,0
2026-07-02 15:46:21.297027,0.225173,1.126730,1.415299,0.007391,1.413342,0.007391,1.126730,0
2026-07-02 15:46:21.300928,0.227529,1.131911,1.415299,0.007391,1.418524,0.007391,1.131911,0
2026-07-02 15:46:21.302943,0.229989,1.137094,1.415299,0.007391,1.418524,0.007391,1.137094,0
2026-07-02 15:46:21.304957,0.232294,1.131911,1.415299,0.007391,1.418524,0.007391,1.131911,0
2026-07-02 15:46:21.309180,0.234566,1.131911,1.415299,0.007391,1.413342,0.007391,1.131911,0
2026-07-02 15:46:21.311195,0.237673,1.137094,1.415299,0.007391,1.413342,0.007391,1.137094,0
2026-07-02 15:46:21.313213,0.240055,1.121548,1.415299,0.007391,1.413342,0.007391,1.121548,0
2026-07-02 15:46:21.313213,0.242369,1.131911,1.415299,0.007391,1.413342,0.007391,1.131911,0
2026-07-02 15:46:21.319373,0.245282,1.131911,1.415299,0.007391,1.418524,0.007391,1.131911,0
2026-07-02 15:46:21.323405,0.249507,1.137094,1.415299,0.002211,1.413342,0.002211,1.137094,0
2026-07-02 15:46:21.324417,0.251823,1.131911,1.415299,0.007391,1.413342,0.007391,1.131911,0
2026-07-02 15:46:21.329512,0.254172,1.131911,1.415299,0.007391,1.418524,0.007391,1.131911,0
2026-07-02 15:46:21.333537,0.259067,1.131911,1.415299,0.007391,1.413342,0.007391,1.131911,0
2026-07-02 15:46:21.333537,0.261910,1.131911,1.415299,0.007391,1.418524,0.007391,1.131911,0
2026-07-02 15:46:21.343742,0.264236,1.121548,1.415299,0.007391,1.413342,0.007391,1.121548,0
2026-07-02 15:46:21.347767,0.273390,1.126730,1.415299,0.007391,1.413342,0.007391,1.126730,0
2026-07-02 15:46:21.349778,0.277502,1.137094,1.415299,0.007391,1.413342,0.007391,1.137094,0
2026-07-02 15:46:21.349778,0.279947,1.131911,1.415299,0.007391,1.413342,0.007391,1.131911,0
2026-07-02 15:46:21.349778,0.282415,1.137094,1.415299,0.007391,1.418524,0.007391,1.137094,0
2026-07-02 15:46:21.358132,0.284723,1.121548,1.415299,0.007391,1.418524,0.007391,1.121548,0
2026-07-02 15:46:21.360144,0.287555,1.131911,1.415299,0.002211,1.413342,0.002211,1.131911,0
2026-07-02 15:46:21.362152,0.289895,1.137094,1.415299,0.007391,1.413342,0.007391,1.137094,0
2026-07-02 15:46:21.366173,0.292220,1.121548,1.415299,0.007391,1.413342,0.007391,1.121548,0
2026-07-02 15:46:21.372209,0.295221,1.121548,1.415299,0.007391,1.418524,0.007391,1.121548,0
2026-07-02 15:46:21.372209,0.300395,1.131911,1.415299,0.007391,1.413342,0.007391,1.131911,0
2026-07-02 15:46:21.376643,0.302684,1.131911,1.415299,0.002211,1.418524,0.002211,1.131911,0
2026-07-02 15:46:21.378398,0.305727,1.131911,1.415299,0.007391,1.413342,0.007391,1.131911,0
2026-07-02 15:46:21.381364,0.308265,1.131911,1.415299,0.007391,1.413342,0.007391,1.131911,0
2026-07-02 15:46:21.383876,0.310668,1.126730,1.410120,0.007391,1.413342,0.007391,1.126730,0
2026-07-02 15:46:21.385890,0.313083,1.137094,1.415299,0.007391,1.413342,0.007391,1.137094,0
2026-07-02 15:46:21.387903,0.315440,1.121548,1.415299,0.007391,1.413342,0.007391,1.121548,0
2026-07-02 15:46:21.391923,0.317793,1.126730,1.415299,0.007391,1.413342,0.007391,1.126730,0
2026-07-02 15:46:21.393940,0.320216,1.126730,1.415299,0.007391,1.413342,0.007391,1.126730,0
2026-07-02 15:46:21.395958,0.322576,1.137094,1.415299,0.007391,1.413342,0.007391,1.137094,0
2026-07-02 15:46:21.399979,0.324949,1.126730,1.415299,0.007391,1.413342,0.007391,1.126730,0
2026-07-02 15:46:21.404000,0.329818,1.121548,1.415299,0.007391,1.413342,0.007391,1.121548,0
2026-07-02 15:46:21.404000,0.332468,1.121548,1.415299,0.007391,1.413342,0.007391,1.121548,0
2026-07-02 15:46:21.408112,0.334819,1.121548,1.415299,0.007391,1.413342,0.007391,1.121548,0
2026-07-02 15:46:21.414136,0.337497,1.121548,1.415299,0.007391,1.413342,0.007391,1.121548,0
2026-07-02 15:46:21.416918,0.342290,1.131911,1.415299,0.007391,1.413342,0.007391,1.131911,0
2026-07-02 15:46:21.418417,0.345277,1.137094,1.415299,0.007391,1.413342,0.007391,1.137094,0
2026-07-02 15:46:21.418417,0.347614,1.137094,1.415299,0.007391,1.413342,0.007391,1.137094,0
2026-07-02 15:46:21.421987,0.349892,1.131911,1.415299,0.007391,1.413342,0.007391,1.131911,0
2026-07-02 15:46:21.426017,0.352108,1.131911,1.415299,0.007391,1.413342,0.007391,1.131911,0
2026-07-02 15:46:21.430046,0.354456,1.131911,1.415299,0.007391,1.418524,0.007391,1.131911,0
2026-07-02 15:46:21.434075,0.359169,1.126730,1.415299,0.007391,1.418524,0.007391,1.126730,0
2026-07-02 15:46:21.435084,0.362632,1.121548,1.415299,0.007391,1.418524,0.007391,1.121548,0
2026-07-02 15:46:21.438116,0.364899,1.126730,1.415299,0.007391,1.413342,0.007391,1.126730,0
2026-07-02 15:46:21.441643,0.367229,1.131911,1.415299,0.007391,1.413342,0.007391,1.131911,0
2026-07-02 15:46:21.441643,0.369815,1.137094,1.415299,0.007391,1.413342,0.007391,1.137094,0
2026-07-02 15:46:21.446234,0.372200,1.131911,1.415299,0.007391,1.413342,0.007391,1.131911,0
2026-07-02 15:46:21.448251,0.374587,1.131911,1.415299,0.007391,1.413342,0.007391,1.131911,0
2026-07-02 15:46:21.449557,0.376862,1.137094,1.415299,0.007391,1.418524,0.007391,1.137094,0
2026-07-02 15:46:21.451569,0.379156,1.121548,1.415299,0.007391,1.413342,0.007391,1.121548,0
2026-07-02 15:46:21.453575,0.381442,1.131911,1.415299,0.002211,1.413342,0.002211,1.131911,0
2026-07-02 15:46:21.457598,0.383690,1.131911,1.415299,0.002211,1.413342,0.002211,1.131911,0
2026-07-02 15:46:21.458611,0.385907,1.131911,1.415299,0.002211,1.413342,0.002211,1.131911,0
2026-07-02 15:46:21.460620,0.388140,1.131911,1.415299,0.007391,1.413342,0.007391,1.131911,0
2026-07-02 15:46:21.462631,0.390453,1.121548,1.415299,0.007391,1.413342,0.007391,1.121548,0
2026-07-02 15:46:21.464644,0.392666,1.121548,1.415299,0.007391,1.413342,0.007391,1.121548,0
2026-07-02 15:46:21.468448,0.394939,1.121548,1.415299,0.007391,1.413342,0.007391,1.121548,0
2026-07-02 15:46:21.470461,0.397261,1.126730,1.415299,0.007391,1.418524,0.007391,1.126730,0
2026-07-02 15:46:21.472478,0.399572,1.131911,1.415299,0.007391,1.413342,0.007391,1.131911,0
2026-07-02 15:46:21.474889,0.401767,1.121548,1.415299,0.007391,1.413342,0.007391,1.121548,0
2026-07-02 15:46:21.476901,0.403971,1.137094,1.415299,0.007391,1.413342,0.007391,1.137094,0
2026-07-02 15:46:21.478659,0.406214,1.131911,1.415299,0.007391,1.413342,0.007391,1.131911,0
2026-07-02 15:46:21.480667,0.408520,1.131911,1.415299,0.002211,1.413342,0.002211,1.131911,0
2026-07-02 15:46:21.484191,0.410787,1.131911,1.415299,0.007391,1.413342,0.007391,1.131911,0
2026-07-02 15:46:21.486205,0.413059,1.126730,1.415299,0.007391,1.413342,0.007391,1.126730,0
2026-07-02 15:46:21.488219,0.415311,1.137094,1.415299,0.007391,1.413342,0.007391,1.137094,0
2026-07-02 15:46:21.490965,0.417529,1.137094,1.415299,0.007391,1.413342,0.007391,1.137094,0
2026-07-02 15:46:21.493491,0.420147,1.131911,1.415299,0.007391,1.413342,0.007391,1.131911,0
2026-07-02 15:46:21.493491,0.422432,1.131911,1.415299,0.007391,1.418524,0.007391,1.131911,0
2026-07-02 15:46:21.500829,0.424667,1.126730,1.415299,0.007391,1.413342,0.007391,1.126730,0
2026-07-02 15:46:21.504059,0.429463,1.126730,1.415299,0.007391,1.413342,0.007391,1.126730,0
2026-07-02 15:46:21.504794,0.432224,1.131911,1.415299,0.007391,1.418524,0.007391,1.131911,0
2026-07-02 15:46:21.508820,0.434527,1.121548,1.415299,0.007391,1.413342,0.007391,1.121548,0
2026-07-02 15:46:21.510068,0.437310,1.131911,1.415299,0.007391,1.418524,0.007391,1.131911,0
2026-07-02 15:46:21.512088,0.439587,1.126730,1.415299,0.007391,1.418524,0.007391,1.126730,0
2026-07-02 15:46:21.512088,0.441789,1.131911,1.415299,0.007391,1.413342,0.007391,1.131911,0
2026-07-02 15:46:21.517626,0.444154,1.131911,1.415299,0.007391,1.413342,0.007391,1.131911,0
2026-07-02 15:46:21.519141,0.446557,1.131911,1.415299,0.007391,1.413342,0.007391,1.131911,0
2026-07-02 15:46:21.522354,0.448899,1.131911,1.415299,0.007391,1.413342,0.007391,1.131911,0
2026-07-02 15:46:21.524368,0.451239,1.126730,1.415299,0.007391,1.413342,0.007391,1.126730,0
2026-07-02 15:46:21.524368,0.453672,1.121548,1.415299,0.007391,1.413342,0.007391,1.121548,0
2026-07-02 15:46:21.530036,0.455998,1.131911,1.415299,0.007391,1.418524,0.007391,1.131911,0
2026-07-02 15:46:21.530036,0.458280,1.131911,1.415299,0.007391,1.413342,0.007391,1.131911,0
2026-07-02 15:46:21.534163,0.460574,1.131911,1.415299,0.007391,1.413342,0.007391,1.131911,0
2026-07-02 15:46:21.535786,0.462951,1.137094,1.415299,0.007391,1.413342,0.007391,1.137094,0
2026-07-02 15:46:21.537800,0.465323,1.137094,1.415299,0.002211,1.413342,0.002211,1.137094,0
2026-07-02 15:46:21.542754,0.467688,1.131911,1.415299,0.007391,1.413342,0.007391,1.131911,0
2026-07-02 15:46:21.546777,0.472756,1.126730,1.415299,0.007391,1.413342,0.007391,1.126730,0
2026-07-02 15:46:21.547913,0.475296,1.121548,1.415299,0.007391,1.413342,0.007391,1.121548,0
2026-07-02 15:46:21.551346,0.477629,1.131911,1.415299,0.007391,1.418524,0.007391,1.131911,0
2026-07-02 15:46:21.552630,0.480270,1.126730,1.415299,0.007391,1.413342,0.007391,1.126730,0
2026-07-02 15:46:21.552630,0.482583,1.131911,1.415299,0.007391,1.413342,0.007391,1.131911,0
2026-07-02 15:46:21.552630,0.484874,1.131911,1.415299,0.007391,1.413342,0.007391,1.131911,0
2026-07-02 15:46:21.561351,0.487323,1.121548,1.415299,0.007391,1.413342,0.007391,1.121548,0
2026-07-02 15:46:21.563361,0.490400,1.131911,1.415299,0.007391,1.413342,0.007391,1.131911,0
2026-07-02 15:46:21.567811,0.492702,1.121548,1.415299,0.007391,1.418524,0.007391,1.121548,0
2026-07-02 15:46:21.567811,0.496008,1.121548,1.415299,0.007391,1.413342,0.007391,1.121548,0
2026-07-02 15:46:21.567811,0.498392,1.137094,1.415299,0.007391,1.413342,0.007391,1.137094,0
2026-07-02 15:46:21.567811,0.500679,1.131911,1.415299,0.007391,1.413342,0.007391,1.131911,0
2026-07-02 15:46:21.580675,0.502972,1.131911,1.415299,0.007391,1.413342,0.007391,1.131911,0
2026-07-02 15:46:21.584734,0.510396,1.137094,1.415299,0.007391,1.413342,0.007391,1.137094,0
2026-07-02 15:46:21.586749,0.513230,1.126730,1.415299,0.007391,1.413342,0.007391,1.126730,0
2026-07-02 15:46:21.588507,0.515584,1.121548,1.415299,0.007391,1.413342,0.007391,1.121548,0
2026-07-02 15:46:21.590521,0.517857,1.121548,1.415299,0.007391,1.418524,0.007391,1.121548,0
2026-07-02 15:46:21.592540,0.520544,1.126730,1.415299,0.007391,1.413342,0.007391,1.126730,0
2026-07-02 15:46:21.596253,0.522780,1.126730,1.415299,0.007391,1.413342,0.007391,1.126730,0
2026-07-02 15:46:21.598945,0.525041,1.126730,1.415299,0.007391,1.413342,0.007391,1.126730,0
2026-07-02 15:46:21.601100,0.527302,1.131911,1.415299,0.007391,1.413342,0.007391,1.131911,0
2026-07-02 15:46:21.603117,0.529618,1.126730,1.415299,0.007391,1.413342,0.007391,1.126730,0
2026-07-02 15:46:21.605131,0.531888,1.131911,1.415299,0.007391,1.413342,0.007391,1.131911,0
2026-07-02 15:46:21.608682,0.534236,1.137094,1.415299,0.007391,1.413342,0.007391,1.137094,0
2026-07-02 15:46:21.609456,0.537231,1.126730,1.415299,0.007391,1.413342,0.007391,1.126730,0
2026-07-02 15:46:21.613482,0.539498,1.131911,1.415299,0.007391,1.418524,0.007391,1.131911,0
2026-07-02 15:46:21.613482,0.541739,1.121548,1.415299,0.007391,1.418524,0.007391,1.121548,0
2026-07-02 15:46:21.615992,0.543992,1.131911,1.415299,0.007391,1.413342,0.007391,1.131911,0
2026-07-02 15:46:21.622827,0.546335,1.137094,1.415299,0.007391,1.413342,0.007391,1.137094,0
2026-07-02 15:46:21.622827,0.551736,1.131911,1.415299,0.007391,1.413342,0.007391,1.131911,0
2026-07-02 15:46:21.628111,0.554057,1.137094,1.415299,0.007391,1.413342,0.007391,1.137094,0
2026-07-02 15:46:21.629126,0.556286,1.121548,1.415299,0.007391,1.418524,0.007391,1.121548,0
2026-07-02 15:46:21.631144,0.558574,1.131911,1.415299,0.007391,1.413342,0.007391,1.131911,0
2026-07-02 15:46:21.636424,0.560821,1.131911,1.415299,0.007391,1.413342,0.007391,1.131911,0
2026-07-02 15:46:21.639953,0.564557,1.137094,1.415299,0.007391,1.413342,0.007391,1.137094,0
2026-07-02 15:46:21.642270,0.568152,1.131911,1.415299,0.007391,1.413342,0.007391,1.131911,0
2026-07-02 15:46:21.645338,0.570622,1.137094,1.415299,0.007391,1.418524,0.007391,1.137094,0
2026-07-02 15:46:21.645338,0.573764,1.131911,1.415299,0.007391,1.413342,0.007391,1.131911,0
2026-07-02 15:46:21.654045,0.576127,1.126730,1.415299,0.007391,1.413342,0.007391,1.126730,0
2026-07-02 15:46:21.658088,0.582344,1.137094,1.415299,0.007391,1.413342,0.007391,1.137094,0
2026-07-02 15:46:21.660330,0.586355,1.121548,1.415299,0.007391,1.413342,0.007391,1.121548,0
2026-07-02 15:46:21.662353,0.589002,1.131911,1.415299,0.007391,1.413342,0.007391,1.131911,0
2026-07-02 15:46:21.664370,0.591439,1.131911,1.415299,0.007391,1.413342,0.007391,1.131911,0
2026-07-02 15:46:21.700040,0.593703,1.126730,1.415299,0.007391,1.413342,0.007391,1.126730,0
2026-07-02 15:46:21.700040,0.628970,1.131911,1.415299,0.007391,1.418524,0.007391,1.131911,0
2026-07-02 15:46:21.711954,0.631818,1.131911,1.415299,0.007391,1.413342,0.007391,1.131911,0
2026-07-02 15:46:21.721748,0.642849,1.121548,1.415299,0.007391,1.418524,0.007391,1.121548,0
2026-07-02 15:46:21.724978,0.650388,1.137094,1.415299,0.007391,1.413342,0.007391,1.137094,0
2026-07-02 15:46:21.728604,0.655049,1.121548,1.415299,0.007391,1.418524,0.007391,1.121548,0
2026-07-02 15:46:21.731323,0.657501,1.121548,1.415299,0.007391,1.413342,0.007391,1.121548,0
2026-07-02 15:46:21.741591,0.660276,1.131911,1.415299,0.007391,1.413342,0.007391,1.131911,0
2026-07-02 15:46:21.741591,0.671222,1.137094,1.415299,0.007391,1.418524,0.007391,1.137094,0
2026-07-02 15:46:21.747128,0.673679,1.131911,1.415299,0.007391,1.413342,0.007391,1.131911,0
2026-07-02 15:46:21.750085,0.676064,1.121548,1.415299,0.007391,1.418524,0.007391,1.121548,0
2026-07-02 15:46:21.753802,0.680752,1.131911,1.415299,0.007391,1.413342,0.007391,1.131911,0
2026-07-02 15:46:21.753802,0.683176,1.137094,1.415299,0.007391,1.418524,0.007391,1.137094,0
2026-07-02 15:46:21.758998,0.685528,1.121548,1.415299,0.007391,1.413342,0.007391,1.121548,0
2026-07-02 15:46:21.758998,0.688745,1.126730,1.415299,0.007391,1.413342,0.007391,1.126730,0
2026-07-02 15:46:21.758998,0.691202,1.137094,1.415299,0.007391,1.413342,0.007391,1.137094,0
2026-07-02 15:46:21.785566,0.693572,1.131911,1.415299,0.007391,1.413342,0.007391,1.131911,0
2026-07-02 15:46:21.800508,0.716630,1.131911,1.415299,0.007391,1.413342,0.007391,1.131911,0
2026-07-02 15:46:21.808982,0.735578,1.126730,1.415299,0.002211,1.413342,0.002211,1.126730,0
2026-07-02 15:46:21.808982,0.741382,1.137094,1.415299,0.007391,1.413342,0.007391,1.137094,0
2026-07-02 15:46:21.816530,0.743724,1.121548,1.415299,0.007391,1.418524,0.007391,1.121548,0
2026-07-02 15:46:21.820512,0.747010,1.126730,1.415299,0.007391,1.418524,0.007391,1.126730,0
2026-07-02 15:46:21.835247,0.751354,1.131911,1.415299,0.002211,1.413342,0.002211,1.131911,0
2026-07-02 15:46:21.841622,0.768107,1.131911,1.415299,0.007391,1.418524,0.007391,1.131911,0
2026-07-02 15:46:21.875401,0.771383,1.131911,1.415299,0.007391,1.413342,0.007391,1.131911,0
2026-07-02 15:46:21.875401,0.806066,1.131911,1.415299,0.007391,1.413342,0.007391,1.131911,0
2026-07-02 15:46:21.905367,0.809596,1.137094,1.415299,0.007391,1.413342,0.007391,1.137094,0
2026-07-02 15:46:21.908963,0.833760,1.131911,1.415299,0.007391,1.413342,0.007391,1.131911,0
2026-07-02 15:46:21.910977,0.837261,1.131911,1.415299,0.007391,1.413342,0.007391,1.131911,0
2026-07-02 15:46:21.919827,0.839890,1.121548,1.415299,0.007391,1.418524,0.007391,1.121548,0
2026-07-02 15:46:21.926945,0.848447,1.131911,1.415299,0.007391,1.413342,0.007391,1.131911,0
2026-07-02 15:46:21.937333,0.856148,1.137094,1.415299,0.007391,1.413342,0.007391,1.137094,0
2026-07-02 15:46:21.943450,0.866008,1.131911,1.415299,0.007391,1.418524,0.007391,1.131911,0
2026-07-02 15:46:21.952935,0.871778,1.126730,1.415299,0.007391,1.413342,0.007391,1.126730,0
2026-07-02 15:46:21.957968,0.881271,1.131911,1.415299,0.007391,1.413342,0.007391,1.131911,0
2026-07-02 15:46:21.965811,0.886454,1.131911,1.415299,0.007391,1.418524,0.007391,1.131911,0
2026-07-02 15:46:21.970524,0.894787,1.131911,1.415299,0.007391,1.418524,0.007391,1.131911,0
2026-07-02 15:46:21.979085,0.898969,1.131911,1.415299,0.007391,1.413342,0.007391,1.131911,0
2026-07-02 15:46:21.985862,0.907361,1.121548,1.415299,0.007391,1.418524,0.007391,1.121548,0
2026-07-02 15:46:21.988380,0.914129,1.121548,1.415299,0.007391,1.413342,0.007391,1.121548,0
2026-07-02 15:46:21.990393,0.916647,1.131911,1.415299,0.007391,1.413342,0.007391,1.131911,0
2026-07-02 15:46:21.996184,0.919068,1.131911,1.415299,0.007391,1.413342,0.007391,1.131911,0
2026-07-02 15:46:22.002991,0.924688,1.137094,1.415299,0.007391,1.413342,0.007391,1.137094,0
2026-07-02 15:46:22.011376,0.931629,1.131911,1.415299,0.012572,1.413342,0.012572,1.131911,0
2026-07-02 15:46:22.020467,0.939821,1.121548,1.415299,0.007391,1.418524,0.007391,1.121548,0
2026-07-02 15:46:22.027569,0.948801,1.121548,1.415299,0.007391,1.418524,0.007391,1.121548,0
2026-07-02 15:46:22.043552,0.956227,1.126730,1.415299,0.007391,1.413342,0.007391,1.126730,0
2026-07-02 15:46:22.053368,0.971826,1.131911,1.415299,0.007391,1.413342,0.007391,1.131911,0
2026-07-02 15:46:22.053368,0.983647,1.126730,1.415299,0.007391,1.413342,0.007391,1.126730,0
2026-07-02 15:46:22.058312,0.986451,1.131911,1.415299,0.007391,1.413342,0.007391,1.131911,0
2026-07-02 15:46:22.058312,0.988824,1.131911,1.415299,0.007391,1.413342,0.007391,1.131911,0
2026-07-02 15:46:22.063458,0.991232,1.131911,1.415299,0.007391,1.413342,0.007391,1.131911,0
2026-07-02 15:46:22.080118,0.993606,1.126730,1.415299,0.007391,1.413342,0.007391,1.126730,0
2026-07-02 15:46:22.091452,1.009581,1.131911,1.415299,0.007391,1.413342,0.007391,1.131911,0
2026-07-02 15:46:22.092560,1.020356,1.137094,1.415299,0.007391,1.413342,0.007391,1.137094,0
2026-07-02 15:46:22.092560,1.022816,1.126730,1.415299,0.007391,1.418524,0.007391,1.126730,0
2026-07-02 15:46:22.092560,1.025183,1.131911,1.415299,0.007391,1.413342,0.007391,1.131911,0
2026-07-02 15:46:22.100101,1.027551,1.137094,1.415299,0.007391,1.413342,0.007391,1.137094,0
2026-07-02 15:46:22.100101,1.029831,1.131911,1.415299,0.007391,1.418524,0.007391,1.131911,0
2026-07-02 15:46:22.100101,1.032066,1.131911,1.415299,0.007391,1.413342,0.007391,1.131911,0
2026-07-02 15:46:22.108192,1.034322,1.131911,1.415299,0.007391,1.418524,0.007391,1.131911,0
2026-07-02 15:46:22.108192,1.036746,1.131911,1.415299,0.007391,1.418524,0.007391,1.131911,0
2026-07-02 15:46:22.111588,1.039105,1.131911,1.415299,0.007391,1.413342,0.007391,1.131911,0
2026-07-02 15:46:22.111588,1.041454,1.121548,1.415299,0.007391,1.413342,0.007391,1.121548,0
2026-07-02 15:46:22.111588,1.043826,1.131911,1.415299,0.007391,1.413342,0.007391,1.131911,0
2026-07-02 15:46:22.118626,1.046203,1.121548,1.415299,0.007391,1.413342,0.007391,1.121548,0
2026-07-02 15:46:22.118626,1.048596,1.121548,1.415299,0.007391,1.418524,0.007391,1.121548,0
2026-07-02 15:46:22.118626,1.050899,1.126730,1.415299,0.007391,1.418524,0.007391,1.126730,0
2026-07-02 15:46:22.118626,1.053386,1.137094,1.415299,0.007391,1.413342,0.007391,1.137094,0
2026-07-02 15:46:22.128814,1.055710,1.131911,1.415299,0.007391,1.418524,0.007391,1.131911,0
2026-07-02 15:46:22.128814,1.058083,1.121548,1.415299,0.007391,1.413342,0.007391,1.121548,0
2026-07-02 15:46:22.128814,1.060472,1.131911,1.415299,0.007391,1.413342,0.007391,1.131911,0
2026-07-02 15:46:22.128814,1.062864,1.131911,1.415299,0.002211,1.413342,0.002211,1.131911,0
2026-07-02 15:46:22.138903,1.065236,1.137094,1.415299,0.007391,1.413342,0.007391,1.137094,0
2026-07-02 15:46:22.140913,1.067522,1.131911,1.415299,0.007391,1.413342,0.007391,1.131911,0
2026-07-02 15:46:22.140913,1.069856,1.131911,1.415299,0.007391,1.413342,0.007391,1.131911,0
2026-07-02 15:46:22.140913,1.072138,1.126730,1.415299,0.007391,1.418524,0.007391,1.126730,0
2026-07-02 15:46:22.140913,1.074484,1.121548,1.415299,0.007391,1.418524,0.007391,1.121548,0
2026-07-02 15:46:22.150074,1.076699,1.121548,1.415299,0.007391,1.413342,0.007391,1.121548,0
2026-07-02 15:46:22.153272,1.079032,1.131911,1.415299,0.007391,1.413342,0.007391,1.131911,0
2026-07-02 15:46:22.153811,1.081536,1.131911,1.415299,0.007391,1.413342,0.007391,1.131911,0
2026-07-02 15:46:22.158266,1.083813,1.126730,1.415299,0.007391,1.413342,0.007391,1.126730,0
2026-07-02 15:46:22.160422,1.086451,1.126730,1.415299,0.007391,1.413342,0.007391,1.126730,0
2026-07-02 15:46:22.162433,1.088909,1.131911,1.415299,0.007391,1.413342,0.007391,1.131911,0
2026-07-02 15:46:22.164440,1.091117,1.126730,1.415299,0.007391,1.413342,0.007391,1.126730,0
2026-07-02 15:46:22.166576,1.093342,1.121548,1.415299,0.007391,1.418524,0.007391,1.121548,0
2026-07-02 15:46:22.169755,1.095670,1.131911,1.415299,0.002211,1.418524,0.002211,1.131911,0
2026-07-02 15:46:22.172783,1.097982,1.137094,1.415299,0.007391,1.418524,0.007391,1.137094,0
2026-07-02 15:46:22.175416,1.101056,1.126730,1.415299,0.007391,1.413342,0.007391,1.126730,0
2026-07-02 15:46:22.177904,1.103772,1.126730,1.415299,0.007391,1.413342,0.007391,1.126730,0
2026-07-02 15:46:22.179916,1.106892,1.131911,1.415299,0.007391,1.418524,0.007391,1.131911,0
2026-07-02 15:46:22.185949,1.109182,1.126730,1.415299,0.007391,1.413342,0.007391,1.126730,0
2026-07-02 15:46:22.187461,1.114692,1.126730,1.415299,0.007391,1.413342,0.007391,1.126730,0
2026-07-02 15:46:22.189469,1.116993,1.126730,1.415299,0.007391,1.413342,0.007391,1.126730,0
2026-07-02 15:46:22.194810,1.119280,1.137094,1.415299,0.007391,1.413342,0.007391,1.137094,0
2026-07-02 15:46:22.198208,1.123238,1.121548,1.415299,0.007391,1.413342,0.007391,1.121548,0
2026-07-02 15:46:22.202055,1.126560,1.131911,1.415299,0.007391,1.413342,0.007391,1.131911,0
2026-07-02 15:46:22.202562,1.130243,1.126730,1.415299,0.007391,1.413342,0.007391,1.126730,0
2026-07-02 15:46:22.205580,1.132554,1.137094,1.415299,0.007391,1.413342,0.007391,1.137094,0
2026-07-02 15:46:22.207594,1.134825,1.131911,1.415299,0.007391,1.418524,0.007391,1.131911,0
2026-07-02 15:46:22.209607,1.137081,1.131911,1.415299,0.002211,1.413342,0.002211,1.131911,0
2026-07-02 15:46:22.214128,1.139697,1.126730,1.410120,0.007391,1.413342,0.007391,1.126730,0
2026-07-02 15:46:22.217886,1.143099,1.126730,1.415299,0.007391,1.413342,0.007391,1.126730,0
2026-07-02 15:46:22.218681,1.146515,1.131911,1.415299,0.007391,1.418524,0.007391,1.131911,0
2026-07-02 15:46:22.222065,1.148819,1.131911,1.415299,0.007391,1.418524,0.007391,1.131911,0
2026-07-02 15:46:22.224697,1.151151,1.131911,1.415299,0.007391,1.413342,0.007391,1.131911,0
2026-07-02 15:46:22.229010,1.154035,1.121548,1.415299,0.007391,1.418524,0.007391,1.121548,0
2026-07-02 15:46:22.232233,1.157169,1.131911,1.415299,0.007391,1.418524,0.007391,1.131911,0
2026-07-02 15:46:22.235305,1.160538,1.121548,1.415299,0.007391,1.413342,0.007391,1.121548,0
2026-07-02 15:46:22.237477,1.163487,1.131911,1.415299,0.007391,1.418524,0.007391,1.131911,0
2026-07-02 15:46:22.239484,1.165750,1.126730,1.420479,0.007391,1.418524,0.007391,1.126730,0
2026-07-02 15:46:22.244199,1.168241,1.126730,1.415299,0.007391,1.418524,0.007391,1.126730,0
2026-07-02 15:46:22.259094,1.174013,1.131911,1.415299,0.007391,1.413342,0.007391,1.131911,0
2026-07-02 15:46:22.263107,1.187760,1.131911,1.415299,0.007391,1.413342,0.007391,1.131911,0
2026-07-02 15:46:22.263107,1.191668,1.131911,1.415299,0.007391,1.413342,0.007391,1.131911,0
2026-07-02 15:46:22.267331,1.194129,1.137094,1.415299,0.007391,1.413342,0.007391,1.137094,0
2026-07-02 15:46:22.267331,1.196558,1.121548,1.415299,0.007391,1.418524,0.007391,1.121548,0
2026-07-02 15:46:22.267331,1.198957,1.131911,1.415299,0.007391,1.413342,0.007391,1.131911,0
2026-07-02 15:46:22.275675,1.201279,1.131911,1.415299,0.007391,1.413342,0.007391,1.131911,0
2026-07-02 15:46:22.275675,1.203928,1.131911,1.415299,0.007391,1.413342,0.007391,1.131911,0
2026-07-02 15:46:22.275675,1.206258,1.126730,1.415299,0.007391,1.413342,0.007391,1.126730,0
2026-07-02 15:46:22.283261,1.209059,1.131911,1.415299,0.007391,1.413342,0.007391,1.131911,0
2026-07-02 15:46:22.283798,1.211680,1.137094,1.415299,0.007391,1.413342,0.007391,1.137094,0
2026-07-02 15:46:22.288213,1.214172,1.131911,1.415299,0.007391,1.413342,0.007391,1.131911,0
2026-07-02 15:46:22.288213,1.216568,1.131911,1.415299,0.007391,1.413342,0.007391,1.131911,0
2026-07-02 15:46:22.292132,1.218893,1.131911,1.415299,0.007391,1.413342,0.007391,1.131911,0
2026-07-02 15:46:22.292132,1.221359,1.137094,1.415299,0.002211,1.413342,0.002211,1.137094,0
2026-07-02 15:46:22.292132,1.223682,1.126730,1.415299,0.007391,1.413342,0.007391,1.126730,0
2026-07-02 15:46:22.300578,1.226135,1.126730,1.415299,0.007391,1.413342,0.007391,1.126730,0
2026-07-02 15:46:22.300578,1.228805,1.126730,1.415299,0.007391,1.413342,0.007391,1.126730,0
2026-07-02 15:46:22.300578,1.231178,1.126730,1.415299,0.007391,1.413342,0.007391,1.126730,0
2026-07-02 15:46:22.300578,1.233527,1.131911,1.415299,0.007391,1.418524,0.007391,1.131911,0
2026-07-02 15:46:22.308899,1.235998,1.131911,1.415299,0.007391,1.413342,0.007391,1.131911,0
2026-07-02 15:46:22.308899,1.238468,1.131911,1.415299,0.007391,1.413342,0.007391,1.131911,0
2026-07-02 15:46:22.308899,1.240819,1.121548,1.415299,0.007391,1.418524,0.007391,1.121548,0
2026-07-02 15:46:22.318025,1.243165,1.126730,1.415299,0.007391,1.413342,0.007391,1.126730,0
2026-07-02 15:46:22.318025,1.246274,1.121548,1.415299,0.007391,1.413342,0.007391,1.121548,0
2026-07-02 15:46:22.318025,1.248718,1.131911,1.415299,0.007391,1.413342,0.007391,1.131911,0
2026-07-02 15:46:22.325006,1.251014,1.131911,1.415299,0.007391,1.413342,0.007391,1.131911,0
2026-07-02 15:46:22.325424,1.253387,1.126730,1.415299,0.007391,1.418524,0.007391,1.126730,0
2026-07-02 15:46:22.325424,1.255794,1.131911,1.415299,0.007391,1.413342,0.007391,1.131911,0
2026-07-02 15:46:22.325424,1.258165,1.131911,1.415299,0.007391,1.413342,0.007391,1.131911,0
2026-07-02 15:46:22.333859,1.260485,1.131911,1.415299,0.007391,1.413342,0.007391,1.131911,0
2026-07-02 15:46:22.333859,1.263762,1.131911,1.415299,0.007391,1.413342,0.007391,1.131911,0
2026-07-02 15:46:22.333859,1.266105,1.126730,1.415299,0.007391,1.418524,0.007391,1.126730,0
2026-07-02 15:46:22.342371,1.268335,1.131911,1.415299,0.007391,1.413342,0.007391,1.131911,0
2026-07-02 15:46:22.342371,1.270916,1.131911,1.415299,0.007391,1.413342,0.007391,1.131911,0
2026-07-02 15:46:22.342371,1.274231,1.126730,1.415299,0.007391,1.418524,0.007391,1.126730,0
2026-07-02 15:46:22.350718,1.276551,1.131911,1.415299,0.007391,1.413342,0.007391,1.131911,0
2026-07-02 15:46:22.350718,1.279000,1.131911,1.415299,0.007391,1.413342,0.007391,1.131911,0
2026-07-02 15:46:22.350718,1.281426,1.131911,1.415299,0.007391,1.413342,0.007391,1.131911,0
2026-07-02 15:46:22.350718,1.283851,1.131911,1.415299,0.007391,1.413342,0.007391,1.131911,0
2026-07-02 15:46:22.358900,1.286259,1.126730,1.415299,0.007391,1.413342,0.007391,1.126730,0
2026-07-02 15:46:22.358900,1.288759,1.131911,1.415299,0.007391,1.413342,0.007391,1.131911,0
2026-07-02 15:46:22.358900,1.291122,1.121548,1.415299,0.007391,1.413342,0.007391,1.121548,0
2026-07-02 15:46:22.367498,1.293603,1.126730,1.415299,0.007391,1.418524,0.007391,1.126730,0
2026-07-02 15:46:22.367498,1.296417,1.131911,1.415299,0.007391,1.418524,0.007391,1.131911,0
2026-07-02 15:46:22.367498,1.298929,1.131911,1.415299,0.007391,1.413342,0.007391,1.131911,0
2026-07-02 15:46:22.375328,1.301204,1.131911,1.415299,0.002211,1.418524,0.002211,1.131911,0
2026-07-02 15:46:22.375328,1.303550,1.131911,1.415299,0.007391,1.413342,0.007391,1.131911,0
2026-07-02 15:46:22.375328,1.305839,1.137094,1.415299,0.007391,1.413342,0.007391,1.137094,0
2026-07-02 15:46:22.375328,1.308225,1.131911,1.415299,0.007391,1.413342,0.007391,1.131911,0
2026-07-02 15:46:22.383873,1.310493,1.131911,1.415299,0.007391,1.413342,0.007391,1.131911,0
2026-07-02 15:46:22.383873,1.312868,1.131911,1.415299,0.007391,1.413342,0.007391,1.131911,0
2026-07-02 15:46:22.388869,1.315357,1.131911,1.415299,0.002211,1.418524,0.002211,1.131911,0
2026-07-02 15:46:22.391550,1.317670,1.131911,1.415299,0.007391,1.413342,0.007391,1.131911,0
2026-07-02 15:46:22.392067,1.319921,1.137094,1.415299,0.007391,1.413342,0.007391,1.137094,0
2026-07-02 15:46:22.392067,1.322340,1.131911,1.415299,0.007391,1.418524,0.007391,1.131911,0
2026-07-02 15:46:22.392067,1.324663,1.126730,1.415299,0.007391,1.413342,0.007391,1.126730,0
2026-07-02 15:46:22.400416,1.326849,1.131911,1.415299,0.007391,1.413342,0.007391,1.131911,0
2026-07-02 15:46:22.400416,1.329100,1.131911,1.415299,0.007391,1.413342,0.007391,1.131911,0
2026-07-02 15:46:22.400416,1.331409,1.131911,1.415299,0.007391,1.413342,0.007391,1.131911,0
2026-07-02 15:46:22.408319,1.333790,1.131911,1.415299,0.007391,1.418524,0.007391,1.131911,0
2026-07-02 15:46:22.408909,1.336658,1.131911,1.415299,0.007391,1.413342,0.007391,1.131911,0
2026-07-02 15:46:22.408909,1.339364,1.121548,1.415299,0.007391,1.413342,0.007391,1.121548,0
2026-07-02 15:46:22.408909,1.341658,1.126730,1.415299,0.007391,1.413342,0.007391,1.126730,0
2026-07-02 15:46:22.416577,1.343961,1.131911,1.415299,0.002211,1.413342,0.002211,1.131911,0
2026-07-02 15:46:22.416577,1.346807,1.126730,1.415299,0.007391,1.418524,0.007391,1.126730,0
2026-07-02 15:46:22.423219,1.349117,1.126730,1.415299,0.007391,1.413342,0.007391,1.126730,0
2026-07-02 15:46:22.425000,1.351468,1.126730,1.415299,0.007391,1.413342,0.007391,1.126730,0
2026-07-02 15:46:22.427406,1.353805,1.137094,1.415299,0.007391,1.418524,0.007391,1.137094,0
2026-07-02 15:46:22.427406,1.356140,1.131911,1.415299,0.007391,1.418524,0.007391,1.131911,0
2026-07-02 15:46:22.427406,1.358413,1.121548,1.415299,0.007391,1.418524,0.007391,1.121548,0
2026-07-02 15:46:22.433653,1.360647,1.131911,1.415299,0.007391,1.418524,0.007391,1.131911,0
2026-07-02 15:46:22.433653,1.362885,1.131911,1.415299,0.007391,1.413342,0.007391,1.131911,0
2026-07-02 15:46:22.433653,1.365523,1.126730,1.415299,0.007391,1.413342,0.007391,1.126730,0
2026-07-02 15:46:22.441517,1.367841,1.126730,1.415299,0.007391,1.413342,0.007391,1.126730,0
2026-07-02 15:46:22.442124,1.370269,1.131911,1.415299,0.007391,1.413342,0.007391,1.131911,0
2026-07-02 15:46:22.442124,1.372754,1.126730,1.415299,0.007391,1.413342,0.007391,1.126730,0
2026-07-02 15:46:22.442124,1.375041,1.137094,1.415299,0.007391,1.413342,0.007391,1.137094,0
2026-07-02 15:46:22.450390,1.377445,1.121548,1.415299,0.007391,1.413342,0.007391,1.121548,0
2026-07-02 15:46:22.450390,1.379727,1.131911,1.415299,0.007391,1.418524,0.007391,1.131911,0
2026-07-02 15:46:22.450390,1.382161,1.137094,1.415299,0.007391,1.413342,0.007391,1.137094,0
2026-07-02 15:46:22.458314,1.384565,1.126730,1.410120,0.007391,1.418524,0.007391,1.126730,0
2026-07-02 15:46:22.458906,1.386832,1.131911,1.415299,0.007391,1.413342,0.007391,1.131911,0
2026-07-02 15:46:22.458906,1.389188,1.131911,1.415299,0.007391,1.413342,0.007391,1.131911,0
2026-07-02 15:46:22.458906,1.391546,1.126730,1.415299,0.007391,1.413342,0.007391,1.126730,0
2026-07-02 15:46:22.467047,1.393865,1.121548,1.415299,0.007391,1.413342,0.007391,1.121548,0
2026-07-02 15:46:22.467047,1.396143,1.131911,1.415299,0.007391,1.418524,0.007391,1.131911,0
2026-07-02 15:46:22.467047,1.398524,1.126730,1.415299,0.007391,1.418524,0.007391,1.126730,0
2026-07-02 15:46:22.474976,1.400851,1.131911,1.415299,0.007391,1.418524,0.007391,1.131911,0
2026-07-02 15:46:22.476975,1.403188,1.126730,1.415299,0.007391,1.418524,0.007391,1.126730,0
2026-07-02 15:46:22.478986,1.405788,1.131911,1.415299,0.007391,1.418524,0.007391,1.131911,0
2026-07-02 15:46:22.480995,1.408270,1.126730,1.415299,0.007391,1.413342,0.007391,1.126730,0
2026-07-02 15:46:22.483009,1.410559,1.126730,1.415299,0.007391,1.418524,0.007391,1.126730,0
2026-07-02 15:46:22.485692,1.412980,1.131911,1.415299,0.002211,1.413342,0.002211,1.131911,0
2026-07-02 15:46:22.487705,1.415414,1.137094,1.415299,0.007391,1.413342,0.007391,1.137094,0
2026-07-02 15:46:22.491553,1.417800,1.121548,1.415299,0.007391,1.413342,0.007391,1.121548,0
2026-07-02 15:46:22.493155,1.420429,1.131911,1.415299,0.007391,1.413342,0.007391,1.131911,0
2026-07-02 15:46:22.497001,1.422729,1.137094,1.415299,0.007391,1.413342,0.007391,1.137094,0
2026-07-02 15:46:22.499946,1.425199,1.137094,1.415299,0.007391,1.413342,0.007391,1.137094,0
2026-07-02 15:46:22.502392,1.428239,1.137094,1.415299,0.007391,1.413342,0.007391,1.137094,0
2026-07-02 15:46:22.504407,1.430635,1.121548,1.415299,0.007391,1.413342,0.007391,1.121548,0
2026-07-02 15:46:22.506419,1.433006,1.126730,1.415299,0.007391,1.418524,0.007391,1.126730,0
2026-07-02 15:46:22.508760,1.435347,1.126730,1.415299,0.007391,1.413342,0.007391,1.126730,0
2026-07-02 15:46:22.511801,1.437725,1.126730,1.415299,0.007391,1.418524,0.007391,1.126730,0
2026-07-02 15:46:22.513816,1.440149,1.131911,1.415299,0.002211,1.413342,0.002211,1.131911,0
2026-07-02 15:46:22.516634,1.442545,1.126730,1.415299,0.007391,1.418524,0.007391,1.126730,0
2026-07-02 15:46:22.517730,1.444841,1.131911,1.415299,0.007391,1.413342,0.007391,1.131911,0
2026-07-02 15:46:22.519739,1.447190,1.126730,1.415299,0.007391,1.413342,0.007391,1.126730,0
2026-07-02 15:46:22.523763,1.449724,1.131911,1.415299,0.007391,1.413342,0.007391,1.131911,0
2026-07-02 15:46:22.526011,1.452087,1.126730,1.415299,0.007391,1.418524,0.007391,1.126730,0
2026-07-02 15:46:22.528815,1.454915,1.131911,1.415299,0.007391,1.418524,0.007391,1.131911,0
2026-07-02 15:46:22.531476,1.457370,1.126730,1.415299,0.007391,1.413342,0.007391,1.126730,0
2026-07-02 15:46:22.534011,1.460030,1.121548,1.415299,0.007391,1.418524,0.007391,1.121548,0
2026-07-02 15:46:22.535923,1.462347,1.126730,1.415299,0.007391,1.413342,0.007391,1.126730,0
2026-07-02 15:46:22.537939,1.464892,1.131911,1.415299,0.007391,1.418524,0.007391,1.131911,0
2026-07-02 15:46:22.541464,1.467282,1.126730,1.415299,0.007391,1.418524,0.007391,1.126730,0
2026-07-02 15:46:22.543895,1.469786,1.131911,1.415299,0.007391,1.413342,0.007391,1.131911,0
2026-07-02 15:46:22.546242,1.472148,1.131911,1.415299,0.002211,1.418524,0.002211,1.131911,0
2026-07-02 15:46:22.546754,1.474589,1.126730,1.415299,0.007391,1.413342,0.007391,1.126730,0
2026-07-02 15:46:22.550434,1.476820,1.121548,1.415299,0.007391,1.413342,0.007391,1.121548,0
2026-07-02 15:46:22.553188,1.479288,1.126730,1.415299,0.007391,1.418524,0.007391,1.126730,0
2026-07-02 15:46:22.555203,1.481674,1.126730,1.415299,0.007391,1.413342,0.007391,1.126730,0
2026-07-02 15:46:22.557218,1.484016,1.131911,1.415299,0.007391,1.413342,0.007391,1.131911,0
2026-07-02 15:46:22.558879,1.486471,1.131911,1.415299,0.007391,1.418524,0.007391,1.131911,0
2026-07-02 15:46:22.562918,1.489026,1.137094,1.415299,0.007391,1.418524,0.007391,1.137094,0
2026-07-02 15:46:22.564936,1.491447,1.126730,1.415299,0.007391,1.413342,0.007391,1.126730,0
2026-07-02 15:46:22.567660,1.493731,1.126730,1.415299,0.007391,1.413342,0.007391,1.126730,0
2026-07-02 15:46:22.569675,1.496326,1.126730,1.415299,0.007391,1.413342,0.007391,1.126730,0
2026-07-02 15:46:22.571690,1.498768,1.121548,1.415299,0.007391,1.413342,0.007391,1.121548,0
2026-07-02 15:46:22.574997,1.501152,1.121548,1.415299,0.007391,1.413342,0.007391,1.121548,0
2026-07-02 15:46:22.576594,1.503357,1.131911,1.415299,0.007391,1.418524,0.007391,1.131911,0
2026-07-02 15:46:22.578608,1.505739,1.126730,1.415299,0.007391,1.413342,0.007391,1.126730,0
2026-07-02 15:46:22.580621,1.508112,1.126730,1.415299,0.007391,1.413342,0.007391,1.126730,0
2026-07-02 15:46:22.584400,1.510417,1.131911,1.415299,0.007391,1.413342,0.007391,1.131911,0
2026-07-02 15:46:22.588134,1.513383,1.126730,1.415299,0.007391,1.418524,0.007391,1.126730,0
2026-07-02 15:46:22.591608,1.517242,1.121548,1.415299,0.007391,1.418524,0.007391,1.121548,0
2026-07-02 15:46:22.593180,1.519814,1.131911,1.415299,0.002211,1.413342,0.002211,1.131911,0
2026-07-02 15:46:22.595194,1.522288,1.121548,1.415299,0.007391,1.413342,0.007391,1.121548,0
2026-07-02 15:46:22.597207,1.524777,1.126730,1.415299,0.007391,1.418524,0.007391,1.126730,0
2026-07-02 15:46:22.601052,1.527110,1.131911,1.415299,0.007391,1.413342,0.007391,1.131911,0
2026-07-02 15:46:22.602268,1.529734,1.126730,1.415299,0.007391,1.413342,0.007391,1.126730,0
2026-07-02 15:46:22.605292,1.532131,1.131911,1.415299,0.007391,1.413342,0.007391,1.131911,0
2026-07-02 15:46:22.608301,1.534423,1.126730,1.415299,0.007391,1.418524,0.007391,1.126730,0
2026-07-02 15:46:22.609813,1.536663,1.131911,1.415299,0.007391,1.413342,0.007391,1.131911,0
2026-07-02 15:46:22.611823,1.539067,1.131911,1.415299,0.007391,1.418524,0.007391,1.131911,0
2026-07-02 15:46:22.613833,1.541394,1.131911,1.415299,0.007391,1.413342,0.007391,1.131911,0
2026-07-02 15:46:22.617245,1.543681,1.121548,1.415299,0.007391,1.418524,0.007391,1.121548,0
2026-07-02 15:46:22.620311,1.546035,1.131911,1.415299,0.002211,1.413342,0.002211,1.131911,0
2026-07-02 15:46:22.622996,1.548789,1.131911,1.415299,0.007391,1.418524,0.007391,1.131911,0
2026-07-02 15:46:22.624653,1.551286,1.131911,1.420479,0.007391,1.413342,0.007391,1.131911,0
2026-07-02 15:46:22.627472,1.553564,1.121548,1.415299,0.007391,1.413342,0.007391,1.121548,0
2026-07-02 15:46:22.628453,1.556044,1.137094,1.415299,0.007391,1.418524,0.007391,1.137094,0
2026-07-02 15:46:22.632476,1.558470,1.131911,1.415299,0.007391,1.418524,0.007391,1.131911,0
2026-07-02 15:46:22.633849,1.560818,1.131911,1.415299,0.007391,1.418524,0.007391,1.131911,0
2026-07-02 15:46:22.635921,1.563528,1.137094,1.415299,0.007391,1.413342,0.007391,1.137094,0
2026-07-02 15:46:22.639940,1.565921,1.137094,1.415299,0.007391,1.413342,0.007391,1.137094,0
2026-07-02 15:46:22.642764,1.568329,1.131911,1.415299,0.007391,1.418524,0.007391,1.131911,0
2026-07-02 15:46:22.644540,1.571147,1.126730,1.415299,0.007391,1.413342,0.007391,1.126730,0
2026-07-02 15:46:22.645552,1.573556,1.126730,1.415299,0.007391,1.413342,0.007391,1.126730,0
2026-07-02 15:46:22.649899,1.576039,1.131911,1.415299,0.007391,1.418524,0.007391,1.131911,0
2026-07-02 15:46:22.651742,1.578434,1.121548,1.415299,0.007391,1.418524,0.007391,1.121548,0
2026-07-02 15:46:22.654774,1.580822,1.131911,1.415299,0.007391,1.413342,0.007391,1.131911,0
2026-07-02 15:46:22.656785,1.583247,1.126730,1.415299,0.007391,1.413342,0.007391,1.126730,0
2026-07-02 15:46:22.658913,1.585539,1.126730,1.415299,0.007391,1.418524,0.007391,1.126730,0
2026-07-02 15:46:22.662244,1.588012,1.131911,1.415299,0.007391,1.413342,0.007391,1.131911,0
2026-07-02 15:46:22.662244,1.590582,1.131911,1.415299,0.007391,1.413342,0.007391,1.131911,0
2026-07-02 15:46:22.666589,1.592853,1.131911,1.415299,0.007391,1.413342,0.007391,1.131911,0
2026-07-02 15:46:22.667648,1.595182,1.131911,1.415299,0.007391,1.418524,0.007391,1.131911,0
2026-07-02 15:46:22.667648,1.597604,1.121548,1.415299,0.007391,1.413342,0.007391,1.121548,0
2026-07-02 15:46:22.667648,1.600113,1.126730,1.415299,0.007391,1.413342,0.007391,1.126730,0
2026-07-02 15:46:22.676546,1.602369,1.137094,1.415299,0.007391,1.413342,0.007391,1.137094,0
2026-07-02 15:46:22.678563,1.604802,1.137094,1.415299,0.007391,1.418524,0.007391,1.137094,0
2026-07-02 15:46:22.680577,1.607255,1.131911,1.415299,0.007391,1.413342,0.007391,1.131911,0
2026-07-02 15:46:22.683771,1.609509,1.121548,1.415299,0.007391,1.413342,0.007391,1.121548,0
2026-07-02 15:46:22.684583,1.611950,1.131911,1.415299,0.007391,1.413342,0.007391,1.131911,0
2026-07-02 15:46:22.686592,1.614295,1.131911,1.415299,0.002211,1.418524,0.002211,1.131911,0
2026-07-02 15:46:22.692137,1.616547,1.126730,1.415299,0.007391,1.413342,0.007391,1.126730,0
2026-07-02 15:46:22.694255,1.620767,1.137094,1.415299,0.007391,1.413342,0.007391,1.137094,0
2026-07-02 15:46:22.698279,1.623199,1.131911,1.415299,0.007391,1.418524,0.007391,1.131911,0
2026-07-02 15:46:22.700454,1.627170,1.121548,1.415299,0.007391,1.413342,0.007391,1.121548,0
2026-07-02 15:46:22.704510,1.630611,1.131911,1.415299,0.007391,1.413342,0.007391,1.131911,0
2026-07-02 15:46:22.706523,1.632967,1.131911,1.415299,0.002211,1.413342,0.002211,1.131911,0
2026-07-02 15:46:22.709368,1.635257,1.131911,1.415299,0.007391,1.413342,0.007391,1.131911,0
2026-07-02 15:46:22.711381,1.638180,1.131911,1.415299,0.007391,1.413342,0.007391,1.131911,0
2026-07-02 15:46:22.713393,1.640549,1.137094,1.415299,0.007391,1.413342,0.007391,1.137094,0
2026-07-02 15:46:22.717086,1.642825,1.131911,1.420479,0.007391,1.418524,0.007391,1.131911,0
2026-07-02 15:46:22.719097,1.645302,1.121548,1.415299,0.007391,1.418524,0.007391,1.121548,0
2026-07-02 15:46:22.721107,1.647610,1.131911,1.415299,0.007391,1.418524,0.007391,1.131911,0
2026-07-02 15:46:22.723114,1.649957,1.126730,1.415299,0.007391,1.413342,0.007391,1.126730,0
2026-07-02 15:46:22.726033,1.652211,1.126730,1.415299,0.007391,1.413342,0.007391,1.126730,0
2026-07-02 15:46:22.729203,1.655150,1.121548,1.415299,0.007391,1.418524,0.007391,1.121548,0
2026-07-02 15:46:22.731215,1.657781,1.126730,1.415299,0.007391,1.413342,0.007391,1.126730,0
2026-07-02 15:46:22.733795,1.660056,1.131911,1.415299,0.007391,1.413342,0.007391,1.131911,0
2026-07-02 15:46:22.736163,1.662628,1.131911,1.415299,0.007391,1.418524,0.007391,1.131911,0
2026-07-02 15:46:22.737542,1.665050,1.137094,1.415299,0.007391,1.413342,0.007391,1.137094,0
2026-07-02 15:46:22.741569,1.667423,1.137094,1.415299,0.007391,1.413342,0.007391,1.137094,0
2026-07-02 15:46:22.743130,1.670562,1.131911,1.415299,0.007391,1.413342,0.007391,1.131911,0
2026-07-02 15:46:22.747149,1.673141,1.126730,1.415299,0.007391,1.418524,0.007391,1.126730,0
2026-07-02 15:46:22.749163,1.675443,1.131911,1.415299,0.007391,1.413342,0.007391,1.131911,0
2026-07-02 15:46:22.751292,1.677649,1.121548,1.415299,0.007391,1.413342,0.007391,1.121548,0
2026-07-02 15:46:22.753307,1.680273,1.131911,1.415299,0.007391,1.413342,0.007391,1.131911,0
2026-07-02 15:46:22.755319,1.682588,1.137094,1.415299,0.007391,1.413342,0.007391,1.137094,0
2026-07-02 15:46:22.758770,1.684918,1.126730,1.415299,0.007391,1.413342,0.007391,1.126730,0
2026-07-02 15:46:22.760707,1.687424,1.126730,1.415299,0.007391,1.413342,0.007391,1.126730,0
2026-07-02 15:46:22.762718,1.689769,1.126730,1.415299,0.007391,1.413342,0.007391,1.126730,0
2026-07-02 15:46:22.764724,1.692144,1.121548,1.415299,0.007391,1.413342,0.007391,1.121548,0
2026-07-02 15:46:22.768018,1.694598,1.131911,1.415299,0.007391,1.418524,0.007391,1.131911,0
2026-07-02 15:46:22.770028,1.697070,1.126730,1.415299,0.007391,1.413342,0.007391,1.126730,0
2026-07-02 15:46:22.772035,1.699338,1.126730,1.415299,0.007391,1.413342,0.007391,1.126730,0
2026-07-02 15:46:22.775433,1.701546,1.126730,1.415299,0.007391,1.413342,0.007391,1.126730,0
2026-07-02 15:46:22.776339,1.703984,1.126730,1.410120,0.007391,1.413342,0.007391,1.126730,0
2026-07-02 15:46:22.780373,1.706277,1.126730,1.415299,0.007391,1.418524,0.007391,1.126730,0
2026-07-02 15:46:22.782390,1.708586,1.131911,1.415299,0.007391,1.413342,0.007391,1.131911,0
2026-07-02 15:46:22.783792,1.710781,1.126730,1.415299,0.007391,1.413342,0.007391,1.126730,0
2026-07-02 15:46:22.785585,1.713147,1.131911,1.415299,0.007391,1.413342,0.007391,1.131911,0
2026-07-02 15:46:22.787595,1.715446,1.131911,1.415299,0.007391,1.413342,0.007391,1.131911,0
2026-07-02 15:46:22.794259,1.717648,1.137094,1.415299,0.007391,1.413342,0.007391,1.137094,0
2026-07-02 15:46:22.798276,1.723015,1.126730,1.415299,0.007391,1.413342,0.007391,1.126730,0
2026-07-02 15:46:22.801922,1.726519,1.126730,1.415299,0.007391,1.413342,0.007391,1.126730,0
2026-07-02 15:46:22.804747,1.731988,1.137094,1.415299,0.007391,1.418524,0.007391,1.137094,0
2026-07-02 15:46:22.810775,1.734600,1.131911,1.415299,0.007391,1.413342,0.007391,1.131911,0
2026-07-02 15:46:22.813153,1.739146,1.121548,1.415299,0.007391,1.418524,0.007391,1.121548,0
2026-07-02 15:46:22.815164,1.741629,1.131911,1.415299,0.007391,1.418524,0.007391,1.131911,0
2026-07-02 15:46:22.818837,1.744286,1.126730,1.415299,0.007391,1.418524,0.007391,1.126730,0
2026-07-02 15:46:22.820591,1.747023,1.131911,1.415299,0.007391,1.418524,0.007391,1.131911,0
2026-07-02 15:46:22.822601,1.749604,1.126730,1.415299,0.007391,1.418524,0.007391,1.126730,0
2026-07-02 15:46:22.825127,1.752038,1.126730,1.415299,0.007391,1.418524,0.007391,1.126730,0
2026-07-02 15:46:22.827713,1.754593,1.137094,1.415299,0.007391,1.413342,0.007391,1.137094,0
2026-07-02 15:46:22.830744,1.756983,1.126730,1.415299,0.007391,1.418524,0.007391,1.126730,0
2026-07-02 15:46:22.833773,1.759425,1.126730,1.415299,0.007391,1.413342,0.007391,1.126730,0
2026-07-02 15:46:22.835782,1.762750,1.126730,1.415299,0.007391,1.413342,0.007391,1.126730,0
2026-07-02 15:46:22.837791,1.765191,1.137094,1.415299,0.007391,1.418524,0.007391,1.137094,0
2026-07-02 15:46:22.841817,1.767678,1.131911,1.415299,0.007391,1.413342,0.007391,1.131911,0
2026-07-02 15:46:22.843827,1.770704,1.121548,1.415299,0.007391,1.413342,0.007391,1.121548,0
2026-07-02 15:46:22.846280,1.773080,1.121548,1.415299,0.007391,1.413342,0.007391,1.121548,0
2026-07-02 15:46:22.848292,1.775432,1.137094,1.415299,0.007391,1.413342,0.007391,1.137094,0
2026-07-02 15:46:22.851822,1.778154,1.131911,1.415299,0.007391,1.418524,0.007391,1.131911,0
2026-07-02 15:46:22.851822,1.780495,1.121548,1.415299,0.007391,1.413342,0.007391,1.121548,0
2026-07-02 15:46:22.851822,1.782879,1.131911,1.415299,0.007391,1.413342,0.007391,1.131911,0
2026-07-02 15:46:22.858295,1.785203,1.126730,1.415299,0.007391,1.413342,0.007391,1.126730,0
2026-07-02 15:46:22.861398,1.787516,1.131911,1.415299,0.007391,1.418524,0.007391,1.131911,0
2026-07-02 15:46:22.863895,1.789835,1.137094,1.415299,0.007391,1.413342,0.007391,1.137094,0
2026-07-02 15:46:22.866581,1.792378,1.121548,1.415299,0.007391,1.413342,0.007391,1.121548,0
2026-07-02 15:46:22.867977,1.794862,1.126730,1.415299,0.007391,1.413342,0.007391,1.126730,0
2026-07-02 15:46:22.869992,1.797152,1.131911,1.415299,0.007391,1.418524,0.007391,1.131911,0
2026-07-02 15:46:22.871748,1.799490,1.137094,1.415299,0.007391,1.413342,0.007391,1.137094,0
2026-07-02 15:46:22.875834,1.801794,1.137094,1.415299,0.007391,1.418524,0.007391,1.137094,0
2026-07-02 15:46:22.877849,1.804084,1.126730,1.415299,0.007391,1.413342,0.007391,1.126730,0
2026-07-02 15:46:22.879865,1.806373,1.126730,1.415299,0.007391,1.413342,0.007391,1.126730,0
2026-07-02 15:46:22.881877,1.808686,1.121548,1.415299,0.007391,1.418524,0.007391,1.121548,0
2026-07-02 15:46:22.884085,1.810902,1.137094,1.415299,0.007391,1.418524,0.007391,1.137094,0
2026-07-02 15:46:22.886099,1.813223,1.131911,1.415299,0.002211,1.413342,0.002211,1.131911,0
2026-07-02 15:46:22.888112,1.815584,1.131911,1.415299,0.007391,1.413342,0.007391,1.131911,0
2026-07-02 15:46:22.891630,1.817846,1.131911,1.415299,0.002211,1.413342,0.002211,1.131911,0
2026-07-02 15:46:22.893640,1.820432,1.131911,1.415299,0.007391,1.413342,0.007391,1.131911,0
2026-07-02 15:46:22.893640,1.822699,1.131911,1.415299,0.007391,1.413342,0.007391,1.131911,0
2026-07-02 15:46:22.897240,1.824993,1.126730,1.415299,0.007391,1.413342,0.007391,1.126730,0
2026-07-02 15:46:22.899250,1.827252,1.131911,1.415299,0.007391,1.413342,0.007391,1.131911,0
2026-07-02 15:46:22.901723,1.829634,1.126730,1.415299,0.007391,1.418524,0.007391,1.126730,0
2026-07-02 15:46:22.905161,1.832092,1.126730,1.415299,0.007391,1.418524,0.007391,1.126730,0
2026-07-02 15:46:22.909179,1.834483,1.121548,1.415299,0.007391,1.413342,0.007391,1.121548,0
2026-07-02 15:46:22.911192,1.837416,1.121548,1.415299,0.007391,1.413342,0.007391,1.121548,0
2026-07-02 15:46:22.912202,1.839739,1.131911,1.415299,0.007391,1.413342,0.007391,1.131911,0
2026-07-02 15:46:22.914209,1.842030,1.137094,1.415299,0.002211,1.413342,0.002211,1.137094,0
2026-07-02 15:46:22.918234,1.844329,1.131911,1.415299,0.007391,1.413342,0.007391,1.131911,0
2026-07-02 15:46:22.920248,1.847084,1.137094,1.415299,0.007391,1.413342,0.007391,1.137094,0
2026-07-02 15:46:22.922260,1.849460,1.121548,1.415299,0.007391,1.418524,0.007391,1.121548,0
2026-07-02 15:46:22.925056,1.851742,1.131911,1.415299,0.007391,1.413342,0.007391,1.131911,0
2026-07-02 15:46:22.925056,1.854086,1.131911,1.415299,0.007391,1.418524,0.007391,1.131911,0
2026-07-02 15:46:22.925056,1.856504,1.126730,1.415299,0.007391,1.413342,0.007391,1.126730,0
2026-07-02 15:46:22.932711,1.858761,1.131911,1.415299,0.007391,1.413342,0.007391,1.131911,0
2026-07-02 15:46:22.935361,1.861374,1.131911,1.415299,0.007391,1.413342,0.007391,1.131911,0
2026-07-02 15:46:22.937373,1.863756,1.131911,1.415299,0.007391,1.413342,0.007391,1.131911,0
2026-07-02 15:46:22.939388,1.865995,1.121548,1.415299,0.007391,1.413342,0.007391,1.121548,0
2026-07-02 15:46:22.941911,1.868243,1.126730,1.415299,0.007391,1.413342,0.007391,1.126730,0
2026-07-02 15:46:22.942920,1.870539,1.131911,1.415299,0.007391,1.413342,0.007391,1.131911,0
2026-07-02 15:46:22.946946,1.872906,1.126730,1.415299,0.007391,1.413342,0.007391,1.126730,0
2026-07-02 15:46:22.948960,1.875200,1.137094,1.415299,0.007391,1.413342,0.007391,1.137094,0
2026-07-02 15:46:22.951115,1.877423,1.137094,1.415299,0.007391,1.418524,0.007391,1.137094,0
2026-07-02 15:46:22.953128,1.879875,1.131911,1.415299,0.007391,1.418524,0.007391,1.131911,0
2026-07-02 15:46:22.955144,1.882155,1.131911,1.415299,0.007391,1.418524,0.007391,1.131911,0
2026-07-02 15:46:22.957157,1.884389,1.131911,1.415299,0.007391,1.418524,0.007391,1.131911,0
2026-07-02 15:46:22.960184,1.886636,1.131911,1.415299,0.007391,1.413342,0.007391,1.131911,0
2026-07-02 15:46:22.962197,1.889007,1.131911,1.415299,0.007391,1.413342,0.007391,1.131911,0
2026-07-02 15:46:22.965217,1.891423,1.121548,1.415299,0.007391,1.413342,0.007391,1.121548,0
2026-07-02 15:46:22.967744,1.893739,1.126730,1.415299,0.007391,1.413342,0.007391,1.126730,0
2026-07-02 15:46:22.970268,1.896274,1.131911,1.415299,0.007391,1.413342,0.007391,1.131911,0
2026-07-02 15:46:22.972276,1.898664,1.131911,1.415299,0.007391,1.413342,0.007391,1.131911,0
2026-07-02 15:46:22.975291,1.901039,1.131911,1.415299,0.002211,1.413342,0.002211,1.131911,0
2026-07-02 15:46:22.977307,1.904021,1.121548,1.415299,0.007391,1.413342,0.007391,1.121548,0
2026-07-02 15:46:22.979324,1.906468,1.121548,1.415299,0.007391,1.418524,0.007391,1.121548,0
2026-07-02 15:46:22.983353,1.908814,1.137094,1.415299,0.007391,1.413342,0.007391,1.137094,0
2026-07-02 15:46:22.986433,1.912339,1.131911,1.415299,0.007391,1.413342,0.007391,1.131911,0
2026-07-02 15:46:22.988447,1.914826,1.131911,1.415299,0.007391,1.418524,0.007391,1.131911,0
2026-07-02 15:46:22.988447,1.917244,1.131911,1.415299,0.007391,1.413342,0.007391,1.131911,0
2026-07-02 15:46:22.993640,1.919635,1.137094,1.415299,0.007391,1.413342,0.007391,1.137094,0
2026-07-02 15:46:22.994871,1.922295,1.137094,1.415299,0.007391,1.413342,0.007391,1.137094,0
2026-07-02 15:46:22.998894,1.924720,1.126730,1.415299,0.007391,1.413342,0.007391,1.126730,0
2026-07-02 15:46:23.000529,1.927149,1.131911,1.415299,0.007391,1.413342,0.007391,1.131911,0
2026-07-02 15:46:23.002884,1.929514,1.126730,1.415299,0.007391,1.413342,0.007391,1.126730,0
2026-07-02 15:46:23.004895,1.931993,1.126730,1.415299,0.007391,1.418524,0.007391,1.126730,0
2026-07-02 15:46:23.009764,1.934378,1.121548,1.410120,0.007391,1.418524,0.007391,1.121548,0
2026-07-02 15:46:23.011056,1.938596,1.131911,1.415299,0.007391,1.413342,0.007391,1.131911,0
2026-07-02 15:46:23.015081,1.941058,1.137094,1.415299,0.007391,1.418524,0.007391,1.137094,0
2026-07-02 15:46:23.017088,1.943468,1.126730,1.415299,0.007391,1.413342,0.007391,1.126730,0
2026-07-02 15:46:23.020689,1.946511,1.131911,1.415299,0.007391,1.418524,0.007391,1.131911,0
2026-07-02 15:46:23.022704,1.949018,1.131911,1.415299,0.007391,1.418524,0.007391,1.131911,0
2026-07-02 15:46:23.026085,1.951495,1.131911,1.415299,0.007391,1.413342,0.007391,1.131911,0
2026-07-02 15:46:23.026456,1.954512,1.121548,1.415299,0.007391,1.413342,0.007391,1.121548,0
2026-07-02 15:46:23.031129,1.957056,1.131911,1.415299,0.007391,1.413342,0.007391,1.131911,0
2026-07-02 15:46:23.034354,1.959524,1.121548,1.415299,0.007391,1.418524,0.007391,1.121548,0
2026-07-02 15:46:23.034354,1.962676,1.131911,1.415299,0.007391,1.413342,0.007391,1.131911,0
2026-07-02 15:46:23.038650,1.964999,1.131911,1.415299,0.007391,1.418524,0.007391,1.131911,0
2026-07-02 15:46:23.038650,1.967326,1.131911,1.415299,0.007391,1.413342,0.007391,1.131911,0
2026-07-02 15:46:23.043469,1.969731,1.131911,1.415299,0.007391,1.418524,0.007391,1.131911,0
2026-07-02 15:46:23.044115,1.972099,1.131911,1.415299,0.007391,1.413342,0.007391,1.131911,0
2026-07-02 15:46:23.048137,1.974610,1.131911,1.415299,0.007391,1.413342,0.007391,1.131911,0
2026-07-02 15:46:23.051156,1.977010,1.131911,1.415299,0.002211,1.413342,0.002211,1.131911,0
2026-07-02 15:46:23.053172,1.979445,1.131911,1.415299,0.007391,1.413342,0.007391,1.131911,0
2026-07-02 15:46:23.055185,1.981898,1.137094,1.415299,0.007391,1.413342,0.007391,1.137094,0
2026-07-02 15:46:23.057199,1.984351,1.131911,1.415299,0.007391,1.413342,0.007391,1.131911,0
2026-07-02 15:46:23.060718,1.986702,1.131911,1.415299,0.007391,1.413342,0.007391,1.131911,0
2026-07-02 15:46:23.062730,1.989176,1.121548,1.415299,0.007391,1.413342,0.007391,1.121548,0
2026-07-02 15:46:23.064743,1.991612,1.126730,1.415299,0.007391,1.413342,0.007391,1.126730,0
2026-07-02 15:46:23.067820,1.994053,1.131911,1.415299,0.007391,1.413342,0.007391,1.131911,0
2026-07-02 15:46:23.067820,1.996443,1.126730,1.415299,0.007391,1.418524,0.007391,1.126730,0
2026-07-02 15:46:23.067820,1.998865,1.131911,1.415299,0.007391,1.413342,0.007391,1.131911,0
2026-07-02 15:46:23.067820,2.001315,1.131911,1.415299,0.002211,1.418524,0.002211,1.131911,0
2026-07-02 15:46:23.067820,2.003739,1.131911,1.415299,0.007391,1.413342,0.007391,1.131911,0
2026-07-02 15:46:23.078060,2.006163,1.131911,1.415299,0.002211,1.413342,0.002211,1.131911,0
2026-07-02 15:46:23.082801,2.008756,1.131911,1.415299,0.007391,1.413342,0.007391,1.131911,0
2026-07-02 15:46:23.084818,2.011249,1.126730,1.415299,0.007391,1.413342,0.007391,1.126730,0
2026-07-02 15:46:23.086829,2.013763,1.126730,1.415299,0.007391,1.413342,0.007391,1.126730,0
2026-07-02 15:46:23.090349,2.016222,1.137094,1.415299,0.007391,1.413342,0.007391,1.137094,0
2026-07-02 15:46:23.092363,2.018671,1.131911,1.415299,0.007391,1.413342,0.007391,1.131911,0
2026-07-02 15:46:23.093369,2.021058,1.131911,1.415299,0.007391,1.413342,0.007391,1.131911,0
2026-07-02 15:46:23.093369,2.023497,1.126730,1.410120,0.007391,1.413342,0.007391,1.126730,0
2026-07-02 15:46:23.098581,2.025901,1.137094,1.415299,0.007391,1.413342,0.007391,1.137094,0
2026-07-02 15:46:23.100588,2.028209,1.131911,1.415299,0.007391,1.413342,0.007391,1.131911,0
2026-07-02 15:46:23.102594,2.030541,1.131911,1.415299,0.007391,1.418524,0.007391,1.131911,0
2026-07-02 15:46:23.107071,2.032993,1.137094,1.415299,0.007391,1.413342,0.007391,1.137094,0
2026-07-02 15:46:23.108812,2.035423,1.131911,1.415299,0.007391,1.413342,0.007391,1.131911,0
2026-07-02 15:46:23.108812,2.037782,1.131911,1.415299,0.007391,1.413342,0.007391,1.131911,0
2026-07-02 15:46:23.108812,2.040252,1.131911,1.415299,0.007391,1.413342,0.007391,1.131911,0
2026-07-02 15:46:23.115475,2.042714,1.121548,1.415299,0.007391,1.413342,0.007391,1.121548,0
2026-07-02 15:46:23.119237,2.045046,1.131911,1.415299,0.007391,1.413342,0.007391,1.131911,0
2026-07-02 15:46:23.121244,2.047520,1.131911,1.415299,0.007391,1.413342,0.007391,1.131911,0
2026-07-02 15:46:23.123259,2.049991,1.131911,1.415299,0.007391,1.413342,0.007391,1.131911,0
2026-07-02 15:46:23.125273,2.052456,1.121548,1.415299,0.007391,1.413342,0.007391,1.121548,0
2026-07-02 15:46:23.127285,2.054904,1.137094,1.415299,0.007391,1.413342,0.007391,1.137094,0
2026-07-02 15:46:23.129298,2.057342,1.131911,1.415299,0.002211,1.413342,0.002211,1.131911,0
2026-07-02 15:46:23.133811,2.059772,1.126730,1.415299,0.007391,1.418524,0.007391,1.126730,0
2026-07-02 15:46:23.135828,2.062475,1.126730,1.415299,0.007391,1.413342,0.007391,1.126730,0
2026-07-02 15:46:23.137840,2.064886,1.131911,1.415299,0.007391,1.418524,0.007391,1.131911,0
2026-07-02 15:46:23.139595,2.067307,1.131911,1.415299,0.007391,1.418524,0.007391,1.131911,0
2026-07-02 15:46:23.142111,2.069679,1.126730,1.415299,0.007391,1.413342,0.007391,1.126730,0
2026-07-02 15:46:23.146138,2.072065,1.131911,1.415299,0.007391,1.413342,0.007391,1.131911,0
2026-07-02 15:46:23.148152,2.074479,1.131911,1.415299,0.007391,1.413342,0.007391,1.131911,0
2026-07-02 15:46:23.150903,2.076888,1.131911,1.415299,0.007391,1.413342,0.007391,1.131911,0
2026-07-02 15:46:23.152763,2.079152,1.131911,1.415299,0.007391,1.413342,0.007391,1.131911,0
2026-07-02 15:46:23.154780,2.081550,1.131911,1.415299,0.007391,1.413342,0.007391,1.131911,0
2026-07-02 15:46:23.158489,2.083973,1.137094,1.415299,0.002211,1.413342,0.002211,1.137094,0
2026-07-02 15:46:23.159391,2.086657,1.137094,1.415299,0.002211,1.413342,0.002211,1.137094,0
2026-07-02 15:46:23.159391,2.089044,1.131911,1.415299,0.007391,1.418524,0.007391,1.131911,0
2026-07-02 15:46:23.159391,2.091566,1.137094,1.415299,0.007391,1.413342,0.007391,1.137094,0
2026-07-02 15:46:23.168154,2.094077,1.121548,1.415299,0.007391,1.413342,0.007391,1.121548,0
2026-07-02 15:46:23.168154,2.096533,1.131911,1.415299,0.007391,1.413342,0.007391,1.131911,0
2026-07-02 15:46:23.168154,2.099050,1.126730,1.415299,0.007391,1.413342,0.007391,1.126730,0
2026-07-02 15:46:23.168154,2.101541,1.131911,1.415299,0.007391,1.413342,0.007391,1.131911,0
2026-07-02 15:46:23.178268,2.103943,1.131911,1.415299,0.002211,1.413342,0.002211,1.131911,0
2026-07-02 15:46:23.180677,2.106503,1.131911,1.415299,0.007391,1.413342,0.007391,1.131911,0
2026-07-02 15:46:23.182694,2.108979,1.137094,1.415299,0.007391,1.413342,0.007391,1.137094,0
2026-07-02 15:46:23.182694,2.112004,1.121548,1.410120,0.007391,1.413342,0.007391,1.121548,0
2026-07-02 15:46:23.188497,2.114536,1.131911,1.415299,0.002211,1.413342,0.002211,1.131911,0
2026-07-02 15:46:23.189207,2.116928,1.131911,1.415299,0.007391,1.413342,0.007391,1.131911,0
2026-07-02 15:46:23.189207,2.119348,1.126730,1.415299,0.007391,1.418524,0.007391,1.126730,0
2026-07-02 15:46:23.194053,2.121958,1.131911,1.415299,0.007391,1.413342,0.007391,1.131911,0
2026-07-02 15:46:23.194053,2.124313,1.131911,1.415299,0.007391,1.413342,0.007391,1.131911,0
2026-07-02 15:46:23.200038,2.126676,1.137094,1.415299,0.007391,1.418524,0.007391,1.137094,0
2026-07-02 15:46:23.202051,2.129115,1.131911,1.415299,0.007391,1.413342,0.007391,1.131911,0
2026-07-02 15:46:23.204065,2.131601,1.131911,1.415299,0.007391,1.418524,0.007391,1.131911,0
2026-07-02 15:46:23.208087,2.134054,1.126730,1.410120,0.007391,1.413342,0.007391,1.126730,0
2026-07-02 15:46:23.210104,2.136897,1.126730,1.415299,0.007391,1.413342,0.007391,1.126730,0
2026-07-02 15:46:23.212117,2.139305,1.131911,1.415299,0.007391,1.413342,0.007391,1.131911,0
2026-07-02 15:46:23.214128,2.141732,1.121548,1.415299,0.007391,1.413342,0.007391,1.121548,0
2026-07-02 15:46:23.218542,2.144225,1.126730,1.415299,0.007391,1.413342,0.007391,1.126730,0
2026-07-02 15:46:23.218542,2.146741,1.131911,1.415299,0.007391,1.418524,0.007391,1.131911,0
2026-07-02 15:46:23.218542,2.148983,1.137094,1.415299,0.007391,1.413342,0.007391,1.137094,0
2026-07-02 15:46:23.218542,2.151408,1.137094,1.415299,0.007391,1.418524,0.007391,1.137094,0
2026-07-02 15:46:23.218542,2.153629,1.131911,1.415299,0.007391,1.413342,0.007391,1.131911,0
2026-07-02 15:46:23.228803,2.156073,1.121548,1.415299,0.007391,1.413342,0.007391,1.121548,0
2026-07-02 15:46:23.230821,2.158513,1.131911,1.415299,0.007391,1.418524,0.007391,1.131911,0
2026-07-02 15:46:23.232829,2.160856,1.121548,1.415299,0.007391,1.418524,0.007391,1.121548,0
2026-07-02 15:46:23.232829,2.163131,1.131911,1.415299,0.007391,1.413342,0.007391,1.131911,0
2026-07-02 15:46:23.238909,2.165363,1.131911,1.420479,0.007391,1.413342,0.007391,1.131911,0
2026-07-02 15:46:23.242148,2.167716,1.121548,1.415299,0.007391,1.413342,0.007391,1.121548,0
2026-07-02 15:46:23.242785,2.170398,1.137094,1.415299,0.007391,1.418524,0.007391,1.137094,0
2026-07-02 15:46:23.245309,2.172776,1.121548,1.415299,0.007391,1.418524,0.007391,1.121548,0
2026-07-02 15:46:23.248963,2.175204,1.121548,1.415299,0.007391,1.418524,0.007391,1.121548,0
2026-07-02 15:46:23.248963,2.177603,1.137094,1.415299,0.007391,1.413342,0.007391,1.137094,0
2026-07-02 15:46:23.248963,2.179959,1.131911,1.415299,0.007391,1.413342,0.007391,1.131911,0
2026-07-02 15:46:23.248963,2.182215,1.137094,1.415299,0.002211,1.418524,0.002211,1.137094,0
2026-07-02 15:46:23.257004,2.184457,1.131911,1.415299,0.007391,1.418524,0.007391,1.131911,0
2026-07-02 15:46:23.259016,2.186728,1.131911,1.415299,0.002211,1.413342,0.002211,1.131911,0
2026-07-02 15:46:23.259016,2.189082,1.121548,1.415299,0.007391,1.413342,0.007391,1.121548,0
2026-07-02 15:46:23.259016,2.191309,1.131911,1.415299,0.007391,1.413342,0.007391,1.131911,0
2026-07-02 15:46:23.259016,2.193572,1.121548,1.415299,0.007391,1.413342,0.007391,1.121548,0
2026-07-02 15:46:23.270424,2.195888,1.131911,1.415299,0.007391,1.418524,0.007391,1.131911,0
2026-07-02 15:46:23.272439,2.199545,1.126730,1.415299,0.007391,1.413342,0.007391,1.126730,0
2026-07-02 15:46:23.274451,2.201978,1.131911,1.415299,0.007391,1.413342,0.007391,1.131911,0
2026-07-02 15:46:23.278474,2.204347,1.131911,1.415299,0.007391,1.413342,0.007391,1.131911,0
2026-07-02 15:46:23.279486,2.206699,1.121548,1.415299,0.007391,1.413342,0.007391,1.121548,0
2026-07-02 15:46:23.281503,2.209027,1.137094,1.415299,0.007391,1.413342,0.007391,1.137094,0
2026-07-02 15:46:23.283516,2.211462,1.131911,1.415299,0.002211,1.413342,0.002211,1.131911,0
2026-07-02 15:46:23.283516,2.213829,1.137094,1.415299,0.007391,1.413342,0.007391,1.137094,0
2026-07-02 15:46:23.289640,2.216080,1.131911,1.415299,0.007391,1.413342,0.007391,1.131911,0
2026-07-02 15:46:23.289640,2.218316,1.131911,1.415299,0.007391,1.418524,0.007391,1.131911,0
2026-07-02 15:46:23.289640,2.220551,1.131911,1.415299,0.007391,1.413342,0.007391,1.131911,0
2026-07-02 15:46:23.296832,2.222848,1.126730,1.415299,0.007391,1.413342,0.007391,1.126730,0
2026-07-02 15:46:23.298845,2.225211,1.121548,1.415299,0.007391,1.418524,0.007391,1.121548,0
2026-07-02 15:46:23.300743,2.227588,1.131911,1.415299,0.007391,1.418524,0.007391,1.131911,0
2026-07-02 15:46:23.302751,2.230141,1.131911,1.415299,0.007391,1.413342,0.007391,1.131911,0
2026-07-02 15:46:23.302751,2.232463,1.131911,1.415299,0.007391,1.413342,0.007391,1.131911,0
2026-07-02 15:46:23.302751,2.234718,1.137094,1.420479,0.007391,1.418524,0.007391,1.137094,0
2026-07-02 15:46:23.309963,2.237017,1.131911,1.415299,0.007391,1.413342,0.007391,1.131911,0
2026-07-02 15:46:23.311975,2.239478,1.131911,1.415299,0.007391,1.413342,0.007391,1.131911,0
2026-07-02 15:46:23.315998,2.241852,1.131911,1.415299,0.007391,1.413342,0.007391,1.131911,0
2026-07-02 15:46:23.318010,2.244224,1.137094,1.415299,0.002211,1.418524,0.002211,1.137094,0
2026-07-02 15:46:23.320026,2.246668,1.121548,1.415299,0.007391,1.413342,0.007391,1.121548,0
2026-07-02 15:46:23.322040,2.249085,1.121548,1.415299,0.007391,1.418524,0.007391,1.121548,0
2026-07-02 15:46:23.324052,2.251489,1.121548,1.415299,0.007391,1.413342,0.007391,1.121548,0
2026-07-02 15:46:23.328070,2.253880,1.126730,1.415299,0.007391,1.413342,0.007391,1.126730,0
2026-07-02 15:46:23.330082,2.256283,1.131911,1.415299,0.007391,1.418524,0.007391,1.131911,0
2026-07-02 15:46:23.330082,2.258658,1.137094,1.415299,0.007391,1.418524,0.007391,1.137094,0
2026-07-02 15:46:23.330082,2.261070,1.126730,1.415299,0.007391,1.418524,0.007391,1.126730,0
2026-07-02 15:46:23.330082,2.263488,1.131911,1.415299,0.007391,1.418524,0.007391,1.131911,0
2026-07-02 15:46:23.330082,2.265816,1.126730,1.415299,0.007391,1.413342,0.007391,1.126730,0
2026-07-02 15:46:23.344807,2.268227,1.121548,1.415299,0.007391,1.413342,0.007391,1.121548,0
2026-07-02 15:46:23.349032,2.274853,1.121548,1.415299,0.007391,1.413342,0.007391,1.121548,0
2026-07-02 15:46:23.352262,2.277935,1.131911,1.415299,0.007391,1.418524,0.007391,1.131911,0
2026-07-02 15:46:23.354270,2.281490,1.121548,1.415299,0.007391,1.413342,0.007391,1.121548,0
2026-07-02 15:46:23.354270,2.283883,1.131911,1.415299,0.007391,1.413342,0.007391,1.131911,0
2026-07-02 15:46:23.354270,2.286473,1.121548,1.415299,0.007391,1.413342,0.007391,1.121548,0
2026-07-02 15:46:23.360893,2.288871,1.121548,1.415299,0.007391,1.413342,0.007391,1.121548,0
2026-07-02 15:46:23.360893,2.291311,1.121548,1.410120,0.007391,1.413342,0.007391,1.121548,0
2026-07-02 15:46:23.360893,2.293723,1.131911,1.415299,0.007391,1.418524,0.007391,1.131911,0
2026-07-02 15:46:23.360893,2.295909,1.121548,1.415299,0.007391,1.413342,0.007391,1.121548,0
2026-07-02 15:46:23.371117,2.298236,1.121548,1.410120,0.007391,1.413342,0.007391,1.121548,0
2026-07-02 15:46:23.373130,2.300662,1.131911,1.415299,0.007391,1.413342,0.007391,1.131911,0
2026-07-02 15:46:23.376329,2.303038,1.131911,1.415299,0.007391,1.413342,0.007391,1.131911,0
2026-07-02 15:46:23.378340,2.305490,1.131911,1.415299,0.007391,1.418524,0.007391,1.131911,0
2026-07-02 15:46:23.381361,2.307894,1.121548,1.415299,0.007391,1.418524,0.007391,1.121548,0
2026-07-02 15:46:23.383378,2.310296,1.131911,1.415299,0.007391,1.413342,0.007391,1.131911,0
2026-07-02 15:46:23.385386,2.312705,1.121548,1.415299,0.007391,1.418524,0.007391,1.121548,0
2026-07-02 15:46:23.387392,2.315089,1.131911,1.415299,0.007391,1.413342,0.007391,1.131911,0
2026-07-02 15:46:23.391412,2.317487,1.131911,1.415299,0.007391,1.413342,0.007391,1.131911,0
2026-07-02 15:46:23.393430,2.320255,1.131911,1.415299,0.007391,1.413342,0.007391,1.131911,0
2026-07-02 15:46:23.395439,2.322714,1.137094,1.415299,0.007391,1.413342,0.007391,1.137094,0
2026-07-02 15:46:23.397451,2.325149,1.121548,1.415299,0.007391,1.418524,0.007391,1.121548,0
2026-07-02 15:46:23.401476,2.327558,1.137094,1.415299,0.007391,1.418524,0.007391,1.137094,0
2026-07-02 15:46:23.406261,2.330084,1.131911,1.415299,0.002211,1.413342,0.002211,1.131911,0
2026-07-02 15:46:23.408284,2.334513,1.131911,1.415299,0.007391,1.418524,0.007391,1.131911,0
2026-07-02 15:46:23.411670,2.337601,1.131911,1.415299,0.007391,1.418524,0.007391,1.131911,0
2026-07-02 15:46:23.413685,2.340153,1.131911,1.415299,0.007391,1.413342,0.007391,1.131911,0
2026-07-02 15:46:23.413685,2.342682,1.131911,1.415299,0.007391,1.418524,0.007391,1.131911,0
2026-07-02 15:46:23.418032,2.345688,1.131911,1.420479,0.007391,1.413342,0.007391,1.131911,0
2026-07-02 15:46:23.421823,2.348068,1.131911,1.415299,0.007391,1.413342,0.007391,1.131911,0
2026-07-02 15:46:23.423833,2.351813,1.131911,1.415299,0.007391,1.418524,0.007391,1.131911,0
2026-07-02 15:46:23.428124,2.354073,1.131911,1.415299,0.007391,1.418524,0.007391,1.131911,0
2026-07-02 15:46:23.430141,2.356395,1.131911,1.415299,0.007391,1.413342,0.007391,1.131911,0
2026-07-02 15:46:23.441219,2.358787,1.137094,1.415299,0.007391,1.418524,0.007391,1.137094,0
2026-07-02 15:46:23.442917,2.370647,1.131911,1.415299,0.007391,1.418524,0.007391,1.131911,0
2026-07-02 15:46:23.445706,2.373058,1.131911,1.415299,0.007391,1.418524,0.007391,1.131911,0
2026-07-02 15:46:23.447716,2.375424,1.131911,1.415299,0.007391,1.418524,0.007391,1.131911,0
2026-07-02 15:46:23.452751,2.377841,1.121548,1.415299,0.007391,1.418524,0.007391,1.121548,0
2026-07-02 15:46:23.454770,2.381295,1.126730,1.415299,0.007391,1.413342,0.007391,1.126730,0
2026-07-02 15:46:23.456782,2.383731,1.121548,1.415299,0.007391,1.413342,0.007391,1.121548,0
2026-07-02 15:46:23.458815,2.386213,1.121548,1.415299,0.007391,1.413342,0.007391,1.121548,0
2026-07-02 15:46:23.462929,2.389153,1.126730,1.415299,0.007391,1.413342,0.007391,1.126730,0
2026-07-02 15:46:23.464085,2.391464,1.121548,1.415299,0.007391,1.418524,0.007391,1.121548,0
2026-07-02 15:46:23.466093,2.393819,1.131911,1.415299,0.002211,1.418524,0.002211,1.131911,0
2026-07-02 15:46:23.466093,2.396125,1.131911,1.415299,0.007391,1.418524,0.007391,1.131911,0
2026-07-02 15:46:23.466093,2.398485,1.131911,1.415299,0.007391,1.413342,0.007391,1.131911,0
2026-07-02 15:46:23.475149,2.400709,1.126730,1.415299,0.007391,1.418524,0.007391,1.126730,0
2026-07-02 15:46:23.476071,2.403374,1.131911,1.415299,0.007391,1.413342,0.007391,1.131911,0
2026-07-02 15:46:23.478082,2.405772,1.137094,1.415299,0.007391,1.413342,0.007391,1.137094,0
2026-07-02 15:46:23.478082,2.408099,1.126730,1.415299,0.007391,1.418524,0.007391,1.126730,0
2026-07-02 15:46:23.487361,2.410330,1.126730,1.415299,0.007391,1.418524,0.007391,1.126730,0
2026-07-02 15:46:23.500225,2.415623,1.126730,1.415299,0.007391,1.418524,0.007391,1.126730,0
2026-07-02 15:46:23.510073,2.429546,1.131911,1.415299,0.007391,1.418524,0.007391,1.131911,0
2026-07-02 15:46:23.517653,2.439386,1.126730,1.415299,0.007391,1.413342,0.007391,1.126730,0
2026-07-02 15:46:23.523092,2.446502,1.121548,1.415299,0.007391,1.413342,0.007391,1.121548,0
2026-07-02 15:46:23.524550,2.451975,1.121548,1.415299,0.007391,1.413342,0.007391,1.121548,0
2026-07-02 15:46:23.524550,2.456935,1.131911,1.415299,0.007391,1.418524,0.007391,1.131911,0
2026-07-02 15:46:23.534643,2.460938,1.121548,1.415299,0.007391,1.413342,0.007391,1.121548,0
2026-07-02 15:46:23.534643,2.463397,1.121548,1.415299,0.007391,1.413342,0.007391,1.121548,0
2026-07-02 15:46:23.534643,2.465791,1.131911,1.415299,0.007391,1.418524,0.007391,1.131911,0
2026-07-02 15:46:23.542232,2.468214,1.121548,1.415299,0.007391,1.418524,0.007391,1.121548,0
2026-07-02 15:46:23.545026,2.470744,1.131911,1.415299,0.007391,1.413342,0.007391,1.131911,0
2026-07-02 15:46:23.547402,2.473248,1.121548,1.415299,0.007391,1.418524,0.007391,1.121548,0
2026-07-02 15:46:23.548781,2.475861,1.131911,1.415299,0.007391,1.418524,0.007391,1.131911,0
2026-07-02 15:46:23.551484,2.478621,1.126730,1.415299,0.007391,1.413342,0.007391,1.126730,0
2026-07-02 15:46:23.555253,2.481013,1.137094,1.415299,0.007391,1.413342,0.007391,1.137094,0
2026-07-02 15:46:23.557268,2.483564,1.131911,1.415299,0.007391,1.413342,0.007391,1.131911,0
2026-07-02 15:46:23.557268,2.485987,1.121548,1.415299,0.007391,1.413342,0.007391,1.121548,0
2026-07-02 15:46:23.557268,2.488582,1.131911,1.420479,0.007391,1.418524,0.007391,1.131911,0
2026-07-02 15:46:23.563325,2.491055,1.131911,1.415299,0.007391,1.413342,0.007391,1.131911,0
2026-07-02 15:46:23.566990,2.493445,1.121548,1.415299,0.007391,1.418524,0.007391,1.121548,0
2026-07-02 15:46:23.569004,2.496033,1.121548,1.415299,0.007391,1.413342,0.007391,1.121548,0
2026-07-02 15:46:23.571018,2.498441,1.126730,1.415299,0.007391,1.413342,0.007391,1.126730,0
2026-07-02 15:46:23.575042,2.500853,1.131911,1.415299,0.007391,1.413342,0.007391,1.131911,0
2026-07-02 15:46:23.576583,2.503752,1.131911,1.415299,0.007391,1.413342,0.007391,1.131911,0
2026-07-02 15:46:23.578596,2.506220,1.131911,1.415299,0.007391,1.413342,0.007391,1.131911,0
2026-07-02 15:46:23.582625,2.508679,1.121548,1.415299,0.007391,1.413342,0.007391,1.121548,0
2026-07-02 15:46:23.585537,2.512057,1.126730,1.415299,0.007391,1.413342,0.007391,1.126730,0
2026-07-02 15:46:23.585537,2.514549,1.121548,1.415299,0.007391,1.413342,0.007391,1.121548,0
2026-07-02 15:46:23.585537,2.516957,1.131911,1.415299,0.007391,1.413342,0.007391,1.131911,0
2026-07-02 15:46:23.585537,2.519362,1.131911,1.415299,0.007391,1.413342,0.007391,1.131911,0
2026-07-02 15:46:23.595745,2.521840,1.126730,1.415299,0.007391,1.418524,0.007391,1.126730,0
2026-07-02 15:46:23.602802,2.525200,1.137094,1.415299,0.007391,1.413342,0.007391,1.137094,0
2026-07-02 15:46:23.613917,2.531755,1.131911,1.415299,0.007391,1.413342,0.007391,1.131911,0
2026-07-02 15:46:23.616772,2.542530,1.131911,1.415299,0.007391,1.413342,0.007391,1.131911,0
2026-07-02 15:46:23.618785,2.545690,1.121548,1.415299,0.007391,1.418524,0.007391,1.121548,0
2026-07-02 15:46:23.621538,2.548075,1.131911,1.415299,0.007391,1.418524,0.007391,1.131911,0
2026-07-02 15:46:23.624314,2.550426,1.121548,1.415299,0.007391,1.413342,0.007391,1.121548,0
2026-07-02 15:46:23.627198,2.552975,1.137094,1.415299,0.007391,1.413342,0.007391,1.137094,0
2026-07-02 15:46:23.627198,2.555392,1.126730,1.415299,0.007391,1.413342,0.007391,1.126730,0
2026-07-02 15:46:23.627198,2.557733,1.131911,1.415299,0.007391,1.413342,0.007391,1.131911,0
2026-07-02 15:46:23.627198,2.560058,1.126730,1.415299,0.007391,1.413342,0.007391,1.126730,0
2026-07-02 15:46:23.636558,2.562442,1.131911,1.415299,0.007391,1.413342,0.007391,1.131911,0
2026-07-02 15:46:23.637702,2.564978,1.131911,1.415299,0.007391,1.413342,0.007391,1.131911,0
2026-07-02 15:46:23.637702,2.567430,1.126730,1.415299,0.007391,1.413342,0.007391,1.126730,0
2026-07-02 15:46:23.642218,2.569857,1.126730,1.415299,0.007391,1.413342,0.007391,1.126730,0
2026-07-02 15:46:23.646632,2.572367,1.126730,1.415299,0.007391,1.418524,0.007391,1.126730,0
2026-07-02 15:46:23.646632,2.574811,1.131911,1.415299,0.007391,1.418524,0.007391,1.131911,0
2026-07-02 15:46:23.646632,2.577284,1.126730,1.415299,0.007391,1.418524,0.007391,1.126730,0
2026-07-02 15:46:23.653421,2.579629,1.131911,1.415299,0.007391,1.413342,0.007391,1.131911,0
2026-07-02 15:46:23.654501,2.581996,1.121548,1.415299,0.007391,1.418524,0.007391,1.121548,0
2026-07-02 15:46:23.657070,2.584439,1.126730,1.415299,0.007391,1.413342,0.007391,1.126730,0
2026-07-02 15:46:23.657070,2.586920,1.126730,1.415299,0.007391,1.413342,0.007391,1.126730,0
2026-07-02 15:46:23.657070,2.589379,1.131911,1.415299,0.007391,1.413342,0.007391,1.131911,0
2026-07-02 15:46:23.664538,2.591819,1.121548,1.415299,0.007391,1.413342,0.007391,1.121548,0
2026-07-02 15:46:23.668203,2.594183,1.131911,1.415299,0.007391,1.418524,0.007391,1.131911,0
2026-07-02 15:46:23.670293,2.596721,1.126730,1.415299,0.007391,1.418524,0.007391,1.126730,0
2026-07-02 15:46:23.670293,2.599155,1.131911,1.415299,0.007391,1.413342,0.007391,1.131911,0
2026-07-02 15:46:23.670293,2.601606,1.131911,1.415299,0.007391,1.418524,0.007391,1.131911,0
2026-07-02 15:46:23.678997,2.603958,1.126730,1.415299,0.007391,1.418524,0.007391,1.126730,0
2026-07-02 15:46:23.680016,2.607226,1.131911,1.415299,0.002211,1.413342,0.002211,1.131911,0
2026-07-02 15:46:23.683723,2.609596,1.131911,1.415299,0.007391,1.413342,0.007391,1.131911,0
2026-07-02 15:46:23.685803,2.612162,1.121548,1.415299,0.007391,1.413342,0.007391,1.121548,0
2026-07-02 15:46:23.685803,2.614602,1.126730,1.415299,0.007391,1.413342,0.007391,1.126730,0
2026-07-02 15:46:23.685803,2.617036,1.121548,1.415299,0.007391,1.418524,0.007391,1.121548,0
2026-07-02 15:46:23.693019,2.619847,1.131911,1.415299,0.007391,1.418524,0.007391,1.131911,0
2026-07-02 15:46:23.696157,2.622287,1.131911,1.415299,0.007391,1.413342,0.007391,1.131911,0
2026-07-02 15:46:23.696157,2.624729,1.126730,1.415299,0.007391,1.413342,0.007391,1.126730,0
2026-07-02 15:46:23.699346,2.627052,1.131911,1.415299,0.007391,1.413342,0.007391,1.131911,0
2026-07-02 15:46:23.699346,2.629391,1.137094,1.415299,0.007391,1.413342,0.007391,1.137094,0
2026-07-02 15:46:23.699346,2.631734,1.126730,1.415299,0.007391,1.413342,0.007391,1.126730,0
2026-07-02 15:46:23.706480,2.634048,1.131911,1.415299,0.007391,1.418524,0.007391,1.131911,0
2026-07-02 15:46:23.710450,2.636579,1.121548,1.415299,0.007391,1.418524,0.007391,1.121548,0
2026-07-02 15:46:23.710450,2.639005,1.126730,1.415299,0.007391,1.413342,0.007391,1.126730,0
2026-07-02 15:46:23.710450,2.641417,1.126730,1.415299,0.007391,1.413342,0.007391,1.126730,0
2026-07-02 15:46:23.717710,2.643795,1.126730,1.415299,0.007391,1.418524,0.007391,1.126730,0
2026-07-02 15:46:23.719467,2.646188,1.126730,1.415299,0.007391,1.413342,0.007391,1.126730,0
2026-07-02 15:46:23.721483,2.648677,1.131911,1.415299,0.007391,1.418524,0.007391,1.131911,0
2026-07-02 15:46:23.725512,2.651065,1.126730,1.415299,0.007391,1.418524,0.007391,1.126730,0
2026-07-02 15:46:23.730058,2.653708,1.137094,1.415299,0.007391,1.413342,0.007391,1.137094,0
2026-07-02 15:46:23.732076,2.658645,1.131911,1.415299,0.007391,1.413342,0.007391,1.131911,0
2026-07-02 15:46:23.736103,2.662167,1.126730,1.415299,0.007391,1.413342,0.007391,1.126730,0
2026-07-02 15:46:23.737112,2.664595,1.131911,1.415299,0.007391,1.413342,0.007391,1.131911,0
2026-07-02 15:46:23.739122,2.666917,1.131911,1.415299,0.007391,1.413342,0.007391,1.131911,0
2026-07-02 15:46:23.742139,2.669251,1.126730,1.415299,0.007391,1.418524,0.007391,1.126730,0
2026-07-02 15:46:23.745114,2.671653,1.121548,1.415299,0.007391,1.413342,0.007391,1.121548,0
2026-07-02 15:46:23.747124,2.673981,1.126730,1.415299,0.007391,1.413342,0.007391,1.126730,0
2026-07-02 15:46:23.751142,2.676538,1.126730,1.415299,0.007391,1.418524,0.007391,1.126730,0
2026-07-02 15:46:23.753154,2.679323,1.131911,1.415299,0.007391,1.413342,0.007391,1.131911,0
2026-07-02 15:46:23.755162,2.682585,1.126730,1.415299,0.007391,1.418524,0.007391,1.126730,0
2026-07-02 15:46:23.761271,2.685036,1.126730,1.415299,0.007391,1.413342,0.007391,1.126730,0
2026-07-02 15:46:23.765303,2.689522,1.137094,1.415299,0.007391,1.413342,0.007391,1.137094,0
2026-07-02 15:46:23.767825,2.693722,1.121548,1.415299,0.007391,1.413342,0.007391,1.121548,0
2026-07-02 15:46:23.769840,2.696196,1.137094,1.415299,0.002211,1.413342,0.002211,1.137094,0
2026-07-02 15:46:23.771853,2.698611,1.131911,1.415299,0.007391,1.413342,0.007391,1.131911,0
2026-07-02 15:46:23.773868,2.700927,1.131911,1.415299,0.007391,1.418524,0.007391,1.131911,0
2026-07-02 15:46:23.778791,2.703747,1.121548,1.415299,0.007391,1.418524,0.007391,1.121548,0
2026-07-02 15:46:23.778791,2.707427,1.131911,1.415299,0.002211,1.418524,0.002211,1.131911,0
2026-07-02 15:46:23.782280,2.709809,1.131911,1.415299,0.007391,1.413342,0.007391,1.131911,0
2026-07-02 15:46:23.786300,2.712281,1.131911,1.420479,0.007391,1.418524,0.007391,1.131911,0
2026-07-02 15:46:23.788854,2.714590,1.126730,1.415299,0.007391,1.413342,0.007391,1.126730,0
2026-07-02 15:46:23.792882,2.717522,1.126730,1.415299,0.007391,1.418524,0.007391,1.126730,0
2026-07-02 15:46:23.793961,2.721320,1.121548,1.415299,0.007391,1.418524,0.007391,1.121548,0
2026-07-02 15:46:23.795981,2.723886,1.126730,1.415299,0.007391,1.418524,0.007391,1.126730,0
2026-07-02 15:46:23.799854,2.726247,1.121548,1.415299,0.007391,1.413342,0.007391,1.121548,0
2026-07-02 15:46:23.801867,2.728688,1.137094,1.415299,0.002211,1.413342,0.002211,1.137094,0
2026-07-02 15:46:23.803877,2.731135,1.121548,1.415299,0.007391,1.418524,0.007391,1.121548,0
2026-07-02 15:46:23.805883,2.733449,1.131911,1.415299,0.007391,1.413342,0.007391,1.131911,0
2026-07-02 15:46:23.809899,2.735744,1.126730,1.415299,0.007391,1.418524,0.007391,1.126730,0
2026-07-02 15:46:23.811912,2.738106,1.131911,1.415299,0.007391,1.418524,0.007391,1.131911,0
2026-07-02 15:46:23.814208,2.740477,1.121548,1.415299,0.007391,1.413342,0.007391,1.121548,0
2026-07-02 15:46:23.816222,2.742810,1.131911,1.415299,0.007391,1.413342,0.007391,1.131911,0
2026-07-02 15:46:23.822001,2.745259,1.131911,1.415299,0.007391,1.413342,0.007391,1.131911,0
2026-07-02 15:46:23.828033,2.751247,1.131911,1.415299,0.007391,1.413342,0.007391,1.131911,0
2026-07-02 15:46:23.832049,2.756922,1.126730,1.415299,0.007391,1.413342,0.007391,1.126730,0
2026-07-02 15:46:23.838069,2.762004,1.131911,1.415299,0.007391,1.413342,0.007391,1.131911,0
2026-07-02 15:46:23.840082,2.767064,1.137094,1.415299,0.007391,1.413342,0.007391,1.137094,0
2026-07-02 15:46:23.842093,2.770322,1.137094,1.415299,0.007391,1.413342,0.007391,1.137094,0
2026-07-02 15:46:23.842093,2.772779,1.131911,1.415299,0.007391,1.413342,0.007391,1.131911,0
2026-07-02 15:46:23.848542,2.775094,1.131911,1.415299,0.007391,1.413342,0.007391,1.131911,0
2026-07-02 15:46:23.853231,2.778586,1.121548,1.415299,0.007391,1.413342,0.007391,1.121548,0
2026-07-02 15:46:23.853231,2.781561,1.137094,1.415299,0.007391,1.418524,0.007391,1.137094,0
2026-07-02 15:46:23.853231,2.783943,1.126730,1.415299,0.007391,1.418524,0.007391,1.126730,0
2026-07-02 15:46:23.858767,2.786455,1.126730,1.415299,0.007391,1.413342,0.007391,1.126730,0
2026-07-02 15:46:23.858767,2.788918,1.131911,1.415299,0.007391,1.418524,0.007391,1.131911,0
2026-07-02 15:46:23.858767,2.791338,1.137094,1.415299,0.007391,1.418524,0.007391,1.137094,0
2026-07-02 15:46:23.858767,2.793756,1.126730,1.415299,0.007391,1.413342,0.007391,1.126730,0
2026-07-02 15:46:23.868991,2.796156,1.131911,1.415299,0.007391,1.413342,0.007391,1.131911,0
2026-07-02 15:46:23.868991,2.798533,1.121548,1.415299,0.007391,1.413342,0.007391,1.121548,0
2026-07-02 15:46:23.868991,2.800842,1.131911,1.415299,0.007391,1.418524,0.007391,1.131911,0
2026-07-02 15:46:23.868991,2.803140,1.137094,1.415299,0.007391,1.418524,0.007391,1.137094,0
2026-07-02 15:46:23.879023,2.805470,1.131911,1.415299,0.007391,1.413342,0.007391,1.131911,0
2026-07-02 15:46:23.881038,2.807816,1.121548,1.415299,0.007391,1.413342,0.007391,1.121548,0
2026-07-02 15:46:23.883051,2.810344,1.121548,1.415299,0.007391,1.413342,0.007391,1.121548,0
2026-07-02 15:46:23.885061,2.812699,1.126730,1.415299,0.007391,1.413342,0.007391,1.126730,0
2026-07-02 15:46:23.889087,2.815160,1.131911,1.420479,0.007391,1.413342,0.007391,1.131911,0
2026-07-02 15:46:23.889087,2.817672,1.131911,1.415299,0.007391,1.413342,0.007391,1.131911,0
2026-07-02 15:46:23.889087,2.820040,1.131911,1.415299,0.007391,1.418524,0.007391,1.131911,0
2026-07-02 15:46:23.889087,2.822594,1.131911,1.415299,0.007391,1.413342,0.007391,1.131911,0
2026-07-02 15:46:23.899126,2.824949,1.126730,1.415299,0.007391,1.413342,0.007391,1.126730,0
2026-07-02 15:46:23.900644,2.827518,1.121548,1.415299,0.007391,1.418524,0.007391,1.121548,0
2026-07-02 15:46:23.900644,2.829910,1.131911,1.415299,0.007391,1.413342,0.007391,1.131911,0
2026-07-02 15:46:23.900644,2.832227,1.121548,1.415299,0.007391,1.418524,0.007391,1.121548,0
2026-07-02 15:46:23.900644,2.834564,1.131911,1.415299,0.007391,1.418524,0.007391,1.131911,0
2026-07-02 15:46:23.910550,2.836871,1.137094,1.415299,0.007391,1.418524,0.007391,1.137094,0
2026-07-02 15:46:23.912563,2.839259,1.131911,1.415299,0.007391,1.418524,0.007391,1.131911,0
2026-07-02 15:46:23.914576,2.841620,1.137094,1.415299,0.007391,1.418524,0.007391,1.137094,0
2026-07-02 15:46:23.916588,2.843937,1.131911,1.415299,0.007391,1.413342,0.007391,1.131911,0
2026-07-02 15:46:23.919603,2.846256,1.137094,1.415299,0.007391,1.413342,0.007391,1.137094,0
2026-07-02 15:46:23.921611,2.848582,1.121548,1.415299,0.007391,1.418524,0.007391,1.121548,0
2026-07-02 15:46:23.923624,2.850883,1.131911,1.415299,0.002211,1.418524,0.002211,1.131911,0
2026-07-02 15:46:23.923624,2.853262,1.131911,1.415299,0.007391,1.413342,0.007391,1.131911,0
2026-07-02 15:46:23.929734,2.855622,1.126730,1.415299,0.007391,1.413342,0.007391,1.126730,0
2026-07-02 15:46:23.929734,2.858088,1.121548,1.415299,0.007391,1.413342,0.007391,1.121548,0
2026-07-02 15:46:23.929734,2.860403,1.126730,1.415299,0.007391,1.413342,0.007391,1.126730,0
2026-07-02 15:46:23.929734,2.862733,1.126730,1.415299,0.007391,1.413342,0.007391,1.126730,0
2026-07-02 15:46:23.929734,2.865059,1.131911,1.415299,0.002211,1.413342,0.002211,1.131911,0
2026-07-02 15:46:23.939790,2.867328,1.131911,1.415299,0.007391,1.413342,0.007391,1.131911,0
2026-07-02 15:46:23.942307,2.869702,1.121548,1.415299,0.007391,1.413342,0.007391,1.121548,0
2026-07-02 15:46:23.942307,2.872191,1.121548,1.410120,0.007391,1.418524,0.007391,1.121548,0
2026-07-02 15:46:23.942307,2.874601,1.121548,1.415299,0.007391,1.418524,0.007391,1.121548,0
2026-07-02 15:46:23.949955,2.877006,1.126730,1.415299,0.007391,1.418524,0.007391,1.126730,0
2026-07-02 15:46:23.951982,2.879370,1.131911,1.415299,0.007391,1.413342,0.007391,1.131911,0
2026-07-02 15:46:23.956005,2.881810,1.131911,1.415299,0.007391,1.413342,0.007391,1.131911,0
2026-07-02 15:46:23.958147,2.884245,1.121548,1.415299,0.007391,1.418524,0.007391,1.121548,0
2026-07-02 15:46:23.960162,2.886636,1.126730,1.415299,0.007391,1.413342,0.007391,1.126730,0
2026-07-02 15:46:23.960162,2.889288,1.131911,1.415299,0.007391,1.413342,0.007391,1.131911,0
2026-07-02 15:46:23.965179,2.891624,1.137094,1.415299,0.007391,1.413342,0.007391,1.137094,0
2026-07-02 15:46:23.967189,2.894020,1.126730,1.415299,0.007391,1.413342,0.007391,1.126730,0
2026-07-02 15:46:23.970214,2.896423,1.121548,1.415299,0.007391,1.413342,0.007391,1.121548,0
2026-07-02 15:46:23.972228,2.898761,1.121548,1.415299,0.007391,1.418524,0.007391,1.121548,0
2026-07-02 15:46:23.974242,2.901197,1.126730,1.415299,0.007391,1.418524,0.007391,1.126730,0
2026-07-02 15:46:23.976255,2.903595,1.137094,1.415299,0.007391,1.413342,0.007391,1.137094,0
2026-07-02 15:46:23.978265,2.905995,1.126730,1.420479,0.007391,1.413342,0.007391,1.126730,0
2026-07-02 15:46:23.982290,2.908346,1.137094,1.415299,0.007391,1.413342,0.007391,1.137094,0
2026-07-02 15:46:23.984304,2.910738,1.126730,1.415299,0.007391,1.413342,0.007391,1.126730,0
2026-07-02 15:46:23.986317,2.913123,1.121548,1.415299,0.007391,1.413342,0.007391,1.121548,0
2026-07-02 15:46:23.988331,2.915496,1.131911,1.415299,0.007391,1.413342,0.007391,1.131911,0
2026-07-02 15:46:23.990343,2.917865,1.121548,1.415299,0.007391,1.413342,0.007391,1.121548,0
2026-07-02 15:46:23.994367,2.920248,1.131911,1.415299,0.007391,1.418524,0.007391,1.131911,0
2026-07-02 15:46:23.996380,2.922642,1.131911,1.415299,0.002211,1.413342,0.002211,1.131911,0
2026-07-02 15:46:23.996889,2.925011,1.137094,1.415299,0.007391,1.413342,0.007391,1.137094,0
2026-07-02 15:46:24.000861,2.927402,1.137094,1.415299,0.007391,1.413342,0.007391,1.137094,0
2026-07-02 15:46:24.000861,2.930187,1.126730,1.415299,0.007391,1.413342,0.007391,1.126730,0
2026-07-02 15:46:24.000861,2.932500,1.137094,1.415299,0.002211,1.413342,0.002211,1.137094,0
2026-07-02 15:46:24.000861,2.934930,1.121548,1.415299,0.007391,1.413342,0.007391,1.121548,0
2026-07-02 15:46:24.013174,2.937307,1.131911,1.415299,0.007391,1.413342,0.007391,1.131911,0
2026-07-02 15:46:24.017202,2.941335,1.131911,1.415299,0.007391,1.418524,0.007391,1.131911,0
2026-07-02 15:46:24.018149,2.945558,1.121548,1.415299,0.007391,1.413342,0.007391,1.121548,0
2026-07-02 15:46:24.021179,2.947969,1.131911,1.410120,0.007391,1.418524,0.007391,1.131911,0
2026-07-02 15:46:24.023194,2.950387,1.137094,1.420479,0.007391,1.418524,0.007391,1.137094,0
2026-07-02 15:46:24.025222,2.952812,1.131911,1.415299,0.007391,1.413342,0.007391,1.131911,0
2026-07-02 15:46:24.028688,2.955217,1.131911,1.415299,0.007391,1.418524,0.007391,1.131911,0
2026-07-02 15:46:24.031438,2.957602,1.137094,1.415299,0.007391,1.413342,0.007391,1.137094,0
2026-07-02 15:46:24.036907,2.960152,1.131911,1.415299,0.007391,1.418524,0.007391,1.131911,0
2026-07-02 15:46:24.046533,2.965118,1.137094,1.415299,0.007391,1.418524,0.007391,1.137094,0
2026-07-02 15:46:24.049518,2.974763,1.121548,1.415299,0.007391,1.418524,0.007391,1.121548,0
2026-07-02 15:46:24.052431,2.979316,1.126730,1.415299,0.007391,1.413342,0.007391,1.126730,0
2026-07-02 15:46:24.054445,2.981708,1.131911,1.415299,0.007391,1.413342,0.007391,1.131911,0
2026-07-02 15:46:24.058476,2.984122,1.126730,1.415299,0.007391,1.413342,0.007391,1.126730,0
2026-07-02 15:46:24.061387,2.987185,1.131911,1.415299,0.007391,1.413342,0.007391,1.131911,0
2026-07-02 15:46:24.064917,2.989600,1.131911,1.415299,0.007391,1.413342,0.007391,1.131911,0
2026-07-02 15:46:24.066932,2.993480,1.137094,1.415299,0.002211,1.413342,0.002211,1.137094,0
2026-07-02 15:46:24.066932,2.996084,1.131911,1.415299,0.007391,1.413342,0.007391,1.131911,0
2026-07-02 15:46:24.070519,2.998446,1.126730,1.415299,0.007391,1.413342,0.007391,1.126730,0
2026-07-02 15:46:24.076455,3.000770,1.131911,1.415299,0.007391,1.413342,0.007391,1.131911,0
2026-07-02 15:46:24.078978,3.004640,1.121548,1.415299,0.007391,1.413342,0.007391,1.121548,0
2026-07-02 15:46:24.082994,3.008726,1.131911,1.415299,0.007391,1.418524,0.007391,1.131911,0
2026-07-02 15:46:24.085013,3.011266,1.131911,1.415299,0.007391,1.413342,0.007391,1.131911,0
2026-07-02 15:46:24.087028,3.013731,1.126730,1.415299,0.007391,1.418524,0.007391,1.126730,0
2026-07-02 15:46:24.089045,3.016177,1.131911,1.415299,0.007391,1.413342,0.007391,1.131911,0
2026-07-02 15:46:24.091057,3.018596,1.121548,1.415299,0.007391,1.413342,0.007391,1.121548,0
2026-07-02 15:46:24.093799,3.020932,1.126730,1.415299,0.007391,1.413342,0.007391,1.126730,0
2026-07-02 15:46:24.093799,3.023222,1.137094,1.415299,0.007391,1.413342,0.007391,1.137094,0
2026-07-02 15:46:24.099302,3.025477,1.131911,1.415299,0.007391,1.413342,0.007391,1.131911,0
2026-07-02 15:46:24.101817,3.027811,1.131911,1.415299,0.007391,1.413342,0.007391,1.131911,0
2026-07-02 15:46:24.106298,3.030385,1.126730,1.415299,0.007391,1.418524,0.007391,1.126730,0
2026-07-02 15:46:24.109487,3.035685,1.131911,1.415299,0.007391,1.418524,0.007391,1.131911,0
2026-07-02 15:46:24.111500,3.038460,1.131911,1.415299,0.007391,1.413342,0.007391,1.131911,0
2026-07-02 15:46:24.114363,3.040918,1.126730,1.415299,0.007391,1.413342,0.007391,1.126730,0
2026-07-02 15:46:24.117091,3.043224,1.121548,1.415299,0.007391,1.413342,0.007391,1.121548,0
2026-07-02 15:46:24.117091,3.045596,1.131911,1.415299,0.007391,1.413342,0.007391,1.131911,0
2026-07-02 15:46:24.117091,3.047874,1.131911,1.415299,0.007391,1.413342,0.007391,1.131911,0
2026-07-02 15:46:24.123554,3.050104,1.137094,1.415299,0.007391,1.413342,0.007391,1.137094,0
2026-07-02 15:46:24.124613,3.052434,1.131911,1.415299,0.007391,1.413342,0.007391,1.131911,0
2026-07-02 15:46:24.124613,3.054678,1.131911,1.415299,0.007391,1.413342,0.007391,1.131911,0
2026-07-02 15:46:24.130770,3.056953,1.137094,1.415299,0.007391,1.413342,0.007391,1.137094,0
2026-07-02 15:46:24.136719,3.059239,1.126730,1.415299,0.007391,1.418524,0.007391,1.126730,0
2026-07-02 15:46:24.138730,3.065523,1.131911,1.415299,0.007391,1.413342,0.007391,1.131911,0
2026-07-02 15:46:24.142345,3.068102,1.137094,1.415299,0.007391,1.413342,0.007391,1.137094,0
2026-07-02 15:46:24.144124,3.070570,1.131911,1.415299,0.007391,1.418524,0.007391,1.131911,0
2026-07-02 15:46:24.146871,3.072899,1.131911,1.420479,0.007391,1.418524,0.007391,1.131911,0
2026-07-02 15:46:24.148887,3.075178,1.126730,1.415299,0.007391,1.413342,0.007391,1.126730,0
2026-07-02 15:46:24.148887,3.077501,1.131911,1.415299,0.007391,1.413342,0.007391,1.131911,0
2026-07-02 15:46:24.153672,3.079830,1.131911,1.415299,0.007391,1.418524,0.007391,1.131911,0
2026-07-02 15:46:24.154873,3.082198,1.131911,1.415299,0.007391,1.418524,0.007391,1.131911,0
2026-07-02 15:46:24.158904,3.084537,1.121548,1.415299,0.007391,1.413342,0.007391,1.121548,0
2026-07-02 15:46:24.158904,3.087225,1.131911,1.415299,0.007391,1.413342,0.007391,1.131911,0
2026-07-02 15:46:24.158904,3.089586,1.121548,1.415299,0.007391,1.418524,0.007391,1.121548,0
2026-07-02 15:46:24.169629,3.091835,1.126730,1.415299,0.007391,1.413342,0.007391,1.126730,0
2026-07-02 15:46:24.171646,3.097892,1.126730,1.415299,0.007391,1.413342,0.007391,1.126730,0
2026-07-02 15:46:24.173660,3.100311,1.131911,1.415299,0.007391,1.413342,0.007391,1.131911,0
2026-07-02 15:46:24.175680,3.102672,1.126730,1.415299,0.007391,1.413342,0.007391,1.126730,0
2026-07-02 15:46:24.179008,3.105135,1.131911,1.415299,0.007391,1.418524,0.007391,1.131911,0
2026-07-02 15:46:24.181025,3.107466,1.131911,1.415299,0.007391,1.413342,0.007391,1.131911,0
2026-07-02 15:46:24.184076,3.109815,1.121548,1.415299,0.007391,1.413342,0.007391,1.121548,0
2026-07-02 15:46:24.186871,3.112897,1.121548,1.415299,0.007391,1.418524,0.007391,1.121548,0
2026-07-02 15:46:24.188889,3.115238,1.131911,1.410120,0.007391,1.413342,0.007391,1.131911,0
2026-07-02 15:46:24.190903,3.117585,1.131911,1.415299,0.007391,1.418524,0.007391,1.131911,0
2026-07-02 15:46:24.194354,3.120520,1.121548,1.415299,0.007391,1.413342,0.007391,1.121548,0
2026-07-02 15:46:24.194354,3.122849,1.131911,1.415299,0.007391,1.413342,0.007391,1.131911,0
2026-07-02 15:46:24.194354,3.125124,1.131911,1.415299,0.007391,1.418524,0.007391,1.131911,0
2026-07-02 15:46:24.201087,3.127372,1.137094,1.415299,0.007391,1.413342,0.007391,1.137094,0
2026-07-02 15:46:24.202109,3.129690,1.137094,1.415299,0.007391,1.413342,0.007391,1.137094,0
2026-07-02 15:46:24.205990,3.132058,1.131911,1.415299,0.007391,1.413342,0.007391,1.131911,0
2026-07-02 15:46:24.209641,3.135314,1.131911,1.415299,0.007391,1.413342,0.007391,1.131911,0
2026-07-02 15:46:24.210670,3.137788,1.131911,1.415299,0.007391,1.418524,0.007391,1.131911,0
2026-07-02 15:46:24.214446,3.140100,1.131911,1.415299,0.007391,1.413342,0.007391,1.131911,0
2026-07-02 15:46:24.218291,3.142687,1.131911,1.415299,0.007391,1.418524,0.007391,1.131911,0
2026-07-02 15:46:24.222317,3.148421,1.131911,1.415299,0.002211,1.413342,0.002211,1.131911,0
2026-07-02 15:46:24.224330,3.150912,1.131911,1.415299,0.007391,1.413342,0.007391,1.131911,0
2026-07-02 15:46:24.226365,3.153906,1.131911,1.415299,0.007391,1.413342,0.007391,1.131911,0
2026-07-02 15:46:24.228916,3.156239,1.131911,1.420479,0.007391,1.418524,0.007391,1.131911,0
2026-07-02 15:46:24.234706,3.158625,1.131911,1.415299,0.002211,1.413342,0.002211,1.131911,0
2026-07-02 15:46:24.237647,3.163559,1.131911,1.415299,0.012572,1.413342,0.012572,1.131911,0
2026-07-02 15:46:24.239662,3.165871,1.121548,1.415299,0.007391,1.413342,0.007391,1.121548,0
2026-07-02 15:46:24.242979,3.168228,1.131911,1.415299,0.007391,1.418524,0.007391,1.131911,0
2026-07-02 15:46:24.247786,3.171922,1.126730,1.415299,0.007391,1.418524,0.007391,1.126730,0
2026-07-02 15:46:24.247786,3.176043,1.131911,1.415299,0.007391,1.413342,0.007391,1.131911,0
2026-07-02 15:46:24.252725,3.178799,1.137094,1.415299,0.007391,1.413342,0.007391,1.137094,0
2026-07-02 15:46:24.254621,3.181272,1.131911,1.415299,0.007391,1.413342,0.007391,1.131911,0
2026-07-02 15:46:24.256663,3.183619,1.131911,1.415299,0.007391,1.418524,0.007391,1.131911,0
2026-07-02 15:46:24.259480,3.186001,1.121548,1.415299,0.007391,1.418524,0.007391,1.121548,0
2026-07-02 15:46:24.261492,3.188390,1.137094,1.415299,0.007391,1.413342,0.007391,1.137094,0
2026-07-02 15:46:24.263000,3.190697,1.121548,1.415299,0.007391,1.413342,0.007391,1.121548,0
2026-07-02 15:46:24.267047,3.193040,1.137094,1.415299,0.007391,1.413342,0.007391,1.137094,0
2026-07-02 15:46:24.269632,3.195479,1.137094,1.415299,0.007391,1.413342,0.007391,1.137094,0
2026-07-02 15:46:24.271645,3.197797,1.126730,1.415299,0.007391,1.413342,0.007391,1.126730,0
2026-07-02 15:46:24.277691,3.200161,1.126730,1.415299,0.007391,1.418524,0.007391,1.126730,0
2026-07-02 15:46:24.281718,3.207516,1.131911,1.415299,0.007391,1.413342,0.007391,1.131911,0
2026-07-02 15:46:24.283486,3.209935,1.131911,1.415299,0.007391,1.413342,0.007391,1.131911,0
2026-07-02 15:46:24.284935,3.212279,1.121548,1.415299,0.007391,1.413342,0.007391,1.121548,0
2026-07-02 15:46:24.286948,3.214650,1.126730,1.415299,0.007391,1.413342,0.007391,1.126730,0
2026-07-02 15:46:24.290977,3.216994,1.131911,1.415299,0.007391,1.413342,0.007391,1.131911,0
2026-07-02 15:46:24.290977,3.219295,1.131911,1.415299,0.007391,1.413342,0.007391,1.131911,0
2026-07-02 15:46:24.294163,3.221826,1.131911,1.415299,0.007391,1.413342,0.007391,1.131911,0
2026-07-02 15:46:24.298188,3.224176,1.126730,1.415299,0.007391,1.413342,0.007391,1.126730,0
2026-07-02 15:46:24.300215,3.226636,1.131911,1.415299,0.002211,1.413342,0.002211,1.131911,0
2026-07-02 15:46:24.302564,3.228880,1.131911,1.415299,0.007391,1.413342,0.007391,1.131911,0
2026-07-02 15:46:24.308269,3.231212,1.126730,1.415299,0.007391,1.413342,0.007391,1.126730,0
2026-07-02 15:46:24.309429,3.236543,1.121548,1.415299,0.007391,1.413342,0.007391,1.121548,0
2026-07-02 15:46:24.309429,3.238791,1.131911,1.415299,0.007391,1.413342,0.007391,1.131911,0
2026-07-02 15:46:24.313974,3.241038,1.131911,1.415299,0.007391,1.413342,0.007391,1.131911,0
2026-07-02 15:46:24.315988,3.243348,1.131911,1.415299,0.007391,1.413342,0.007391,1.131911,0
2026-07-02 15:46:24.318001,3.245713,1.126730,1.415299,0.007391,1.413342,0.007391,1.126730,0
2026-07-02 15:46:24.322040,3.248047,1.131911,1.415299,0.007391,1.413342,0.007391,1.131911,0
2026-07-02 15:46:24.324058,3.250388,1.126730,1.415299,0.007391,1.413342,0.007391,1.126730,0
2026-07-02 15:46:24.327603,3.252987,1.126730,1.415299,0.007391,1.413342,0.007391,1.126730,0
2026-07-02 15:46:24.329621,3.255924,1.137094,1.415299,0.007391,1.413342,0.007391,1.137094,0
2026-07-02 15:46:24.331634,3.258250,1.131911,1.415299,0.007391,1.418524,0.007391,1.131911,0
2026-07-02 15:46:24.334763,3.260562,1.131911,1.415299,0.007391,1.418524,0.007391,1.131911,0
2026-07-02 15:46:24.334763,3.263254,1.131911,1.415299,0.007391,1.418524,0.007391,1.131911,0
2026-07-02 15:46:24.338893,3.265987,1.131911,1.415299,0.007391,1.413342,0.007391,1.131911,0
2026-07-02 15:46:24.342420,3.268277,1.137094,1.415299,0.007391,1.413342,0.007391,1.137094,0
2026-07-02 15:46:24.344924,3.270760,1.131911,1.415299,0.007391,1.413342,0.007391,1.131911,0
2026-07-02 15:46:24.346047,3.273413,1.121548,1.415299,0.007391,1.418524,0.007391,1.121548,0
2026-07-02 15:46:24.350086,3.275723,1.126730,1.415299,0.007391,1.413342,0.007391,1.126730,0
2026-07-02 15:46:24.351127,3.278327,1.131911,1.415299,0.007391,1.413342,0.007391,1.131911,0
2026-07-02 15:46:24.357844,3.280665,1.131911,1.415299,0.007391,1.413342,0.007391,1.131911,0
2026-07-02 15:46:24.360393,3.287806,1.121548,1.415299,0.007391,1.418524,0.007391,1.121548,0
2026-07-02 15:46:24.362402,3.290170,1.126730,1.415299,0.007391,1.418524,0.007391,1.126730,0
2026-07-02 15:46:24.367081,3.292611,1.126730,1.415299,0.007391,1.413342,0.007391,1.126730,0
2026-07-02 15:46:24.367768,3.295419,1.131911,1.415299,0.007391,1.418524,0.007391,1.131911,0
2026-07-02 15:46:24.371786,3.297688,1.137094,1.415299,0.007391,1.418524,0.007391,1.137094,0
2026-07-02 15:46:24.373802,3.299959,1.131911,1.415299,0.007391,1.413342,0.007391,1.131911,0
2026-07-02 15:46:24.376871,3.302281,1.131911,1.415299,0.007391,1.413342,0.007391,1.131911,0
2026-07-02 15:46:24.380907,3.305159,1.126730,1.415299,0.007391,1.413342,0.007391,1.126730,0
2026-07-02 15:46:24.382925,3.309780,1.126730,1.415299,0.007391,1.413342,0.007391,1.126730,0
2026-07-02 15:46:24.384943,3.312339,1.137094,1.415299,0.007391,1.413342,0.007391,1.137094,0
2026-07-02 15:46:24.386965,3.314704,1.126730,1.415299,0.007391,1.413342,0.007391,1.126730,0
2026-07-02 15:46:24.390613,3.317091,1.121548,1.415299,0.007391,1.413342,0.007391,1.121548,0
2026-07-02 15:46:24.390613,3.319388,1.131911,1.415299,0.007391,1.413342,0.007391,1.131911,0
2026-07-02 15:46:24.397470,3.321744,1.131911,1.415299,0.007391,1.418524,0.007391,1.131911,0
2026-07-02 15:46:24.397470,3.325822,1.121548,1.415299,0.007391,1.413342,0.007391,1.121548,0
2026-07-02 15:46:24.401006,3.328795,1.131911,1.415299,0.007391,1.413342,0.007391,1.131911,0
2026-07-02 15:46:24.405030,3.331079,1.121548,1.415299,0.007391,1.418524,0.007391,1.121548,0
2026-07-02 15:46:24.405030,3.333619,1.131911,1.415299,0.007391,1.413342,0.007391,1.131911,0
2026-07-02 15:46:24.409277,3.335868,1.121548,1.415299,0.007391,1.413342,0.007391,1.121548,0
2026-07-02 15:46:24.411294,3.338137,1.131911,1.415299,0.007391,1.413342,0.007391,1.131911,0
2026-07-02 15:46:24.413309,3.340483,1.137094,1.415299,0.007391,1.413342,0.007391,1.137094,0
2026-07-02 15:46:24.419755,3.342774,1.131911,1.415299,0.007391,1.413342,0.007391,1.131911,0
2026-07-02 15:46:24.419755,3.348009,1.121548,1.415299,0.007391,1.413342,0.007391,1.121548,0
2026-07-02 15:46:24.419755,3.350249,1.131911,1.415299,0.002211,1.413342,0.002211,1.131911,0
2026-07-02 15:46:24.426325,3.352619,1.126730,1.415299,0.007391,1.418524,0.007391,1.126730,0
2026-07-02 15:46:24.428339,3.355058,1.131911,1.415299,0.007391,1.418524,0.007391,1.131911,0
2026-07-02 15:46:24.430353,3.357337,1.137094,1.415299,0.007391,1.413342,0.007391,1.137094,0
2026-07-02 15:46:24.433985,3.359613,1.131911,1.415299,0.007391,1.418524,0.007391,1.131911,0
2026-07-02 15:46:24.435724,3.362244,1.137094,1.415299,0.007391,1.418524,0.007391,1.137094,0
2026-07-02 15:46:24.436877,3.364536,1.126730,1.415299,0.007391,1.413342,0.007391,1.126730,0
2026-07-02 15:46:24.440901,3.366764,1.131911,1.415299,0.007391,1.418524,0.007391,1.131911,0
2026-07-02 15:46:24.442422,3.369096,1.131911,1.415299,0.007391,1.413342,0.007391,1.131911,0
2026-07-02 15:46:24.444439,3.371337,1.131911,1.415299,0.007391,1.413342,0.007391,1.131911,0
2026-07-02 15:46:24.448207,3.373570,1.131911,1.415299,0.007391,1.413342,0.007391,1.131911,0
2026-07-02 15:46:24.451629,3.378341,1.121548,1.415299,0.007391,1.413342,0.007391,1.121548,0
2026-07-02 15:46:24.451629,3.380631,1.131911,1.415299,0.002211,1.413342,0.002211,1.131911,0
2026-07-02 15:46:24.456299,3.382856,1.131911,1.415299,0.007391,1.413342,0.007391,1.131911,0
2026-07-02 15:46:24.458325,3.385070,1.121548,1.415299,0.007391,1.418524,0.007391,1.121548,0
2026-07-02 15:46:24.460353,3.387349,1.131911,1.415299,0.007391,1.418524,0.007391,1.131911,0
2026-07-02 15:46:24.462373,3.389654,1.131911,1.415299,0.007391,1.413342,0.007391,1.131911,0
2026-07-02 15:46:24.464385,3.391908,1.126730,1.415299,0.007391,1.413342,0.007391,1.126730,0
2026-07-02 15:46:24.467085,3.394124,1.131911,1.415299,0.007391,1.418524,0.007391,1.131911,0
2026-07-02 15:46:24.469103,3.396526,1.131911,1.415299,0.007391,1.413342,0.007391,1.131911,0
2026-07-02 15:46:24.471115,3.398780,1.126730,1.415299,0.007391,1.418524,0.007391,1.126730,0
2026-07-02 15:46:24.475148,3.401161,1.137094,1.415299,0.007391,1.413342,0.007391,1.137094,0
2026-07-02 15:46:24.480195,3.403619,1.131911,1.415299,0.002211,1.418524,0.002211,1.131911,0
2026-07-02 15:46:24.480195,3.408934,1.131911,1.415299,0.007391,1.418524,0.007391,1.131911,0
2026-07-02 15:46:24.484864,3.411224,1.126730,1.415299,0.007391,1.413342,0.007391,1.126730,0
2026-07-02 15:46:24.487574,3.413580,1.126730,1.415299,0.007391,1.413342,0.007391,1.126730,0
2026-07-02 15:46:24.487574,3.415818,1.137094,1.415299,0.002211,1.413342,0.002211,1.137094,0
2026-07-02 15:46:24.491542,3.418035,1.126730,1.415299,0.007391,1.418524,0.007391,1.126730,0
2026-07-02 15:46:24.491542,3.420432,1.131911,1.415299,0.007391,1.418524,0.007391,1.131911,0
2026-07-02 15:46:24.496502,3.422689,1.126730,1.415299,0.007391,1.418524,0.007391,1.126730,0
2026-07-02 15:46:24.496502,3.424887,1.131911,1.415299,0.007391,1.418524,0.007391,1.131911,0
2026-07-02 15:46:24.500949,3.427131,1.131911,1.415299,0.007391,1.413342,0.007391,1.131911,0
2026-07-02 15:46:24.500949,3.429364,1.131911,1.415299,0.007391,1.413342,0.007391,1.131911,0
2026-07-02 15:46:24.505692,3.431634,1.137094,1.415299,0.007391,1.418524,0.007391,1.137094,0
2026-07-02 15:46:24.509383,3.433999,1.126730,1.415299,0.007391,1.418524,0.007391,1.126730,0
2026-07-02 15:46:24.511392,3.438864,1.131911,1.415299,0.007391,1.418524,0.007391,1.131911,0
2026-07-02 15:46:24.513404,3.441193,1.131911,1.415299,0.007391,1.413342,0.007391,1.131911,0
2026-07-02 15:46:24.517172,3.443460,1.137094,1.415299,0.007391,1.413342,0.007391,1.137094,0
2026-07-02 15:46:24.517172,3.445929,1.121548,1.415299,0.007391,1.413342,0.007391,1.121548,0
2026-07-02 15:46:24.517172,3.448220,1.126730,1.415299,0.007391,1.413342,0.007391,1.126730,0
2026-07-02 15:46:24.517172,3.450486,1.126730,1.415299,0.007391,1.413342,0.007391,1.126730,0
2026-07-02 15:46:24.525950,3.452711,1.126730,1.415299,0.007391,1.418524,0.007391,1.126730,0
2026-07-02 15:46:24.528229,3.454987,1.126730,1.410120,0.007391,1.413342,0.007391,1.126730,0
2026-07-02 15:46:24.530243,3.457256,1.126730,1.415299,0.007391,1.413342,0.007391,1.126730,0
2026-07-02 15:46:24.532250,3.459590,1.126730,1.415299,0.007391,1.418524,0.007391,1.126730,0
2026-07-02 15:46:24.534898,3.462020,1.121548,1.415299,0.007391,1.418524,0.007391,1.121548,0
2026-07-02 15:46:24.537930,3.464296,1.126730,1.415299,0.007391,1.418524,0.007391,1.126730,0
2026-07-02 15:46:24.542469,3.467063,1.131911,1.415299,0.002211,1.413342,0.002211,1.131911,0
2026-07-02 15:46:24.544352,3.471586,1.121548,1.415299,0.007391,1.418524,0.007391,1.121548,0
2026-07-02 15:46:24.546393,3.473899,1.126730,1.415299,0.007391,1.418524,0.007391,1.126730,0
2026-07-02 15:46:24.551675,3.476151,1.137094,1.415299,0.007391,1.413342,0.007391,1.137094,0
2026-07-02 15:46:24.554671,3.479850,1.131911,1.415299,0.007391,1.413342,0.007391,1.131911,0
2026-07-02 15:46:24.564794,3.484299,1.121548,1.415299,0.007391,1.413342,0.007391,1.121548,0
2026-07-02 15:46:24.566816,3.493105,1.126730,1.415299,0.007391,1.413342,0.007391,1.126730,0
2026-07-02 15:46:24.572854,3.496478,1.126730,1.415299,0.007391,1.413342,0.007391,1.126730,0
2026-07-02 15:46:24.576883,3.501774,1.131911,1.415299,0.007391,1.413342,0.007391,1.131911,0
2026-07-02 15:46:24.578897,3.505367,1.131911,1.415299,0.007391,1.413342,0.007391,1.131911,0
2026-07-02 15:46:24.580911,3.507586,1.131911,1.415299,0.007391,1.413342,0.007391,1.131911,0
2026-07-02 15:46:24.580911,3.509812,1.131911,1.415299,0.007391,1.418524,0.007391,1.131911,0
2026-07-02 15:46:24.585942,3.512004,1.131911,1.415299,0.007391,1.418524,0.007391,1.131911,0
2026-07-02 15:46:24.588967,3.515685,1.121548,1.415299,0.007391,1.413342,0.007391,1.121548,0
2026-07-02 15:46:24.588967,3.517946,1.126730,1.415299,0.007391,1.418524,0.007391,1.126730,0
2026-07-02 15:46:24.592739,3.520136,1.131911,1.415299,0.002211,1.418524,0.002211,1.131911,0
2026-07-02 15:46:24.594755,3.522370,1.131911,1.415299,0.007391,1.413342,0.007391,1.131911,0
2026-07-02 15:46:24.598782,3.524723,1.137094,1.415299,0.007391,1.413342,0.007391,1.137094,0
2026-07-02 15:46:24.600798,3.527194,1.131911,1.415299,0.007391,1.418524,0.007391,1.131911,0
2026-07-02 15:46:24.602810,3.529597,1.126730,1.415299,0.007391,1.413342,0.007391,1.126730,0
2026-07-02 15:46:24.604325,3.531988,1.131911,1.415299,0.007391,1.418524,0.007391,1.131911,0
2026-07-02 15:46:24.607971,3.534461,1.131911,1.415299,0.007391,1.418524,0.007391,1.131911,0
2026-07-02 15:46:24.608984,3.536734,1.131911,1.415299,0.007391,1.413342,0.007391,1.131911,0
2026-07-02 15:46:24.611002,3.539090,1.121548,1.415299,0.007391,1.418524,0.007391,1.121548,0
2026-07-02 15:46:24.615042,3.541516,1.137094,1.415299,0.007391,1.413342,0.007391,1.137094,0
2026-07-02 15:46:24.617055,3.543913,1.121548,1.415299,0.007391,1.413342,0.007391,1.121548,0
2026-07-02 15:46:24.620274,3.546321,1.131911,1.415299,0.002211,1.413342,0.002211,1.131911,0
2026-07-02 15:46:24.622287,3.548732,1.137094,1.415299,0.007391,1.418524,0.007391,1.137094,0
2026-07-02 15:46:24.622287,3.551064,1.121548,1.415299,0.007391,1.413342,0.007391,1.121548,0
2026-07-02 15:46:24.627245,3.553289,1.131911,1.415299,0.007391,1.413342,0.007391,1.131911,0
2026-07-02 15:46:24.629260,3.555694,1.131911,1.415299,0.007391,1.413342,0.007391,1.131911,0
2026-07-02 15:46:24.631278,3.558055,1.131911,1.415299,0.007391,1.413342,0.007391,1.131911,0
2026-07-02 15:46:24.633285,3.560676,1.131911,1.415299,0.007391,1.418524,0.007391,1.131911,0
2026-07-02 15:46:24.635293,3.563063,1.131911,1.415299,0.007391,1.413342,0.007391,1.131911,0
2026-07-02 15:46:24.639451,3.565320,1.131911,1.415299,0.007391,1.413342,0.007391,1.131911,0
2026-07-02 15:46:24.641460,3.567824,1.131911,1.415299,0.007391,1.413342,0.007391,1.131911,0
2026-07-02 15:46:24.644266,3.570175,1.131911,1.415299,0.007391,1.413342,0.007391,1.131911,0
2026-07-02 15:46:24.645018,3.572511,1.131911,1.415299,0.007391,1.413342,0.007391,1.131911,0
2026-07-02 15:46:24.645018,3.574869,1.131911,1.415299,0.007391,1.418524,0.007391,1.131911,0
2026-07-02 15:46:24.651532,3.577275,1.131911,1.415299,0.007391,1.418524,0.007391,1.131911,0
2026-07-02 15:46:24.651532,3.579721,1.126730,1.415299,0.007391,1.413342,0.007391,1.126730,0
2026-07-02 15:46:24.651532,3.582011,1.131911,1.415299,0.007391,1.418524,0.007391,1.131911,0
2026-07-02 15:46:24.656785,3.584508,1.131911,1.415299,0.007391,1.413342,0.007391,1.131911,0
2026-07-02 15:46:24.659908,3.586828,1.121548,1.410120,0.007391,1.413342,0.007391,1.121548,0
2026-07-02 15:46:24.659908,3.589157,1.131911,1.415299,0.007391,1.413342,0.007391,1.131911,0
2026-07-02 15:46:24.659908,3.591550,1.131911,1.415299,0.007391,1.413342,0.007391,1.131911,0
2026-07-02 15:46:24.668074,3.594012,1.126730,1.415299,0.007391,1.413342,0.007391,1.126730,0
2026-07-02 15:46:24.670087,3.596513,1.131911,1.415299,0.007391,1.413342,0.007391,1.131911,0
2026-07-02 15:46:24.672983,3.598966,1.126730,1.415299,0.007391,1.413342,0.007391,1.126730,0
2026-07-02 15:46:24.674041,3.601363,1.137094,1.415299,0.007391,1.413342,0.007391,1.137094,0
2026-07-02 15:46:24.676072,3.603668,1.126730,1.415299,0.007391,1.418524,0.007391,1.126730,0
2026-07-02 15:46:24.678086,3.606171,1.121548,1.415299,0.007391,1.413342,0.007391,1.121548,0
2026-07-02 15:46:24.682544,3.608538,1.126730,1.415299,0.007391,1.413342,0.007391,1.126730,0
2026-07-02 15:46:24.684558,3.610919,1.121548,1.415299,0.007391,1.413342,0.007391,1.121548,0
2026-07-02 15:46:24.687109,3.613303,1.131911,1.415299,0.007391,1.413342,0.007391,1.131911,0
2026-07-02 15:46:24.689123,3.615672,1.121548,1.415299,0.007391,1.413342,0.007391,1.121548,0
2026-07-02 15:46:24.690879,3.618063,1.126730,1.415299,0.007391,1.413342,0.007391,1.126730,0
2026-07-02 15:46:24.692891,3.620459,1.131911,1.415299,0.007391,1.413342,0.007391,1.131911,0
2026-07-02 15:46:24.696062,3.622714,1.126730,1.415299,0.007391,1.418524,0.007391,1.126730,0
2026-07-02 15:46:24.698074,3.624973,1.126730,1.415299,0.007391,1.413342,0.007391,1.126730,0
2026-07-02 15:46:24.701099,3.627216,1.137094,1.415299,0.007391,1.413342,0.007391,1.137094,0
2026-07-02 15:46:24.703120,3.629394,1.126730,1.415299,0.007391,1.418524,0.007391,1.126730,0
2026-07-02 15:46:24.704632,3.631642,1.121548,1.415299,0.007391,1.413342,0.007391,1.121548,0
2026-07-02 15:46:24.708361,3.634228,1.126730,1.415299,0.007391,1.418524,0.007391,1.126730,0
2026-07-02 15:46:24.708361,3.636621,1.137094,1.415299,0.007391,1.413342,0.007391,1.137094,0
2026-07-02 15:46:24.711381,3.638892,1.126730,1.415299,0.007391,1.413342,0.007391,1.126730,0
2026-07-02 15:46:24.711381,3.641092,1.126730,1.415299,0.007391,1.418524,0.007391,1.126730,0
2026-07-02 15:46:24.711381,3.643336,1.121548,1.415299,0.007391,1.418524,0.007391,1.121548,0
2026-07-02 15:46:24.711381,3.645662,1.126730,1.415299,0.007391,1.418524,0.007391,1.126730,0
2026-07-02 15:46:24.721860,3.648101,1.126730,1.415299,0.007391,1.413342,0.007391,1.126730,0
2026-07-02 15:46:24.725895,3.650322,1.137094,1.415299,0.007391,1.413342,0.007391,1.137094,0
2026-07-02 15:46:24.726625,3.654075,1.126730,1.415299,0.007391,1.418524,0.007391,1.126730,0
2026-07-02 15:46:24.729876,3.656328,1.131911,1.415299,0.007391,1.413342,0.007391,1.131911,0
2026-07-02 15:46:24.734862,3.658608,1.131911,1.415299,0.007391,1.418524,0.007391,1.131911,0
2026-07-02 15:46:24.735240,3.663133,1.126730,1.415299,0.007391,1.418524,0.007391,1.126730,0
2026-07-02 15:46:24.738315,3.665437,1.131911,1.415299,0.007391,1.413342,0.007391,1.131911,0
2026-07-02 15:46:24.743514,3.667702,1.131911,1.415299,0.007391,1.418524,0.007391,1.131911,0
2026-07-02 15:46:24.745528,3.671754,1.131911,1.415299,0.007391,1.418524,0.007391,1.131911,0
2026-07-02 15:46:24.747546,3.674031,1.131911,1.415299,0.007391,1.413342,0.007391,1.131911,0
2026-07-02 15:46:24.751599,3.676375,1.126730,1.415299,0.007391,1.413342,0.007391,1.126730,0
2026-07-02 15:46:24.751599,3.679975,1.131911,1.415299,0.007391,1.413342,0.007391,1.131911,0
2026-07-02 15:46:24.751599,3.682273,1.121548,1.415299,0.007391,1.413342,0.007391,1.121548,0
2026-07-02 15:46:24.751599,3.684539,1.126730,1.415299,0.007391,1.413342,0.007391,1.126730,0
2026-07-02 15:46:24.760839,3.687081,1.126730,1.415299,0.007391,1.418524,0.007391,1.126730,0
2026-07-02 15:46:24.762852,3.689735,1.126730,1.415299,0.007391,1.418524,0.007391,1.126730,0
2026-07-02 15:46:24.764867,3.691971,1.121548,1.415299,0.007391,1.413342,0.007391,1.121548,0
2026-07-02 15:46:24.767655,3.694158,1.131911,1.415299,0.007391,1.413342,0.007391,1.131911,0
2026-07-02 15:46:24.769670,3.696442,1.131911,1.415299,0.007391,1.418524,0.007391,1.131911,0
2026-07-02 15:46:24.778024,3.698694,1.131911,1.415299,0.007391,1.413342,0.007391,1.131911,0
2026-07-02 15:46:24.780040,3.706301,1.131911,1.415299,0.007391,1.413342,0.007391,1.131911,0
2026-07-02 15:46:24.781557,3.708564,1.131911,1.415299,0.002211,1.413342,0.002211,1.131911,0
2026-07-02 15:46:24.781557,3.710778,1.131911,1.415299,0.002211,1.413342,0.002211,1.131911,0
2026-07-02 15:46:24.787069,3.713049,1.131911,1.415299,0.007391,1.413342,0.007391,1.131911,0
2026-07-02 15:46:24.787069,3.715315,1.126730,1.415299,0.007391,1.413342,0.007391,1.126730,0
2026-07-02 15:46:24.791691,3.717507,1.137094,1.415299,0.002211,1.413342,0.002211,1.137094,0
2026-07-02 15:46:24.799589,3.720472,1.126730,1.415299,0.007391,1.413342,0.007391,1.126730,0
2026-07-02 15:46:24.807249,3.728788,1.126730,1.415299,0.007391,1.418524,0.007391,1.126730,0
2026-07-02 15:46:24.810058,3.735683,1.131911,1.415299,0.002211,1.418524,0.002211,1.131911,0
2026-07-02 15:46:24.816121,3.739996,1.131911,1.415299,0.007391,1.418524,0.007391,1.131911,0
2026-07-02 15:46:24.821558,3.745623,1.126730,1.415299,0.007391,1.413342,0.007391,1.126730,0
2026-07-02 15:46:24.831584,3.750548,1.131911,1.415299,0.007391,1.413342,0.007391,1.131911,0
2026-07-02 15:46:24.839300,3.760134,1.126730,1.415299,0.007391,1.413342,0.007391,1.126730,0
2026-07-02 15:46:24.842317,3.767915,1.126730,1.415299,0.007391,1.413342,0.007391,1.126730,0
2026-07-02 15:46:24.852691,3.778795,1.121548,1.415299,0.007391,1.413342,0.007391,1.121548,0
2026-07-02 15:46:24.862757,3.786734,1.131911,1.415299,0.007391,1.413342,0.007391,1.131911,0
2026-07-02 15:46:24.862757,3.795811,1.126730,1.415299,0.007391,1.413342,0.007391,1.126730,0
2026-07-02 15:46:24.872839,3.799782,1.126730,1.415299,0.007391,1.418524,0.007391,1.126730,0
2026-07-02 15:46:24.872839,3.804468,1.126730,1.415299,0.007391,1.413342,0.007391,1.126730,0
2026-07-02 15:46:24.872839,3.807481,1.131911,1.415299,0.007391,1.418524,0.007391,1.131911,0
2026-07-02 15:46:24.882977,3.810008,1.121548,1.415299,0.007391,1.413342,0.007391,1.121548,0
2026-07-02 15:46:24.882977,3.812475,1.131911,1.415299,0.007391,1.413342,0.007391,1.131911,0
2026-07-02 15:46:24.882977,3.814897,1.131911,1.415299,0.007391,1.413342,0.007391,1.131911,0
2026-07-02 15:46:24.882977,3.817180,1.131911,1.415299,0.007391,1.413342,0.007391,1.131911,0
2026-07-02 15:46:24.893062,3.819605,1.137094,1.415299,0.007391,1.413342,0.007391,1.137094,0
2026-07-02 15:46:24.893062,3.822457,1.131911,1.415299,0.007391,1.413342,0.007391,1.131911,0
2026-07-02 15:46:24.893062,3.824997,1.137094,1.415299,0.007391,1.413342,0.007391,1.137094,0
2026-07-02 15:46:24.893062,3.827450,1.126730,1.415299,0.007391,1.413342,0.007391,1.126730,0
2026-07-02 15:46:24.903316,3.830003,1.137094,1.415299,0.007391,1.413342,0.007391,1.137094,0
2026-07-02 15:46:24.905831,3.832429,1.121548,1.415299,0.007391,1.413342,0.007391,1.121548,0
2026-07-02 15:46:24.905831,3.834819,1.126730,1.415299,0.007391,1.418524,0.007391,1.126730,0
2026-07-02 15:46:24.905831,3.837215,1.131911,1.415299,0.007391,1.413342,0.007391,1.131911,0
2026-07-02 15:46:24.913371,3.839612,1.121548,1.415299,0.007391,1.413342,0.007391,1.121548,0
2026-07-02 15:46:24.913371,3.841892,1.126730,1.415299,0.007391,1.418524,0.007391,1.126730,0
2026-07-02 15:46:24.913371,3.844265,1.131911,1.415299,0.007391,1.413342,0.007391,1.131911,0
2026-07-02 15:46:24.913371,3.846888,1.131911,1.415299,0.007391,1.413342,0.007391,1.131911,0
2026-07-02 15:46:24.923469,3.849304,1.126730,1.415299,0.007391,1.413342,0.007391,1.126730,0
2026-07-02 15:46:24.923469,3.851841,1.131911,1.415299,0.002211,1.418524,0.002211,1.131911,0
2026-07-02 15:46:24.923469,3.854237,1.137094,1.415299,0.007391,1.418524,0.007391,1.137094,0
2026-07-02 15:46:24.923469,3.856659,1.126730,1.415299,0.007391,1.418524,0.007391,1.126730,0
2026-07-02 15:46:24.937523,3.859067,1.131911,1.415299,0.007391,1.418524,0.007391,1.131911,0
2026-07-02 15:46:24.939541,3.865830,1.131911,1.415299,0.007391,1.418524,0.007391,1.131911,0
2026-07-02 15:46:24.942597,3.868739,1.131911,1.415299,0.002211,1.413342,0.002211,1.131911,0
2026-07-02 15:46:24.944383,3.870975,1.131911,1.415299,0.007391,1.413342,0.007391,1.131911,0
2026-07-02 15:46:24.945821,3.873240,1.121548,1.415299,0.007391,1.418524,0.007391,1.121548,0
2026-07-02 15:46:24.948361,3.875614,1.137094,1.415299,0.007391,1.418524,0.007391,1.137094,0
2026-07-02 15:46:24.951041,3.877922,1.121548,1.415299,0.007391,1.418524,0.007391,1.121548,0
2026-07-02 15:46:24.954068,3.880196,1.126730,1.415299,0.007391,1.413342,0.007391,1.126730,0
2026-07-02 15:46:24.956084,3.882497,1.126730,1.415299,0.007391,1.418524,0.007391,1.126730,0
2026-07-02 15:46:24.959232,3.884764,1.131911,1.415299,0.007391,1.413342,0.007391,1.131911,0
2026-07-02 15:46:24.963263,3.888719,1.131911,1.415299,0.007391,1.418524,0.007391,1.131911,0
2026-07-02 15:46:24.964940,3.891616,1.126730,1.415299,0.007391,1.413342,0.007391,1.126730,0
2026-07-02 15:46:24.967712,3.893958,1.131911,1.415299,0.007391,1.418524,0.007391,1.131911,0
2026-07-02 15:46:24.969730,3.896256,1.126730,1.415299,0.007391,1.413342,0.007391,1.126730,0
2026-07-02 15:46:24.971748,3.898546,1.131911,1.415299,0.007391,1.413342,0.007391,1.131911,0
2026-07-02 15:46:24.974776,3.900967,1.131911,1.415299,0.007391,1.413342,0.007391,1.131911,0
2026-07-02 15:46:24.976790,3.903285,1.126730,1.415299,0.007391,1.413342,0.007391,1.126730,0
2026-07-02 15:46:24.978803,3.905687,1.121548,1.415299,0.007391,1.418524,0.007391,1.121548,0
2026-07-02 15:46:24.980819,3.908021,1.131911,1.415299,0.007391,1.413342,0.007391,1.131911,0
2026-07-02 15:46:24.983876,3.910354,1.126730,1.415299,0.007391,1.413342,0.007391,1.126730,0
2026-07-02 15:46:24.984887,3.912556,1.126730,1.415299,0.007391,1.413342,0.007391,1.126730,0
2026-07-02 15:46:24.984887,3.914816,1.131911,1.415299,0.007391,1.418524,0.007391,1.131911,0
2026-07-02 15:46:24.984887,3.917152,1.126730,1.415299,0.007391,1.413342,0.007391,1.126730,0
2026-07-02 15:46:24.992968,3.919526,1.131911,1.415299,0.007391,1.418524,0.007391,1.131911,0
2026-07-02 15:46:24.994987,3.921942,1.121548,1.415299,0.007391,1.418524,0.007391,1.121548,0
2026-07-02 15:46:24.994987,3.924277,1.131911,1.415299,0.007391,1.413342,0.007391,1.131911,0
2026-07-02 15:46:24.994987,3.926563,1.131911,1.415299,0.007391,1.418524,0.007391,1.131911,0
2026-07-02 15:46:24.994987,3.928938,1.131911,1.415299,0.007391,1.418524,0.007391,1.131911,0
2026-07-02 15:46:25.005173,3.931241,1.126730,1.415299,0.007391,1.413342,0.007391,1.126730,0
2026-07-02 15:46:25.006686,3.933526,1.126730,1.415299,0.007391,1.413342,0.007391,1.126730,0
2026-07-02 15:46:25.006686,3.935729,1.126730,1.415299,0.007391,1.413342,0.007391,1.126730,0
2026-07-02 15:46:25.006686,3.938137,1.121548,1.415299,0.007391,1.413342,0.007391,1.121548,0
2026-07-02 15:46:25.006686,3.940446,1.121548,1.415299,0.007391,1.413342,0.007391,1.121548,0
2026-07-02 15:46:25.015620,3.942681,1.121548,1.415299,0.007391,1.413342,0.007391,1.121548,0
2026-07-02 15:46:25.015620,3.944873,1.131911,1.415299,0.007391,1.413342,0.007391,1.131911,0
2026-07-02 15:46:25.015620,3.947242,1.131911,1.415299,0.007391,1.413342,0.007391,1.131911,0
2026-07-02 15:46:25.015620,3.949433,1.126730,1.415299,0.007391,1.413342,0.007391,1.126730,0
2026-07-02 15:46:25.025697,3.951662,1.131911,1.415299,0.007391,1.413342,0.007391,1.131911,0
2026-07-02 15:46:25.028290,3.953947,1.137094,1.415299,0.002211,1.418524,0.002211,1.137094,0
2026-07-02 15:46:25.030298,3.958225,1.121548,1.415299,0.007391,1.418524,0.007391,1.121548,0
2026-07-02 15:46:25.030298,3.960460,1.121548,1.415299,0.007391,1.418524,0.007391,1.121548,0
2026-07-02 15:46:25.040098,3.962921,1.121548,1.415299,0.007391,1.418524,0.007391,1.121548,0
2026-07-02 15:46:25.044304,3.968267,1.131911,1.415299,0.007391,1.413342,0.007391,1.131911,0
2026-07-02 15:46:25.046321,3.972799,1.121548,1.415299,0.007391,1.418524,0.007391,1.121548,0
2026-07-02 15:46:25.048337,3.975089,1.121548,1.415299,0.007391,1.418524,0.007391,1.121548,0
2026-07-02 15:46:25.051036,3.977391,1.126730,1.415299,0.007391,1.418524,0.007391,1.126730,0
2026-07-02 15:46:25.053050,3.979664,1.131911,1.415299,0.007391,1.413342,0.007391,1.131911,0
2026-07-02 15:46:25.053050,3.982101,1.121548,1.415299,0.007391,1.418524,0.007391,1.121548,0
2026-07-02 15:46:25.056579,3.984500,1.137094,1.415299,0.007391,1.418524,0.007391,1.137094,0
2026-07-02 15:46:25.056579,3.987036,1.131911,1.415299,0.007391,1.413342,0.007391,1.131911,0
2026-07-02 15:46:25.056579,3.989588,1.137094,1.415299,0.007391,1.418524,0.007391,1.137094,0
2026-07-02 15:46:25.056579,3.991985,1.126730,1.415299,0.007391,1.413342,0.007391,1.126730,0
2026-07-02 15:46:25.066684,3.994623,1.121548,1.415299,0.007391,1.413342,0.007391,1.121548,0
2026-07-02 15:46:25.066684,3.997034,1.131911,1.415299,0.007391,1.418524,0.007391,1.131911,0
2026-07-02 15:46:25.066684,3.999448,1.126730,1.415299,0.007391,1.413342,0.007391,1.126730,0
2026-07-02 15:46:25.066684,4.001952,1.131911,1.415299,0.007391,1.413342,0.007391,1.131911,0
2026-07-02 15:46:25.076748,4.004339,1.131911,1.415299,0.007391,1.413342,0.007391,1.131911,0
2026-07-02 15:46:25.076748,4.006764,1.131911,1.415299,0.007391,1.413342,0.007391,1.131911,0
2026-07-02 15:46:25.076748,4.009175,1.131911,1.415299,0.007391,1.413342,0.007391,1.131911,0
2026-07-02 15:46:25.076748,4.011956,1.121548,1.415299,0.007391,1.413342,0.007391,1.121548,0
2026-07-02 15:46:25.088850,4.014391,1.131911,1.415299,0.007391,1.418524,0.007391,1.131911,0
2026-07-02 15:46:25.092885,4.017110,1.137094,1.415299,0.007391,1.413342,0.007391,1.137094,0
2026-07-02 15:46:25.093750,4.021136,1.131911,1.415299,0.007391,1.418524,0.007391,1.131911,0
2026-07-02 15:46:25.099029,4.023604,1.126730,1.415299,0.007391,1.413342,0.007391,1.126730,0
2026-07-02 15:46:25.100375,4.027727,1.131911,1.415299,0.007391,1.413342,0.007391,1.131911,0
2026-07-02 15:46:25.102400,4.030056,1.131911,1.415299,0.007391,1.413342,0.007391,1.131911,0
2026-07-02 15:46:25.106430,4.032317,1.137094,1.415299,0.007391,1.413342,0.007391,1.137094,0
2026-07-02 15:46:25.108963,4.034559,1.121548,1.415299,0.007391,1.418524,0.007391,1.121548,0
2026-07-02 15:46:25.111310,4.037285,1.131911,1.415299,0.007391,1.413342,0.007391,1.131911,0
2026-07-02 15:46:25.113331,4.039623,1.126730,1.415299,0.007391,1.413342,0.007391,1.126730,0
2026-07-02 15:46:25.113331,4.041865,1.137094,1.415299,0.007391,1.413342,0.007391,1.137094,0
2026-07-02 15:46:25.119752,4.044023,1.126730,1.415299,0.007391,1.413342,0.007391,1.126730,0
2026-07-02 15:46:25.120911,4.048291,1.131911,1.410120,0.007391,1.413342,0.007391,1.131911,0
2026-07-02 15:46:25.122920,4.050564,1.126730,1.415299,0.007391,1.413342,0.007391,1.126730,0
2026-07-02 15:46:25.127468,4.052966,1.121548,1.415299,0.007391,1.413342,0.007391,1.121548,0
2026-07-02 15:46:25.127468,4.055921,1.131911,1.415299,0.007391,1.418524,0.007391,1.131911,0
2026-07-02 15:46:25.131754,4.058250,1.131911,1.415299,0.007391,1.418524,0.007391,1.131911,0
2026-07-02 15:46:25.133784,4.060558,1.131911,1.415299,0.007391,1.413342,0.007391,1.131911,0
2026-07-02 15:46:25.136384,4.062872,1.137094,1.415299,0.007391,1.418524,0.007391,1.137094,0
2026-07-02 15:46:25.137897,4.065121,1.126730,1.415299,0.007391,1.413342,0.007391,1.126730,0
2026-07-02 15:46:25.137897,4.067318,1.121548,1.415299,0.007391,1.418524,0.007391,1.121548,0
2026-07-02 15:46:25.143251,4.069553,1.131911,1.415299,0.007391,1.418524,0.007391,1.131911,0
2026-07-02 15:46:25.145395,4.072013,1.131911,1.415299,0.007391,1.413342,0.007391,1.131911,0
2026-07-02 15:46:25.149431,4.074262,1.131911,1.415299,0.007391,1.413342,0.007391,1.131911,0
2026-07-02 15:46:25.151445,4.078773,1.131911,1.415299,0.007391,1.413342,0.007391,1.131911,0
2026-07-02 15:46:25.155469,4.081361,1.126730,1.415299,0.007391,1.418524,0.007391,1.126730,0
2026-07-02 15:46:25.157482,4.083633,1.121548,1.415299,0.007391,1.413342,0.007391,1.121548,0
2026-07-02 15:46:25.160148,4.086156,1.126730,1.415299,0.007391,1.418524,0.007391,1.126730,0
2026-07-02 15:46:25.160148,4.088391,1.121548,1.415299,0.007391,1.418524,0.007391,1.121548,0
2026-07-02 15:46:25.163717,4.090602,1.121548,1.415299,0.007391,1.418524,0.007391,1.121548,0
2026-07-02 15:46:25.165730,4.092863,1.131911,1.415299,0.007391,1.418524,0.007391,1.131911,0
2026-07-02 15:46:25.168520,4.095524,1.121548,1.415299,0.007391,1.418524,0.007391,1.121548,0
2026-07-02 15:46:25.170536,4.097943,1.126730,1.415299,0.007391,1.418524,0.007391,1.126730,0
2026-07-02 15:46:25.172548,4.100186,1.131911,1.415299,0.007391,1.413342,0.007391,1.131911,0
2026-07-02 15:46:25.172548,4.102429,1.121548,1.415299,0.007391,1.413342,0.007391,1.121548,0
2026-07-02 15:46:25.178010,4.104626,1.131911,1.415299,0.007391,1.418524,0.007391,1.131911,0
2026-07-02 15:46:25.180430,4.106896,1.126730,1.415299,0.007391,1.413342,0.007391,1.126730,0
2026-07-02 15:46:25.180430,4.109142,1.131911,1.415299,0.007391,1.413342,0.007391,1.131911,0
2026-07-02 15:46:25.184280,4.112054,1.126730,1.415299,0.007391,1.418524,0.007391,1.126730,0
2026-07-02 15:46:25.189282,4.114334,1.126730,1.415299,0.007391,1.418524,0.007391,1.126730,0
2026-07-02 15:46:25.192572,4.119121,1.126730,1.415299,0.007391,1.418524,0.007391,1.126730,0
2026-07-02 15:46:25.194612,4.121860,1.121548,1.415299,0.007391,1.413342,0.007391,1.121548,0
2026-07-02 15:46:25.197642,4.124144,1.121548,1.415299,0.007391,1.413342,0.007391,1.121548,0
2026-07-02 15:46:25.199933,4.126408,1.137094,1.415299,0.007391,1.413342,0.007391,1.137094,0
2026-07-02 15:46:25.199933,4.128856,1.126730,1.410120,0.007391,1.418524,0.007391,1.126730,0
2026-07-02 15:46:25.199933,4.131188,1.131911,1.415299,0.007391,1.418524,0.007391,1.131911,0
2026-07-02 15:46:25.207431,4.133459,1.137094,1.415299,0.007391,1.413342,0.007391,1.137094,0
2026-07-02 15:46:25.209371,4.135938,1.126730,1.415299,0.007391,1.413342,0.007391,1.126730,0
2026-07-02 15:46:25.209371,4.138225,1.131911,1.415299,0.012572,1.413342,0.012572,1.131911,0
2026-07-02 15:46:25.213990,4.140529,1.131911,1.415299,0.007391,1.413342,0.007391,1.131911,0
2026-07-02 15:46:25.216003,4.142772,1.121548,1.415299,0.007391,1.413342,0.007391,1.121548,0
2026-07-02 15:46:25.217762,4.145346,1.126730,1.415299,0.007391,1.418524,0.007391,1.126730,0
2026-07-02 15:46:25.217762,4.147633,1.121548,1.415299,0.007391,1.413342,0.007391,1.121548,0
2026-07-02 15:46:25.217762,4.149871,1.137094,1.415299,0.007391,1.418524,0.007391,1.137094,0
2026-07-02 15:46:25.225913,4.152175,1.137094,1.415299,0.007391,1.413342,0.007391,1.137094,0
2026-07-02 15:46:25.229152,4.154488,1.131911,1.415299,0.007391,1.413342,0.007391,1.131911,0
2026-07-02 15:46:25.233198,4.159313,1.126730,1.415299,0.007391,1.413342,0.007391,1.126730,0
2026-07-02 15:46:25.234312,4.162155,1.131911,1.415299,0.007391,1.413342,0.007391,1.131911,0
2026-07-02 15:46:25.237595,4.164373,1.126730,1.415299,0.007391,1.418524,0.007391,1.126730,0
2026-07-02 15:46:25.242634,4.166615,1.137094,1.415299,0.007391,1.418524,0.007391,1.137094,0
2026-07-02 15:46:25.243655,4.170812,1.131911,1.415299,0.007391,1.418524,0.007391,1.131911,0
2026-07-02 15:46:25.245749,4.173095,1.131911,1.415299,0.007391,1.413342,0.007391,1.131911,0
2026-07-02 15:46:25.248778,4.175396,1.121548,1.415299,0.007391,1.413342,0.007391,1.121548,0
2026-07-02 15:46:25.250791,4.177687,1.137094,1.415299,0.002211,1.418524,0.002211,1.137094,0
2026-07-02 15:46:25.252810,4.179949,1.121548,1.415299,0.007391,1.418524,0.007391,1.121548,0
2026-07-02 15:46:25.254824,4.182200,1.121548,1.415299,0.007391,1.418524,0.007391,1.121548,0
2026-07-02 15:46:25.259025,4.184430,1.131911,1.415299,0.007391,1.413342,0.007391,1.131911,0
2026-07-02 15:46:25.259025,4.187225,1.131911,1.415299,0.007391,1.413342,0.007391,1.131911,0
2026-07-02 15:46:25.262463,4.189468,1.137094,1.415299,0.007391,1.413342,0.007391,1.137094,0
2026-07-02 15:46:25.264477,4.191719,1.131911,1.415299,0.007391,1.418524,0.007391,1.131911,0
2026-07-02 15:46:25.266504,4.193958,1.126730,1.415299,0.007391,1.413342,0.007391,1.126730,0
2026-07-02 15:46:25.275890,4.196241,1.131911,1.415299,0.007391,1.418524,0.007391,1.131911,0
2026-07-02 15:46:25.277422,4.204418,1.121548,1.410120,0.007391,1.418524,0.007391,1.121548,0
2026-07-02 15:46:25.279436,4.206879,1.131911,1.415299,0.007391,1.418524,0.007391,1.131911,0
2026-07-02 15:46:25.283654,4.209162,1.126730,1.415299,0.007391,1.413342,0.007391,1.126730,0
2026-07-02 15:46:25.285489,4.212280,1.131911,1.415299,0.007391,1.413342,0.007391,1.131911,0
2026-07-02 15:46:25.288071,4.214535,1.126730,1.415299,0.007391,1.413342,0.007391,1.126730,0
2026-07-02 15:46:25.288071,4.216780,1.126730,1.415299,0.007391,1.418524,0.007391,1.126730,0
2026-07-02 15:46:25.292673,4.219107,1.131911,1.415299,0.007391,1.413342,0.007391,1.131911,0
2026-07-02 15:46:25.294695,4.221413,1.131911,1.415299,0.002211,1.413342,0.002211,1.131911,0
2026-07-02 15:46:25.297718,4.223698,1.131911,1.415299,0.002211,1.418524,0.002211,1.131911,0
2026-07-02 15:46:25.299746,4.225960,1.131911,1.415299,0.007391,1.418524,0.007391,1.131911,0
2026-07-02 15:46:25.299746,4.228722,1.131911,1.415299,0.002211,1.413342,0.002211,1.131911,0
2026-07-02 15:46:25.303298,4.231060,1.131911,1.415299,0.007391,1.413342,0.007391,1.131911,0
2026-07-02 15:46:25.307324,4.233315,1.121548,1.415299,0.007391,1.413342,0.007391,1.121548,0
2026-07-02 15:46:25.307835,4.235608,1.131911,1.415299,0.007391,1.413342,0.007391,1.131911,0
2026-07-02 15:46:25.311734,4.237908,1.121548,1.415299,0.007391,1.418524,0.007391,1.121548,0
2026-07-02 15:46:25.313752,4.240191,1.131911,1.415299,0.007391,1.413342,0.007391,1.131911,0
2026-07-02 15:46:25.315513,4.242444,1.131911,1.415299,0.007391,1.413342,0.007391,1.131911,0
2026-07-02 15:46:25.320113,4.245333,1.126730,1.420479,0.007391,1.413342,0.007391,1.126730,0
2026-07-02 15:46:25.323086,4.250225,1.131911,1.415299,0.007391,1.413342,0.007391,1.131911,0
2026-07-02 15:46:25.325661,4.252546,1.121548,1.415299,0.007391,1.413342,0.007391,1.121548,0
2026-07-02 15:46:25.327682,4.254789,1.131911,1.420479,0.007391,1.413342,0.007391,1.131911,0
2026-07-02 15:46:25.330061,4.257042,1.121548,1.410120,0.007391,1.418524,0.007391,1.121548,0
2026-07-02 15:46:25.332074,4.259311,1.126730,1.415299,0.007391,1.413342,0.007391,1.126730,0
2026-07-02 15:46:25.336127,4.262147,1.131911,1.415299,0.007391,1.413342,0.007391,1.131911,0
2026-07-02 15:46:25.337439,4.264706,1.126730,1.415299,0.007391,1.418524,0.007391,1.126730,0
2026-07-02 15:46:25.339451,4.267063,1.131911,1.415299,0.007391,1.413342,0.007391,1.131911,0
2026-07-02 15:46:25.343245,4.269300,1.126730,1.415299,0.007391,1.418524,0.007391,1.126730,0
2026-07-02 15:46:25.345262,4.271545,1.121548,1.415299,0.007391,1.418524,0.007391,1.121548,0
2026-07-02 15:46:25.348292,4.273802,1.131911,1.415299,0.007391,1.413342,0.007391,1.131911,0
2026-07-02 15:46:25.351829,4.276660,1.131911,1.415299,0.002211,1.418524,0.002211,1.131911,0
2026-07-02 15:46:25.351829,4.281006,1.131911,1.415299,0.007391,1.418524,0.007391,1.131911,0
2026-07-02 15:46:25.357018,4.283373,1.121548,1.415299,0.007391,1.418524,0.007391,1.121548,0
2026-07-02 15:46:25.359029,4.285626,1.131911,1.415299,0.007391,1.413342,0.007391,1.131911,0
2026-07-02 15:46:25.361474,4.287956,1.131911,1.415299,0.007391,1.418524,0.007391,1.131911,0
2026-07-02 15:46:25.363489,4.290242,1.131911,1.415299,0.007391,1.418524,0.007391,1.131911,0
2026-07-02 15:46:25.368539,4.292495,1.131911,1.415299,0.007391,1.413342,0.007391,1.131911,0
2026-07-02 15:46:25.372750,4.298438,1.131911,1.415299,0.007391,1.413342,0.007391,1.131911,0
2026-07-02 15:46:25.372750,4.301149,1.137094,1.415299,0.007391,1.413342,0.007391,1.137094,0
2026-07-02 15:46:25.376949,4.303922,1.126730,1.415299,0.007391,1.418524,0.007391,1.126730,0
2026-07-02 15:46:25.378964,4.306259,1.131911,1.415299,0.002211,1.413342,0.002211,1.131911,0
2026-07-02 15:46:25.382021,4.308582,1.121548,1.415299,0.007391,1.418524,0.007391,1.121548,0
2026-07-02 15:46:25.382021,4.310874,1.137094,1.415299,0.007391,1.413342,0.007391,1.137094,0
2026-07-02 15:46:25.390216,4.313181,1.131911,1.415299,0.002211,1.418524,0.002211,1.131911,0
2026-07-02 15:46:25.392752,4.318466,1.137094,1.415299,0.007391,1.413342,0.007391,1.137094,0
2026-07-02 15:46:25.394563,4.321942,1.126730,1.410120,0.007391,1.418524,0.007391,1.126730,0
2026-07-02 15:46:25.396577,4.324219,1.131911,1.415299,0.002211,1.413342,0.002211,1.131911,0
2026-07-02 15:46:25.400600,4.326507,1.126730,1.415299,0.007391,1.413342,0.007391,1.126730,0
2026-07-02 15:46:25.400600,4.328843,1.131911,1.415299,0.007391,1.418524,0.007391,1.131911,0
2026-07-02 15:46:25.400600,4.331100,1.126730,1.415299,0.007391,1.413342,0.007391,1.126730,0
2026-07-02 15:46:25.408507,4.333389,1.126730,1.415299,0.007391,1.418524,0.007391,1.126730,0
2026-07-02 15:46:25.408507,4.337163,1.126730,1.415299,0.007391,1.418524,0.007391,1.126730,0
2026-07-02 15:46:25.413297,4.339441,1.131911,1.415299,0.007391,1.418524,0.007391,1.131911,0
2026-07-02 15:46:25.415313,4.341745,1.131911,1.415299,0.007391,1.418524,0.007391,1.131911,0
2026-07-02 15:46:25.420380,4.343992,1.137094,1.415299,0.007391,1.413342,0.007391,1.137094,0
2026-07-02 15:46:25.421277,4.348651,1.126730,1.415299,0.007391,1.413342,0.007391,1.126730,0
2026-07-02 15:46:25.421277,4.351449,1.131911,1.415299,0.007391,1.413342,0.007391,1.131911,0
2026-07-02 15:46:25.427175,4.353849,1.126730,1.415299,0.007391,1.418524,0.007391,1.126730,0
2026-07-02 15:46:25.429192,4.356660,1.131911,1.415299,0.002211,1.413342,0.002211,1.131911,0
2026-07-02 15:46:25.431206,4.358922,1.131911,1.415299,0.007391,1.413342,0.007391,1.131911,0
2026-07-02 15:46:25.431206,4.361105,1.131911,1.415299,0.007391,1.413342,0.007391,1.131911,0
2026-07-02 15:46:25.436878,4.363380,1.126730,1.415299,0.007391,1.418524,0.007391,1.126730,0
2026-07-02 15:46:25.437619,4.365569,1.131911,1.415299,0.007391,1.413342,0.007391,1.131911,0
2026-07-02 15:46:25.440708,4.367776,1.126730,1.415299,0.007391,1.413342,0.007391,1.126730,0
2026-07-02 15:46:25.443241,4.370389,1.131911,1.415299,0.007391,1.413342,0.007391,1.131911,0
2026-07-02 15:46:25.443241,4.372654,1.126730,1.415299,0.007391,1.413342,0.007391,1.126730,0
2026-07-02 15:46:25.451046,4.374998,1.137094,1.415299,0.007391,1.418524,0.007391,1.137094,0
2026-07-02 15:46:25.453064,4.380007,1.131911,1.415299,0.007391,1.413342,0.007391,1.131911,0
2026-07-02 15:46:25.456139,4.382299,1.137094,1.415299,0.007391,1.418524,0.007391,1.137094,0
2026-07-02 15:46:25.457153,4.384631,1.121548,1.415299,0.007391,1.418524,0.007391,1.121548,0
2026-07-02 15:46:25.459168,4.387196,1.131911,1.415299,0.007391,1.418524,0.007391,1.131911,0
2026-07-02 15:46:25.462937,4.389393,1.126730,1.415299,0.007391,1.418524,0.007391,1.126730,0
2026-07-02 15:46:25.464950,4.391653,1.131911,1.415299,0.007391,1.413342,0.007391,1.131911,0
2026-07-02 15:46:25.467009,4.393996,1.121548,1.415299,0.007391,1.413342,0.007391,1.121548,0
2026-07-02 15:46:25.467009,4.396191,1.121548,1.415299,0.007391,1.413342,0.007391,1.121548,0
2026-07-02 15:46:25.472303,4.398475,1.131911,1.415299,0.007391,1.418524,0.007391,1.131911,0
2026-07-02 15:46:25.474501,4.400767,1.137094,1.415299,0.007391,1.418524,0.007391,1.137094,0
2026-07-02 15:46:25.478534,4.403658,1.131911,1.415299,0.007391,1.418524,0.007391,1.131911,0
2026-07-02 15:46:25.482568,4.408070,1.137094,1.415299,0.002211,1.413342,0.002211,1.137094,0
2026-07-02 15:46:25.484946,4.411417,1.121548,1.415299,0.007391,1.418524,0.007391,1.121548,0
2026-07-02 15:46:25.487417,4.413738,1.126730,1.415299,0.007391,1.418524,0.007391,1.126730,0
2026-07-02 15:46:25.488157,4.415933,1.126730,1.420479,0.007391,1.418524,0.007391,1.126730,0
2026-07-02 15:46:25.490165,4.418186,1.126730,1.415299,0.007391,1.418524,0.007391,1.126730,0
2026-07-02 15:46:25.493388,4.420498,1.131911,1.415299,0.007391,1.418524,0.007391,1.131911,0
2026-07-02 15:46:25.496808,4.422755,1.131911,1.415299,0.007391,1.413342,0.007391,1.131911,0
2026-07-02 15:46:25.496808,4.425403,1.121548,1.415299,0.007391,1.413342,0.007391,1.121548,0
2026-07-02 15:46:25.496808,4.427662,1.137094,1.415299,0.007391,1.418524,0.007391,1.137094,0
2026-07-02 15:46:25.496808,4.429927,1.131911,1.415299,0.007391,1.413342,0.007391,1.131911,0
2026-07-02 15:46:25.496808,4.432273,1.126730,1.415299,0.007391,1.413342,0.007391,1.126730,0
2026-07-02 15:46:25.506905,4.434493,1.131911,1.415299,0.007391,1.418524,0.007391,1.131911,0
2026-07-02 15:46:25.508916,4.437264,1.131911,1.415299,0.007391,1.413342,0.007391,1.131911,0
2026-07-02 15:46:25.508916,4.439585,1.121548,1.415299,0.007391,1.418524,0.007391,1.121548,0
2026-07-02 15:46:25.508916,4.441838,1.131911,1.415299,0.007391,1.418524,0.007391,1.131911,0
2026-07-02 15:46:25.517721,4.444060,1.131911,1.415299,0.007391,1.413342,0.007391,1.131911,0
2026-07-02 15:46:25.519476,4.446277,1.121548,1.415299,0.007391,1.418524,0.007391,1.121548,0
2026-07-02 15:46:25.521490,4.448571,1.137094,1.415299,0.007391,1.418524,0.007391,1.137094,0
2026-07-02 15:46:25.523505,4.450794,1.121548,1.415299,0.007391,1.418524,0.007391,1.121548,0
2026-07-02 15:46:25.530014,4.453591,1.131911,1.415299,0.002211,1.413342,0.002211,1.131911,0
2026-07-02 15:46:25.532033,4.458268,1.131911,1.415299,0.007391,1.413342,0.007391,1.131911,0
2026-07-02 15:46:25.535245,4.461987,1.126730,1.415299,0.007391,1.418524,0.007391,1.126730,0
2026-07-02 15:46:25.538020,4.464280,1.126730,1.415299,0.007391,1.413342,0.007391,1.126730,0
2026-07-02 15:46:25.540037,4.466528,1.131911,1.415299,0.007391,1.413342,0.007391,1.131911,0
2026-07-02 15:46:25.542818,4.468774,1.137094,1.415299,0.007391,1.413342,0.007391,1.137094,0
2026-07-02 15:46:25.544633,4.471101,1.121548,1.415299,0.007391,1.418524,0.007391,1.121548,0
2026-07-02 15:46:25.546950,4.473381,1.131911,1.415299,0.007391,1.418524,0.007391,1.131911,0
2026-07-02 15:46:25.549671,4.475638,1.137094,1.415299,0.007391,1.413342,0.007391,1.137094,0
2026-07-02 15:46:25.549671,4.478741,1.126730,1.415299,0.007391,1.413342,0.007391,1.126730,0
2026-07-02 15:46:25.554876,4.481045,1.131911,1.415299,0.007391,1.413342,0.007391,1.131911,0
2026-07-02 15:46:25.556893,4.483400,1.131911,1.415299,0.007391,1.418524,0.007391,1.131911,0
2026-07-02 15:46:25.562184,4.485650,1.126730,1.415299,0.007391,1.418524,0.007391,1.126730,0
2026-07-02 15:46:25.562184,4.491465,1.131911,1.415299,0.007391,1.413342,0.007391,1.131911,0
2026-07-02 15:46:25.566924,4.493763,1.131911,1.415299,0.007391,1.413342,0.007391,1.131911,0
2026-07-02 15:46:25.567918,4.495976,1.131911,1.415299,0.007391,1.413342,0.007391,1.131911,0
2026-07-02 15:46:25.567918,4.498407,1.131911,1.415299,0.007391,1.413342,0.007391,1.131911,0
2026-07-02 15:46:25.567918,4.500669,1.137094,1.415299,0.007391,1.418524,0.007391,1.137094,0
2026-07-02 15:46:25.567918,4.503029,1.131911,1.415299,0.007391,1.418524,0.007391,1.131911,0
2026-07-02 15:46:25.579358,4.505324,1.131911,1.415299,0.007391,1.413342,0.007391,1.131911,0
2026-07-02 15:46:25.581376,4.507653,1.131911,1.415299,0.007391,1.418524,0.007391,1.131911,0
2026-07-02 15:46:25.581376,4.509924,1.131911,1.415299,0.007391,1.418524,0.007391,1.131911,0
2026-07-02 15:46:25.585065,4.512299,1.131911,1.415299,0.007391,1.413342,0.007391,1.131911,0
2026-07-02 15:46:25.589608,4.514574,1.121548,1.415299,0.007391,1.418524,0.007391,1.121548,0
2026-07-02 15:46:25.592661,4.518804,1.126730,1.415299,0.007391,1.418524,0.007391,1.126730,0
2026-07-02 15:46:25.594678,4.521094,1.121548,1.415299,0.007391,1.418524,0.007391,1.121548,0
2026-07-02 15:46:25.596695,4.523413,1.126730,1.415299,0.007391,1.418524,0.007391,1.126730,0
2026-07-02 15:46:25.597702,4.525672,1.126730,1.410120,0.007391,1.413342,0.007391,1.126730,0
2026-07-02 15:46:25.601558,4.527977,1.121548,1.415299,0.007391,1.418524,0.007391,1.121548,0
2026-07-02 15:46:25.603593,4.530251,1.137094,1.415299,0.002211,1.418524,0.002211,1.137094,0
2026-07-02 15:46:25.605614,4.532618,1.131911,1.415299,0.007391,1.418524,0.007391,1.131911,0
2026-07-02 15:46:25.613106,4.534851,1.121548,1.415299,0.007391,1.418524,0.007391,1.121548,0
2026-07-02 15:46:25.615116,4.541292,1.131911,1.415299,0.007391,1.413342,0.007391,1.131911,0
2026-07-02 15:46:25.627245,4.544148,1.121548,1.415299,0.007391,1.413342,0.007391,1.121548,0
2026-07-02 15:46:25.634037,4.555959,1.137094,1.415299,0.007391,1.413342,0.007391,1.137094,0
2026-07-02 15:46:25.637581,4.563335,1.121548,1.415299,0.007391,1.418524,0.007391,1.121548,0
2026-07-02 15:46:25.643661,4.568668,1.131911,1.415299,0.007391,1.418524,0.007391,1.131911,0
2026-07-02 15:46:25.647684,4.574297,1.121548,1.410120,0.007391,1.418524,0.007391,1.121548,0
2026-07-02 15:46:25.658918,4.584497,1.126730,1.415299,0.007391,1.413342,0.007391,1.126730,0
2026-07-02 15:46:25.663146,4.588409,1.126730,1.415299,0.007391,1.413342,0.007391,1.126730,0
2026-07-02 15:46:25.668184,4.591388,1.137094,1.415299,0.007391,1.413342,0.007391,1.137094,0
2026-07-02 15:46:25.669020,4.596476,1.126730,1.415299,0.007391,1.418524,0.007391,1.126730,0
2026-07-02 15:46:25.673051,4.598872,1.137094,1.415299,0.007391,1.418524,0.007391,1.137094,0
2026-07-02 15:46:25.675060,4.601307,1.126730,1.415299,0.007391,1.413342,0.007391,1.126730,0
2026-07-02 15:46:25.677076,4.603859,1.126730,1.415299,0.007391,1.418524,0.007391,1.126730,0
2026-07-02 15:46:25.678584,4.606246,1.131911,1.415299,0.002211,1.418524,0.002211,1.131911,0
2026-07-02 15:46:25.682607,4.608580,1.131911,1.415299,0.007391,1.418524,0.007391,1.131911,0
2026-07-02 15:46:25.683814,4.611095,1.126730,1.415299,0.007391,1.418524,0.007391,1.126730,0
2026-07-02 15:46:25.687842,4.613545,1.131911,1.415299,0.007391,1.413342,0.007391,1.131911,0
2026-07-02 15:46:25.688857,4.616032,1.137094,1.415299,0.002211,1.418524,0.002211,1.137094,0
2026-07-02 15:46:25.690876,4.618487,1.137094,1.415299,0.007391,1.418524,0.007391,1.137094,0
2026-07-02 15:46:25.692891,4.620908,1.131911,1.415299,0.007391,1.413342,0.007391,1.131911,0
2026-07-02 15:46:25.696474,4.623191,1.121548,1.415299,0.007391,1.413342,0.007391,1.121548,0
2026-07-02 15:46:25.699367,4.625667,1.131911,1.415299,0.007391,1.413342,0.007391,1.131911,0
2026-07-02 15:46:25.700474,4.628162,1.121548,1.415299,0.007391,1.413342,0.007391,1.121548,0
2026-07-02 15:46:25.703969,4.630605,1.126730,1.415299,0.007391,1.413342,0.007391,1.126730,0
2026-07-02 15:46:25.705981,4.633140,1.131911,1.415299,0.007391,1.413342,0.007391,1.131911,0
2026-07-02 15:46:25.709740,4.635655,1.137094,1.415299,0.007391,1.418524,0.007391,1.137094,0
2026-07-02 15:46:25.710750,4.638436,1.131911,1.415299,0.007391,1.413342,0.007391,1.131911,0
2026-07-02 15:46:25.715038,4.640866,1.121548,1.415299,0.007391,1.413342,0.007391,1.121548,0
2026-07-02 15:46:25.717054,4.643390,1.121548,1.415299,0.007391,1.413342,0.007391,1.121548,0
2026-07-02 15:46:25.719069,4.645749,1.126730,1.415299,0.007391,1.418524,0.007391,1.126730,0
2026-07-02 15:46:25.720078,4.648116,1.126730,1.415299,0.007391,1.418524,0.007391,1.126730,0
2026-07-02 15:46:25.723954,4.650458,1.121548,1.415299,0.007391,1.413342,0.007391,1.121548,0
2026-07-02 15:46:25.725964,4.652740,1.137094,1.415299,0.007391,1.418524,0.007391,1.137094,0
2026-07-02 15:46:25.725964,4.655229,1.131911,1.415299,0.007391,1.413342,0.007391,1.131911,0
2026-07-02 15:46:25.730514,4.657413,1.126730,1.415299,0.007391,1.418524,0.007391,1.126730,0
2026-07-02 15:46:25.732534,4.659630,1.121548,1.410120,0.007391,1.413342,0.007391,1.121548,0
2026-07-02 15:46:25.734550,4.662027,1.137094,1.415299,0.007391,1.413342,0.007391,1.137094,0
2026-07-02 15:46:25.737914,4.664412,1.137094,1.415299,0.007391,1.413342,0.007391,1.137094,0
2026-07-02 15:46:25.739927,4.666677,1.126730,1.415299,0.007391,1.418524,0.007391,1.126730,0
2026-07-02 15:46:25.742950,4.668906,1.126730,1.415299,0.007391,1.418524,0.007391,1.126730,0
2026-07-02 15:46:25.743965,4.671214,1.131911,1.415299,0.002211,1.413342,0.002211,1.131911,0
2026-07-02 15:46:25.745982,4.673504,1.131911,1.415299,0.007391,1.413342,0.007391,1.131911,0
2026-07-02 15:46:25.745982,4.675741,1.131911,1.415299,0.007391,1.413342,0.007391,1.131911,0
2026-07-02 15:46:25.751090,4.678132,1.126730,1.415299,0.007391,1.413342,0.007391,1.126730,0
2026-07-02 15:46:25.751090,4.680335,1.131911,1.415299,0.007391,1.413342,0.007391,1.131911,0
2026-07-02 15:46:25.751090,4.682564,1.137094,1.415299,0.007391,1.413342,0.007391,1.137094,0
2026-07-02 15:46:25.758368,4.684913,1.121548,1.415299,0.007391,1.413342,0.007391,1.121548,0
2026-07-02 15:46:25.761393,4.687268,1.131911,1.415299,0.007391,1.413342,0.007391,1.131911,0
2026-07-02 15:46:25.763407,4.689732,1.131911,1.415299,0.007391,1.413342,0.007391,1.131911,0
2026-07-02 15:46:25.765420,4.691985,1.137094,1.415299,0.007391,1.413342,0.007391,1.137094,0
2026-07-02 15:46:25.765420,4.694213,1.121548,1.415299,0.007391,1.418524,0.007391,1.121548,0
2026-07-02 15:46:25.765420,4.696468,1.137094,1.415299,0.007391,1.413342,0.007391,1.137094,0
2026-07-02 15:46:25.772262,4.698722,1.131911,1.415299,0.007391,1.413342,0.007391,1.131911,0
2026-07-02 15:46:25.774276,4.701653,1.131911,1.415299,0.007391,1.413342,0.007391,1.131911,0
2026-07-02 15:46:25.776288,4.703986,1.126730,1.420479,0.007391,1.413342,0.007391,1.126730,0
2026-07-02 15:46:25.778295,4.706276,1.131911,1.415299,0.007391,1.413342,0.007391,1.131911,0
2026-07-02 15:46:25.781894,4.708574,1.131911,1.415299,0.007391,1.418524,0.007391,1.131911,0
2026-07-02 15:46:25.784323,4.710815,1.131911,1.415299,0.002211,1.413342,0.002211,1.131911,0
2026-07-02 15:46:25.784323,4.713073,1.121548,1.415299,0.007391,1.418524,0.007391,1.121548,0
2026-07-02 15:46:25.787718,4.715329,1.121548,1.415299,0.007391,1.418524,0.007391,1.121548,0
2026-07-02 15:46:25.789723,4.717570,1.131911,1.415299,0.007391,1.413342,0.007391,1.131911,0
2026-07-02 15:46:25.793710,4.719810,1.131911,1.415299,0.007391,1.413342,0.007391,1.131911,0
2026-07-02 15:46:25.795723,4.722163,1.131911,1.415299,0.007391,1.413342,0.007391,1.131911,0
2026-07-02 15:46:25.797736,4.724984,1.131911,1.415299,0.007391,1.418524,0.007391,1.131911,0
2026-07-02 15:46:25.800073,4.727254,1.121548,1.415299,0.007391,1.413342,0.007391,1.121548,0
2026-07-02 15:46:25.800073,4.729585,1.126730,1.415299,0.007391,1.418524,0.007391,1.126730,0
2026-07-02 15:46:25.800073,4.731853,1.121548,1.415299,0.007391,1.418524,0.007391,1.121548,0
2026-07-02 15:46:25.808415,4.734117,1.131911,1.415299,0.007391,1.418524,0.007391,1.131911,0
2026-07-02 15:46:25.810173,4.736556,1.131911,1.415299,0.007391,1.413342,0.007391,1.131911,0
2026-07-02 15:46:25.811186,4.738840,1.126730,1.415299,0.007391,1.413342,0.007391,1.126730,0
2026-07-02 15:46:25.815215,4.741209,1.131911,1.415299,0.007391,1.418524,0.007391,1.131911,0
2026-07-02 15:46:25.815215,4.743686,1.131911,1.415299,0.002211,1.413342,0.002211,1.131911,0
2026-07-02 15:46:25.821889,4.745973,1.126730,1.415299,0.007391,1.418524,0.007391,1.126730,0
2026-07-02 15:46:25.823902,4.750133,1.126730,1.415299,0.007391,1.413342,0.007391,1.126730,0
2026-07-02 15:46:25.823902,4.752468,1.126730,1.415299,0.007391,1.418524,0.007391,1.126730,0
2026-07-02 15:46:25.823902,4.754733,1.131911,1.415299,0.007391,1.413342,0.007391,1.131911,0
2026-07-02 15:46:25.829889,4.756982,1.131911,1.415299,0.007391,1.413342,0.007391,1.131911,0
2026-07-02 15:46:25.832052,4.759208,1.126730,1.415299,0.007391,1.418524,0.007391,1.126730,0
2026-07-02 15:46:25.834069,4.761435,1.126730,1.415299,0.007391,1.413342,0.007391,1.126730,0
2026-07-02 15:46:25.836084,4.763693,1.126730,1.415299,0.007391,1.418524,0.007391,1.126730,0
2026-07-02 15:46:25.839508,4.765965,1.121548,1.415299,0.007391,1.418524,0.007391,1.121548,0
2026-07-02 15:46:25.841521,4.768161,1.121548,1.410120,0.007391,1.413342,0.007391,1.121548,0
2026-07-02 15:46:25.843915,4.770357,1.121548,1.415299,0.007391,1.418524,0.007391,1.121548,0
2026-07-02 15:46:25.845928,4.772575,1.126730,1.415299,0.007391,1.418524,0.007391,1.126730,0
2026-07-02 15:46:25.847940,4.774816,1.126730,1.415299,0.007391,1.413342,0.007391,1.126730,0
2026-07-02 15:46:25.849695,4.777046,1.131911,1.415299,0.007391,1.418524,0.007391,1.131911,0
2026-07-02 15:46:25.851708,4.779332,1.131911,1.415299,0.007391,1.418524,0.007391,1.131911,0
2026-07-02 15:46:25.855726,4.781621,1.131911,1.415299,0.007391,1.418524,0.007391,1.131911,0
2026-07-02 15:46:25.855726,4.783873,1.137094,1.415299,0.007391,1.413342,0.007391,1.137094,0
2026-07-02 15:46:25.859852,4.786298,1.126730,1.415299,0.007391,1.413342,0.007391,1.126730,0
2026-07-02 15:46:25.859852,4.788556,1.126730,1.415299,0.007391,1.413342,0.007391,1.126730,0
2026-07-02 15:46:25.859852,4.790778,1.131911,1.415299,0.007391,1.418524,0.007391,1.131911,0
2026-07-02 15:46:25.859852,4.793008,1.131911,1.415299,0.007391,1.418524,0.007391,1.131911,0
2026-07-02 15:46:25.868677,4.795343,1.126730,1.415299,0.007391,1.413342,0.007391,1.126730,0
2026-07-02 15:46:25.872207,4.797553,1.131911,1.415299,0.007391,1.413342,0.007391,1.131911,0
2026-07-02 15:46:25.876231,4.800474,1.131911,1.415299,0.007391,1.413342,0.007391,1.131911,0
2026-07-02 15:46:25.878844,4.806136,1.131911,1.415299,0.007391,1.413342,0.007391,1.131911,0
2026-07-02 15:46:25.886621,4.808447,1.131911,1.415299,0.007391,1.418524,0.007391,1.131911,0
2026-07-02 15:46:25.889970,4.814817,1.131911,1.415299,0.007391,1.418524,0.007391,1.131911,0
2026-07-02 15:46:25.892999,4.818674,1.126730,1.415299,0.007391,1.413342,0.007391,1.126730,0
2026-07-02 15:46:25.892999,4.821943,1.131911,1.415299,0.007391,1.413342,0.007391,1.131911,0
2026-07-02 15:46:25.892999,4.825951,1.126730,1.415299,0.007391,1.418524,0.007391,1.126730,0
2026-07-02 15:46:25.901088,4.828787,1.131911,1.415299,0.012572,1.413342,0.012572,1.131911,0
2026-07-02 15:46:25.901088,4.831096,1.126730,1.415299,0.007391,1.413342,0.007391,1.126730,0
2026-07-02 15:46:25.901088,4.833715,1.137094,1.415299,0.007391,1.413342,0.007391,1.137094,0
2026-07-02 15:46:25.901088,4.836307,1.126730,1.415299,0.007391,1.413342,0.007391,1.126730,0
2026-07-02 15:46:25.911741,4.838734,1.126730,1.415299,0.007391,1.413342,0.007391,1.126730,0
2026-07-02 15:46:25.911741,4.841082,1.121548,1.410120,0.007391,1.413342,0.007391,1.121548,0
2026-07-02 15:46:25.911741,4.843533,1.126730,1.415299,0.007391,1.413342,0.007391,1.126730,0
2026-07-02 15:46:25.911741,4.845965,1.131911,1.415299,0.007391,1.418524,0.007391,1.131911,0
2026-07-02 15:46:25.921831,4.848344,1.126730,1.415299,0.007391,1.418524,0.007391,1.126730,0
2026-07-02 15:46:25.921831,4.851016,1.121548,1.415299,0.007391,1.418524,0.007391,1.121548,0
2026-07-02 15:46:25.921831,4.853588,1.131911,1.415299,0.007391,1.413342,0.007391,1.131911,0
2026-07-02 15:46:25.921831,4.856017,1.131911,1.415299,0.007391,1.413342,0.007391,1.131911,0
2026-07-02 15:46:25.931914,4.858424,1.126730,1.415299,0.007391,1.413342,0.007391,1.126730,0
2026-07-02 15:46:25.931914,4.860896,1.131911,1.415299,0.007391,1.418524,0.007391,1.131911,0
2026-07-02 15:46:25.931914,4.863383,1.131911,1.415299,0.007391,1.418524,0.007391,1.131911,0
2026-07-02 15:46:25.931914,4.866592,1.126730,1.415299,0.007391,1.413342,0.007391,1.126730,0
2026-07-02 15:46:25.942045,4.868998,1.131911,1.415299,0.007391,1.413342,0.007391,1.131911,0
2026-07-02 15:46:25.944056,4.871402,1.126730,1.415299,0.007391,1.418524,0.007391,1.126730,0
2026-07-02 15:46:25.944056,4.873822,1.126730,1.415299,0.007391,1.413342,0.007391,1.126730,0
2026-07-02 15:46:25.944056,4.876220,1.126730,1.415299,0.007391,1.413342,0.007391,1.126730,0
2026-07-02 15:46:25.952085,4.878612,1.137094,1.415299,0.007391,1.413342,0.007391,1.137094,0
2026-07-02 15:46:25.952085,4.880990,1.131911,1.415299,0.007391,1.413342,0.007391,1.131911,0
2026-07-02 15:46:25.952085,4.883463,1.131911,1.415299,0.007391,1.418524,0.007391,1.131911,0
2026-07-02 15:46:25.952085,4.885853,1.131911,1.415299,0.007391,1.413342,0.007391,1.131911,0
2026-07-02 15:46:25.964217,4.888339,1.137094,1.415299,0.007391,1.413342,0.007391,1.137094,0
2026-07-02 15:46:25.967490,4.892458,1.137094,1.415299,0.007391,1.413342,0.007391,1.137094,0
2026-07-02 15:46:25.970030,4.897045,1.131911,1.415299,0.007391,1.413342,0.007391,1.131911,0
2026-07-02 15:46:25.972049,4.899441,1.121548,1.415299,0.007391,1.413342,0.007391,1.121548,0
2026-07-02 15:46:25.974065,4.901771,1.131911,1.415299,0.007391,1.413342,0.007391,1.131911,0
2026-07-02 15:46:25.977117,4.904027,1.131911,1.415299,0.007391,1.418524,0.007391,1.131911,0
2026-07-02 15:46:25.979194,4.906409,1.131911,1.415299,0.002211,1.418524,0.002211,1.131911,0
2026-07-02 15:46:25.982227,4.908706,1.137094,1.415299,0.007391,1.413342,0.007391,1.137094,0
2026-07-02 15:46:25.985761,4.911317,1.121548,1.415299,0.007391,1.413342,0.007391,1.121548,0
2026-07-02 15:46:25.987817,4.914187,1.121548,1.415299,0.007391,1.413342,0.007391,1.121548,0
2026-07-02 15:46:25.988824,4.916465,1.131911,1.415299,0.007391,1.413342,0.007391,1.131911,0
2026-07-02 15:46:25.992677,4.918727,1.121548,1.415299,0.007391,1.418524,0.007391,1.121548,0
2026-07-02 15:46:25.997384,4.921410,1.131911,1.415299,0.007391,1.418524,0.007391,1.131911,0
2026-07-02 15:46:26.000442,4.925638,1.131911,1.415299,0.007391,1.413342,0.007391,1.131911,0
2026-07-02 15:46:26.002963,4.928917,1.126730,1.415299,0.007391,1.413342,0.007391,1.126730,0
2026-07-02 15:46:26.003872,4.931279,1.126730,1.415299,0.007391,1.413342,0.007391,1.126730,0
2026-07-02 15:46:26.005891,4.933629,1.131911,1.415299,0.007391,1.413342,0.007391,1.131911,0
2026-07-02 15:46:26.009929,4.935897,1.131911,1.415299,0.007391,1.418524,0.007391,1.131911,0
2026-07-02 15:46:26.009929,4.938246,1.131911,1.415299,0.007391,1.413342,0.007391,1.131911,0
2026-07-02 15:46:26.013457,4.940481,1.131911,1.415299,0.007391,1.413342,0.007391,1.131911,0
2026-07-02 15:46:26.017178,4.942790,1.137094,1.415299,0.007391,1.413342,0.007391,1.137094,0
2026-07-02 15:46:26.019195,4.945390,1.121548,1.415299,0.007391,1.418524,0.007391,1.121548,0
2026-07-02 15:46:26.021213,4.947636,1.131911,1.415299,0.007391,1.413342,0.007391,1.131911,0
2026-07-02 15:46:26.025887,4.949981,1.137094,1.415299,0.007391,1.413342,0.007391,1.137094,0
2026-07-02 15:46:26.025887,4.954181,1.131911,1.415299,0.007391,1.413342,0.007391,1.131911,0
2026-07-02 15:46:26.029561,4.956421,1.137094,1.415299,0.007391,1.418524,0.007391,1.137094,0
2026-07-02 15:46:26.031576,4.958662,1.131911,1.415299,0.007391,1.418524,0.007391,1.131911,0
2026-07-02 15:46:26.033341,4.960913,1.131911,1.415299,0.007391,1.413342,0.007391,1.131911,0
2026-07-02 15:46:26.038215,4.963126,1.126730,1.415299,0.007391,1.418524,0.007391,1.126730,0
2026-07-02 15:46:26.044247,4.968165,1.131911,1.415299,0.007391,1.418524,0.007391,1.131911,0
2026-07-02 15:46:26.045275,4.972562,1.131911,1.415299,0.007391,1.418524,0.007391,1.131911,0
2026-07-02 15:46:26.047288,4.974825,1.126730,1.415299,0.007391,1.418524,0.007391,1.126730,0
2026-07-02 15:46:26.049302,4.977071,1.137094,1.415299,0.007391,1.413342,0.007391,1.137094,0
2026-07-02 15:46:26.053331,4.979432,1.121548,1.415299,0.007391,1.418524,0.007391,1.121548,0
2026-07-02 15:46:26.053331,4.981966,1.121548,1.415299,0.007391,1.413342,0.007391,1.121548,0
2026-07-02 15:46:26.053331,4.984344,1.137094,1.415299,0.007391,1.413342,0.007391,1.137094,0
2026-07-02 15:46:26.059318,4.987018,1.126730,1.415299,0.007391,1.418524,0.007391,1.126730,0
2026-07-02 15:46:26.063344,4.989213,1.131911,1.415299,0.007391,1.413342,0.007391,1.131911,0
2026-07-02 15:46:26.065363,4.991686,1.121548,1.415299,0.007391,1.418524,0.007391,1.121548,0
2026-07-02 15:46:26.069168,4.995591,1.137094,1.415299,0.007391,1.413342,0.007391,1.137094,0
2026-07-02 15:46:26.071747,4.997836,1.131911,1.415299,0.007391,1.413342,0.007391,1.131911,0
