horodatage,temps_s,AIN0,AIN1,AIN2,AIN3,courant,position,trigger
2026-07-02 15:39:10.565423,0.000001,-7.117290,1.415299,-0.002971,1.418524,-0.002971,-7.117290,0
2026-07-02 15:39:10.565423,0.004154,-7.117290,1.415299,-0.002971,1.413342,-0.002971,-7.117290,0
2026-07-02 15:39:10.565423,0.006690,-7.112109,1.415299,-0.002971,1.418524,-0.002971,-7.112109,0
2026-07-02 15:39:10.575684,0.009162,-7.106927,1.415299,-0.002971,1.413342,-0.002971,-7.106927,0
2026-07-02 15:39:10.578181,0.011632,-7.112109,1.415299,-0.002971,1.418524,-0.002971,-7.112109,0
2026-07-02 15:39:10.580845,0.014300,-7.122472,1.415299,0.002211,1.413342,0.002211,-7.122472,0
2026-07-02 15:39:10.580845,0.017114,-7.112109,1.415299,-0.002971,1.418524,-0.002971,-7.112109,0
2026-07-02 15:39:10.584037,0.019759,-7.117290,1.415299,-0.002971,1.418524,-0.002971,-7.117290,0
2026-07-02 15:39:10.584037,0.022511,-7.117290,1.415299,-0.002971,1.413342,-0.002971,-7.117290,0
2026-07-02 15:39:10.590648,0.025166,-7.117290,1.415299,-0.002971,1.418524,-0.002971,-7.117290,0
2026-07-02 15:39:10.593444,0.027826,-7.117290,1.415299,-0.002971,1.413342,-0.002971,-7.117290,0
2026-07-02 15:39:10.593444,0.030889,-7.117290,1.415299,-0.002971,1.413342,-0.002971,-7.117290,0
2026-07-02 15:39:10.593444,0.033497,-7.112109,1.415299,-0.002971,1.418524,-0.002971,-7.112109,0
2026-07-02 15:39:10.600738,0.035960,-7.112109,1.415299,-0.002971,1.418524,-0.002971,-7.112109,0
2026-07-02 15:39:10.600738,0.038694,-7.117290,1.415299,-0.002971,1.418524,-0.002971,-7.117290,0
2026-07-02 15:39:10.600738,0.041318,-7.117290,1.415299,0.002211,1.413342,0.002211,-7.117290,0
2026-07-02 15:39:10.600738,0.043816,-7.117290,1.415299,-0.002971,1.413342,-0.002971,-7.117290,0
2026-07-02 15:39:10.612135,0.046343,-7.112109,1.415299,-0.002971,1.413342,-0.002971,-7.112109,0
2026-07-02 15:39:10.612135,0.049141,-7.117290,1.415299,-0.002971,1.418524,-0.002971,-7.117290,0
2026-07-02 15:39:10.612135,0.051830,-7.112109,1.415299,-0.002971,1.418524,-0.002971,-7.112109,0
2026-07-02 15:39:10.619303,0.054481,-7.112109,1.415299,-0.002971,1.413342,-0.002971,-7.112109,0
2026-07-02 15:39:10.623212,0.057203,-7.122472,1.415299,-0.002971,1.413342,-0.002971,-7.122472,0
2026-07-02 15:39:10.625730,0.059585,-7.112109,1.415299,-0.002971,1.418524,-0.002971,-7.112109,0
2026-07-02 15:39:10.627901,0.061925,-7.117290,1.415299,-0.002971,1.413342,-0.002971,-7.117290,0
2026-07-02 15:39:10.630466,0.064411,-7.112109,1.415299,-0.002971,1.413342,-0.002971,-7.112109,0
2026-07-02 15:39:10.632544,0.066701,-7.117290,1.415299,-0.002971,1.413342,-0.002971,-7.117290,0
2026-07-02 15:39:10.632544,0.068938,-7.122472,1.415299,-0.002971,1.413342,-0.002971,-7.122472,0
2026-07-02 15:39:10.635839,0.071264,-7.112109,1.415299,-0.002971,1.413342,-0.002971,-7.112109,0
2026-07-02 15:39:10.638948,0.073582,-7.117290,1.415299,-0.008152,1.413342,-0.008152,-7.117290,0
2026-07-02 15:39:10.640980,0.075820,-7.112109,1.415299,-0.008152,1.413342,-0.008152,-7.112109,0
2026-07-02 15:39:10.643189,0.078188,-7.106927,1.415299,-0.002971,1.413342,-0.002971,-7.106927,0
2026-07-02 15:39:10.645908,0.080644,-7.122472,1.415299,-0.002971,1.413342,-0.002971,-7.122472,0
2026-07-02 15:39:10.649277,0.083082,-7.106927,1.415299,-0.002971,1.413342,-0.002971,-7.106927,0
2026-07-02 15:39:10.652320,0.085459,-7.117290,1.415299,-0.002971,1.413342,-0.002971,-7.117290,0
2026-07-02 15:39:10.653357,0.088554,-7.106927,1.415299,-0.002971,1.413342,-0.002971,-7.106927,0
2026-07-02 15:39:10.653357,0.090985,-7.117290,1.415299,-0.008152,1.413342,-0.008152,-7.117290,0
2026-07-02 15:39:10.659905,0.093392,-7.112109,1.415299,-0.008152,1.418524,-0.008152,-7.112109,0
2026-07-02 15:39:10.661174,0.095970,-7.112109,1.415299,-0.008152,1.418524,-0.008152,-7.112109,0
2026-07-02 15:39:10.661174,0.098581,-7.117290,1.415299,-0.002971,1.418524,-0.002971,-7.117290,0
2026-07-02 15:39:10.661174,0.100892,-7.112109,1.415299,-0.002971,1.413342,-0.002971,-7.112109,0
2026-07-02 15:39:10.668200,0.103203,-7.106927,1.415299,-0.002971,1.413342,-0.002971,-7.106927,0
2026-07-02 15:39:10.668200,0.105676,-7.106927,1.415299,-0.002971,1.413342,-0.002971,-7.106927,0
2026-07-02 15:39:10.672785,0.107960,-7.112109,1.415299,-0.002971,1.413342,-0.002971,-7.112109,0
2026-07-02 15:39:10.676261,0.110175,-7.117290,1.415299,-0.002971,1.413342,-0.002971,-7.117290,0
2026-07-02 15:39:10.676261,0.112614,-7.106927,1.415299,-0.002971,1.418524,-0.002971,-7.106927,0
2026-07-02 15:39:10.676261,0.114994,-7.112109,1.415299,-0.002971,1.413342,-0.002971,-7.112109,0
2026-07-02 15:39:10.681532,0.117289,-7.117290,1.415299,-0.002971,1.413342,-0.002971,-7.117290,0
2026-07-02 15:39:10.684889,0.119473,-7.106927,1.415299,-0.002971,1.413342,-0.002971,-7.106927,0
2026-07-02 15:39:10.684889,0.121984,-7.117290,1.415299,-0.002971,1.418524,-0.002971,-7.117290,0
2026-07-02 15:39:10.690504,0.124375,-7.112109,1.415299,-0.002971,1.418524,-0.002971,-7.112109,0
2026-07-02 15:39:10.690504,0.126825,-7.117290,1.415299,-0.002971,1.413342,-0.002971,-7.117290,0
2026-07-02 15:39:10.694196,0.129775,-7.117290,1.415299,-0.002971,1.418524,-0.002971,-7.117290,0
2026-07-02 15:39:10.694196,0.132131,-7.106927,1.415299,-0.002971,1.413342,-0.002971,-7.106927,0
2026-07-02 15:39:10.700982,0.134442,-7.117290,1.415299,-0.002971,1.418524,-0.002971,-7.117290,0
2026-07-02 15:39:10.702512,0.137016,-7.106927,1.415299,-0.002971,1.413342,-0.002971,-7.106927,0
2026-07-02 15:39:10.702512,0.139435,-7.117290,1.415299,-0.002971,1.413342,-0.002971,-7.117290,0
2026-07-02 15:39:10.702512,0.141756,-7.117290,1.415299,-0.002971,1.413342,-0.002971,-7.117290,0
2026-07-02 15:39:10.709251,0.144041,-7.122472,1.415299,-0.002971,1.418524,-0.002971,-7.122472,0
2026-07-02 15:39:10.711266,0.146370,-7.112109,1.415299,-0.002971,1.413342,-0.002971,-7.112109,0
2026-07-02 15:39:10.711266,0.148648,-7.117290,1.415299,-0.002971,1.413342,-0.002971,-7.117290,0
2026-07-02 15:39:10.717284,0.150957,-7.106927,1.415299,-0.002971,1.413342,-0.002971,-7.106927,0
2026-07-02 15:39:10.719376,0.153371,-7.117290,1.415299,-0.002971,1.418524,-0.002971,-7.117290,0
2026-07-02 15:39:10.719376,0.155909,-7.112109,1.415299,-0.002971,1.413342,-0.002971,-7.112109,0
2026-07-02 15:39:10.719376,0.158159,-7.106927,1.415299,-0.002971,1.413342,-0.002971,-7.106927,0
2026-07-02 15:39:10.719376,0.160359,-7.117290,1.415299,-0.002971,1.413342,-0.002971,-7.117290,0
2026-07-02 15:39:10.727801,0.162641,-7.117290,1.415299,-0.002971,1.413342,-0.002971,-7.117290,0
2026-07-02 15:39:10.727801,0.164994,-7.112109,1.415299,-0.002971,1.413342,-0.002971,-7.112109,0
2026-07-02 15:39:10.727801,0.167214,-7.112109,1.415299,-0.002971,1.413342,-0.002971,-7.112109,0
2026-07-02 15:39:10.727801,0.169443,-7.106927,1.415299,-0.002971,1.418524,-0.002971,-7.106927,0
2026-07-02 15:39:10.737860,0.171689,-7.112109,1.410120,-0.002971,1.413342,-0.002971,-7.112109,0
2026-07-02 15:39:10.737860,0.174089,-7.112109,1.415299,-0.002971,1.413342,-0.002971,-7.112109,0
2026-07-02 15:39:10.737860,0.176407,-7.106927,1.415299,-0.002971,1.418524,-0.002971,-7.106927,0
2026-07-02 15:39:10.737860,0.178778,-7.117290,1.420479,-0.008152,1.418524,-0.008152,-7.117290,0
2026-07-02 15:39:10.737860,0.181162,-7.117290,1.420479,-0.002971,1.413342,-0.002971,-7.117290,0
2026-07-02 15:39:10.747946,0.183420,-7.117290,1.415299,-0.002971,1.418524,-0.002971,-7.117290,0
2026-07-02 15:39:10.750038,0.185664,-7.112109,1.415299,-0.002971,1.413342,-0.002971,-7.112109,0
2026-07-02 15:39:10.754068,0.187981,-7.112109,1.415299,-0.002971,1.413342,-0.002971,-7.112109,0
2026-07-02 15:39:10.756083,0.190313,-7.112109,1.415299,-0.002971,1.413342,-0.002971,-7.112109,0
2026-07-02 15:39:10.758099,0.192592,-7.112109,1.415299,-0.008152,1.413342,-0.008152,-7.112109,0
2026-07-02 15:39:10.761134,0.194817,-7.117290,1.415299,-0.002971,1.418524,-0.002971,-7.117290,0
2026-07-02 15:39:10.763180,0.197143,-7.112109,1.415299,-0.008152,1.418524,-0.008152,-7.112109,0
2026-07-02 15:39:10.765196,0.199414,-7.117290,1.415299,-0.002971,1.413342,-0.002971,-7.117290,0
2026-07-02 15:39:10.767210,0.201646,-7.106927,1.415299,-0.002971,1.418524,-0.002971,-7.106927,0
2026-07-02 15:39:10.769705,0.204284,-7.112109,1.415299,-0.002971,1.413342,-0.002971,-7.112109,0
2026-07-02 15:39:10.771719,0.206699,-7.112109,1.415299,-0.002971,1.413342,-0.002971,-7.112109,0
2026-07-02 15:39:10.773732,0.208980,-7.112109,1.415299,-0.002971,1.413342,-0.002971,-7.112109,0
2026-07-02 15:39:10.777674,0.211189,-7.106927,1.415299,-0.002971,1.418524,-0.002971,-7.106927,0
2026-07-02 15:39:10.779687,0.213765,-7.106927,1.415299,-0.002971,1.418524,-0.002971,-7.106927,0
2026-07-02 15:39:10.781696,0.215990,-7.112109,1.415299,-0.002971,1.413342,-0.002971,-7.112109,0
2026-07-02 15:39:10.783737,0.218196,-7.117290,1.415299,-0.002971,1.418524,-0.002971,-7.117290,0
2026-07-02 15:39:10.785749,0.220521,-7.112109,1.415299,-0.008152,1.418524,-0.008152,-7.112109,0
2026-07-02 15:39:10.787260,0.222862,-7.112109,1.415299,-0.002971,1.413342,-0.002971,-7.112109,0
2026-07-02 15:39:10.791306,0.225068,-7.106927,1.415299,-0.002971,1.418524,-0.002971,-7.106927,0
2026-07-02 15:39:10.793317,0.227305,-7.117290,1.415299,-0.008152,1.413342,-0.008152,-7.117290,0
2026-07-02 15:39:10.795326,0.229562,-7.117290,1.415299,-0.002971,1.413342,-0.002971,-7.117290,0
2026-07-02 15:39:10.799354,0.231973,-7.117290,1.415299,-0.002971,1.418524,-0.002971,-7.117290,0
2026-07-02 15:39:10.803407,0.235712,-7.117290,1.415299,-0.002971,1.418524,-0.002971,-7.117290,0
2026-07-02 15:39:10.805420,0.239634,-7.117290,1.415299,-0.002971,1.413342,-0.002971,-7.117290,0
2026-07-02 15:39:10.807440,0.242044,-7.106927,1.415299,-0.002971,1.413342,-0.002971,-7.106927,0
2026-07-02 15:39:10.810737,0.244474,-7.106927,1.415299,-0.002971,1.413342,-0.002971,-7.106927,0
2026-07-02 15:39:10.812753,0.247946,-7.117290,1.415299,-0.002971,1.418524,-0.002971,-7.117290,0
2026-07-02 15:39:10.815783,0.250414,-7.112109,1.415299,-0.002971,1.413342,-0.002971,-7.112109,0
2026-07-02 15:39:10.819813,0.252831,-7.112109,1.415299,-0.002971,1.413342,-0.002971,-7.112109,0
2026-07-02 15:39:10.821826,0.256774,-7.117290,1.415299,-0.002971,1.413342,-0.002971,-7.117290,0
2026-07-02 15:39:10.825852,0.259178,-7.117290,1.415299,-0.002971,1.413342,-0.002971,-7.117290,0
2026-07-02 15:39:10.827869,0.262710,-7.112109,1.415299,-0.002971,1.413342,-0.002971,-7.112109,0
2026-07-02 15:39:10.829881,0.265001,-7.117290,1.415299,-0.008152,1.413342,-0.008152,-7.117290,0
2026-07-02 15:39:10.831892,0.267305,-7.112109,1.415299,-0.002971,1.413342,-0.002971,-7.112109,0
2026-07-02 15:39:10.835918,0.270885,-7.117290,1.415299,-0.008152,1.418524,-0.008152,-7.117290,0
2026-07-02 15:39:10.837929,0.273335,-7.117290,1.415299,-0.002971,1.418524,-0.002971,-7.117290,0
2026-07-02 15:39:10.841955,0.275817,-7.106927,1.415299,-0.002971,1.413342,-0.002971,-7.106927,0
2026-07-02 15:39:10.843965,0.278378,-7.106927,1.415299,-0.002971,1.413342,-0.002971,-7.106927,0
2026-07-02 15:39:10.845977,0.280780,-7.106927,1.415299,-0.002971,1.418524,-0.002971,-7.106927,0
2026-07-02 15:39:10.847989,0.283174,-7.112109,1.415299,-0.002971,1.418524,-0.002971,-7.112109,0
2026-07-02 15:39:10.851029,0.285541,-7.112109,1.410120,-0.002971,1.418524,-0.002971,-7.112109,0
2026-07-02 15:39:10.853048,0.287893,-7.106927,1.415299,-0.002971,1.413342,-0.002971,-7.106927,0
2026-07-02 15:39:10.856071,0.290153,-7.117290,1.415299,-0.002971,1.418524,-0.002971,-7.117290,0
2026-07-02 15:39:10.858085,0.292464,-7.106927,1.415299,-0.002971,1.418524,-0.002971,-7.106927,0
2026-07-02 15:39:10.860098,0.294669,-7.117290,1.415299,-0.002971,1.413342,-0.002971,-7.117290,0
2026-07-02 15:39:10.862945,0.296907,-7.112109,1.415299,-0.002971,1.418524,-0.002971,-7.112109,0
2026-07-02 15:39:10.864960,0.299183,-7.117290,1.415299,-0.002971,1.418524,-0.002971,-7.117290,0
2026-07-02 15:39:10.866469,0.301479,-7.117290,1.420479,-0.002971,1.413342,-0.002971,-7.117290,0
2026-07-02 15:39:10.868482,0.303797,-7.112109,1.415299,-0.002971,1.413342,-0.002971,-7.112109,0
2026-07-02 15:39:10.868482,0.306224,-7.106927,1.415299,-0.002971,1.413342,-0.002971,-7.106927,0
2026-07-02 15:39:10.874956,0.308639,-7.117290,1.415299,-0.002971,1.418524,-0.002971,-7.117290,0
2026-07-02 15:39:10.876711,0.311078,-7.106927,1.415299,-0.002971,1.413342,-0.002971,-7.106927,0
2026-07-02 15:39:10.878725,0.313489,-7.112109,1.415299,-0.008152,1.413342,-0.008152,-7.112109,0
2026-07-02 15:39:10.883093,0.315956,-7.106927,1.415299,-0.002971,1.418524,-0.002971,-7.106927,0
2026-07-02 15:39:10.885382,0.319375,-7.112109,1.415299,-0.002971,1.413342,-0.002971,-7.112109,0
2026-07-02 15:39:10.887135,0.322731,-7.117290,1.415299,-0.002971,1.418524,-0.002971,-7.117290,0
2026-07-02 15:39:10.890159,0.325017,-7.112109,1.415299,-0.002971,1.418524,-0.002971,-7.112109,0
2026-07-02 15:39:10.892171,0.327228,-7.106927,1.415299,-0.002971,1.418524,-0.002971,-7.106927,0
2026-07-02 15:39:10.894184,0.329527,-7.112109,1.415299,-0.002971,1.418524,-0.002971,-7.112109,0
2026-07-02 15:39:10.897212,0.331866,-7.106927,1.415299,-0.002971,1.413342,-0.002971,-7.106927,0
2026-07-02 15:39:10.901241,0.334789,-7.117290,1.415299,-0.008152,1.418524,-0.008152,-7.117290,0
2026-07-02 15:39:10.902559,0.337762,-7.117290,1.415299,-0.002971,1.413342,-0.002971,-7.117290,0
2026-07-02 15:39:10.906578,0.340249,-7.117290,1.415299,-0.002971,1.413342,-0.002971,-7.117290,0
2026-07-02 15:39:10.907591,0.342575,-7.117290,1.415299,-0.002971,1.413342,-0.002971,-7.117290,0
2026-07-02 15:39:10.909608,0.344962,-7.106927,1.415299,-0.002971,1.413342,-0.002971,-7.106927,0
2026-07-02 15:39:10.911617,0.347311,-7.106927,1.415299,-0.002971,1.418524,-0.002971,-7.106927,0
2026-07-02 15:39:10.915132,0.349613,-7.106927,1.415299,-0.002971,1.413342,-0.002971,-7.106927,0
2026-07-02 15:39:10.917140,0.351857,-7.117290,1.415299,-0.002971,1.418524,-0.002971,-7.117290,0
2026-07-02 15:39:10.919155,0.354139,-7.112109,1.415299,-0.002971,1.413342,-0.002971,-7.112109,0
2026-07-02 15:39:10.921166,0.356387,-7.112109,1.415299,-0.002971,1.418524,-0.002971,-7.112109,0
2026-07-02 15:39:10.923176,0.358600,-7.117290,1.415299,-0.002971,1.413342,-0.002971,-7.117290,0
2026-07-02 15:39:10.925186,0.360806,-7.106927,1.415299,-0.002971,1.413342,-0.002971,-7.106927,0
2026-07-02 15:39:10.929208,0.363154,-7.112109,1.415299,-0.008152,1.418524,-0.008152,-7.112109,0
2026-07-02 15:39:10.931219,0.365687,-7.106927,1.415299,-0.002971,1.413342,-0.002971,-7.106927,0
2026-07-02 15:39:10.933229,0.368049,-7.117290,1.415299,-0.002971,1.413342,-0.002971,-7.117290,0
2026-07-02 15:39:10.935239,0.370491,-7.117290,1.415299,-0.002971,1.413342,-0.002971,-7.117290,0
2026-07-02 15:39:10.937245,0.372769,-7.106927,1.415299,-0.002971,1.418524,-0.002971,-7.106927,0
2026-07-02 15:39:10.941264,0.375145,-7.117290,1.415299,-0.002971,1.418524,-0.002971,-7.117290,0
2026-07-02 15:39:10.943274,0.377377,-7.117290,1.415299,-0.002971,1.418524,-0.002971,-7.117290,0
2026-07-02 15:39:10.945284,0.379715,-7.117290,1.415299,-0.008152,1.418524,-0.008152,-7.117290,0
2026-07-02 15:39:10.947293,0.382097,-7.122472,1.415299,-0.002971,1.413342,-0.002971,-7.122472,0
2026-07-02 15:39:10.949307,0.384337,-7.106927,1.415299,-0.002971,1.413342,-0.002971,-7.106927,0
2026-07-02 15:39:10.951317,0.386663,-7.117290,1.415299,-0.002971,1.413342,-0.002971,-7.117290,0
2026-07-02 15:39:10.953325,0.388982,-7.112109,1.415299,-0.002971,1.418524,-0.002971,-7.112109,0
2026-07-02 15:39:10.957343,0.391218,-7.112109,1.415299,-0.008152,1.413342,-0.008152,-7.112109,0
2026-07-02 15:39:10.959355,0.393512,-7.117290,1.415299,-0.002971,1.413342,-0.002971,-7.117290,0
2026-07-02 15:39:10.961366,0.395798,-7.106927,1.415299,-0.002971,1.418524,-0.002971,-7.106927,0
2026-07-02 15:39:10.963374,0.398025,-7.117290,1.415299,-0.002971,1.418524,-0.002971,-7.117290,0
2026-07-02 15:39:10.965382,0.400212,-7.112109,1.415299,-0.008152,1.413342,-0.008152,-7.112109,0
2026-07-02 15:39:10.967390,0.402386,-7.112109,1.415299,-0.002971,1.418524,-0.002971,-7.112109,0
2026-07-02 15:39:10.970833,0.404727,-7.106927,1.415299,-0.002971,1.418524,-0.002971,-7.106927,0
2026-07-02 15:39:10.973358,0.407263,-7.112109,1.415299,-0.002971,1.413342,-0.002971,-7.112109,0
2026-07-02 15:39:10.975370,0.409716,-7.117290,1.415299,-0.002971,1.418524,-0.002971,-7.117290,0
2026-07-02 15:39:10.977383,0.412046,-7.117290,1.415299,-0.002971,1.418524,-0.002971,-7.117290,0
2026-07-02 15:39:10.979483,0.414785,-7.106927,1.415299,-0.002971,1.418524,-0.002971,-7.106927,0
2026-07-02 15:39:10.982507,0.417207,-7.106927,1.415299,-0.002971,1.418524,-0.002971,-7.106927,0
2026-07-02 15:39:10.984517,0.420657,-7.106927,1.415299,-0.002971,1.418524,-0.002971,-7.106927,0
2026-07-02 15:39:10.987523,0.423126,-7.106927,1.415299,-0.002971,1.418524,-0.002971,-7.106927,0
2026-07-02 15:39:10.987523,0.425513,-7.117290,1.415299,-0.002971,1.413342,-0.002971,-7.117290,0
2026-07-02 15:39:10.987523,0.427870,-7.117290,1.415299,-0.002971,1.418524,-0.002971,-7.117290,0
2026-07-02 15:39:10.987523,0.430225,-7.112109,1.415299,-0.002971,1.413342,-0.002971,-7.112109,0
2026-07-02 15:39:10.997800,0.432667,-7.117290,1.415299,-0.002971,1.413342,-0.002971,-7.117290,0
2026-07-02 15:39:10.999816,0.435205,-7.101746,1.415299,-0.002971,1.418524,-0.002971,-7.101746,0
2026-07-02 15:39:11.003958,0.437648,-7.112109,1.415299,-0.002971,1.418524,-0.002971,-7.112109,0
2026-07-02 15:39:11.003958,0.440105,-7.106927,1.415299,-0.002971,1.418524,-0.002971,-7.106927,0
2026-07-02 15:39:11.008220,0.442512,-7.117290,1.415299,-0.002971,1.413342,-0.002971,-7.117290,0
2026-07-02 15:39:11.012241,0.445810,-7.106927,1.415299,-0.002971,1.413342,-0.002971,-7.106927,0
2026-07-02 15:39:11.014258,0.448306,-7.117290,1.415299,-0.002971,1.413342,-0.002971,-7.117290,0
2026-07-02 15:39:11.014258,0.450808,-7.106927,1.415299,-0.002971,1.413342,-0.002971,-7.106927,0
2026-07-02 15:39:11.018568,0.453490,-7.106927,1.415299,-0.002971,1.418524,-0.002971,-7.106927,0
2026-07-02 15:39:11.020579,0.455931,-7.117290,1.415299,-0.002971,1.418524,-0.002971,-7.117290,0
2026-07-02 15:39:11.024595,0.458373,-7.112109,1.415299,-0.002971,1.413342,-0.002971,-7.112109,0
2026-07-02 15:39:11.026603,0.460763,-7.117290,1.415299,-0.002971,1.413342,-0.002971,-7.117290,0
2026-07-02 15:39:11.029444,0.463174,-7.112109,1.415299,-0.008152,1.413342,-0.008152,-7.112109,0
2026-07-02 15:39:11.029444,0.465586,-7.117290,1.415299,-0.008152,1.413342,-0.008152,-7.117290,0
2026-07-02 15:39:11.029444,0.468062,-7.117290,1.415299,-0.002971,1.413342,-0.002971,-7.117290,0
2026-07-02 15:39:11.029444,0.470617,-7.106927,1.415299,-0.002971,1.413342,-0.002971,-7.106927,0
2026-07-02 15:39:11.039112,0.473071,-7.117290,1.415299,-0.002971,1.418524,-0.002971,-7.117290,0
2026-07-02 15:39:11.045145,0.476719,-7.117290,1.415299,-0.002971,1.413342,-0.002971,-7.117290,0
2026-07-02 15:39:11.047154,0.481802,-7.117290,1.415299,-0.002971,1.413342,-0.002971,-7.117290,0
2026-07-02 15:39:11.049163,0.484207,-7.106927,1.415299,-0.002971,1.413342,-0.002971,-7.106927,0
2026-07-02 15:39:11.052312,0.487473,-7.106927,1.415299,-0.002971,1.418524,-0.002971,-7.106927,0
2026-07-02 15:39:11.054322,0.489748,-7.112109,1.420479,-0.002971,1.413342,-0.002971,-7.112109,0
2026-07-02 15:39:11.056325,0.491965,-7.112109,1.415299,-0.008152,1.418524,-0.008152,-7.112109,0
2026-07-02 15:39:11.059333,0.494187,-7.112109,1.415299,-0.002971,1.418524,-0.002971,-7.112109,0
2026-07-02 15:39:11.061342,0.496405,-7.112109,1.415299,-0.002971,1.413342,-0.002971,-7.112109,0
2026-07-02 15:39:11.063348,0.498766,-7.112109,1.415299,-0.002971,1.413342,-0.002971,-7.112109,0
2026-07-02 15:39:11.067358,0.501005,-7.112109,1.415299,-0.008152,1.413342,-0.008152,-7.112109,0
2026-07-02 15:39:11.071374,0.503851,-7.112109,1.415299,-0.002971,1.418524,-0.002971,-7.112109,0
2026-07-02 15:39:11.073388,0.508600,-7.117290,1.415299,-0.002971,1.413342,-0.002971,-7.117290,0
2026-07-02 15:39:11.073388,0.511061,-7.117290,1.415299,-0.002971,1.413342,-0.002971,-7.117290,0
2026-07-02 15:39:11.079798,0.513576,-7.117290,1.415299,-0.002971,1.413342,-0.002971,-7.117290,0
2026-07-02 15:39:11.081065,0.515992,-7.112109,1.415299,-0.008152,1.413342,-0.008152,-7.112109,0
2026-07-02 15:39:11.084274,0.518583,-7.106927,1.415299,-0.002971,1.418524,-0.002971,-7.106927,0
2026-07-02 15:39:11.084274,0.521172,-7.112109,1.415299,-0.002971,1.413342,-0.002971,-7.112109,0
2026-07-02 15:39:11.089064,0.523678,-7.117290,1.415299,-0.002971,1.418524,-0.002971,-7.117290,0
2026-07-02 15:39:11.092751,0.526208,-7.117290,1.415299,-0.002971,1.418524,-0.002971,-7.117290,0
2026-07-02 15:39:11.094403,0.528695,-7.117290,1.415299,-0.002971,1.418524,-0.002971,-7.117290,0
2026-07-02 15:39:11.094403,0.531162,-7.117290,1.415299,-0.002971,1.418524,-0.002971,-7.117290,0
2026-07-02 15:39:11.098369,0.533569,-7.117290,1.415299,-0.002971,1.413342,-0.002971,-7.117290,0
2026-07-02 15:39:11.101292,0.536192,-7.117290,1.415299,-0.002971,1.413342,-0.002971,-7.117290,0
2026-07-02 15:39:11.101292,0.541992,-7.122472,1.415299,-0.002971,1.418524,-0.002971,-7.122472,0
2026-07-02 15:39:11.109142,0.546019,-7.117290,1.415299,-0.002971,1.413342,-0.002971,-7.117290,0
2026-07-02 15:39:11.109142,0.548423,-7.112109,1.415299,-0.002971,1.413342,-0.002971,-7.112109,0
2026-07-02 15:39:11.118539,0.550801,-7.117290,1.420479,-0.002971,1.418524,-0.002971,-7.117290,0
2026-07-02 15:39:11.118539,0.557985,-7.112109,1.420479,-0.002971,1.413342,-0.002971,-7.112109,0
2026-07-02 15:39:11.126279,0.560433,-7.117290,1.415299,-0.002971,1.418524,-0.002971,-7.117290,0
2026-07-02 15:39:11.134824,0.567891,-7.117290,1.415299,-0.002971,1.413342,-0.002971,-7.117290,0
2026-07-02 15:39:11.135550,0.570909,-7.106927,1.415299,-0.002971,1.413342,-0.002971,-7.106927,0
2026-07-02 15:39:11.135550,0.573546,-7.112109,1.415299,-0.008152,1.413342,-0.008152,-7.112109,0
2026-07-02 15:39:11.143087,0.576166,-7.112109,1.415299,-0.008152,1.413342,-0.008152,-7.112109,0
2026-07-02 15:39:11.144616,0.579247,-7.112109,1.415299,-0.002971,1.418524,-0.002971,-7.112109,0
2026-07-02 15:39:11.144616,0.581620,-7.122472,1.415299,-0.002971,1.418524,-0.002971,-7.122472,0
2026-07-02 15:39:11.152028,0.584044,-7.117290,1.415299,-0.002971,1.413342,-0.002971,-7.117290,0
2026-07-02 15:39:11.152028,0.588196,-7.112109,1.415299,-0.002971,1.413342,-0.002971,-7.112109,0
2026-07-02 15:39:11.152028,0.591746,-7.106927,1.415299,-0.002971,1.413342,-0.002971,-7.106927,0
2026-07-02 15:39:11.161345,0.594045,-7.117290,1.415299,-0.002971,1.413342,-0.002971,-7.117290,0
2026-07-02 15:39:11.170459,0.597586,-7.117290,1.415299,-0.002971,1.413342,-0.002971,-7.117290,0
2026-07-02 15:39:11.170459,0.606540,-7.117290,1.415299,-0.008152,1.418524,-0.008152,-7.117290,0
2026-07-02 15:39:11.170459,0.610461,-7.117290,1.415299,-0.002971,1.418524,-0.002971,-7.117290,0
2026-07-02 15:39:11.178651,0.613825,-7.106927,1.415299,-0.002971,1.418524,-0.002971,-7.106927,0
2026-07-02 15:39:11.178651,0.616469,-7.112109,1.415299,-0.002971,1.418524,-0.002971,-7.112109,0
2026-07-02 15:39:11.188851,0.618837,-7.117290,1.415299,-0.002971,1.418524,-0.002971,-7.117290,0
2026-07-02 15:39:11.188851,0.627404,-7.106927,1.415299,-0.002971,1.413342,-0.002971,-7.106927,0
2026-07-02 15:39:11.188851,0.630285,-7.117290,1.415299,-0.002971,1.413342,-0.002971,-7.117290,0
2026-07-02 15:39:11.198954,0.632783,-7.117290,1.415299,-0.002971,1.413342,-0.002971,-7.117290,0
2026-07-02 15:39:11.198954,0.635324,-7.106927,1.415299,-0.002971,1.413342,-0.002971,-7.106927,0
2026-07-02 15:39:11.198954,0.637652,-7.117290,1.415299,-0.002971,1.418524,-0.002971,-7.117290,0
2026-07-02 15:39:11.198954,0.640146,-7.117290,1.415299,-0.002971,1.418524,-0.002971,-7.117290,0
2026-07-02 15:39:11.209152,0.642675,-7.112109,1.415299,-0.002971,1.418524,-0.002971,-7.112109,0
2026-07-02 15:39:11.209152,0.645742,-7.117290,1.415299,-0.002971,1.418524,-0.002971,-7.117290,0
2026-07-02 15:39:11.209152,0.648306,-7.117290,1.415299,-0.002971,1.413342,-0.002971,-7.117290,0
2026-07-02 15:39:11.209152,0.650874,-7.117290,1.415299,-0.002971,1.418524,-0.002971,-7.117290,0
2026-07-02 15:39:11.219208,0.653298,-7.106927,1.415299,-0.008152,1.418524,-0.008152,-7.106927,0
2026-07-02 15:39:11.219208,0.655728,-7.112109,1.415299,-0.002971,1.413342,-0.002971,-7.112109,0
2026-07-02 15:39:11.219208,0.658215,-7.117290,1.415299,-0.008152,1.413342,-0.008152,-7.117290,0
2026-07-02 15:39:11.219208,0.660761,-7.106927,1.415299,-0.002971,1.413342,-0.002971,-7.106927,0
2026-07-02 15:39:11.229276,0.663266,-7.117290,1.420479,-0.002971,1.413342,-0.002971,-7.117290,0
2026-07-02 15:39:11.229276,0.665756,-7.117290,1.415299,-0.002971,1.413342,-0.002971,-7.117290,0
2026-07-02 15:39:11.234067,0.668119,-7.106927,1.415299,-0.002971,1.418524,-0.002971,-7.106927,0
2026-07-02 15:39:11.235403,0.671439,-7.117290,1.415299,-0.008152,1.413342,-0.008152,-7.117290,0
2026-07-02 15:39:11.239624,0.673863,-7.117290,1.415299,-0.002971,1.413342,-0.002971,-7.117290,0
2026-07-02 15:39:11.242462,0.676268,-7.117290,1.415299,-0.002971,1.413342,-0.002971,-7.117290,0
2026-07-02 15:39:11.244124,0.679140,-7.117290,1.415299,-0.008152,1.413342,-0.008152,-7.117290,0
2026-07-02 15:39:11.244124,0.681445,-7.106927,1.415299,-0.002971,1.413342,-0.002971,-7.106927,0
2026-07-02 15:39:11.250943,0.684844,-7.117290,1.415299,-0.002971,1.413342,-0.002971,-7.117290,0
2026-07-02 15:39:11.251707,0.687413,-7.117290,1.415299,-0.002971,1.418524,-0.002971,-7.117290,0
2026-07-02 15:39:11.251707,0.689910,-7.112109,1.415299,-0.002971,1.418524,-0.002971,-7.112109,0
2026-07-02 15:39:11.251707,0.692304,-7.117290,1.415299,-0.002971,1.413342,-0.002971,-7.117290,0
2026-07-02 15:39:11.261758,0.694978,-7.117290,1.415299,-0.008152,1.418524,-0.008152,-7.117290,0
2026-07-02 15:39:11.261758,0.698118,-7.117290,1.415299,-0.002971,1.413342,-0.002971,-7.117290,0
2026-07-02 15:39:11.261758,0.700449,-7.117290,1.415299,-0.002971,1.413342,-0.002971,-7.117290,0
2026-07-02 15:39:11.273465,0.702831,-7.112109,1.415299,-0.002971,1.413342,-0.002971,-7.112109,0
2026-07-02 15:39:11.273465,0.710061,-7.117290,1.415299,-0.002971,1.413342,-0.002971,-7.117290,0
2026-07-02 15:39:11.277428,0.713201,-7.117290,1.415299,-0.002971,1.413342,-0.002971,-7.117290,0
2026-07-02 15:39:11.277428,0.715604,-7.117290,1.415299,-0.002971,1.413342,-0.002971,-7.117290,0
2026-07-02 15:39:11.284987,0.718452,-7.112109,1.415299,-0.002971,1.413342,-0.002971,-7.112109,0
2026-07-02 15:39:11.287558,0.721414,-7.117290,1.415299,-0.002971,1.413342,-0.002971,-7.117290,0
2026-07-02 15:39:11.290086,0.723811,-7.117290,1.415299,-0.002971,1.418524,-0.002971,-7.117290,0
2026-07-02 15:39:11.290086,0.726104,-7.112109,1.415299,-0.002971,1.413342,-0.002971,-7.112109,0
2026-07-02 15:39:11.290086,0.728440,-7.106927,1.415299,-0.002971,1.418524,-0.002971,-7.106927,0
2026-07-02 15:39:11.295620,0.730735,-7.112109,1.415299,-0.002971,1.413342,-0.002971,-7.112109,0
2026-07-02 15:39:11.295620,0.734109,-7.112109,1.415299,-0.002971,1.413342,-0.002971,-7.112109,0
2026-07-02 15:39:11.295620,0.736434,-7.112109,1.415299,-0.002971,1.413342,-0.002971,-7.112109,0
2026-07-02 15:39:11.303671,0.738706,-7.117290,1.415299,-0.002971,1.413342,-0.002971,-7.117290,0
2026-07-02 15:39:11.305130,0.741037,-7.112109,1.415299,-0.002971,1.413342,-0.002971,-7.112109,0
2026-07-02 15:39:11.305130,0.743302,-7.112109,1.415299,-0.002971,1.413342,-0.002971,-7.112109,0
2026-07-02 15:39:11.311781,0.745661,-7.117290,1.415299,-0.002971,1.418524,-0.002971,-7.117290,0
2026-07-02 15:39:11.311781,0.748158,-7.106927,1.415299,-0.002971,1.413342,-0.002971,-7.106927,0
2026-07-02 15:39:11.311781,0.750450,-7.112109,1.415299,-0.002971,1.418524,-0.002971,-7.112109,0
2026-07-02 15:39:11.317791,0.752697,-7.117290,1.415299,-0.002971,1.413342,-0.002971,-7.117290,0
2026-07-02 15:39:11.320055,0.755138,-7.106927,1.415299,-0.002971,1.413342,-0.002971,-7.106927,0
2026-07-02 15:39:11.320055,0.757439,-7.117290,1.415299,-0.002971,1.413342,-0.002971,-7.117290,0
2026-07-02 15:39:11.326348,0.759665,-7.117290,1.415299,-0.002971,1.413342,-0.002971,-7.117290,0
2026-07-02 15:39:11.328130,0.763248,-7.106927,1.415299,-0.002971,1.413342,-0.002971,-7.106927,0
2026-07-02 15:39:11.336380,0.768346,-7.117290,1.415299,-0.002971,1.418524,-0.002971,-7.117290,0
2026-07-02 15:39:11.336380,0.773814,-7.122472,1.415299,-0.002971,1.413342,-0.002971,-7.122472,0
2026-07-02 15:39:11.342771,0.776139,-7.117290,1.415299,-0.002971,1.413342,-0.002971,-7.117290,0
2026-07-02 15:39:11.344641,0.780079,-7.106927,1.415299,-0.002971,1.413342,-0.002971,-7.106927,0
2026-07-02 15:39:11.352727,0.785722,-7.117290,1.415299,-0.002971,1.413342,-0.002971,-7.117290,0
2026-07-02 15:39:11.352727,0.789299,-7.117290,1.415299,-0.002971,1.413342,-0.002971,-7.117290,0
2026-07-02 15:39:11.352727,0.792169,-7.117290,1.415299,-0.002971,1.413342,-0.002971,-7.117290,0
2026-07-02 15:39:11.359500,0.794460,-7.112109,1.415299,-0.002971,1.413342,-0.002971,-7.112109,0
2026-07-02 15:39:11.362049,0.796782,-7.112109,1.415299,-0.002971,1.418524,-0.002971,-7.112109,0
2026-07-02 15:39:11.362049,0.799159,-7.117290,1.415299,-0.002971,1.413342,-0.002971,-7.117290,0
2026-07-02 15:39:11.367647,0.801406,-7.117290,1.415299,-0.002971,1.413342,-0.002971,-7.117290,0
2026-07-02 15:39:11.369420,0.804988,-7.117290,1.415299,-0.002971,1.413342,-0.002971,-7.117290,0
2026-07-02 15:39:11.369420,0.807324,-7.112109,1.415299,-0.002971,1.418524,-0.002971,-7.112109,0
2026-07-02 15:39:11.376092,0.809587,-7.117290,1.415299,-0.002971,1.418524,-0.002971,-7.117290,0
2026-07-02 15:39:11.377984,0.813078,-7.117290,1.415299,-0.002971,1.413342,-0.002971,-7.117290,0
2026-07-02 15:39:11.377984,0.815917,-7.117290,1.415299,-0.008152,1.413342,-0.008152,-7.117290,0
2026-07-02 15:39:11.386343,0.818217,-7.112109,1.415299,-0.002971,1.418524,-0.002971,-7.112109,0
2026-07-02 15:39:11.394701,0.823938,-7.112109,1.415299,-0.008152,1.418524,-0.008152,-7.112109,0
2026-07-02 15:39:11.403025,0.836086,-7.112109,1.415299,-0.002971,1.413342,-0.002971,-7.112109,0
2026-07-02 15:39:11.403025,0.839964,-7.112109,1.415299,-0.002971,1.413342,-0.002971,-7.112109,0
2026-07-02 15:39:11.411318,0.842471,-7.112109,1.415299,-0.002971,1.413342,-0.002971,-7.112109,0
2026-07-02 15:39:11.411318,0.849784,-7.112109,1.415299,-0.002971,1.413342,-0.002971,-7.112109,0
2026-07-02 15:39:11.419702,0.857066,-7.117290,1.415299,-0.002971,1.418524,-0.002971,-7.117290,0
2026-07-02 15:39:11.428158,0.859659,-7.117290,1.415299,-0.002971,1.413342,-0.002971,-7.117290,0
2026-07-02 15:39:11.428158,0.864212,-7.117290,1.415299,-0.002971,1.413342,-0.002971,-7.117290,0
2026-07-02 15:39:11.428158,0.866644,-7.117290,1.415299,-0.002971,1.418524,-0.002971,-7.117290,0
2026-07-02 15:39:11.428158,0.869023,-7.112109,1.415299,-0.008152,1.418524,-0.008152,-7.112109,0
2026-07-02 15:39:11.436207,0.871552,-7.117290,1.415299,-0.002971,1.413342,-0.002971,-7.117290,0
2026-07-02 15:39:11.444415,0.874027,-7.117290,1.415299,-0.002971,1.418524,-0.002971,-7.117290,0
2026-07-02 15:39:11.451287,0.886025,-7.112109,1.415299,-0.002971,1.413342,-0.002971,-7.112109,0
2026-07-02 15:39:11.454892,0.889903,-7.112109,1.415299,-0.002971,1.418524,-0.002971,-7.112109,0
2026-07-02 15:39:11.454892,0.892279,-7.112109,1.415299,-0.002971,1.413342,-0.002971,-7.112109,0
2026-07-02 15:39:11.462003,0.897489,-7.117290,1.415299,-0.002971,1.418524,-0.002971,-7.117290,0
2026-07-02 15:39:11.465048,0.900109,-7.112109,1.415299,-0.002971,1.413342,-0.002971,-7.112109,0
2026-07-02 15:39:11.465048,0.902406,-7.117290,1.415299,-0.002971,1.418524,-0.002971,-7.117290,0
2026-07-02 15:39:11.465048,0.904716,-7.117290,1.415299,-0.002971,1.413342,-0.002971,-7.117290,0
2026-07-02 15:39:11.465048,0.906948,-7.117290,1.415299,-0.002971,1.413342,-0.002971,-7.117290,0
2026-07-02 15:39:11.475215,0.909105,-7.122472,1.415299,-0.002971,1.413342,-0.002971,-7.122472,0
2026-07-02 15:39:11.475215,0.911647,-7.117290,1.415299,-0.002971,1.413342,-0.002971,-7.117290,0
2026-07-02 15:39:11.475215,0.913966,-7.117290,1.415299,-0.002971,1.413342,-0.002971,-7.117290,0
2026-07-02 15:39:11.480811,0.916262,-7.117290,1.415299,-0.002971,1.413342,-0.002971,-7.117290,0
2026-07-02 15:39:11.480811,0.918475,-7.117290,1.415299,-0.002971,1.413342,-0.002971,-7.117290,0
2026-07-02 15:39:11.485864,0.920743,-7.106927,1.415299,-0.002971,1.413342,-0.002971,-7.106927,0
2026-07-02 15:39:11.485864,0.923062,-7.117290,1.415299,-0.002971,1.413342,-0.002971,-7.117290,0
2026-07-02 15:39:11.485864,0.925359,-7.117290,1.415299,-0.002971,1.418524,-0.002971,-7.117290,0
2026-07-02 15:39:11.485864,0.927528,-7.112109,1.415299,-0.002971,1.418524,-0.002971,-7.112109,0
2026-07-02 15:39:11.495963,0.929736,-7.117290,1.415299,-0.002971,1.418524,-0.002971,-7.117290,0
2026-07-02 15:39:11.495963,0.932173,-7.106927,1.415299,-0.002971,1.418524,-0.002971,-7.106927,0
2026-07-02 15:39:11.495963,0.934506,-7.117290,1.415299,-0.002971,1.413342,-0.002971,-7.117290,0
2026-07-02 15:39:11.495963,0.937110,-7.117290,1.415299,-0.002971,1.413342,-0.002971,-7.117290,0
2026-07-02 15:39:11.495963,0.939388,-7.117290,1.415299,-0.002971,1.413342,-0.002971,-7.117290,0
2026-07-02 15:39:11.506144,0.941690,-7.112109,1.410120,-0.008152,1.418524,-0.008152,-7.112109,0
2026-07-02 15:39:11.506144,0.944010,-7.112109,1.415299,-0.002971,1.418524,-0.002971,-7.112109,0
2026-07-02 15:39:11.506144,0.946425,-7.112109,1.415299,-0.002971,1.413342,-0.002971,-7.112109,0
2026-07-02 15:39:11.506144,0.948682,-7.106927,1.415299,-0.002971,1.413342,-0.002971,-7.106927,0
2026-07-02 15:39:11.516252,0.950930,-7.106927,1.415299,-0.002971,1.418524,-0.002971,-7.106927,0
2026-07-02 15:39:11.516252,0.953846,-7.117290,1.415299,-0.002971,1.418524,-0.002971,-7.117290,0
2026-07-02 15:39:11.516252,0.956145,-7.117290,1.415299,-0.002971,1.413342,-0.002971,-7.117290,0
2026-07-02 15:39:11.516252,0.958357,-7.112109,1.415299,-0.002971,1.413342,-0.002971,-7.112109,0
2026-07-02 15:39:11.526360,0.960559,-7.106927,1.415299,-0.008152,1.413342,-0.008152,-7.106927,0
2026-07-02 15:39:11.526360,0.962833,-7.117290,1.415299,-0.002971,1.418524,-0.002971,-7.117290,0
2026-07-02 15:39:11.526360,0.965284,-7.112109,1.415299,-0.002971,1.413342,-0.002971,-7.112109,0
2026-07-02 15:39:11.526360,0.967556,-7.106927,1.415299,-0.002971,1.413342,-0.002971,-7.106927,0
2026-07-02 15:39:11.534041,0.970112,-7.106927,1.415299,-0.002971,1.413342,-0.002971,-7.106927,0
2026-07-02 15:39:11.534041,0.972408,-7.112109,1.415299,-0.002971,1.418524,-0.002971,-7.112109,0
2026-07-02 15:39:11.534041,0.974619,-7.112109,1.415299,-0.002971,1.413342,-0.002971,-7.112109,0
2026-07-02 15:39:11.543047,0.976829,-7.117290,1.415299,-0.008152,1.413342,-0.008152,-7.117290,0
2026-07-02 15:39:11.543566,0.979321,-7.117290,1.415299,-0.002971,1.413342,-0.002971,-7.117290,0
2026-07-02 15:39:11.543566,0.981691,-7.117290,1.415299,-0.002971,1.413342,-0.002971,-7.117290,0
2026-07-02 15:39:11.543566,0.983950,-7.117290,1.415299,-0.008152,1.413342,-0.008152,-7.117290,0
2026-07-02 15:39:11.543566,0.986185,-7.106927,1.415299,-0.002971,1.418524,-0.002971,-7.106927,0
2026-07-02 15:39:11.552598,0.988499,-7.112109,1.415299,-0.002971,1.413342,-0.002971,-7.112109,0
2026-07-02 15:39:11.552598,0.990959,-7.117290,1.415299,-0.002971,1.413342,-0.002971,-7.117290,0
2026-07-02 15:39:11.552598,0.993355,-7.117290,1.415299,-0.008152,1.413342,-0.008152,-7.117290,0
2026-07-02 15:39:11.562261,0.995991,-7.112109,1.415299,-0.008152,1.413342,-0.008152,-7.112109,0
2026-07-02 15:39:11.562261,0.998530,-7.117290,1.415299,-0.002971,1.413342,-0.002971,-7.117290,0
2026-07-02 15:39:11.562261,1.000868,-7.112109,1.415299,-0.002971,1.413342,-0.002971,-7.112109,0
2026-07-02 15:39:11.562261,1.003331,-7.106927,1.415299,-0.002971,1.418524,-0.002971,-7.106927,0
2026-07-02 15:39:11.562261,1.005674,-7.106927,1.415299,-0.002971,1.418524,-0.002971,-7.106927,0
2026-07-02 15:39:11.572348,1.007901,-7.106927,1.415299,-0.002971,1.413342,-0.002971,-7.106927,0
2026-07-02 15:39:11.575724,1.010140,-7.106927,1.415299,-0.002971,1.413342,-0.002971,-7.106927,0
2026-07-02 15:39:11.575724,1.012600,-7.117290,1.415299,-0.002971,1.413342,-0.002971,-7.117290,0
2026-07-02 15:39:11.575724,1.014856,-7.112109,1.415299,-0.002971,1.418524,-0.002971,-7.112109,0
2026-07-02 15:39:11.582844,1.017008,-7.117290,1.415299,-0.002971,1.418524,-0.002971,-7.117290,0
2026-07-02 15:39:11.582844,1.019371,-7.112109,1.415299,-0.002971,1.413342,-0.002971,-7.112109,0
2026-07-02 15:39:11.586521,1.021897,-7.122472,1.415299,-0.002971,1.418524,-0.002971,-7.122472,0
2026-07-02 15:39:11.586521,1.024313,-7.117290,1.415299,-0.002971,1.413342,-0.002971,-7.117290,0
2026-07-02 15:39:11.592414,1.026671,-7.117290,1.415299,-0.002971,1.413342,-0.002971,-7.117290,0
2026-07-02 15:39:11.592414,1.028999,-7.112109,1.415299,-0.002971,1.413342,-0.002971,-7.112109,0
2026-07-02 15:39:11.592414,1.031523,-7.112109,1.415299,-0.002971,1.413342,-0.002971,-7.112109,0
2026-07-02 15:39:11.592414,1.033891,-7.117290,1.415299,-0.002971,1.413342,-0.002971,-7.117290,0
2026-07-02 15:39:11.602443,1.036134,-7.112109,1.415299,-0.002971,1.418524,-0.002971,-7.112109,0
2026-07-02 15:39:11.602443,1.038580,-7.106927,1.415299,-0.002971,1.418524,-0.002971,-7.106927,0
2026-07-02 15:39:11.602443,1.040902,-7.117290,1.415299,-0.002971,1.413342,-0.002971,-7.117290,0
2026-07-02 15:39:11.609109,1.043359,-7.106927,1.415299,-0.002971,1.413342,-0.002971,-7.106927,0
2026-07-02 15:39:11.609109,1.045797,-7.117290,1.420479,-0.008152,1.418524,-0.008152,-7.117290,0
2026-07-02 15:39:11.612778,1.048150,-7.117290,1.420479,-0.002971,1.413342,-0.002971,-7.117290,0
2026-07-02 15:39:11.612778,1.050381,-7.106927,1.415299,-0.002971,1.413342,-0.002971,-7.106927,0
2026-07-02 15:39:11.612778,1.052585,-7.117290,1.415299,-0.002971,1.418524,-0.002971,-7.117290,0
2026-07-02 15:39:11.619518,1.054945,-7.106927,1.415299,-0.002971,1.413342,-0.002971,-7.106927,0
2026-07-02 15:39:11.623817,1.057442,-7.117290,1.415299,-0.002971,1.418524,-0.002971,-7.117290,0
2026-07-02 15:39:11.623817,1.059819,-7.106927,1.415299,-0.002971,1.413342,-0.002971,-7.106927,0
2026-07-02 15:39:11.623817,1.062627,-7.117290,1.415299,-0.002971,1.418524,-0.002971,-7.117290,0
2026-07-02 15:39:11.623817,1.064999,-7.106927,1.415299,-0.002971,1.418524,-0.002971,-7.106927,0
2026-07-02 15:39:11.633360,1.067283,-7.117290,1.415299,-0.002971,1.418524,-0.002971,-7.117290,0
2026-07-02 15:39:11.633360,1.069580,-7.117290,1.415299,-0.002971,1.413342,-0.002971,-7.117290,0
2026-07-02 15:39:11.633360,1.072438,-7.117290,1.415299,-0.002971,1.413342,-0.002971,-7.117290,0
2026-07-02 15:39:11.639450,1.074847,-7.117290,1.415299,-0.008152,1.413342,-0.008152,-7.117290,0
2026-07-02 15:39:11.643487,1.077212,-7.117290,1.415299,-0.002971,1.413342,-0.002971,-7.117290,0
2026-07-02 15:39:11.643487,1.079773,-7.117290,1.415299,-0.002971,1.413342,-0.002971,-7.117290,0
2026-07-02 15:39:11.643487,1.082218,-7.117290,1.415299,-0.002971,1.413342,-0.002971,-7.117290,0
2026-07-02 15:39:11.643487,1.084689,-7.117290,1.415299,-0.002971,1.413342,-0.002971,-7.117290,0
2026-07-02 15:39:11.653628,1.087612,-7.117290,1.415299,-0.002971,1.413342,-0.002971,-7.117290,0
2026-07-02 15:39:11.653628,1.090009,-7.117290,1.415299,-0.008152,1.418524,-0.008152,-7.117290,0
2026-07-02 15:39:11.653628,1.092373,-7.112109,1.415299,-0.008152,1.418524,-0.008152,-7.112109,0
2026-07-02 15:39:11.661154,1.095158,-7.117290,1.415299,-0.002971,1.413342,-0.002971,-7.117290,0
2026-07-02 15:39:11.662234,1.097535,-7.117290,1.415299,-0.002971,1.413342,-0.002971,-7.117290,0
2026-07-02 15:39:11.665053,1.100085,-7.117290,1.415299,-0.002971,1.418524,-0.002971,-7.117290,0
2026-07-02 15:39:11.665053,1.102482,-7.117290,1.415299,-0.002971,1.418524,-0.002971,-7.117290,0
2026-07-02 15:39:11.665053,1.104979,-7.112109,1.415299,-0.002971,1.418524,-0.002971,-7.112109,0
2026-07-02 15:39:11.671536,1.107335,-7.112109,1.415299,-0.002971,1.413342,-0.002971,-7.112109,0
2026-07-02 15:39:11.674692,1.109663,-7.112109,1.415299,-0.002971,1.418524,-0.002971,-7.112109,0
2026-07-02 15:39:11.674692,1.114457,-7.112109,1.415299,-0.002971,1.413342,-0.002971,-7.112109,0
2026-07-02 15:39:11.686946,1.117287,-7.112109,1.415299,-0.002971,1.418524,-0.002971,-7.112109,0
2026-07-02 15:39:11.686946,1.123568,-7.106927,1.415299,-0.002971,1.413342,-0.002971,-7.106927,0
2026-07-02 15:39:11.691987,1.126107,-7.117290,1.415299,0.002211,1.418524,0.002211,-7.117290,0
2026-07-02 15:39:11.691987,1.131123,-7.112109,1.415299,-0.002971,1.418524,-0.002971,-7.112109,0
2026-07-02 15:39:11.691987,1.134756,-7.117290,1.415299,-0.002971,1.418524,-0.002971,-7.117290,0
2026-07-02 15:39:11.702132,1.137266,-7.117290,1.415299,-0.002971,1.413342,-0.002971,-7.117290,0
2026-07-02 15:39:11.702132,1.139791,-7.112109,1.415299,-0.002971,1.413342,-0.002971,-7.112109,0
2026-07-02 15:39:11.702132,1.142034,-7.117290,1.415299,-0.008152,1.418524,-0.008152,-7.117290,0
2026-07-02 15:39:11.712216,1.144568,-7.112109,1.415299,-0.002971,1.418524,-0.002971,-7.112109,0
2026-07-02 15:39:11.712216,1.148699,-7.117290,1.415299,-0.002971,1.413342,-0.002971,-7.117290,0
2026-07-02 15:39:11.712216,1.151732,-7.117290,1.415299,-0.002971,1.413342,-0.002971,-7.117290,0
2026-07-02 15:39:11.712216,1.154429,-7.117290,1.415299,-0.002971,1.418524,-0.002971,-7.117290,0
2026-07-02 15:39:11.722395,1.156792,-7.117290,1.415299,-0.002971,1.413342,-0.002971,-7.117290,0
2026-07-02 15:39:11.722395,1.159521,-7.106927,1.415299,-0.002971,1.413342,-0.002971,-7.106927,0
2026-07-02 15:39:11.722395,1.162170,-7.106927,1.415299,-0.002971,1.418524,-0.002971,-7.106927,0
2026-07-02 15:39:11.722395,1.164488,-7.117290,1.415299,-0.008152,1.418524,-0.008152,-7.117290,0
2026-07-02 15:39:11.732562,1.167030,-7.122472,1.415299,-0.002971,1.413342,-0.002971,-7.122472,0
2026-07-02 15:39:11.732562,1.169580,-7.117290,1.415299,-0.002971,1.413342,-0.002971,-7.117290,0
2026-07-02 15:39:11.732562,1.173845,-7.112109,1.415299,-0.002971,1.418524,-0.002971,-7.112109,0
2026-07-02 15:39:11.742792,1.176121,-7.117290,1.415299,-0.002971,1.413342,-0.002971,-7.117290,0
2026-07-02 15:39:11.742792,1.179558,-7.117290,1.415299,-0.002971,1.413342,-0.002971,-7.117290,0
2026-07-02 15:39:11.763248,1.184105,-7.117290,1.415299,-0.002971,1.418524,-0.002971,-7.117290,0
2026-07-02 15:39:11.773325,1.207957,-7.112109,1.415299,-0.008152,1.418524,-0.008152,-7.112109,0
2026-07-02 15:39:11.773325,1.211176,-7.112109,1.415299,-0.002971,1.413342,-0.002971,-7.112109,0
2026-07-02 15:39:11.773325,1.214735,-7.106927,1.415299,-0.002971,1.413342,-0.002971,-7.106927,0
2026-07-02 15:39:11.783381,1.218409,-7.117290,1.415299,-0.002971,1.413342,-0.002971,-7.117290,0
2026-07-02 15:39:11.787504,1.222038,-7.122472,1.415299,-0.002971,1.413342,-0.002971,-7.122472,0
2026-07-02 15:39:11.787504,1.225079,-7.117290,1.415299,-0.002971,1.413342,-0.002971,-7.117290,0
2026-07-02 15:39:11.793544,1.227395,-7.112109,1.415299,-0.002971,1.413342,-0.002971,-7.112109,0
2026-07-02 15:39:11.793544,1.229738,-7.112109,1.415299,-0.002971,1.413342,-0.002971,-7.112109,0
2026-07-02 15:39:11.793544,1.232031,-7.117290,1.415299,-0.008152,1.418524,-0.008152,-7.117290,0
2026-07-02 15:39:11.793544,1.234345,-7.106927,1.415299,-0.002971,1.413342,-0.002971,-7.106927,0
2026-07-02 15:39:11.803737,1.237438,-7.106927,1.415299,-0.002971,1.413342,-0.002971,-7.106927,0
2026-07-02 15:39:11.803737,1.239833,-7.112109,1.415299,-0.002971,1.413342,-0.002971,-7.112109,0
2026-07-02 15:39:11.803737,1.242221,-7.117290,1.415299,-0.002971,1.413342,-0.002971,-7.117290,0
2026-07-02 15:39:11.803737,1.244514,-7.112109,1.415299,-0.002971,1.413342,-0.002971,-7.112109,0
2026-07-02 15:39:11.813827,1.247697,-7.117290,1.415299,-0.002971,1.418524,-0.002971,-7.117290,0
2026-07-02 15:39:11.813827,1.250072,-7.106927,1.415299,-0.002971,1.418524,-0.002971,-7.106927,0
2026-07-02 15:39:11.813827,1.252368,-7.106927,1.415299,-0.002971,1.413342,-0.002971,-7.106927,0
2026-07-02 15:39:11.813827,1.254633,-7.117290,1.415299,-0.002971,1.413342,-0.002971,-7.117290,0
2026-07-02 15:39:11.813827,1.256929,-7.117290,1.415299,-0.002971,1.418524,-0.002971,-7.117290,0
2026-07-02 15:39:11.823978,1.259304,-7.117290,1.415299,-0.002971,1.413342,-0.002971,-7.117290,0
2026-07-02 15:39:11.827497,1.261802,-7.106927,1.415299,-0.002971,1.418524,-0.002971,-7.106927,0
2026-07-02 15:39:11.827497,1.264193,-7.117290,1.415299,-0.002971,1.413342,-0.002971,-7.117290,0
2026-07-02 15:39:11.827497,1.266488,-7.106927,1.415299,-0.002971,1.413342,-0.002971,-7.106927,0
2026-07-02 15:39:11.834327,1.268789,-7.112109,1.415299,-0.002971,1.413342,-0.002971,-7.112109,0
2026-07-02 15:39:11.834327,1.271051,-7.117290,1.415299,-0.008152,1.413342,-0.008152,-7.117290,0
2026-07-02 15:39:11.834327,1.273413,-7.112109,1.415299,-0.002971,1.413342,-0.002971,-7.112109,0
2026-07-02 15:39:11.834327,1.275705,-7.117290,1.415299,-0.002971,1.413342,-0.002971,-7.117290,0
2026-07-02 15:39:11.834327,1.277942,-7.117290,1.415299,-0.002971,1.413342,-0.002971,-7.117290,0
2026-07-02 15:39:11.844411,1.280422,-7.117290,1.415299,-0.002971,1.418524,-0.002971,-7.117290,0
2026-07-02 15:39:11.844411,1.282706,-7.112109,1.415299,-0.002971,1.413342,-0.002971,-7.112109,0
2026-07-02 15:39:11.844411,1.284931,-7.106927,1.415299,-0.002971,1.413342,-0.002971,-7.106927,0
2026-07-02 15:39:11.844411,1.287215,-7.112109,1.415299,-0.002971,1.413342,-0.002971,-7.112109,0
2026-07-02 15:39:11.854491,1.289572,-7.112109,1.415299,-0.002971,1.418524,-0.002971,-7.112109,0
2026-07-02 15:39:11.854491,1.291866,-7.112109,1.415299,-0.002971,1.418524,-0.002971,-7.112109,0
2026-07-02 15:39:11.859199,1.294136,-7.112109,1.415299,-0.002971,1.418524,-0.002971,-7.112109,0
2026-07-02 15:39:11.862730,1.296773,-7.106927,1.415299,-0.002971,1.418524,-0.002971,-7.106927,0
2026-07-02 15:39:11.864745,1.299172,-7.117290,1.415299,-0.002971,1.413342,-0.002971,-7.117290,0
2026-07-02 15:39:11.867523,1.301820,-7.117290,1.415299,-0.002971,1.413342,-0.002971,-7.117290,0
2026-07-02 15:39:11.869389,1.304418,-7.117290,1.415299,-0.002971,1.418524,-0.002971,-7.117290,0
2026-07-02 15:39:11.869389,1.306732,-7.112109,1.415299,-0.002971,1.418524,-0.002971,-7.112109,0
2026-07-02 15:39:11.875134,1.308962,-7.112109,1.415299,-0.002971,1.413342,-0.002971,-7.112109,0
2026-07-02 15:39:11.877308,1.311960,-7.112109,1.415299,-0.002971,1.418524,-0.002971,-7.112109,0
2026-07-02 15:39:11.877308,1.314293,-7.106927,1.415299,-0.002971,1.413342,-0.002971,-7.106927,0
2026-07-02 15:39:11.877308,1.316564,-7.117290,1.415299,-0.002971,1.418524,-0.002971,-7.117290,0
2026-07-02 15:39:11.884373,1.318861,-7.112109,1.415299,-0.002971,1.418524,-0.002971,-7.112109,0
2026-07-02 15:39:11.885715,1.321124,-7.112109,1.415299,-0.002971,1.418524,-0.002971,-7.112109,0
2026-07-02 15:39:11.888037,1.323734,-7.117290,1.415299,-0.008152,1.413342,-0.008152,-7.117290,0
2026-07-02 15:39:11.892464,1.326029,-7.106927,1.415299,-0.002971,1.418524,-0.002971,-7.106927,0
2026-07-02 15:39:11.893069,1.328477,-7.112109,1.415299,-0.002971,1.413342,-0.002971,-7.112109,0
2026-07-02 15:39:11.898070,1.331744,-7.117290,1.415299,-0.002971,1.413342,-0.002971,-7.117290,0
2026-07-02 15:39:11.900656,1.335197,-7.117290,1.415299,-0.002971,1.413342,-0.002971,-7.117290,0
2026-07-02 15:39:11.902633,1.337764,-7.117290,1.415299,-0.002971,1.418524,-0.002971,-7.117290,0
2026-07-02 15:39:11.906335,1.340117,-7.117290,1.415299,-0.002971,1.413342,-0.002971,-7.117290,0
2026-07-02 15:39:11.909046,1.342392,-7.117290,1.415299,-0.002971,1.413342,-0.002971,-7.117290,0
2026-07-02 15:39:11.910167,1.345559,-7.117290,1.415299,-0.002971,1.413342,-0.002971,-7.117290,0
2026-07-02 15:39:11.910167,1.347883,-7.106927,1.415299,-0.002971,1.418524,-0.002971,-7.106927,0
2026-07-02 15:39:11.910167,1.350229,-7.117290,1.415299,-0.002971,1.418524,-0.002971,-7.117290,0
2026-07-02 15:39:11.910167,1.352603,-7.117290,1.415299,-0.002971,1.413342,-0.002971,-7.117290,0
2026-07-02 15:39:11.919100,1.354911,-7.112109,1.415299,-0.002971,1.418524,-0.002971,-7.112109,0
2026-07-02 15:39:11.919100,1.357231,-7.117290,1.415299,-0.002971,1.413342,-0.002971,-7.117290,0
2026-07-02 15:39:11.925728,1.359566,-7.112109,1.415299,-0.002971,1.418524,-0.002971,-7.112109,0
2026-07-02 15:39:11.925728,1.361884,-7.117290,1.415299,-0.002971,1.418524,-0.002971,-7.117290,0
2026-07-02 15:39:11.929158,1.364154,-7.106927,1.415299,-0.002971,1.418524,-0.002971,-7.106927,0
2026-07-02 15:39:11.929158,1.366383,-7.117290,1.415299,-0.002971,1.413342,-0.002971,-7.117290,0
2026-07-02 15:39:11.933998,1.368597,-7.117290,1.415299,-0.002971,1.418524,-0.002971,-7.117290,0
2026-07-02 15:39:11.933998,1.370870,-7.117290,1.415299,-0.002971,1.413342,-0.002971,-7.117290,0
2026-07-02 15:39:11.933998,1.373204,-7.112109,1.415299,-0.008152,1.413342,-0.008152,-7.112109,0
2026-07-02 15:39:11.939554,1.375487,-7.112109,1.415299,-0.002971,1.413342,-0.002971,-7.112109,0
2026-07-02 15:39:11.939554,1.377773,-7.117290,1.415299,-0.002971,1.413342,-0.002971,-7.117290,0
2026-07-02 15:39:11.939554,1.380150,-7.117290,1.415299,-0.002971,1.418524,-0.002971,-7.117290,0
2026-07-02 15:39:11.939554,1.382598,-7.117290,1.415299,-0.002971,1.418524,-0.002971,-7.117290,0
2026-07-02 15:39:11.949671,1.384893,-7.106927,1.415299,-0.002971,1.418524,-0.002971,-7.106927,0
2026-07-02 15:39:11.949671,1.388243,-7.106927,1.415299,-0.002971,1.413342,-0.002971,-7.106927,0
2026-07-02 15:39:11.949671,1.390611,-7.106927,1.415299,-0.002971,1.413342,-0.002971,-7.106927,0
2026-07-02 15:39:11.949671,1.392816,-7.117290,1.415299,-0.002971,1.413342,-0.002971,-7.117290,0
2026-07-02 15:39:11.959847,1.395379,-7.117290,1.415299,-0.002971,1.413342,-0.002971,-7.117290,0
2026-07-02 15:39:11.962917,1.397770,-7.112109,1.415299,-0.002971,1.413342,-0.002971,-7.112109,0
2026-07-02 15:39:11.962917,1.400119,-7.117290,1.415299,-0.002971,1.413342,-0.002971,-7.117290,0
2026-07-02 15:39:11.962917,1.402397,-7.112109,1.415299,-0.002971,1.418524,-0.002971,-7.112109,0
2026-07-02 15:39:11.969954,1.404800,-7.117290,1.415299,-0.002971,1.413342,-0.002971,-7.117290,0
2026-07-02 15:39:11.969954,1.407270,-7.112109,1.415299,-0.002971,1.413342,-0.002971,-7.112109,0
2026-07-02 15:39:11.975773,1.409602,-7.112109,1.415299,-0.002971,1.418524,-0.002971,-7.112109,0
2026-07-02 15:39:11.977613,1.411845,-7.112109,1.415299,-0.002971,1.418524,-0.002971,-7.112109,0
2026-07-02 15:39:11.977613,1.414197,-7.112109,1.415299,-0.002971,1.413342,-0.002971,-7.112109,0
2026-07-02 15:39:11.982764,1.416528,-7.117290,1.415299,-0.002971,1.413342,-0.002971,-7.117290,0
2026-07-02 15:39:11.984630,1.418807,-7.112109,1.415299,-0.002971,1.418524,-0.002971,-7.112109,0
2026-07-02 15:39:11.988218,1.421994,-7.112109,1.415299,-0.002971,1.413342,-0.002971,-7.112109,0
2026-07-02 15:39:11.988218,1.424608,-7.117290,1.415299,-0.008152,1.418524,-0.008152,-7.117290,0
2026-07-02 15:39:11.988218,1.426879,-7.117290,1.415299,-0.002971,1.413342,-0.002971,-7.117290,0
2026-07-02 15:39:11.995539,1.429121,-7.112109,1.415299,-0.002971,1.413342,-0.002971,-7.112109,0
2026-07-02 15:39:11.998085,1.431775,-7.106927,1.415299,-0.002971,1.418524,-0.002971,-7.106927,0
2026-07-02 15:39:11.998085,1.434404,-7.112109,1.415299,-0.008152,1.413342,-0.008152,-7.112109,0
2026-07-02 15:39:12.003180,1.436938,-7.112109,1.415299,-0.002971,1.418524,-0.002971,-7.112109,0
2026-07-02 15:39:12.003699,1.439232,-7.117290,1.415299,-0.002971,1.418524,-0.002971,-7.117290,0
2026-07-02 15:39:12.003699,1.441708,-7.117290,1.415299,-0.002971,1.418524,-0.002971,-7.117290,0
2026-07-02 15:39:12.010359,1.444120,-7.117290,1.415299,-0.002971,1.413342,-0.002971,-7.117290,0
2026-07-02 15:39:12.011380,1.446578,-7.117290,1.420479,-0.002971,1.413342,-0.002971,-7.117290,0
2026-07-02 15:39:12.011380,1.448903,-7.112109,1.415299,-0.002971,1.418524,-0.002971,-7.112109,0
2026-07-02 15:39:12.017778,1.451322,-7.117290,1.415299,-0.002971,1.413342,-0.002971,-7.117290,0
2026-07-02 15:39:12.017778,1.454705,-7.117290,1.415299,-0.002971,1.418524,-0.002971,-7.117290,0
2026-07-02 15:39:12.017778,1.457234,-7.112109,1.415299,-0.002971,1.413342,-0.002971,-7.112109,0
2026-07-02 15:39:12.025911,1.459570,-7.117290,1.415299,-0.002971,1.413342,-0.002971,-7.117290,0
2026-07-02 15:39:12.027274,1.462614,-7.117290,1.415299,-0.002971,1.413342,-0.002971,-7.117290,0
2026-07-02 15:39:12.031360,1.465133,-7.117290,1.415299,-0.002971,1.413342,-0.002971,-7.117290,0
2026-07-02 15:39:12.031360,1.467576,-7.117290,1.415299,-0.002971,1.418524,-0.002971,-7.117290,0
2026-07-02 15:39:12.035977,1.470949,-7.112109,1.415299,-0.008152,1.413342,-0.008152,-7.112109,0
2026-07-02 15:39:12.035977,1.473420,-7.112109,1.415299,-0.002971,1.413342,-0.002971,-7.112109,0
2026-07-02 15:39:12.035977,1.475817,-7.117290,1.415299,-0.002971,1.418524,-0.002971,-7.117290,0
2026-07-02 15:39:12.035977,1.479762,-7.117290,1.415299,-0.002971,1.418524,-0.002971,-7.117290,0
2026-07-02 15:39:12.046202,1.482140,-7.117290,1.415299,-0.002971,1.413342,-0.002971,-7.117290,0
2026-07-02 15:39:12.046202,1.484556,-7.117290,1.415299,-0.002971,1.418524,-0.002971,-7.117290,0
2026-07-02 15:39:12.046202,1.487026,-7.117290,1.415299,-0.002971,1.418524,-0.002971,-7.117290,0
2026-07-02 15:39:12.046202,1.489458,-7.117290,1.415299,-0.002971,1.413342,-0.002971,-7.117290,0
2026-07-02 15:39:12.056307,1.491860,-7.122472,1.415299,-0.002971,1.413342,-0.002971,-7.122472,0
2026-07-02 15:39:12.056307,1.494311,-7.117290,1.415299,-0.002971,1.418524,-0.002971,-7.117290,0
2026-07-02 15:39:12.062902,1.496849,-7.112109,1.420479,-0.002971,1.413342,-0.002971,-7.112109,0
2026-07-02 15:39:12.062902,1.499400,-7.117290,1.415299,-0.002971,1.413342,-0.002971,-7.117290,0
2026-07-02 15:39:12.066511,1.501667,-7.117290,1.415299,-0.008152,1.418524,-0.008152,-7.117290,0
2026-07-02 15:39:12.066511,1.506355,-7.117290,1.415299,-0.002971,1.418524,-0.002971,-7.117290,0
2026-07-02 15:39:12.066511,1.508699,-7.106927,1.415299,-0.002971,1.418524,-0.002971,-7.106927,0
2026-07-02 15:39:12.075863,1.511015,-7.117290,1.415299,-0.002971,1.413342,-0.002971,-7.117290,0
2026-07-02 15:39:12.075863,1.513440,-7.112109,1.415299,-0.002971,1.413342,-0.002971,-7.112109,0
2026-07-02 15:39:12.075863,1.515707,-7.112109,1.415299,-0.002971,1.418524,-0.002971,-7.112109,0
2026-07-02 15:39:12.075863,1.517917,-7.106927,1.415299,-0.002971,1.413342,-0.002971,-7.106927,0
2026-07-02 15:39:12.085942,1.520177,-7.112109,1.415299,-0.002971,1.418524,-0.002971,-7.112109,0
2026-07-02 15:39:12.088539,1.522766,-7.117290,1.415299,-0.002971,1.413342,-0.002971,-7.117290,0
2026-07-02 15:39:12.088539,1.524997,-7.112109,1.415299,-0.002971,1.418524,-0.002971,-7.112109,0
2026-07-02 15:39:12.088539,1.527228,-7.112109,1.415299,-0.002971,1.413342,-0.002971,-7.112109,0
2026-07-02 15:39:12.088539,1.529480,-7.112109,1.415299,-0.002971,1.418524,-0.002971,-7.112109,0
2026-07-02 15:39:12.096079,1.531722,-7.106927,1.415299,-0.002971,1.413342,-0.002971,-7.106927,0
2026-07-02 15:39:12.096079,1.533939,-7.117290,1.415299,-0.002971,1.413342,-0.002971,-7.117290,0
2026-07-02 15:39:12.096079,1.536131,-7.117290,1.415299,-0.002971,1.413342,-0.002971,-7.117290,0
2026-07-02 15:39:12.096079,1.538468,-7.112109,1.415299,-0.002971,1.413342,-0.002971,-7.112109,0
2026-07-02 15:39:12.106235,1.540740,-7.117290,1.415299,-0.002971,1.418524,-0.002971,-7.117290,0
2026-07-02 15:39:12.109074,1.542964,-7.112109,1.415299,-0.002971,1.418524,-0.002971,-7.112109,0
2026-07-02 15:39:12.109074,1.545294,-7.117290,1.415299,-0.002971,1.413342,-0.002971,-7.117290,0
2026-07-02 15:39:12.109074,1.547581,-7.117290,1.415299,-0.002971,1.413342,-0.002971,-7.117290,0
2026-07-02 15:39:12.109074,1.549834,-7.112109,1.415299,-0.002971,1.418524,-0.002971,-7.112109,0
2026-07-02 15:39:12.116626,1.552094,-7.117290,1.415299,-0.008152,1.418524,-0.008152,-7.117290,0
2026-07-02 15:39:12.116626,1.554394,-7.112109,1.415299,-0.002971,1.413342,-0.002971,-7.112109,0
2026-07-02 15:39:12.116626,1.556659,-7.106927,1.415299,-0.002971,1.413342,-0.002971,-7.106927,0
2026-07-02 15:39:12.116626,1.559085,-7.106927,1.415299,-0.002971,1.413342,-0.002971,-7.106927,0
2026-07-02 15:39:12.126734,1.561402,-7.117290,1.415299,-0.002971,1.413342,-0.002971,-7.117290,0
2026-07-02 15:39:12.126734,1.563792,-7.106927,1.415299,-0.002971,1.418524,-0.002971,-7.106927,0
2026-07-02 15:39:12.126734,1.566151,-7.117290,1.415299,-0.002971,1.413342,-0.002971,-7.117290,0
2026-07-02 15:39:12.134100,1.568333,-7.112109,1.415299,-0.002971,1.418524,-0.002971,-7.112109,0
2026-07-02 15:39:12.134100,1.570670,-7.117290,1.415299,-0.002971,1.413342,-0.002971,-7.117290,0
2026-07-02 15:39:12.137149,1.573043,-7.117290,1.415299,-0.002971,1.413342,-0.002971,-7.117290,0
2026-07-02 15:39:12.137149,1.575513,-7.112109,1.415299,-0.002971,1.413342,-0.002971,-7.112109,0
2026-07-02 15:39:12.137149,1.578028,-7.117290,1.415299,-0.002971,1.413342,-0.002971,-7.117290,0
2026-07-02 15:39:12.137149,1.580499,-7.112109,1.415299,-0.002971,1.418524,-0.002971,-7.112109,0
2026-07-02 15:39:12.147240,1.582921,-7.112109,1.415299,-0.002971,1.418524,-0.002971,-7.112109,0
2026-07-02 15:39:12.147240,1.585359,-7.117290,1.415299,-0.002971,1.413342,-0.002971,-7.117290,0
2026-07-02 15:39:12.147240,1.587689,-7.117290,1.415299,-0.002971,1.413342,-0.002971,-7.117290,0
2026-07-02 15:39:12.147240,1.590141,-7.117290,1.415299,-0.002971,1.418524,-0.002971,-7.117290,0
2026-07-02 15:39:12.157352,1.592575,-7.112109,1.415299,-0.002971,1.413342,-0.002971,-7.112109,0
2026-07-02 15:39:12.157352,1.594924,-7.112109,1.415299,-0.002971,1.413342,-0.002971,-7.112109,0
2026-07-02 15:39:12.163072,1.597384,-7.106927,1.415299,-0.002971,1.413342,-0.002971,-7.106927,0
2026-07-02 15:39:12.163072,1.599821,-7.112109,1.415299,-0.008152,1.413342,-0.008152,-7.112109,0
2026-07-02 15:39:12.167360,1.602215,-7.122472,1.415299,-0.002971,1.418524,-0.002971,-7.122472,0
2026-07-02 15:39:12.167360,1.604561,-7.112109,1.415299,-0.002971,1.413342,-0.002971,-7.112109,0
2026-07-02 15:39:12.167360,1.606892,-7.112109,1.415299,-0.002971,1.413342,-0.002971,-7.112109,0
2026-07-02 15:39:12.167360,1.609179,-7.112109,1.415299,-0.002971,1.418524,-0.002971,-7.112109,0
2026-07-02 15:39:12.175859,1.611567,-7.106927,1.415299,-0.002971,1.418524,-0.002971,-7.106927,0
2026-07-02 15:39:12.175859,1.613956,-7.117290,1.415299,-0.002971,1.418524,-0.002971,-7.117290,0
2026-07-02 15:39:12.175859,1.616284,-7.117290,1.415299,-0.002971,1.418524,-0.002971,-7.117290,0
2026-07-02 15:39:12.184025,1.618609,-7.112109,1.415299,-0.002971,1.418524,-0.002971,-7.112109,0
2026-07-02 15:39:12.184025,1.620884,-7.112109,1.415299,-0.002971,1.418524,-0.002971,-7.112109,0
2026-07-02 15:39:12.189122,1.623357,-7.106927,1.415299,-0.002971,1.413342,-0.002971,-7.106927,0
2026-07-02 15:39:12.189122,1.625998,-7.117290,1.415299,-0.008152,1.413342,-0.008152,-7.117290,0
2026-07-02 15:39:12.194144,1.628906,-7.112109,1.415299,-0.002971,1.413342,-0.002971,-7.112109,0
2026-07-02 15:39:12.194144,1.631396,-7.117290,1.420479,-0.002971,1.418524,-0.002971,-7.117290,0
2026-07-02 15:39:12.194144,1.633782,-7.106927,1.415299,-0.002971,1.418524,-0.002971,-7.106927,0
2026-07-02 15:39:12.200773,1.636217,-7.117290,1.415299,-0.008152,1.418524,-0.008152,-7.117290,0
2026-07-02 15:39:12.204218,1.638635,-7.106927,1.415299,-0.002971,1.413342,-0.002971,-7.106927,0
2026-07-02 15:39:12.204218,1.640948,-7.112109,1.415299,-0.002971,1.418524,-0.002971,-7.112109,0
2026-07-02 15:39:12.209065,1.643344,-7.106927,1.415299,-0.002971,1.413342,-0.002971,-7.106927,0
2026-07-02 15:39:12.209065,1.645820,-7.112109,1.415299,-0.002971,1.413342,-0.002971,-7.112109,0
2026-07-02 15:39:12.214539,1.648283,-7.106927,1.420479,-0.002971,1.413342,-0.002971,-7.106927,0
2026-07-02 15:39:12.214539,1.650799,-7.112109,1.415299,-0.002971,1.413342,-0.002971,-7.112109,0
2026-07-02 15:39:12.214539,1.653278,-7.117290,1.415299,-0.002971,1.413342,-0.002971,-7.117290,0
2026-07-02 15:39:12.214539,1.655878,-7.117290,1.415299,-0.002971,1.413342,-0.002971,-7.117290,0
2026-07-02 15:39:12.224718,1.658383,-7.106927,1.415299,-0.002971,1.413342,-0.002971,-7.106927,0
2026-07-02 15:39:12.225847,1.660960,-7.117290,1.420479,-0.002971,1.413342,-0.002971,-7.117290,0
2026-07-02 15:39:12.225847,1.663376,-7.106927,1.415299,-0.002971,1.418524,-0.002971,-7.106927,0
2026-07-02 15:39:12.225847,1.665791,-7.122472,1.415299,-0.002971,1.418524,-0.002971,-7.122472,0
2026-07-02 15:39:12.234070,1.668125,-7.112109,1.415299,-0.008152,1.418524,-0.008152,-7.112109,0
2026-07-02 15:39:12.234070,1.670677,-7.117290,1.415299,-0.002971,1.413342,-0.002971,-7.117290,0
2026-07-02 15:39:12.234070,1.673139,-7.117290,1.415299,-0.002971,1.418524,-0.002971,-7.117290,0
2026-07-02 15:39:12.234070,1.675535,-7.112109,1.415299,-0.002971,1.413342,-0.002971,-7.112109,0
2026-07-02 15:39:12.234070,1.677912,-7.112109,1.415299,-0.002971,1.413342,-0.002971,-7.112109,0
2026-07-02 15:39:12.244534,1.680366,-7.106927,1.415299,-0.002971,1.418524,-0.002971,-7.106927,0
2026-07-02 15:39:12.244534,1.682773,-7.117290,1.415299,-0.002971,1.413342,-0.002971,-7.117290,0
2026-07-02 15:39:12.244534,1.685269,-7.106927,1.415299,-0.002971,1.413342,-0.002971,-7.106927,0
2026-07-02 15:39:12.244534,1.688033,-7.106927,1.415299,-0.002971,1.418524,-0.002971,-7.106927,0
2026-07-02 15:39:12.254742,1.690389,-7.117290,1.415299,-0.002971,1.413342,-0.002971,-7.117290,0
2026-07-02 15:39:12.254742,1.692817,-7.117290,1.415299,-0.002971,1.418524,-0.002971,-7.117290,0
2026-07-02 15:39:12.254742,1.695358,-7.117290,1.415299,-0.008152,1.413342,-0.008152,-7.117290,0
2026-07-02 15:39:12.263405,1.698168,-7.106927,1.415299,-0.002971,1.413342,-0.002971,-7.106927,0
2026-07-02 15:39:12.265190,1.700543,-7.106927,1.415299,-0.002971,1.418524,-0.002971,-7.106927,0
2026-07-02 15:39:12.265190,1.702900,-7.112109,1.415299,-0.002971,1.413342,-0.002971,-7.112109,0
2026-07-02 15:39:12.265190,1.705318,-7.112109,1.415299,-0.002971,1.413342,-0.002971,-7.112109,0
2026-07-02 15:39:12.265190,1.707721,-7.112109,1.415299,-0.002971,1.418524,-0.002971,-7.112109,0
2026-07-02 15:39:12.276203,1.710040,-7.117290,1.415299,-0.002971,1.418524,-0.002971,-7.117290,0
2026-07-02 15:39:12.278275,1.713381,-7.112109,1.415299,-0.002971,1.413342,-0.002971,-7.112109,0
2026-07-02 15:39:12.284916,1.719275,-7.112109,1.415299,-0.002971,1.418524,-0.002971,-7.112109,0
2026-07-02 15:39:12.284916,1.721821,-7.106927,1.415299,-0.002971,1.418524,-0.002971,-7.106927,0
2026-07-02 15:39:12.289726,1.724212,-7.112109,1.415299,-0.002971,1.413342,-0.002971,-7.112109,0
2026-07-02 15:39:12.292525,1.726519,-7.106927,1.415299,-0.002971,1.418524,-0.002971,-7.106927,0
2026-07-02 15:39:12.292525,1.729046,-7.112109,1.415299,-0.002971,1.418524,-0.002971,-7.112109,0
2026-07-02 15:39:12.292525,1.731692,-7.112109,1.415299,-0.002971,1.418524,-0.002971,-7.112109,0
2026-07-02 15:39:12.292525,1.734056,-7.106927,1.415299,-0.002971,1.418524,-0.002971,-7.106927,0
2026-07-02 15:39:12.302901,1.736488,-7.117290,1.415299,-0.008152,1.413342,-0.008152,-7.117290,0
2026-07-02 15:39:12.302901,1.739034,-7.112109,1.415299,-0.002971,1.418524,-0.002971,-7.112109,0
2026-07-02 15:39:12.302901,1.741412,-7.117290,1.415299,-0.002971,1.418524,-0.002971,-7.117290,0
2026-07-02 15:39:12.302901,1.743805,-7.106927,1.415299,-0.002971,1.413342,-0.002971,-7.106927,0
2026-07-02 15:39:12.302901,1.746254,-7.112109,1.415299,-0.002971,1.418524,-0.002971,-7.112109,0
2026-07-02 15:39:12.313090,1.748683,-7.117290,1.415299,-0.002971,1.413342,-0.002971,-7.117290,0
2026-07-02 15:39:12.313090,1.751089,-7.106927,1.415299,-0.002971,1.413342,-0.002971,-7.106927,0
2026-07-02 15:39:12.313090,1.753627,-7.106927,1.415299,-0.002971,1.413342,-0.002971,-7.106927,0
2026-07-02 15:39:12.313090,1.756183,-7.112109,1.415299,-0.002971,1.418524,-0.002971,-7.112109,0
2026-07-02 15:39:12.323507,1.758555,-7.117290,1.415299,-0.002971,1.413342,-0.002971,-7.117290,0
2026-07-02 15:39:12.323507,1.760866,-7.112109,1.415299,-0.002971,1.418524,-0.002971,-7.112109,0
2026-07-02 15:39:12.323507,1.763129,-7.117290,1.415299,-0.008152,1.413342,-0.008152,-7.117290,0
2026-07-02 15:39:12.323507,1.765374,-7.117290,1.415299,-0.002971,1.413342,-0.002971,-7.117290,0
2026-07-02 15:39:12.333587,1.767585,-7.106927,1.415299,-0.002971,1.413342,-0.002971,-7.106927,0
2026-07-02 15:39:12.333587,1.770261,-7.112109,1.415299,-0.002971,1.413342,-0.002971,-7.112109,0
2026-07-02 15:39:12.333587,1.772522,-7.112109,1.415299,-0.008152,1.413342,-0.008152,-7.112109,0
2026-07-02 15:39:12.333587,1.774749,-7.117290,1.415299,-0.002971,1.413342,-0.002971,-7.117290,0
2026-07-02 15:39:12.333587,1.776945,-7.112109,1.415299,-0.008152,1.418524,-0.008152,-7.112109,0
2026-07-02 15:39:12.343808,1.779246,-7.112109,1.415299,-0.002971,1.413342,-0.002971,-7.112109,0
2026-07-02 15:39:12.343808,1.781500,-7.117290,1.415299,-0.002971,1.418524,-0.002971,-7.117290,0
2026-07-02 15:39:12.343808,1.783748,-7.117290,1.415299,-0.002971,1.418524,-0.002971,-7.117290,0
2026-07-02 15:39:12.350830,1.785983,-7.112109,1.415299,-0.002971,1.418524,-0.002971,-7.112109,0
2026-07-02 15:39:12.353996,1.788353,-7.117290,1.415299,-0.002971,1.413342,-0.002971,-7.117290,0
2026-07-02 15:39:12.353996,1.790691,-7.117290,1.415299,-0.002971,1.413342,-0.002971,-7.117290,0
2026-07-02 15:39:12.359077,1.792929,-7.122472,1.415299,-0.002971,1.413342,-0.002971,-7.122472,0
2026-07-02 15:39:12.360779,1.795631,-7.117290,1.415299,-0.008152,1.413342,-0.008152,-7.117290,0
2026-07-02 15:39:12.363766,1.798173,-7.112109,1.420479,-0.002971,1.413342,-0.002971,-7.112109,0
2026-07-02 15:39:12.363766,1.800550,-7.117290,1.415299,-0.002971,1.413342,-0.002971,-7.117290,0
2026-07-02 15:39:12.363766,1.804499,-7.106927,1.415299,-0.002971,1.418524,-0.002971,-7.106927,0
2026-07-02 15:39:12.363766,1.806944,-7.106927,1.415299,-0.002971,1.413342,-0.002971,-7.106927,0
2026-07-02 15:39:12.373963,1.809367,-7.117290,1.415299,-0.002971,1.413342,-0.002971,-7.117290,0
2026-07-02 15:39:12.373963,1.813245,-7.106927,1.415299,-0.002971,1.413342,-0.002971,-7.106927,0
2026-07-02 15:39:12.373963,1.815751,-7.112109,1.415299,-0.002971,1.413342,-0.002971,-7.112109,0
2026-07-02 15:39:12.384081,1.818117,-7.117290,1.415299,-0.002971,1.413342,-0.002971,-7.117290,0
2026-07-02 15:39:12.384081,1.821478,-7.106927,1.415299,-0.002971,1.418524,-0.002971,-7.106927,0
2026-07-02 15:39:12.390136,1.823996,-7.106927,1.415299,-0.002971,1.413342,-0.002971,-7.106927,0
2026-07-02 15:39:12.390136,1.826425,-7.112109,1.415299,-0.002971,1.413342,-0.002971,-7.112109,0
2026-07-02 15:39:12.394177,1.829327,-7.106927,1.415299,-0.002971,1.413342,-0.002971,-7.106927,0
2026-07-02 15:39:12.394177,1.831749,-7.112109,1.415299,-0.002971,1.413342,-0.002971,-7.112109,0
2026-07-02 15:39:12.394177,1.834148,-7.112109,1.415299,-0.008152,1.418524,-0.008152,-7.112109,0
2026-07-02 15:39:12.404365,1.838027,-7.117290,1.415299,-0.002971,1.413342,-0.002971,-7.117290,0
2026-07-02 15:39:12.404365,1.840751,-7.106927,1.415299,-0.002971,1.418524,-0.002971,-7.106927,0
2026-07-02 15:39:12.404365,1.843257,-7.112109,1.415299,-0.002971,1.418524,-0.002971,-7.112109,0
2026-07-02 15:39:12.404365,1.846623,-7.106927,1.415299,-0.002971,1.418524,-0.002971,-7.106927,0
2026-07-02 15:39:12.414647,1.849031,-7.117290,1.415299,-0.002971,1.418524,-0.002971,-7.117290,0
2026-07-02 15:39:12.414647,1.851488,-7.117290,1.415299,-0.002971,1.413342,-0.002971,-7.117290,0
2026-07-02 15:39:12.414647,1.854801,-7.106927,1.415299,-0.002971,1.413342,-0.002971,-7.106927,0
2026-07-02 15:39:12.414647,1.857210,-7.117290,1.415299,-0.002971,1.418524,-0.002971,-7.117290,0
2026-07-02 15:39:12.424751,1.859611,-7.106927,1.415299,-0.002971,1.418524,-0.002971,-7.106927,0
2026-07-02 15:39:12.424751,1.863638,-7.117290,1.415299,-0.002971,1.413342,-0.002971,-7.117290,0
2026-07-02 15:39:12.424751,1.866185,-7.112109,1.415299,-0.002971,1.413342,-0.002971,-7.112109,0
2026-07-02 15:39:12.434944,1.868741,-7.117290,1.415299,-0.002971,1.413342,-0.002971,-7.117290,0
2026-07-02 15:39:12.434944,1.872416,-7.117290,1.415299,-0.002971,1.413342,-0.002971,-7.117290,0
2026-07-02 15:39:12.434944,1.874859,-7.112109,1.415299,-0.002971,1.413342,-0.002971,-7.112109,0
2026-07-02 15:39:12.442612,1.877266,-7.106927,1.415299,-0.002971,1.413342,-0.002971,-7.106927,0
2026-07-02 15:39:12.444654,1.879833,-7.117290,1.415299,-0.002971,1.418524,-0.002971,-7.117290,0
2026-07-02 15:39:12.444654,1.882454,-7.117290,1.415299,-0.002971,1.418524,-0.002971,-7.117290,0
2026-07-02 15:39:12.451898,1.884851,-7.112109,1.415299,-0.002971,1.413342,-0.002971,-7.112109,0
2026-07-02 15:39:12.451898,1.888034,-7.112109,1.415299,-0.002971,1.413342,-0.002971,-7.112109,0
2026-07-02 15:39:12.451898,1.890496,-7.112109,1.415299,-0.002971,1.418524,-0.002971,-7.112109,0
2026-07-02 15:39:12.460166,1.892980,-7.112109,1.415299,-0.002971,1.413342,-0.002971,-7.112109,0
2026-07-02 15:39:12.460166,1.896407,-7.117290,1.415299,-0.002971,1.418524,-0.002971,-7.117290,0
2026-07-02 15:39:12.463824,1.898846,-7.106927,1.415299,-0.002971,1.418524,-0.002971,-7.106927,0
2026-07-02 15:39:12.472546,1.901265,-7.117290,1.415299,0.002211,1.413342,0.002211,-7.117290,0
2026-07-02 15:39:12.472546,1.908679,-7.122472,1.415299,-0.002971,1.413342,-0.002971,-7.122472,0
2026-07-02 15:39:12.477365,1.911183,-7.106927,1.415299,-0.002971,1.413342,-0.002971,-7.106927,0
2026-07-02 15:39:12.477365,1.914386,-7.106927,1.415299,-0.002971,1.418524,-0.002971,-7.106927,0
2026-07-02 15:39:12.477365,1.916865,-7.112109,1.415299,-0.002971,1.413342,-0.002971,-7.112109,0
2026-07-02 15:39:12.484222,1.919336,-7.117290,1.415299,-0.002971,1.413342,-0.002971,-7.117290,0
2026-07-02 15:39:12.484222,1.921776,-7.117290,1.415299,-0.002971,1.418524,-0.002971,-7.117290,0
2026-07-02 15:39:12.490375,1.924211,-7.117290,1.415299,-0.002971,1.413342,-0.002971,-7.117290,0
2026-07-02 15:39:12.492581,1.926559,-7.112109,1.415299,-0.002971,1.418524,-0.002971,-7.112109,0
2026-07-02 15:39:12.492581,1.928958,-7.117290,1.415299,-0.002971,1.413342,-0.002971,-7.117290,0
2026-07-02 15:39:12.492581,1.931525,-7.106927,1.415299,-0.002971,1.413342,-0.002971,-7.106927,0
2026-07-02 15:39:12.492581,1.933980,-7.117290,1.415299,-0.002971,1.413342,-0.002971,-7.117290,0
2026-07-02 15:39:12.500766,1.936425,-7.117290,1.415299,-0.002971,1.413342,-0.002971,-7.117290,0
2026-07-02 15:39:12.500766,1.938881,-7.117290,1.415299,-0.002971,1.418524,-0.002971,-7.117290,0
2026-07-02 15:39:12.500766,1.941303,-7.106927,1.415299,-0.002971,1.418524,-0.002971,-7.106927,0
2026-07-02 15:39:12.500766,1.943730,-7.112109,1.415299,-0.008152,1.413342,-0.008152,-7.112109,0
2026-07-02 15:39:12.511064,1.946133,-7.112109,1.415299,-0.002971,1.413342,-0.002971,-7.112109,0
2026-07-02 15:39:12.511064,1.948539,-7.117290,1.415299,-0.002971,1.418524,-0.002971,-7.117290,0
2026-07-02 15:39:12.511064,1.950992,-7.117290,1.415299,-0.002971,1.413342,-0.002971,-7.117290,0
2026-07-02 15:39:12.511064,1.953460,-7.112109,1.415299,-0.002971,1.413342,-0.002971,-7.112109,0
2026-07-02 15:39:12.521160,1.955923,-7.112109,1.415299,-0.002971,1.413342,-0.002971,-7.112109,0
2026-07-02 15:39:12.521160,1.958366,-7.117290,1.415299,-0.002971,1.413342,-0.002971,-7.117290,0
2026-07-02 15:39:12.521160,1.960828,-7.112109,1.415299,-0.002971,1.413342,-0.002971,-7.112109,0
2026-07-02 15:39:12.521160,1.963251,-7.117290,1.415299,-0.002971,1.413342,-0.002971,-7.117290,0
2026-07-02 15:39:12.531323,1.965672,-7.117290,1.415299,-0.002971,1.418524,-0.002971,-7.117290,0
2026-07-02 15:39:12.531323,1.967992,-7.117290,1.415299,-0.002971,1.413342,-0.002971,-7.117290,0
2026-07-02 15:39:12.531323,1.970423,-7.117290,1.415299,-0.002971,1.413342,-0.002971,-7.117290,0
2026-07-02 15:39:12.531323,1.972883,-7.112109,1.415299,-0.002971,1.413342,-0.002971,-7.112109,0
2026-07-02 15:39:12.541401,1.975317,-7.117290,1.415299,-0.008152,1.413342,-0.008152,-7.117290,0
2026-07-02 15:39:12.543211,1.977718,-7.112109,1.415299,-0.002971,1.413342,-0.002971,-7.112109,0
2026-07-02 15:39:12.543211,1.980213,-7.112109,1.415299,-0.002971,1.413342,-0.002971,-7.112109,0
2026-07-02 15:39:12.543211,1.982705,-7.117290,1.415299,-0.002971,1.418524,-0.002971,-7.117290,0
2026-07-02 15:39:12.543211,1.985129,-7.117290,1.415299,-0.002971,1.418524,-0.002971,-7.117290,0
2026-07-02 15:39:12.551739,1.987424,-7.117290,1.415299,-0.002971,1.413342,-0.002971,-7.117290,0
2026-07-02 15:39:12.551739,1.989791,-7.106927,1.415299,-0.002971,1.418524,-0.002971,-7.106927,0
2026-07-02 15:39:12.551739,1.992195,-7.117290,1.415299,-0.002971,1.413342,-0.002971,-7.117290,0
2026-07-02 15:39:12.561815,1.995641,-7.117290,1.415299,-0.002971,1.413342,-0.002971,-7.117290,0
2026-07-02 15:39:12.563823,1.998262,-7.117290,1.415299,-0.002971,1.413342,-0.002971,-7.117290,0
2026-07-02 15:39:12.563823,2.000668,-7.117290,1.415299,-0.002971,1.413342,-0.002971,-7.117290,0
2026-07-02 15:39:12.563823,2.004051,-7.117290,1.415299,-0.002971,1.413342,-0.002971,-7.117290,0
2026-07-02 15:39:12.572024,2.006465,-7.112109,1.415299,-0.002971,1.413342,-0.002971,-7.112109,0
2026-07-02 15:39:12.572024,2.009763,-7.117290,1.415299,-0.008152,1.413342,-0.008152,-7.117290,0
2026-07-02 15:39:12.572024,2.014684,-7.112109,1.415299,-0.002971,1.418524,-0.002971,-7.112109,0
2026-07-02 15:39:12.582101,2.016925,-7.117290,1.415299,-0.002971,1.418524,-0.002971,-7.117290,0
2026-07-02 15:39:12.582101,2.019387,-7.112109,1.415299,-0.002971,1.418524,-0.002971,-7.112109,0
2026-07-02 15:39:12.582101,2.021804,-7.117290,1.415299,-0.002971,1.418524,-0.002971,-7.117290,0
2026-07-02 15:39:12.582101,2.024386,-7.117290,1.415299,-0.002971,1.413342,-0.002971,-7.117290,0
2026-07-02 15:39:12.592565,2.027024,-7.117290,1.415299,-0.002971,1.413342,-0.002971,-7.117290,0
2026-07-02 15:39:12.592565,2.031882,-7.112109,1.415299,-0.002971,1.418524,-0.002971,-7.112109,0
2026-07-02 15:39:12.592565,2.034443,-7.112109,1.415299,-0.002971,1.413342,-0.002971,-7.112109,0
2026-07-02 15:39:12.602666,2.036970,-7.112109,1.415299,-0.002971,1.418524,-0.002971,-7.112109,0
2026-07-02 15:39:12.602666,2.039478,-7.112109,1.415299,-0.002971,1.413342,-0.002971,-7.112109,0
2026-07-02 15:39:12.602666,2.042011,-7.117290,1.415299,-0.002971,1.413342,-0.002971,-7.117290,0
2026-07-02 15:39:12.602666,2.044458,-7.112109,1.415299,-0.002971,1.413342,-0.002971,-7.112109,0
2026-07-02 15:39:12.612803,2.046939,-7.117290,1.415299,-0.002971,1.413342,-0.002971,-7.117290,0
2026-07-02 15:39:12.612803,2.049321,-7.117290,1.415299,-0.008152,1.413342,-0.008152,-7.117290,0
2026-07-02 15:39:12.612803,2.051727,-7.106927,1.415299,-0.002971,1.418524,-0.002971,-7.106927,0
2026-07-02 15:39:12.619386,2.054140,-7.117290,1.415299,-0.002971,1.413342,-0.002971,-7.117290,0
2026-07-02 15:39:12.622909,2.056555,-7.117290,1.415299,-0.008152,1.413342,-0.008152,-7.117290,0
2026-07-02 15:39:12.623761,2.059106,-7.117290,1.415299,-0.002971,1.418524,-0.002971,-7.117290,0
2026-07-02 15:39:12.623761,2.061522,-7.117290,1.415299,-0.002971,1.413342,-0.002971,-7.117290,0
2026-07-02 15:39:12.623761,2.063939,-7.117290,1.415299,-0.002971,1.413342,-0.002971,-7.117290,0
2026-07-02 15:39:12.623761,2.066341,-7.112109,1.415299,-0.002971,1.413342,-0.002971,-7.112109,0
2026-07-02 15:39:12.633284,2.068759,-7.112109,1.415299,-0.002971,1.413342,-0.002971,-7.112109,0
2026-07-02 15:39:12.633284,2.071182,-7.112109,1.415299,-0.002971,1.413342,-0.002971,-7.112109,0
2026-07-02 15:39:12.633284,2.073621,-7.117290,1.415299,-0.002971,1.418524,-0.002971,-7.117290,0
2026-07-02 15:39:12.633284,2.076021,-7.106927,1.415299,-0.002971,1.418524,-0.002971,-7.106927,0
2026-07-02 15:39:12.643422,2.078456,-7.117290,1.415299,-0.008152,1.413342,-0.008152,-7.117290,0
2026-07-02 15:39:12.643422,2.080885,-7.117290,1.415299,-0.002971,1.413342,-0.002971,-7.117290,0
2026-07-02 15:39:12.643422,2.083305,-7.112109,1.415299,-0.002971,1.413342,-0.002971,-7.112109,0
2026-07-02 15:39:12.643422,2.085735,-7.117290,1.415299,-0.002971,1.418524,-0.002971,-7.117290,0
2026-07-02 15:39:12.653501,2.088082,-7.106927,1.415299,-0.002971,1.413342,-0.002971,-7.106927,0
2026-07-02 15:39:12.653501,2.090457,-7.122472,1.415299,-0.002971,1.413342,-0.002971,-7.122472,0
2026-07-02 15:39:12.653501,2.092874,-7.112109,1.415299,-0.002971,1.413342,-0.002971,-7.112109,0
2026-07-02 15:39:12.653501,2.095304,-7.112109,1.415299,-0.002971,1.413342,-0.002971,-7.112109,0
2026-07-02 15:39:12.653501,2.097688,-7.106927,1.415299,-0.002971,1.413342,-0.002971,-7.106927,0
2026-07-02 15:39:12.664089,2.099927,-7.106927,1.415299,-0.002971,1.418524,-0.002971,-7.106927,0
2026-07-02 15:39:12.664089,2.102383,-7.112109,1.415299,-0.002971,1.413342,-0.002971,-7.112109,0
2026-07-02 15:39:12.664089,2.104690,-7.112109,1.415299,-0.002971,1.413342,-0.002971,-7.112109,0
2026-07-02 15:39:12.664089,2.107076,-7.122472,1.415299,-0.002971,1.418524,-0.002971,-7.122472,0
2026-07-02 15:39:12.674237,2.109471,-7.117290,1.415299,-0.002971,1.413342,-0.002971,-7.117290,0
2026-07-02 15:39:12.674237,2.115795,-7.112109,1.415299,-0.002971,1.413342,-0.002971,-7.112109,0
2026-07-02 15:39:12.684613,2.118199,-7.117290,1.415299,-0.002971,1.413342,-0.002971,-7.117290,0
2026-07-02 15:39:12.684613,2.121438,-7.117290,1.415299,-0.002971,1.418524,-0.002971,-7.117290,0
2026-07-02 15:39:12.694740,2.126019,-7.117290,1.415299,-0.002971,1.413342,-0.002971,-7.117290,0
2026-07-02 15:39:12.696751,2.131608,-7.106927,1.415299,-0.002971,1.413342,-0.002971,-7.106927,0
2026-07-02 15:39:12.696751,2.134041,-7.117290,1.415299,-0.002971,1.418524,-0.002971,-7.117290,0
2026-07-02 15:39:12.696751,2.137441,-7.112109,1.415299,-0.002971,1.413342,-0.002971,-7.112109,0
2026-07-02 15:39:12.704780,2.139861,-7.117290,1.415299,-0.002971,1.418524,-0.002971,-7.117290,0
2026-07-02 15:39:12.704780,2.146706,-7.112109,1.415299,-0.002971,1.413342,-0.002971,-7.112109,0
2026-07-02 15:39:12.714872,2.149180,-7.117290,1.415299,-0.002971,1.413342,-0.002971,-7.117290,0
2026-07-02 15:39:12.714872,2.151582,-7.112109,1.415299,-0.002971,1.413342,-0.002971,-7.112109,0
2026-07-02 15:39:12.714872,2.154042,-7.112109,1.415299,-0.002971,1.418524,-0.002971,-7.112109,0
2026-07-02 15:39:12.714872,2.156500,-7.122472,1.415299,-0.002971,1.413342,-0.002971,-7.122472,0
2026-07-02 15:39:12.724924,2.158908,-7.112109,1.415299,-0.002971,1.418524,-0.002971,-7.112109,0
2026-07-02 15:39:12.724924,2.162104,-7.112109,1.415299,-0.002971,1.413342,-0.002971,-7.112109,0
2026-07-02 15:39:12.724924,2.164563,-7.112109,1.415299,-0.002971,1.413342,-0.002971,-7.112109,0
2026-07-02 15:39:12.724924,2.166975,-7.112109,1.415299,-0.002971,1.413342,-0.002971,-7.112109,0
2026-07-02 15:39:12.735060,2.169381,-7.112109,1.415299,-0.002971,1.413342,-0.002971,-7.112109,0
2026-07-02 15:39:12.735060,2.171667,-7.117290,1.415299,-0.002971,1.413342,-0.002971,-7.117290,0
2026-07-02 15:39:12.735060,2.174002,-7.117290,1.415299,-0.002971,1.413342,-0.002971,-7.117290,0
2026-07-02 15:39:12.735060,2.176447,-7.117290,1.415299,-0.002971,1.413342,-0.002971,-7.117290,0
2026-07-02 15:39:12.745127,2.178858,-7.112109,1.415299,-0.002971,1.413342,-0.002971,-7.112109,0
2026-07-02 15:39:12.745127,2.181666,-7.117290,1.415299,-0.002971,1.413342,-0.002971,-7.117290,0
2026-07-02 15:39:12.745127,2.186162,-7.112109,1.415299,-0.002971,1.418524,-0.002971,-7.112109,0
2026-07-02 15:39:12.755197,2.189462,-7.117290,1.415299,-0.002971,1.418524,-0.002971,-7.117290,0
2026-07-02 15:39:12.755197,2.191868,-7.112109,1.415299,-0.002971,1.418524,-0.002971,-7.112109,0
2026-07-02 15:39:12.755197,2.194292,-7.117290,1.415299,-0.002971,1.418524,-0.002971,-7.117290,0
2026-07-02 15:39:12.755197,2.196709,-7.112109,1.415299,-0.002971,1.413342,-0.002971,-7.112109,0
2026-07-02 15:39:12.765380,2.199122,-7.117290,1.415299,-0.002971,1.413342,-0.002971,-7.117290,0
2026-07-02 15:39:12.765380,2.202910,-7.112109,1.415299,-0.002971,1.413342,-0.002971,-7.112109,0
2026-07-02 15:39:12.765380,2.205337,-7.112109,1.415299,-0.002971,1.418524,-0.002971,-7.112109,0
2026-07-02 15:39:12.765380,2.207750,-7.112109,1.415299,-0.002971,1.413342,-0.002971,-7.112109,0
2026-07-02 15:39:12.775459,2.210168,-7.112109,1.415299,-0.002971,1.413342,-0.002971,-7.112109,0
2026-07-02 15:39:12.775459,2.217528,-7.112109,1.415299,-0.002971,1.413342,-0.002971,-7.112109,0
2026-07-02 15:39:12.785540,2.220977,-7.117290,1.415299,-0.002971,1.418524,-0.002971,-7.117290,0
2026-07-02 15:39:12.795731,2.223861,-7.117290,1.415299,-0.002971,1.418524,-0.002971,-7.117290,0
2026-07-02 15:39:12.795731,2.232133,-7.112109,1.415299,-0.002971,1.418524,-0.002971,-7.112109,0
2026-07-02 15:39:12.795731,2.237792,-7.112109,1.415299,-0.002971,1.413342,-0.002971,-7.112109,0
2026-07-02 15:39:12.805833,2.241431,-7.112109,1.415299,-0.002971,1.418524,-0.002971,-7.112109,0
2026-07-02 15:39:12.805833,2.247496,-7.117290,1.415299,-0.002971,1.413342,-0.002971,-7.117290,0
2026-07-02 15:39:12.815879,2.250203,-7.117290,1.415299,-0.002971,1.413342,-0.002971,-7.117290,0
2026-07-02 15:39:12.815879,2.252545,-7.112109,1.415299,-0.002971,1.418524,-0.002971,-7.112109,0
2026-07-02 15:39:12.818991,2.254822,-7.117290,1.415299,-0.002971,1.413342,-0.002971,-7.117290,0
2026-07-02 15:39:12.818991,2.257271,-7.117290,1.415299,-0.002971,1.418524,-0.002971,-7.117290,0
2026-07-02 15:39:12.818991,2.259513,-7.112109,1.415299,-0.002971,1.413342,-0.002971,-7.112109,0
2026-07-02 15:39:12.826011,2.261738,-7.106927,1.415299,-0.002971,1.413342,-0.002971,-7.106927,0
2026-07-02 15:39:12.826011,2.264007,-7.106927,1.415299,-0.002971,1.413342,-0.002971,-7.106927,0
2026-07-02 15:39:12.826011,2.266205,-7.106927,1.415299,-0.002971,1.418524,-0.002971,-7.106927,0
2026-07-02 15:39:12.826011,2.268480,-7.117290,1.415299,-0.002971,1.413342,-0.002971,-7.117290,0
2026-07-02 15:39:12.836073,2.270767,-7.106927,1.415299,-0.002971,1.418524,-0.002971,-7.106927,0
2026-07-02 15:39:12.836073,2.273184,-7.112109,1.415299,-0.002971,1.418524,-0.002971,-7.112109,0
2026-07-02 15:39:12.836073,2.275426,-7.117290,1.415299,-0.002971,1.413342,-0.002971,-7.117290,0
2026-07-02 15:39:12.836073,2.277657,-7.117290,1.415299,-0.002971,1.413342,-0.002971,-7.117290,0
2026-07-02 15:39:12.846173,2.279928,-7.117290,1.415299,-0.002971,1.413342,-0.002971,-7.117290,0
2026-07-02 15:39:12.846173,2.282466,-7.117290,1.415299,-0.002971,1.413342,-0.002971,-7.117290,0
2026-07-02 15:39:12.846173,2.284905,-7.117290,1.415299,-0.002971,1.413342,-0.002971,-7.117290,0
2026-07-02 15:39:12.846173,2.287179,-7.106927,1.415299,-0.002971,1.418524,-0.002971,-7.106927,0
2026-07-02 15:39:12.846173,2.289450,-7.117290,1.415299,-0.002971,1.418524,-0.002971,-7.117290,0
2026-07-02 15:39:12.856229,2.291838,-7.112109,1.415299,-0.002971,1.418524,-0.002971,-7.112109,0
2026-07-02 15:39:12.856229,2.294171,-7.117290,1.415299,-0.002971,1.413342,-0.002971,-7.117290,0
2026-07-02 15:39:12.856229,2.297083,-7.112109,1.415299,-0.002971,1.413342,-0.002971,-7.112109,0
2026-07-02 15:39:12.864794,2.299463,-7.117290,1.415299,-0.002971,1.413342,-0.002971,-7.117290,0
2026-07-02 15:39:12.866543,2.302381,-7.117290,1.415299,-0.002971,1.413342,-0.002971,-7.117290,0
2026-07-02 15:39:12.866543,2.305097,-7.117290,1.415299,-0.002971,1.418524,-0.002971,-7.117290,0
2026-07-02 15:39:12.866543,2.307648,-7.117290,1.415299,-0.002971,1.418524,-0.002971,-7.117290,0
2026-07-02 15:39:12.866543,2.310060,-7.112109,1.415299,-0.002971,1.413342,-0.002971,-7.112109,0
2026-07-02 15:39:12.878212,2.312478,-7.106927,1.415299,-0.002971,1.413342,-0.002971,-7.106927,0
2026-07-02 15:39:12.878910,2.314814,-7.106927,1.415299,-0.002971,1.418524,-0.002971,-7.106927,0
2026-07-02 15:39:12.878910,2.317227,-7.106927,1.415299,-0.002971,1.413342,-0.002971,-7.106927,0
2026-07-02 15:39:12.885155,2.319637,-7.106927,1.415299,-0.002971,1.418524,-0.002971,-7.106927,0
2026-07-02 15:39:12.885155,2.321983,-7.117290,1.415299,-0.002971,1.413342,-0.002971,-7.117290,0
2026-07-02 15:39:12.885155,2.324512,-7.112109,1.415299,-0.002971,1.418524,-0.002971,-7.112109,0
2026-07-02 15:39:12.892452,2.326930,-7.117290,1.415299,-0.002971,1.413342,-0.002971,-7.117290,0
2026-07-02 15:39:12.895211,2.329360,-7.112109,1.415299,-0.002971,1.413342,-0.002971,-7.112109,0
2026-07-02 15:39:12.895211,2.331758,-7.106927,1.415299,-0.002971,1.418524,-0.002971,-7.106927,0
2026-07-02 15:39:12.895211,2.334144,-7.117290,1.415299,-0.002971,1.413342,-0.002971,-7.117290,0
2026-07-02 15:39:12.895211,2.336620,-7.106927,1.415299,-0.002971,1.413342,-0.002971,-7.106927,0
2026-07-02 15:39:12.905243,2.339079,-7.117290,1.415299,-0.002971,1.413342,-0.002971,-7.117290,0
2026-07-02 15:39:12.905243,2.341616,-7.106927,1.415299,-0.002971,1.413342,-0.002971,-7.106927,0
2026-07-02 15:39:12.905243,2.343998,-7.112109,1.415299,-0.002971,1.418524,-0.002971,-7.112109,0
2026-07-02 15:39:12.905243,2.346418,-7.117290,1.415299,-0.002971,1.413342,-0.002971,-7.117290,0
2026-07-02 15:39:12.905243,2.348696,-7.106927,1.415299,-0.002971,1.418524,-0.002971,-7.106927,0
2026-07-02 15:39:12.915643,2.351140,-7.112109,1.415299,-0.008152,1.418524,-0.008152,-7.112109,0
2026-07-02 15:39:12.915643,2.353691,-7.117290,1.415299,-0.002971,1.413342,-0.002971,-7.117290,0
2026-07-02 15:39:12.915643,2.356127,-7.117290,1.415299,-0.002971,1.413342,-0.002971,-7.117290,0
2026-07-02 15:39:12.915643,2.358521,-7.106927,1.415299,-0.002971,1.418524,-0.002971,-7.106927,0
2026-07-02 15:39:12.925705,2.361032,-7.106927,1.415299,-0.002971,1.418524,-0.002971,-7.106927,0
2026-07-02 15:39:12.925705,2.363379,-7.117290,1.415299,-0.002971,1.418524,-0.002971,-7.117290,0
2026-07-02 15:39:12.925705,2.365780,-7.112109,1.415299,-0.002971,1.413342,-0.002971,-7.112109,0
2026-07-02 15:39:12.925705,2.368197,-7.117290,1.415299,-0.008152,1.413342,-0.008152,-7.117290,0
2026-07-02 15:39:12.935775,2.370515,-7.117290,1.415299,-0.008152,1.413342,-0.008152,-7.117290,0
2026-07-02 15:39:12.935775,2.373037,-7.106927,1.415299,-0.002971,1.418524,-0.002971,-7.106927,0
2026-07-02 15:39:12.935775,2.375601,-7.106927,1.415299,-0.002971,1.413342,-0.002971,-7.106927,0
2026-07-02 15:39:12.935775,2.378147,-7.117290,1.415299,-0.002971,1.413342,-0.002971,-7.117290,0
2026-07-02 15:39:12.945921,2.380674,-7.112109,1.415299,-0.002971,1.413342,-0.002971,-7.112109,0
2026-07-02 15:39:12.945921,2.383189,-7.117290,1.415299,-0.002971,1.413342,-0.002971,-7.117290,0
2026-07-02 15:39:12.945921,2.385603,-7.106927,1.415299,-0.002971,1.413342,-0.002971,-7.106927,0
2026-07-02 15:39:12.945921,2.388011,-7.112109,1.415299,-0.002971,1.418524,-0.002971,-7.112109,0
2026-07-02 15:39:12.956007,2.390482,-7.117290,1.415299,-0.002971,1.413342,-0.002971,-7.117290,0
2026-07-02 15:39:12.956007,2.392696,-7.117290,1.415299,-0.002971,1.413342,-0.002971,-7.117290,0
2026-07-02 15:39:12.956007,2.394925,-7.117290,1.415299,-0.002971,1.413342,-0.002971,-7.117290,0
2026-07-02 15:39:12.956007,2.397479,-7.112109,1.415299,-0.002971,1.413342,-0.002971,-7.112109,0
2026-07-02 15:39:12.966118,2.399979,-7.117290,1.415299,-0.002971,1.413342,-0.002971,-7.117290,0
2026-07-02 15:39:12.966118,2.402742,-7.122472,1.415299,-0.002971,1.413342,-0.002971,-7.122472,0
2026-07-02 15:39:12.966118,2.405247,-7.106927,1.415299,-0.002971,1.418524,-0.002971,-7.106927,0
2026-07-02 15:39:12.966118,2.407726,-7.112109,1.415299,-0.002971,1.418524,-0.002971,-7.112109,0
2026-07-02 15:39:12.976249,2.410210,-7.117290,1.415299,-0.008152,1.413342,-0.008152,-7.117290,0
2026-07-02 15:39:12.976249,2.412980,-7.106927,1.415299,-0.002971,1.413342,-0.002971,-7.106927,0
2026-07-02 15:39:12.976249,2.415455,-7.117290,1.415299,-0.002971,1.413342,-0.002971,-7.117290,0
2026-07-02 15:39:12.976249,2.417884,-7.106927,1.415299,-0.002971,1.418524,-0.002971,-7.106927,0
2026-07-02 15:39:12.986341,2.420352,-7.106927,1.415299,-0.002971,1.413342,-0.002971,-7.106927,0
2026-07-02 15:39:12.986341,2.422729,-7.112109,1.415299,-0.002971,1.413342,-0.002971,-7.112109,0
2026-07-02 15:39:12.986341,2.425090,-7.112109,1.415299,-0.002971,1.418524,-0.002971,-7.112109,0
2026-07-02 15:39:12.986341,2.427443,-7.117290,1.415299,-0.002971,1.418524,-0.002971,-7.117290,0
2026-07-02 15:39:12.993963,2.429806,-7.117290,1.415299,-0.002971,1.413342,-0.002971,-7.117290,0
2026-07-02 15:39:12.996544,2.432116,-7.112109,1.415299,-0.002971,1.413342,-0.002971,-7.112109,0
2026-07-02 15:39:12.996544,2.434523,-7.122472,1.415299,-0.002971,1.413342,-0.002971,-7.122472,0
2026-07-02 15:39:12.996544,2.436823,-7.112109,1.415299,-0.002971,1.413342,-0.002971,-7.112109,0
2026-07-02 15:39:12.996544,2.439108,-7.117290,1.415299,-0.002971,1.413342,-0.002971,-7.117290,0
2026-07-02 15:39:13.013768,2.441470,-7.117290,1.415299,-0.002971,1.413342,-0.002971,-7.117290,0
2026-07-02 15:39:13.016795,2.451679,-7.106927,1.415299,-0.002971,1.413342,-0.002971,-7.106927,0
2026-07-02 15:39:13.016795,2.454223,-7.117290,1.415299,-0.002971,1.413342,-0.002971,-7.117290,0
2026-07-02 15:39:13.016795,2.456601,-7.122472,1.415299,-0.002971,1.413342,-0.002971,-7.122472,0
2026-07-02 15:39:13.016795,2.459063,-7.106927,1.410120,-0.002971,1.413342,-0.002971,-7.106927,0
2026-07-02 15:39:13.026890,2.461556,-7.117290,1.415299,-0.002971,1.418524,-0.002971,-7.117290,0
2026-07-02 15:39:13.026890,2.463913,-7.106927,1.415299,-0.002971,1.418524,-0.002971,-7.106927,0
2026-07-02 15:39:13.026890,2.466395,-7.117290,1.415299,-0.002971,1.418524,-0.002971,-7.117290,0
2026-07-02 15:39:13.034760,2.468874,-7.117290,1.415299,-0.008152,1.413342,-0.008152,-7.117290,0
2026-07-02 15:39:13.044500,2.471215,-7.117290,1.415299,-0.002971,1.413342,-0.002971,-7.117290,0
2026-07-02 15:39:13.044500,2.480781,-7.112109,1.415299,-0.002971,1.413342,-0.002971,-7.112109,0
2026-07-02 15:39:13.047514,2.483077,-7.112109,1.415299,-0.002971,1.418524,-0.002971,-7.112109,0
2026-07-02 15:39:13.047514,2.485776,-7.117290,1.415299,-0.002971,1.418524,-0.002971,-7.117290,0
2026-07-02 15:39:13.047514,2.487969,-7.112109,1.415299,-0.008152,1.418524,-0.008152,-7.112109,0
2026-07-02 15:39:13.047514,2.490191,-7.112109,1.415299,-0.002971,1.413342,-0.002971,-7.112109,0
2026-07-02 15:39:13.057534,2.492487,-7.117290,1.415299,-0.008152,1.413342,-0.008152,-7.117290,0
2026-07-02 15:39:13.057534,2.495634,-7.117290,1.415299,-0.002971,1.413342,-0.002971,-7.117290,0
2026-07-02 15:39:13.057534,2.497994,-7.117290,1.415299,-0.008152,1.418524,-0.008152,-7.117290,0
2026-07-02 15:39:13.067787,2.500617,-7.117290,1.415299,-0.002971,1.413342,-0.002971,-7.117290,0
2026-07-02 15:39:13.067787,2.504323,-7.112109,1.415299,-0.002971,1.413342,-0.002971,-7.112109,0
2026-07-02 15:39:13.067787,2.506836,-7.106927,1.415299,-0.002971,1.413342,-0.002971,-7.106927,0
2026-07-02 15:39:13.067787,2.509259,-7.106927,1.415299,-0.002971,1.413342,-0.002971,-7.106927,0
2026-07-02 15:39:13.077853,2.512131,-7.106927,1.415299,-0.002971,1.413342,-0.002971,-7.106927,0
2026-07-02 15:39:13.077853,2.514483,-7.117290,1.415299,-0.008152,1.413342,-0.008152,-7.117290,0
2026-07-02 15:39:13.077853,2.517093,-7.117290,1.415299,-0.002971,1.418524,-0.002971,-7.117290,0
2026-07-02 15:39:13.077853,2.519577,-7.112109,1.415299,-0.002971,1.413342,-0.002971,-7.112109,0
2026-07-02 15:39:13.087933,2.522069,-7.112109,1.415299,-0.002971,1.418524,-0.002971,-7.112109,0
2026-07-02 15:39:13.087933,2.524337,-7.117290,1.415299,0.002211,1.418524,0.002211,-7.117290,0
2026-07-02 15:39:13.087933,2.526796,-7.106927,1.415299,-0.002971,1.413342,-0.002971,-7.106927,0
2026-07-02 15:39:13.094619,2.529182,-7.122472,1.415299,-0.002971,1.413342,-0.002971,-7.122472,0
2026-07-02 15:39:13.094619,2.531569,-7.112109,1.415299,-0.002971,1.413342,-0.002971,-7.112109,0
2026-07-02 15:39:13.098155,2.533953,-7.117290,1.415299,-0.002971,1.413342,-0.002971,-7.117290,0
2026-07-02 15:39:13.098155,2.536399,-7.117290,1.415299,-0.002971,1.413342,-0.002971,-7.117290,0
2026-07-02 15:39:13.098155,2.538813,-7.117290,1.415299,-0.002971,1.413342,-0.002971,-7.117290,0
2026-07-02 15:39:13.098155,2.541193,-7.112109,1.415299,-0.002971,1.418524,-0.002971,-7.112109,0
2026-07-02 15:39:13.108233,2.543573,-7.106927,1.415299,-0.002971,1.418524,-0.002971,-7.106927,0
2026-07-02 15:39:13.108233,2.546028,-7.106927,1.420479,-0.002971,1.418524,-0.002971,-7.106927,0
2026-07-02 15:39:13.108233,2.548475,-7.106927,1.415299,-0.002971,1.413342,-0.002971,-7.106927,0
2026-07-02 15:39:13.108233,2.550882,-7.112109,1.415299,-0.008152,1.413342,-0.008152,-7.112109,0
2026-07-02 15:39:13.118717,2.553245,-7.117290,1.415299,-0.002971,1.413342,-0.002971,-7.117290,0
2026-07-02 15:39:13.118717,2.556041,-7.117290,1.415299,-0.002971,1.413342,-0.002971,-7.117290,0
2026-07-02 15:39:13.118717,2.558389,-7.106927,1.415299,-0.002971,1.413342,-0.002971,-7.106927,0
2026-07-02 15:39:13.118717,2.560800,-7.112109,1.415299,-0.002971,1.418524,-0.002971,-7.112109,0
2026-07-02 15:39:13.129082,2.563308,-7.117290,1.415299,-0.002971,1.413342,-0.002971,-7.117290,0
2026-07-02 15:39:13.129082,2.565690,-7.117290,1.415299,-0.002971,1.413342,-0.002971,-7.117290,0
2026-07-02 15:39:13.129082,2.568858,-7.117290,1.415299,-0.002971,1.413342,-0.002971,-7.117290,0
2026-07-02 15:39:13.129082,2.571288,-7.106927,1.415299,-0.002971,1.413342,-0.002971,-7.106927,0
2026-07-02 15:39:13.139155,2.573750,-7.112109,1.415299,-0.002971,1.418524,-0.002971,-7.112109,0
2026-07-02 15:39:13.139155,2.575990,-7.117290,1.415299,-0.002971,1.413342,-0.002971,-7.117290,0
2026-07-02 15:39:13.139155,2.578270,-7.117290,1.415299,-0.002971,1.413342,-0.002971,-7.117290,0
2026-07-02 15:39:13.146733,2.580551,-7.117290,1.415299,-0.002971,1.418524,-0.002971,-7.117290,0
2026-07-02 15:39:13.146733,2.582837,-7.117290,1.415299,-0.002971,1.413342,-0.002971,-7.117290,0
2026-07-02 15:39:13.149411,2.585171,-7.122472,1.415299,-0.002971,1.413342,-0.002971,-7.122472,0
2026-07-02 15:39:13.149411,2.587584,-7.106927,1.415299,-0.002971,1.413342,-0.002971,-7.106927,0
2026-07-02 15:39:13.149411,2.590085,-7.117290,1.415299,-0.002971,1.418524,-0.002971,-7.117290,0
2026-07-02 15:39:13.149411,2.592644,-7.117290,1.415299,-0.002971,1.418524,-0.002971,-7.117290,0
2026-07-02 15:39:13.159482,2.595050,-7.112109,1.415299,-0.002971,1.413342,-0.002971,-7.112109,0
2026-07-02 15:39:13.159482,2.597495,-7.106927,1.415299,-0.002971,1.413342,-0.002971,-7.106927,0
2026-07-02 15:39:13.165121,2.599962,-7.117290,1.415299,-0.002971,1.413342,-0.002971,-7.117290,0
2026-07-02 15:39:13.165121,2.602448,-7.117290,1.410120,-0.002971,1.418524,-0.002971,-7.117290,0
2026-07-02 15:39:13.169657,2.604925,-7.112109,1.415299,-0.002971,1.418524,-0.002971,-7.112109,0
2026-07-02 15:39:13.169657,2.607193,-7.112109,1.415299,-0.002971,1.418524,-0.002971,-7.112109,0
2026-07-02 15:39:13.169657,2.609610,-7.117290,1.415299,-0.002971,1.418524,-0.002971,-7.117290,0
2026-07-02 15:39:13.169657,2.612542,-7.112109,1.415299,-0.008152,1.413342,-0.008152,-7.112109,0
2026-07-02 15:39:13.180017,2.615064,-7.117290,1.415299,-0.002971,1.413342,-0.002971,-7.117290,0
2026-07-02 15:39:13.180017,2.617499,-7.117290,1.415299,-0.002971,1.418524,-0.002971,-7.117290,0
2026-07-02 15:39:13.180017,2.620646,-7.112109,1.415299,-0.002971,1.413342,-0.002971,-7.112109,0
2026-07-02 15:39:13.180017,2.623067,-7.112109,1.415299,-0.002971,1.413342,-0.002971,-7.112109,0
2026-07-02 15:39:13.190183,2.625477,-7.117290,1.415299,-0.002971,1.418524,-0.002971,-7.117290,0
2026-07-02 15:39:13.190183,2.627825,-7.117290,1.415299,0.002211,1.413342,0.002211,-7.117290,0
2026-07-02 15:39:13.195281,2.631084,-7.112109,1.415299,-0.002971,1.413342,-0.002971,-7.112109,0
2026-07-02 15:39:13.195281,2.633834,-7.112109,1.415299,-0.002971,1.413342,-0.002971,-7.112109,0
2026-07-02 15:39:13.200314,2.637642,-7.112109,1.415299,-0.002971,1.418524,-0.002971,-7.112109,0
2026-07-02 15:39:13.200314,2.640090,-7.117290,1.415299,-0.002971,1.413342,-0.002971,-7.117290,0
2026-07-02 15:39:13.200314,2.642354,-7.117290,1.415299,-0.002971,1.413342,-0.002971,-7.117290,0
2026-07-02 15:39:13.210452,2.645671,-7.112109,1.415299,-0.002971,1.418524,-0.002971,-7.112109,0
2026-07-02 15:39:13.210452,2.648073,-7.106927,1.415299,-0.002971,1.413342,-0.002971,-7.106927,0
2026-07-02 15:39:13.210452,2.650477,-7.112109,1.415299,-0.002971,1.418524,-0.002971,-7.112109,0
2026-07-02 15:39:13.210452,2.652882,-7.117290,1.415299,0.002211,1.413342,0.002211,-7.117290,0
2026-07-02 15:39:13.220640,2.656159,-7.112109,1.415299,-0.002971,1.418524,-0.002971,-7.112109,0
2026-07-02 15:39:13.220640,2.658472,-7.112109,1.415299,-0.002971,1.418524,-0.002971,-7.112109,0
2026-07-02 15:39:13.230698,2.662145,-7.117290,1.415299,-0.002971,1.413342,-0.002971,-7.117290,0
2026-07-02 15:39:13.230698,2.666911,-7.117290,1.415299,-0.002971,1.413342,-0.002971,-7.117290,0
2026-07-02 15:39:13.240754,2.672444,-7.117290,1.415299,-0.002971,1.413342,-0.002971,-7.117290,0
2026-07-02 15:39:13.240754,2.679528,-7.117290,1.415299,-0.002971,1.418524,-0.002971,-7.117290,0
2026-07-02 15:39:13.240754,2.682003,-7.117290,1.415299,-0.002971,1.413342,-0.002971,-7.117290,0
2026-07-02 15:39:13.240754,2.684498,-7.112109,1.415299,-0.002971,1.413342,-0.002971,-7.112109,0
2026-07-02 15:39:13.250920,2.686770,-7.112109,1.415299,-0.002971,1.413342,-0.002971,-7.112109,0
2026-07-02 15:39:13.250920,2.689163,-7.112109,1.415299,-0.002971,1.413342,-0.002971,-7.112109,0
2026-07-02 15:39:13.250920,2.691663,-7.112109,1.415299,-0.002971,1.413342,-0.002971,-7.112109,0
2026-07-02 15:39:13.250920,2.694170,-7.112109,1.415299,-0.008152,1.418524,-0.008152,-7.112109,0
2026-07-02 15:39:13.261007,2.696571,-7.117290,1.415299,-0.002971,1.413342,-0.002971,-7.117290,0
2026-07-02 15:39:13.265130,2.699015,-7.112109,1.415299,-0.002971,1.413342,-0.002971,-7.112109,0
2026-07-02 15:39:13.265130,2.701470,-7.112109,1.415299,-0.002971,1.413342,-0.002971,-7.112109,0
2026-07-02 15:39:13.265130,2.703774,-7.112109,1.415299,-0.002971,1.413342,-0.002971,-7.112109,0
2026-07-02 15:39:13.271240,2.706211,-7.112109,1.415299,-0.002971,1.413342,-0.002971,-7.112109,0
2026-07-02 15:39:13.271240,2.708515,-7.106927,1.415299,-0.002971,1.413342,-0.002971,-7.106927,0
2026-07-02 15:39:13.271240,2.711004,-7.117290,1.415299,-0.002971,1.413342,-0.002971,-7.117290,0
2026-07-02 15:39:13.271240,2.713463,-7.117290,1.415299,-0.008152,1.413342,-0.008152,-7.117290,0
2026-07-02 15:39:13.281328,2.715967,-7.117290,1.415299,-0.002971,1.413342,-0.002971,-7.117290,0
2026-07-02 15:39:13.281328,2.718378,-7.112109,1.415299,-0.002971,1.418524,-0.002971,-7.112109,0
2026-07-02 15:39:13.281328,2.720775,-7.117290,1.415299,0.002211,1.413342,0.002211,-7.117290,0
2026-07-02 15:39:13.281328,2.723263,-7.112109,1.415299,-0.002971,1.418524,-0.002971,-7.112109,0
2026-07-02 15:39:13.291457,2.725661,-7.112109,1.415299,-0.002971,1.418524,-0.002971,-7.112109,0
2026-07-02 15:39:13.291457,2.728083,-7.112109,1.415299,-0.002971,1.413342,-0.002971,-7.112109,0
2026-07-02 15:39:13.296099,2.730508,-7.117290,1.415299,-0.002971,1.413342,-0.002971,-7.117290,0
2026-07-02 15:39:13.296099,2.732853,-7.112109,1.415299,-0.002971,1.418524,-0.002971,-7.112109,0
2026-07-02 15:39:13.301725,2.735388,-7.117290,1.415299,-0.002971,1.418524,-0.002971,-7.117290,0
2026-07-02 15:39:13.301725,2.737933,-7.117290,1.415299,-0.002971,1.418524,-0.002971,-7.117290,0
2026-07-02 15:39:13.301725,2.740371,-7.106927,1.415299,-0.002971,1.418524,-0.002971,-7.106927,0
2026-07-02 15:39:13.301725,2.742774,-7.112109,1.415299,-0.002971,1.413342,-0.002971,-7.112109,0
2026-07-02 15:39:13.301725,2.745102,-7.112109,1.415299,-0.002971,1.413342,-0.002971,-7.112109,0
2026-07-02 15:39:13.311865,2.747643,-7.112109,1.415299,-0.002971,1.413342,-0.002971,-7.112109,0
2026-07-02 15:39:13.311865,2.750088,-7.122472,1.415299,-0.002971,1.418524,-0.002971,-7.122472,0
2026-07-02 15:39:13.311865,2.752484,-7.112109,1.415299,-0.002971,1.413342,-0.002971,-7.112109,0
2026-07-02 15:39:13.311865,2.754906,-7.117290,1.415299,-0.002971,1.413342,-0.002971,-7.117290,0
2026-07-02 15:39:13.321973,2.757322,-7.117290,1.415299,-0.008152,1.418524,-0.008152,-7.117290,0
2026-07-02 15:39:13.321973,2.759727,-7.106927,1.415299,-0.002971,1.418524,-0.002971,-7.106927,0
2026-07-02 15:39:13.321973,2.762098,-7.117290,1.415299,-0.002971,1.418524,-0.002971,-7.117290,0
2026-07-02 15:39:13.321973,2.764518,-7.112109,1.415299,-0.002971,1.418524,-0.002971,-7.112109,0
2026-07-02 15:39:13.332076,2.766955,-7.117290,1.415299,-0.002971,1.413342,-0.002971,-7.117290,0
2026-07-02 15:39:13.332076,2.769420,-7.117290,1.415299,-0.002971,1.413342,-0.002971,-7.117290,0
2026-07-02 15:39:13.332076,2.771807,-7.106927,1.415299,-0.002971,1.413342,-0.002971,-7.106927,0
2026-07-02 15:39:13.332076,2.774219,-7.117290,1.415299,-0.002971,1.413342,-0.002971,-7.117290,0
2026-07-02 15:39:13.342233,2.776610,-7.117290,1.415299,-0.002971,1.413342,-0.002971,-7.117290,0
2026-07-02 15:39:13.342233,2.779005,-7.117290,1.415299,-0.002971,1.418524,-0.002971,-7.117290,0
2026-07-02 15:39:13.342233,2.781462,-7.112109,1.415299,-0.002971,1.413342,-0.002971,-7.112109,0
2026-07-02 15:39:13.342233,2.783885,-7.117290,1.415299,-0.002971,1.418524,-0.002971,-7.117290,0
2026-07-02 15:39:13.352325,2.786331,-7.117290,1.415299,-0.002971,1.418524,-0.002971,-7.117290,0
2026-07-02 15:39:13.352325,2.788788,-7.117290,1.415299,-0.002971,1.413342,-0.002971,-7.117290,0
2026-07-02 15:39:13.352325,2.794076,-7.117290,1.415299,-0.002971,1.413342,-0.002971,-7.117290,0
2026-07-02 15:39:13.362502,2.796435,-7.106927,1.415299,-0.002971,1.413342,-0.002971,-7.106927,0
2026-07-02 15:39:13.365611,2.799236,-7.117290,1.415299,-0.002971,1.418524,-0.002971,-7.117290,0
2026-07-02 15:39:13.365611,2.801602,-7.117290,1.415299,-0.002971,1.413342,-0.002971,-7.117290,0
2026-07-02 15:39:13.365611,2.803942,-7.117290,1.415299,-0.002971,1.413342,-0.002971,-7.117290,0
2026-07-02 15:39:13.365611,2.806302,-7.112109,1.415299,-0.002971,1.418524,-0.002971,-7.112109,0
2026-07-02 15:39:13.372691,2.808616,-7.112109,1.415299,-0.002971,1.418524,-0.002971,-7.112109,0
2026-07-02 15:39:13.372691,2.810929,-7.117290,1.415299,0.002211,1.413342,0.002211,-7.117290,0
2026-07-02 15:39:13.372691,2.813313,-7.112109,1.415299,-0.002971,1.413342,-0.002971,-7.112109,0
2026-07-02 15:39:13.372691,2.815681,-7.117290,1.415299,-0.002971,1.418524,-0.002971,-7.117290,0
2026-07-02 15:39:13.383137,2.817996,-7.112109,1.415299,-0.002971,1.413342,-0.002971,-7.112109,0
2026-07-02 15:39:13.383137,2.820524,-7.117290,1.415299,-0.002971,1.418524,-0.002971,-7.117290,0
2026-07-02 15:39:13.383137,2.822847,-7.117290,1.415299,-0.002971,1.413342,-0.002971,-7.117290,0
2026-07-02 15:39:13.393197,2.825856,-7.117290,1.415299,-0.002971,1.418524,-0.002971,-7.117290,0
2026-07-02 15:39:13.393197,2.829783,-7.112109,1.415299,-0.002971,1.413342,-0.002971,-7.112109,0
2026-07-02 15:39:13.396783,2.832195,-7.117290,1.415299,-0.002971,1.418524,-0.002971,-7.117290,0
2026-07-02 15:39:13.396783,2.834541,-7.112109,1.415299,-0.002971,1.418524,-0.002971,-7.112109,0
2026-07-02 15:39:13.403319,2.837312,-7.112109,1.415299,-0.002971,1.413342,-0.002971,-7.112109,0
2026-07-02 15:39:13.403319,2.839674,-7.117290,1.415299,-0.002971,1.413342,-0.002971,-7.117290,0
2026-07-02 15:39:13.403319,2.841992,-7.117290,1.415299,-0.002971,1.413342,-0.002971,-7.117290,0
2026-07-02 15:39:13.403319,2.844276,-7.117290,1.415299,-0.002971,1.418524,-0.002971,-7.117290,0
2026-07-02 15:39:13.403319,2.846627,-7.117290,1.415299,-0.002971,1.418524,-0.002971,-7.117290,0
2026-07-02 15:39:13.415955,2.848944,-7.117290,1.415299,-0.002971,1.413342,-0.002971,-7.117290,0
2026-07-02 15:39:13.418659,2.852469,-7.112109,1.415299,-0.002971,1.418524,-0.002971,-7.112109,0
2026-07-02 15:39:13.418659,2.854853,-7.117290,1.415299,-0.002971,1.418524,-0.002971,-7.117290,0
2026-07-02 15:39:13.421724,2.857322,-7.117290,1.415299,-0.002971,1.413342,-0.002971,-7.117290,0
2026-07-02 15:39:13.421724,2.859640,-7.112109,1.415299,-0.002971,1.418524,-0.002971,-7.112109,0
2026-07-02 15:39:13.426975,2.862942,-7.112109,1.415299,-0.002971,1.418524,-0.002971,-7.112109,0
2026-07-02 15:39:13.426975,2.865401,-7.112109,1.415299,-0.002971,1.413342,-0.002971,-7.112109,0
2026-07-02 15:39:13.432232,2.867688,-7.117290,1.415299,-0.002971,1.413342,-0.002971,-7.117290,0
2026-07-02 15:39:13.432232,2.870679,-7.117290,1.415299,-0.002971,1.413342,-0.002971,-7.117290,0
2026-07-02 15:39:13.432232,2.872985,-7.117290,1.415299,-0.002971,1.413342,-0.002971,-7.117290,0
2026-07-02 15:39:13.432232,2.875282,-7.112109,1.415299,-0.002971,1.413342,-0.002971,-7.112109,0
2026-07-02 15:39:13.442327,2.877580,-7.117290,1.415299,-0.002971,1.413342,-0.002971,-7.117290,0
2026-07-02 15:39:13.442327,2.880265,-7.117290,1.415299,-0.002971,1.418524,-0.002971,-7.117290,0
2026-07-02 15:39:13.442327,2.884770,-7.112109,1.415299,-0.002971,1.413342,-0.002971,-7.112109,0
2026-07-02 15:39:13.452473,2.887221,-7.112109,1.415299,-0.002971,1.418524,-0.002971,-7.112109,0
2026-07-02 15:39:13.452473,2.889588,-7.112109,1.415299,-0.002971,1.413342,-0.002971,-7.112109,0
2026-07-02 15:39:13.452473,2.891902,-7.106927,1.415299,-0.002971,1.413342,-0.002971,-7.106927,0
2026-07-02 15:39:13.452473,2.894220,-7.106927,1.415299,-0.002971,1.418524,-0.002971,-7.106927,0
2026-07-02 15:39:13.462822,2.896547,-7.112109,1.415299,-0.002971,1.413342,-0.002971,-7.112109,0
2026-07-02 15:39:13.462822,2.899239,-7.106927,1.415299,-0.002971,1.418524,-0.002971,-7.106927,0
2026-07-02 15:39:13.465890,2.901571,-7.112109,1.415299,-0.002971,1.413342,-0.002971,-7.112109,0
2026-07-02 15:39:13.465890,2.903868,-7.106927,1.415299,-0.002971,1.418524,-0.002971,-7.106927,0
2026-07-02 15:39:13.465890,2.906162,-7.112109,1.415299,-0.008152,1.413342,-0.008152,-7.112109,0
2026-07-02 15:39:13.472950,2.908460,-7.117290,1.415299,-0.002971,1.418524,-0.002971,-7.117290,0
2026-07-02 15:39:13.472950,2.910769,-7.117290,1.415299,-0.002971,1.418524,-0.002971,-7.117290,0
2026-07-02 15:39:13.480591,2.915352,-7.117290,1.415299,-0.002971,1.413342,-0.002971,-7.117290,0
2026-07-02 15:39:13.483132,2.917665,-7.117290,1.415299,-0.002971,1.418524,-0.002971,-7.117290,0
2026-07-02 15:39:13.483132,2.920312,-7.106927,1.415299,-0.002971,1.413342,-0.002971,-7.106927,0
2026-07-02 15:39:13.483132,2.922690,-7.122472,1.415299,-0.002971,1.413342,-0.002971,-7.122472,0
2026-07-02 15:39:13.483132,2.925115,-7.117290,1.415299,-0.002971,1.413342,-0.002971,-7.117290,0
2026-07-02 15:39:13.493231,2.927440,-7.117290,1.415299,-0.002971,1.418524,-0.002971,-7.117290,0
2026-07-02 15:39:13.493231,2.929975,-7.117290,1.415299,-0.002971,1.418524,-0.002971,-7.117290,0
2026-07-02 15:39:13.497333,2.932406,-7.112109,1.415299,-0.002971,1.413342,-0.002971,-7.112109,0
2026-07-02 15:39:13.497333,2.934723,-7.117290,1.415299,-0.002971,1.413342,-0.002971,-7.117290,0
2026-07-02 15:39:13.503251,2.937232,-7.112109,1.415299,-0.002971,1.418524,-0.002971,-7.112109,0
2026-07-02 15:39:13.503251,2.939565,-7.106927,1.415299,-0.002971,1.413342,-0.002971,-7.106927,0
2026-07-02 15:39:13.503251,2.941936,-7.112109,1.415299,-0.002971,1.413342,-0.002971,-7.112109,0
2026-07-02 15:39:13.503251,2.944244,-7.106927,1.415299,-0.002971,1.413342,-0.002971,-7.106927,0
2026-07-02 15:39:13.510774,2.946584,-7.106927,1.415299,-0.002971,1.413342,-0.002971,-7.106927,0
2026-07-02 15:39:13.513317,2.948943,-7.117290,1.420479,-0.002971,1.413342,-0.002971,-7.117290,0
2026-07-02 15:39:13.513317,2.951351,-7.117290,1.415299,-0.002971,1.418524,-0.002971,-7.117290,0
2026-07-02 15:39:13.513317,2.953887,-7.106927,1.415299,-0.002971,1.413342,-0.002971,-7.106927,0
2026-07-02 15:39:13.513317,2.956233,-7.117290,1.415299,-0.002971,1.413342,-0.002971,-7.117290,0
2026-07-02 15:39:13.523710,2.958517,-7.106927,1.415299,-0.002971,1.413342,-0.002971,-7.106927,0
2026-07-02 15:39:13.523710,2.960837,-7.112109,1.415299,-0.002971,1.413342,-0.002971,-7.112109,0
2026-07-02 15:39:13.523710,2.963204,-7.112109,1.415299,-0.002971,1.413342,-0.002971,-7.112109,0
2026-07-02 15:39:13.523710,2.965550,-7.112109,1.415299,-0.002971,1.413342,-0.002971,-7.112109,0
2026-07-02 15:39:13.533775,2.967966,-7.117290,1.415299,-0.002971,1.413342,-0.002971,-7.117290,0
2026-07-02 15:39:13.533775,2.970519,-7.106927,1.415299,-0.002971,1.418524,-0.002971,-7.106927,0
2026-07-02 15:39:13.533775,2.972832,-7.112109,1.415299,-0.002971,1.418524,-0.002971,-7.112109,0
2026-07-02 15:39:13.533775,2.975062,-7.117290,1.415299,-0.002971,1.413342,-0.002971,-7.117290,0
2026-07-02 15:39:13.543679,2.977340,-7.112109,1.415299,-0.002971,1.413342,-0.002971,-7.112109,0
2026-07-02 15:39:13.543679,2.979786,-7.112109,1.415299,-0.002971,1.413342,-0.002971,-7.112109,0
2026-07-02 15:39:13.543679,2.982083,-7.112109,1.415299,-0.002971,1.413342,-0.002971,-7.112109,0
2026-07-02 15:39:13.543679,2.984406,-7.112109,1.415299,-0.008152,1.413342,-0.008152,-7.112109,0
2026-07-02 15:39:13.543679,2.987164,-7.106927,1.415299,-0.002971,1.413342,-0.002971,-7.106927,0
2026-07-02 15:39:13.554028,2.989514,-7.117290,1.415299,-0.002971,1.413342,-0.002971,-7.117290,0
2026-07-02 15:39:13.554028,2.991934,-7.106927,1.415299,-0.002971,1.418524,-0.002971,-7.106927,0
2026-07-02 15:39:13.554028,2.994257,-7.117290,1.415299,-0.002971,1.413342,-0.002971,-7.117290,0
2026-07-02 15:39:13.554028,2.996624,-7.112109,1.415299,-0.002971,1.418524,-0.002971,-7.112109,0
2026-07-02 15:39:13.564130,2.998938,-7.106927,1.415299,-0.002971,1.413342,-0.002971,-7.106927,0
2026-07-02 15:39:13.566145,3.001295,-7.117290,1.415299,-0.002971,1.413342,-0.002971,-7.117290,0
2026-07-02 15:39:13.566145,3.004163,-7.112109,1.415299,-0.002971,1.418524,-0.002971,-7.112109,0
2026-07-02 15:39:13.566145,3.006463,-7.117290,1.415299,0.002211,1.418524,0.002211,-7.117290,0
2026-07-02 15:39:13.574173,3.008760,-7.112109,1.415299,-0.002971,1.418524,-0.002971,-7.112109,0
2026-07-02 15:39:13.574173,3.011071,-7.106927,1.415299,-0.002971,1.413342,-0.002971,-7.106927,0
2026-07-02 15:39:13.574173,3.013437,-7.112109,1.415299,-0.002971,1.413342,-0.002971,-7.112109,0
2026-07-02 15:39:13.574173,3.015739,-7.117290,1.415299,-0.002971,1.418524,-0.002971,-7.117290,0
2026-07-02 15:39:13.584223,3.018092,-7.117290,1.415299,-0.002971,1.413342,-0.002971,-7.117290,0
2026-07-02 15:39:13.584223,3.020833,-7.117290,1.415299,-0.002971,1.413342,-0.002971,-7.117290,0
2026-07-02 15:39:13.584223,3.023225,-7.112109,1.415299,-0.002971,1.413342,-0.002971,-7.112109,0
2026-07-02 15:39:13.584223,3.025654,-7.112109,1.415299,-0.002971,1.413342,-0.002971,-7.112109,0
2026-07-02 15:39:13.594292,3.029023,-7.117290,1.415299,-0.002971,1.413342,-0.002971,-7.117290,0
2026-07-02 15:39:13.594292,3.031384,-7.112109,1.415299,-0.002971,1.418524,-0.002971,-7.112109,0
2026-07-02 15:39:13.597996,3.033687,-7.112109,1.415299,-0.002971,1.418524,-0.002971,-7.112109,0
2026-07-02 15:39:13.597996,3.036059,-7.117290,1.415299,-0.002971,1.413342,-0.002971,-7.117290,0
2026-07-02 15:39:13.604531,3.038421,-7.112109,1.415299,-0.002971,1.418524,-0.002971,-7.112109,0
2026-07-02 15:39:13.604531,3.045586,-7.106927,1.415299,-0.002971,1.418524,-0.002971,-7.106927,0
2026-07-02 15:39:13.614819,3.048464,-7.117290,1.415299,-0.002971,1.413342,-0.002971,-7.117290,0
2026-07-02 15:39:13.614819,3.051026,-7.106927,1.415299,-0.002971,1.413342,-0.002971,-7.106927,0
2026-07-02 15:39:13.620921,3.053549,-7.112109,1.415299,-0.002971,1.413342,-0.002971,-7.112109,0
2026-07-02 15:39:13.623365,3.057075,-7.117290,1.415299,-0.008152,1.413342,-0.008152,-7.117290,0
2026-07-02 15:39:13.625011,3.059512,-7.117290,1.415299,-0.008152,1.413342,-0.008152,-7.117290,0
2026-07-02 15:39:13.627793,3.062335,-7.117290,1.415299,-0.002971,1.413342,-0.002971,-7.117290,0
2026-07-02 15:39:13.627793,3.064812,-7.112109,1.415299,-0.002971,1.413342,-0.002971,-7.112109,0
2026-07-02 15:39:13.627793,3.067229,-7.112109,1.415299,-0.002971,1.413342,-0.002971,-7.112109,0
2026-07-02 15:39:13.634822,3.069809,-7.117290,1.415299,-0.002971,1.413342,-0.002971,-7.117290,0
2026-07-02 15:39:13.634822,3.072213,-7.112109,1.415299,-0.002971,1.413342,-0.002971,-7.112109,0
2026-07-02 15:39:13.634822,3.074614,-7.117290,1.415299,-0.002971,1.418524,-0.002971,-7.117290,0
2026-07-02 15:39:13.634822,3.077005,-7.117290,1.415299,-0.002971,1.413342,-0.002971,-7.117290,0
2026-07-02 15:39:13.644887,3.079463,-7.112109,1.415299,-0.002971,1.418524,-0.002971,-7.112109,0
2026-07-02 15:39:13.644887,3.081917,-7.117290,1.415299,-0.002971,1.418524,-0.002971,-7.117290,0
2026-07-02 15:39:13.644887,3.084326,-7.117290,1.415299,-0.002971,1.413342,-0.002971,-7.117290,0
2026-07-02 15:39:13.644887,3.086628,-7.117290,1.415299,-0.002971,1.413342,-0.002971,-7.117290,0
2026-07-02 15:39:13.654981,3.089037,-7.106927,1.415299,-0.002971,1.413342,-0.002971,-7.106927,0
2026-07-02 15:39:13.654981,3.091472,-7.112109,1.415299,-0.002971,1.418524,-0.002971,-7.112109,0
2026-07-02 15:39:13.654981,3.093776,-7.112109,1.415299,-0.002971,1.413342,-0.002971,-7.112109,0
2026-07-02 15:39:13.654981,3.096074,-7.117290,1.420479,-0.002971,1.418524,-0.002971,-7.117290,0
2026-07-02 15:39:13.654981,3.098433,-7.117290,1.420479,-0.002971,1.418524,-0.002971,-7.117290,0
2026-07-02 15:39:13.666330,3.100780,-7.117290,1.415299,0.002211,1.418524,0.002211,-7.117290,0
2026-07-02 15:39:13.666330,3.103169,-7.106927,1.415299,-0.008152,1.413342,-0.008152,-7.106927,0
2026-07-02 15:39:13.666330,3.105602,-7.106927,1.415299,-0.002971,1.418524,-0.002971,-7.106927,0
2026-07-02 15:39:13.666330,3.108025,-7.112109,1.415299,-0.002971,1.418524,-0.002971,-7.112109,0
2026-07-02 15:39:13.675518,3.110287,-7.117290,1.415299,-0.002971,1.413342,-0.002971,-7.117290,0
2026-07-02 15:39:13.676651,3.112569,-7.106927,1.415299,-0.002971,1.418524,-0.002971,-7.106927,0
2026-07-02 15:39:13.679391,3.114950,-7.112109,1.415299,-0.008152,1.413342,-0.008152,-7.112109,0
2026-07-02 15:39:13.683405,3.117294,-7.112109,1.415299,-0.002971,1.418524,-0.002971,-7.112109,0
2026-07-02 15:39:13.685918,3.119634,-7.117290,1.415299,-0.002971,1.418524,-0.002971,-7.117290,0
2026-07-02 15:39:13.685918,3.122063,-7.117290,1.415299,-0.002971,1.413342,-0.002971,-7.117290,0
2026-07-02 15:39:13.689504,3.124336,-7.117290,1.415299,-0.002971,1.418524,-0.002971,-7.117290,0
2026-07-02 15:39:13.691512,3.126595,-7.112109,1.415299,-0.008152,1.413342,-0.008152,-7.112109,0
2026-07-02 15:39:13.693520,3.128825,-7.117290,1.410120,-0.002971,1.413342,-0.002971,-7.117290,0
2026-07-02 15:39:13.695524,3.131134,-7.117290,1.415299,-0.002971,1.418524,-0.002971,-7.117290,0
2026-07-02 15:39:13.698373,3.133414,-7.117290,1.415299,-0.008152,1.418524,-0.008152,-7.117290,0
2026-07-02 15:39:13.698373,3.135696,-7.106927,1.415299,-0.002971,1.418524,-0.002971,-7.106927,0
2026-07-02 15:39:13.698373,3.138165,-7.117290,1.415299,-0.002971,1.413342,-0.002971,-7.117290,0
2026-07-02 15:39:13.707688,3.140519,-7.117290,1.415299,-0.002971,1.413342,-0.002971,-7.117290,0
2026-07-02 15:39:13.709695,3.145306,-7.112109,1.415299,-0.002971,1.418524,-0.002971,-7.112109,0
2026-07-02 15:39:13.713706,3.147506,-7.117290,1.415299,-0.002971,1.413342,-0.002971,-7.117290,0
2026-07-02 15:39:13.715721,3.149696,-7.117290,1.415299,-0.002971,1.418524,-0.002971,-7.117290,0
2026-07-02 15:39:13.715721,3.151968,-7.117290,1.415299,-0.002971,1.413342,-0.002971,-7.117290,0
2026-07-02 15:39:13.715721,3.154310,-7.117290,1.415299,-0.002971,1.418524,-0.002971,-7.117290,0
2026-07-02 15:39:13.715721,3.156799,-7.117290,1.415299,-0.002971,1.413342,-0.002971,-7.117290,0
2026-07-02 15:39:13.715721,3.159188,-7.117290,1.415299,-0.002971,1.413342,-0.002971,-7.117290,0
2026-07-02 15:39:13.725811,3.161457,-7.117290,1.415299,-0.008152,1.418524,-0.008152,-7.117290,0
2026-07-02 15:39:13.725811,3.163785,-7.106927,1.415299,-0.002971,1.413342,-0.002971,-7.106927,0
2026-07-02 15:39:13.725811,3.166184,-7.112109,1.415299,-0.002971,1.418524,-0.002971,-7.112109,0
2026-07-02 15:39:13.725811,3.168595,-7.117290,1.415299,-0.002971,1.418524,-0.002971,-7.117290,0
2026-07-02 15:39:13.735891,3.171003,-7.117290,1.415299,-0.002971,1.413342,-0.002971,-7.117290,0
2026-07-02 15:39:13.735891,3.173450,-7.112109,1.415299,-0.002971,1.413342,-0.002971,-7.112109,0
2026-07-02 15:39:13.735891,3.175834,-7.112109,1.415299,-0.002971,1.413342,-0.002971,-7.112109,0
2026-07-02 15:39:13.735891,3.178162,-7.117290,1.415299,-0.002971,1.413342,-0.002971,-7.117290,0
2026-07-02 15:39:13.745984,3.180564,-7.112109,1.415299,-0.008152,1.413342,-0.008152,-7.112109,0
2026-07-02 15:39:13.749063,3.182951,-7.112109,1.415299,-0.002971,1.418524,-0.002971,-7.112109,0
2026-07-02 15:39:13.751078,3.185249,-7.122472,1.415299,-0.002971,1.413342,-0.002971,-7.122472,0
2026-07-02 15:39:13.751078,3.187528,-7.117290,1.415299,-0.002971,1.418524,-0.002971,-7.117290,0
2026-07-02 15:39:13.755554,3.189889,-7.117290,1.415299,-0.002971,1.418524,-0.002971,-7.117290,0
2026-07-02 15:39:13.755554,3.192291,-7.117290,1.415299,-0.008152,1.418524,-0.008152,-7.117290,0
2026-07-02 15:39:13.755554,3.194874,-7.106927,1.415299,-0.002971,1.413342,-0.002971,-7.106927,0
2026-07-02 15:39:13.755554,3.197182,-7.117290,1.415299,-0.002971,1.413342,-0.002971,-7.117290,0
2026-07-02 15:39:13.755554,3.199429,-7.112109,1.415299,-0.002971,1.418524,-0.002971,-7.112109,0
2026-07-02 15:39:13.766519,3.201843,-7.106927,1.415299,-0.008152,1.413342,-0.008152,-7.106927,0
2026-07-02 15:39:13.766519,3.204737,-7.117290,1.415299,-0.002971,1.413342,-0.002971,-7.117290,0
2026-07-02 15:39:13.766519,3.207122,-7.106927,1.415299,-0.002971,1.418524,-0.002971,-7.106927,0
2026-07-02 15:39:13.766519,3.209471,-7.117290,1.415299,-0.008152,1.418524,-0.008152,-7.117290,0
2026-07-02 15:39:13.778035,3.211791,-7.106927,1.415299,-0.008152,1.413342,-0.008152,-7.106927,0
2026-07-02 15:39:13.780050,3.214184,-7.117290,1.415299,-0.002971,1.418524,-0.002971,-7.117290,0
2026-07-02 15:39:13.782061,3.216585,-7.117290,1.415299,-0.002971,1.418524,-0.002971,-7.117290,0
2026-07-02 15:39:13.784065,3.218995,-7.112109,1.415299,-0.002971,1.413342,-0.002971,-7.112109,0
2026-07-02 15:39:13.786073,3.221366,-7.117290,1.415299,-0.002971,1.418524,-0.002971,-7.117290,0
2026-07-02 15:39:13.788578,3.223569,-7.117290,1.415299,-0.002971,1.418524,-0.002971,-7.117290,0
2026-07-02 15:39:13.790587,3.225809,-7.106927,1.415299,-0.002971,1.418524,-0.002971,-7.106927,0
2026-07-02 15:39:13.792592,3.228184,-7.117290,1.415299,-0.002971,1.413342,-0.002971,-7.117290,0
2026-07-02 15:39:13.796344,3.230448,-7.112109,1.415299,-0.002971,1.418524,-0.002971,-7.112109,0
2026-07-02 15:39:13.798726,3.232735,-7.117290,1.415299,-0.002971,1.413342,-0.002971,-7.117290,0
2026-07-02 15:39:13.798726,3.235079,-7.112109,1.415299,-0.002971,1.413342,-0.002971,-7.112109,0
2026-07-02 15:39:13.798726,3.237535,-7.106927,1.415299,-0.002971,1.418524,-0.002971,-7.106927,0
2026-07-02 15:39:13.798726,3.240041,-7.117290,1.415299,-0.002971,1.418524,-0.002971,-7.117290,0
2026-07-02 15:39:13.808570,3.242603,-7.117290,1.415299,-0.002971,1.418524,-0.002971,-7.117290,0
2026-07-02 15:39:13.810582,3.245709,-7.117290,1.415299,-0.002971,1.413342,-0.002971,-7.117290,0
2026-07-02 15:39:13.814598,3.248147,-7.106927,1.415299,-0.002971,1.413342,-0.002971,-7.106927,0
2026-07-02 15:39:13.816609,3.250714,-7.112109,1.415299,-0.002971,1.413342,-0.002971,-7.112109,0
2026-07-02 15:39:13.818618,3.252959,-7.117290,1.415299,-0.008152,1.413342,-0.008152,-7.117290,0
2026-07-02 15:39:13.818618,3.255335,-7.117290,1.415299,-0.002971,1.413342,-0.002971,-7.117290,0
2026-07-02 15:39:13.818618,3.257762,-7.106927,1.415299,-0.002971,1.418524,-0.002971,-7.106927,0
2026-07-02 15:39:13.818618,3.260188,-7.117290,1.415299,-0.002971,1.413342,-0.002971,-7.117290,0
2026-07-02 15:39:13.826717,3.262569,-7.106927,1.415299,-0.002971,1.413342,-0.002971,-7.106927,0
2026-07-02 15:39:13.826717,3.265159,-7.117290,1.415299,-0.002971,1.418524,-0.002971,-7.117290,0
2026-07-02 15:39:13.826717,3.267595,-7.117290,1.415299,-0.008152,1.418524,-0.008152,-7.117290,0
2026-07-02 15:39:13.836075,3.270008,-7.117290,1.415299,-0.002971,1.413342,-0.002971,-7.117290,0
2026-07-02 15:39:13.837087,3.272497,-7.117290,1.415299,-0.002971,1.413342,-0.002971,-7.117290,0
2026-07-02 15:39:13.841119,3.274848,-7.117290,1.415299,-0.008152,1.413342,-0.008152,-7.117290,0
2026-07-02 15:39:13.843634,3.277238,-7.117290,1.415299,-0.002971,1.418524,-0.002971,-7.117290,0
2026-07-02 15:39:13.844995,3.279793,-7.117290,1.415299,-0.002971,1.418524,-0.002971,-7.117290,0
2026-07-02 15:39:13.847537,3.282405,-7.117290,1.415299,-0.002971,1.413342,-0.002971,-7.117290,0
2026-07-02 15:39:13.849546,3.284841,-7.117290,1.415299,-0.002971,1.413342,-0.002971,-7.117290,0
2026-07-02 15:39:13.853558,3.287455,-7.112109,1.415299,-0.002971,1.418524,-0.002971,-7.112109,0
2026-07-02 15:39:13.855561,3.289676,-7.117290,1.415299,-0.002971,1.413342,-0.002971,-7.117290,0
2026-07-02 15:39:13.857567,3.292030,-7.117290,1.415299,-0.008152,1.418524,-0.008152,-7.117290,0
2026-07-02 15:39:13.859575,3.294275,-7.117290,1.415299,-0.002971,1.413342,-0.002971,-7.117290,0
2026-07-02 15:39:13.859575,3.296525,-7.117290,1.415299,-0.002971,1.418524,-0.002971,-7.117290,0
2026-07-02 15:39:13.859575,3.298723,-7.112109,1.415299,-0.002971,1.413342,-0.002971,-7.112109,0
2026-07-02 15:39:13.868072,3.300928,-7.112109,1.415299,-0.002971,1.418524,-0.002971,-7.112109,0
2026-07-02 15:39:13.868072,3.304325,-7.112109,1.415299,-0.002971,1.413342,-0.002971,-7.112109,0
2026-07-02 15:39:13.868072,3.306816,-7.112109,1.415299,-0.008152,1.413342,-0.008152,-7.112109,0
2026-07-02 15:39:13.868072,3.309186,-7.117290,1.415299,-0.002971,1.413342,-0.002971,-7.117290,0
2026-07-02 15:39:13.878172,3.311975,-7.106927,1.415299,-0.002971,1.418524,-0.002971,-7.106927,0
2026-07-02 15:39:13.878172,3.314591,-7.117290,1.415299,-0.002971,1.418524,-0.002971,-7.117290,0
2026-07-02 15:39:13.878172,3.317056,-7.112109,1.415299,-0.002971,1.413342,-0.002971,-7.112109,0
2026-07-02 15:39:13.878172,3.319484,-7.122472,1.415299,-0.002971,1.413342,-0.002971,-7.122472,0
2026-07-02 15:39:13.888247,3.322725,-7.117290,1.415299,-0.002971,1.413342,-0.002971,-7.117290,0
2026-07-02 15:39:13.888247,3.325061,-7.106927,1.415299,-0.002971,1.413342,-0.002971,-7.106927,0
2026-07-02 15:39:13.888247,3.327506,-7.117290,1.415299,-0.002971,1.418524,-0.002971,-7.117290,0
2026-07-02 15:39:13.888247,3.329933,-7.117290,1.415299,-0.002971,1.413342,-0.002971,-7.117290,0
2026-07-02 15:39:13.898609,3.332341,-7.117290,1.420479,-0.002971,1.418524,-0.002971,-7.117290,0
2026-07-02 15:39:13.899123,3.335073,-7.106927,1.415299,-0.002971,1.413342,-0.002971,-7.106927,0
2026-07-02 15:39:13.899123,3.337500,-7.117290,1.415299,-0.002971,1.413342,-0.002971,-7.117290,0
2026-07-02 15:39:13.899123,3.339805,-7.122472,1.415299,-0.002971,1.413342,-0.002971,-7.122472,0
2026-07-02 15:39:13.899123,3.342151,-7.112109,1.415299,-0.002971,1.413342,-0.002971,-7.112109,0
2026-07-02 15:39:13.908669,3.344597,-7.117290,1.415299,-0.002971,1.413342,-0.002971,-7.117290,0
2026-07-02 15:39:13.908669,3.346993,-7.117290,1.415299,0.002211,1.413342,0.002211,-7.117290,0
2026-07-02 15:39:13.908669,3.349397,-7.122472,1.415299,-0.002971,1.418524,-0.002971,-7.122472,0
2026-07-02 15:39:13.908669,3.351752,-7.112109,1.415299,-0.002971,1.413342,-0.002971,-7.112109,0
2026-07-02 15:39:13.918736,3.354155,-7.106927,1.415299,-0.002971,1.418524,-0.002971,-7.106927,0
2026-07-02 15:39:13.918736,3.356537,-7.117290,1.415299,-0.002971,1.418524,-0.002971,-7.117290,0
2026-07-02 15:39:13.918736,3.358956,-7.112109,1.415299,-0.008152,1.418524,-0.008152,-7.112109,0
2026-07-02 15:39:13.918736,3.361402,-7.117290,1.415299,-0.008152,1.413342,-0.008152,-7.117290,0
2026-07-02 15:39:13.928844,3.363859,-7.112109,1.415299,-0.002971,1.413342,-0.002971,-7.112109,0
2026-07-02 15:39:13.928844,3.366261,-7.117290,1.415299,-0.002971,1.413342,-0.002971,-7.117290,0
2026-07-02 15:39:13.928844,3.368672,-7.117290,1.415299,-0.002971,1.418524,-0.002971,-7.117290,0
2026-07-02 15:39:13.928844,3.371102,-7.106927,1.415299,-0.002971,1.413342,-0.002971,-7.106927,0
2026-07-02 15:39:13.938983,3.373542,-7.112109,1.415299,-0.008152,1.418524,-0.008152,-7.112109,0
2026-07-02 15:39:13.942831,3.375933,-7.117290,1.415299,-0.008152,1.413342,-0.008152,-7.117290,0
2026-07-02 15:39:13.942831,3.378842,-7.112109,1.415299,-0.002971,1.418524,-0.002971,-7.112109,0
2026-07-02 15:39:13.947358,3.381374,-7.117290,1.415299,-0.002971,1.413342,-0.002971,-7.117290,0
2026-07-02 15:39:13.947358,3.383859,-7.117290,1.415299,-0.008152,1.413342,-0.008152,-7.117290,0
2026-07-02 15:39:13.950812,3.386452,-7.117290,1.415299,-0.002971,1.418524,-0.002971,-7.117290,0
2026-07-02 15:39:13.950812,3.389158,-7.106927,1.415299,-0.002971,1.413342,-0.002971,-7.106927,0
2026-07-02 15:39:13.957476,3.391783,-7.112109,1.415299,-0.002971,1.413342,-0.002971,-7.112109,0
2026-07-02 15:39:13.957476,3.394229,-7.117290,1.415299,-0.002971,1.413342,-0.002971,-7.117290,0
2026-07-02 15:39:13.957476,3.397154,-7.112109,1.415299,-0.008152,1.418524,-0.008152,-7.112109,0
2026-07-02 15:39:13.957476,3.399672,-7.117290,1.415299,-0.008152,1.413342,-0.008152,-7.117290,0
2026-07-02 15:39:13.967660,3.402287,-7.112109,1.415299,-0.002971,1.418524,-0.002971,-7.112109,0
2026-07-02 15:39:13.967660,3.404640,-7.106927,1.415299,-0.002971,1.413342,-0.002971,-7.106927,0
2026-07-02 15:39:13.967660,3.407486,-7.117290,1.415299,-0.002971,1.413342,-0.002971,-7.117290,0
2026-07-02 15:39:13.967660,3.410153,-7.117290,1.415299,-0.002971,1.413342,-0.002971,-7.117290,0
2026-07-02 15:39:13.977743,3.412683,-7.112109,1.415299,-0.002971,1.413342,-0.002971,-7.112109,0
2026-07-02 15:39:13.977743,3.415124,-7.117290,1.415299,-0.002971,1.413342,-0.002971,-7.117290,0
2026-07-02 15:39:13.977743,3.417529,-7.117290,1.415299,0.002211,1.413342,0.002211,-7.117290,0
2026-07-02 15:39:13.977743,3.420090,-7.117290,1.415299,-0.002971,1.413342,-0.002971,-7.117290,0
2026-07-02 15:39:13.987824,3.422728,-7.117290,1.415299,-0.002971,1.413342,-0.002971,-7.117290,0
2026-07-02 15:39:13.989891,3.425093,-7.117290,1.415299,-0.002971,1.418524,-0.002971,-7.117290,0
2026-07-02 15:39:13.993914,3.427468,-7.106927,1.415299,-0.002971,1.413342,-0.002971,-7.106927,0
2026-07-02 15:39:13.995928,3.429915,-7.106927,1.415299,-0.002971,1.413342,-0.002971,-7.106927,0
2026-07-02 15:39:13.997941,3.432389,-7.112109,1.415299,-0.002971,1.418524,-0.002971,-7.112109,0
2026-07-02 15:39:13.999951,3.434840,-7.112109,1.415299,-0.002971,1.413342,-0.002971,-7.112109,0
2026-07-02 15:39:14.001987,3.437259,-7.117290,1.415299,-0.002971,1.413342,-0.002971,-7.117290,0
2026-07-02 15:39:14.006005,3.439783,-7.112109,1.415299,-0.002971,1.413342,-0.002971,-7.112109,0
2026-07-02 15:39:14.008418,3.442160,-7.112109,1.415299,-0.002971,1.418524,-0.002971,-7.112109,0
2026-07-02 15:39:14.010432,3.444405,-7.117290,1.415299,-0.008152,1.418524,-0.008152,-7.117290,0
2026-07-02 15:39:14.012445,3.446759,-7.112109,1.415299,-0.002971,1.418524,-0.002971,-7.112109,0
2026-07-02 15:39:14.014459,3.449192,-7.117290,1.415299,-0.008152,1.413342,-0.008152,-7.117290,0
2026-07-02 15:39:14.016473,3.451613,-7.106927,1.415299,-0.002971,1.413342,-0.002971,-7.106927,0
2026-07-02 15:39:14.018487,3.453819,-7.112109,1.415299,-0.008152,1.413342,-0.008152,-7.112109,0
2026-07-02 15:39:14.020501,3.456055,-7.112109,1.415299,-0.002971,1.413342,-0.002971,-7.112109,0
2026-07-02 15:39:14.024527,3.458394,-7.117290,1.415299,-0.002971,1.413342,-0.002971,-7.117290,0
2026-07-02 15:39:14.026540,3.461058,-7.117290,1.415299,-0.002971,1.413342,-0.002971,-7.117290,0
2026-07-02 15:39:14.028554,3.463580,-7.122472,1.415299,-0.002971,1.413342,-0.002971,-7.122472,0
2026-07-02 15:39:14.028554,3.466212,-7.106927,1.415299,-0.002971,1.418524,-0.002971,-7.106927,0
2026-07-02 15:39:14.028554,3.468589,-7.117290,1.415299,-0.002971,1.418524,-0.002971,-7.117290,0
2026-07-02 15:39:14.037100,3.470894,-7.106927,1.415299,-0.002971,1.413342,-0.002971,-7.106927,0
2026-07-02 15:39:14.038851,3.473239,-7.112109,1.415299,-0.002971,1.413342,-0.002971,-7.112109,0
2026-07-02 15:39:14.040859,3.475472,-7.117290,1.415299,-0.002971,1.413342,-0.002971,-7.117290,0
2026-07-02 15:39:14.042863,3.477720,-7.117290,1.415299,-0.002971,1.413342,-0.002971,-7.117290,0
2026-07-02 15:39:14.044875,3.480217,-7.117290,1.415299,-0.002971,1.413342,-0.002971,-7.117290,0
2026-07-02 15:39:14.048897,3.482547,-7.112109,1.415299,-0.002971,1.413342,-0.002971,-7.112109,0
2026-07-02 15:39:14.050905,3.484875,-7.106927,1.415299,-0.002971,1.418524,-0.002971,-7.106927,0
2026-07-02 15:39:14.052915,3.487110,-7.117290,1.415299,-0.002971,1.413342,-0.002971,-7.117290,0
2026-07-02 15:39:14.055435,3.489364,-7.122472,1.415299,-0.002971,1.418524,-0.002971,-7.122472,0
2026-07-02 15:39:14.055968,3.491557,-7.112109,1.415299,-0.002971,1.413342,-0.002971,-7.112109,0
2026-07-02 15:39:14.058993,3.493783,-7.106927,1.415299,-0.002971,1.413342,-0.002971,-7.106927,0
2026-07-02 15:39:14.066120,3.496230,-7.112109,1.415299,-0.002971,1.418524,-0.002971,-7.112109,0
2026-07-02 15:39:14.068702,3.502540,-7.112109,1.415299,-0.008152,1.418524,-0.008152,-7.112109,0
2026-07-02 15:39:14.069209,3.505082,-7.117290,1.415299,-0.002971,1.413342,-0.002971,-7.117290,0
2026-07-02 15:39:14.072003,3.507482,-7.106927,1.415299,-0.002971,1.413342,-0.002971,-7.106927,0
2026-07-02 15:39:14.074010,3.509888,-7.106927,1.415299,-0.002971,1.413342,-0.002971,-7.106927,0
2026-07-02 15:39:14.074010,3.512250,-7.117290,1.415299,-0.002971,1.418524,-0.002971,-7.117290,0
2026-07-02 15:39:14.079207,3.514860,-7.117290,1.415299,-0.002971,1.418524,-0.002971,-7.117290,0
2026-07-02 15:39:14.079207,3.517467,-7.117290,1.415299,-0.002971,1.413342,-0.002971,-7.117290,0
2026-07-02 15:39:14.085326,3.520040,-7.106927,1.415299,-0.002971,1.418524,-0.002971,-7.106927,0
2026-07-02 15:39:14.087339,3.522506,-7.106927,1.415299,-0.002971,1.413342,-0.002971,-7.106927,0
2026-07-02 15:39:14.089853,3.524957,-7.117290,1.415299,-0.002971,1.413342,-0.002971,-7.117290,0
2026-07-02 15:39:14.093376,3.527350,-7.112109,1.415299,-0.002971,1.418524,-0.002971,-7.112109,0
2026-07-02 15:39:14.095388,3.529798,-7.117290,1.415299,-0.002971,1.418524,-0.002971,-7.117290,0
2026-07-02 15:39:14.097395,3.532175,-7.117290,1.415299,-0.002971,1.418524,-0.002971,-7.117290,0
2026-07-02 15:39:14.100414,3.534568,-7.117290,1.415299,-0.002971,1.418524,-0.002971,-7.117290,0
2026-07-02 15:39:14.102426,3.536886,-7.117290,1.415299,-0.008152,1.418524,-0.008152,-7.117290,0
2026-07-02 15:39:14.105142,3.539326,-7.106927,1.420479,-0.002971,1.413342,-0.002971,-7.106927,0
2026-07-02 15:39:14.107154,3.541745,-7.117290,1.415299,-0.002971,1.413342,-0.002971,-7.117290,0
2026-07-02 15:39:14.109924,3.544089,-7.117290,1.415299,-0.002971,1.413342,-0.002971,-7.117290,0
2026-07-02 15:39:14.111935,3.546483,-7.106927,1.415299,-0.002971,1.418524,-0.002971,-7.106927,0
2026-07-02 15:39:14.113944,3.548869,-7.117290,1.415299,-0.002971,1.418524,-0.002971,-7.117290,0
2026-07-02 15:39:14.115950,3.551261,-7.112109,1.415299,-0.002971,1.413342,-0.002971,-7.112109,0
2026-07-02 15:39:14.119465,3.553840,-7.106927,1.415299,-0.002971,1.413342,-0.002971,-7.106927,0
2026-07-02 15:39:14.121480,3.556221,-7.117290,1.415299,-0.002971,1.413342,-0.002971,-7.117290,0
2026-07-02 15:39:14.123493,3.558615,-7.106927,1.415299,-0.002971,1.413342,-0.002971,-7.106927,0
2026-07-02 15:39:14.127519,3.561009,-7.117290,1.415299,-0.002971,1.418524,-0.002971,-7.117290,0
2026-07-02 15:39:14.129533,3.563505,-7.112109,1.415299,-0.008152,1.418524,-0.008152,-7.112109,0
2026-07-02 15:39:14.130936,3.565899,-7.117290,1.415299,-0.002971,1.413342,-0.002971,-7.117290,0
2026-07-02 15:39:14.130936,3.568434,-7.112109,1.415299,-0.002971,1.418524,-0.002971,-7.112109,0
2026-07-02 15:39:14.130936,3.570885,-7.112109,1.415299,-0.008152,1.418524,-0.008152,-7.112109,0
2026-07-02 15:39:14.138891,3.573386,-7.112109,1.415299,-0.002971,1.413342,-0.002971,-7.112109,0
2026-07-02 15:39:14.139904,3.575859,-7.117290,1.420479,-0.002971,1.413342,-0.002971,-7.117290,0
2026-07-02 15:39:14.139904,3.578883,-7.117290,1.415299,-0.002971,1.418524,-0.002971,-7.117290,0
2026-07-02 15:39:14.139904,3.581334,-7.122472,1.415299,-0.002971,1.413342,-0.002971,-7.122472,0
2026-07-02 15:39:14.148736,3.583776,-7.117290,1.415299,-0.002971,1.413342,-0.002971,-7.117290,0
2026-07-02 15:39:14.152257,3.586172,-7.117290,1.415299,-0.002971,1.418524,-0.002971,-7.117290,0
2026-07-02 15:39:14.154269,3.588900,-7.117290,1.415299,-0.002971,1.413342,-0.002971,-7.117290,0
2026-07-02 15:39:14.156276,3.591323,-7.106927,1.415299,-0.002971,1.413342,-0.002971,-7.106927,0
2026-07-02 15:39:14.156276,3.593767,-7.117290,1.415299,-0.002971,1.418524,-0.002971,-7.117290,0
2026-07-02 15:39:14.162483,3.596191,-7.112109,1.415299,-0.002971,1.418524,-0.002971,-7.112109,0
2026-07-02 15:39:14.164502,3.598714,-7.106927,1.415299,-0.002971,1.413342,-0.002971,-7.106927,0
2026-07-02 15:39:14.166517,3.601169,-7.106927,1.415299,-0.002971,1.413342,-0.002971,-7.106927,0
2026-07-02 15:39:14.169573,3.603499,-7.106927,1.415299,-0.002971,1.413342,-0.002971,-7.106927,0
2026-07-02 15:39:14.170583,3.605867,-7.122472,1.415299,0.002211,1.418524,0.002211,-7.122472,0
2026-07-02 15:39:14.174601,3.608254,-7.117290,1.415299,-0.008152,1.413342,-0.008152,-7.117290,0
2026-07-02 15:39:14.176833,3.610647,-7.106927,1.415299,-0.002971,1.418524,-0.002971,-7.106927,0
2026-07-02 15:39:14.176833,3.613104,-7.112109,1.415299,-0.002971,1.418524,-0.002971,-7.112109,0
2026-07-02 15:39:14.180778,3.615515,-7.117290,1.415299,-0.002971,1.418524,-0.002971,-7.117290,0
2026-07-02 15:39:14.182785,3.617900,-7.117290,1.415299,-0.002971,1.413342,-0.002971,-7.117290,0
2026-07-02 15:39:14.184793,3.620315,-7.112109,1.415299,-0.008152,1.418524,-0.008152,-7.112109,0
2026-07-02 15:39:14.184793,3.622762,-7.117290,1.420479,-0.002971,1.413342,-0.002971,-7.117290,0
2026-07-02 15:39:14.190887,3.625251,-7.117290,1.415299,-0.002971,1.418524,-0.002971,-7.117290,0
2026-07-02 15:39:14.192901,3.627695,-7.117290,1.415299,-0.008152,1.418524,-0.008152,-7.117290,0
2026-07-02 15:39:14.196178,3.630210,-7.112109,1.415299,-0.002971,1.418524,-0.002971,-7.112109,0
2026-07-02 15:39:14.198186,3.632643,-7.112109,1.415299,-0.002971,1.413342,-0.002971,-7.112109,0
2026-07-02 15:39:14.200701,3.635140,-7.117290,1.415299,-0.002971,1.413342,-0.002971,-7.117290,0
2026-07-02 15:39:14.202710,3.637546,-7.106927,1.415299,-0.002971,1.413342,-0.002971,-7.106927,0
2026-07-02 15:39:14.204716,3.639962,-7.106927,1.415299,-0.002971,1.413342,-0.002971,-7.106927,0
2026-07-02 15:39:14.208731,3.642328,-7.117290,1.415299,-0.002971,1.413342,-0.002971,-7.117290,0
2026-07-02 15:39:14.210741,3.644841,-7.112109,1.415299,-0.002971,1.413342,-0.002971,-7.112109,0
2026-07-02 15:39:14.212751,3.647155,-7.117290,1.415299,-0.002971,1.418524,-0.002971,-7.117290,0
2026-07-02 15:39:14.214759,3.649647,-7.112109,1.415299,-0.002971,1.413342,-0.002971,-7.112109,0
2026-07-02 15:39:14.216767,3.652196,-7.117290,1.415299,-0.002971,1.413342,-0.002971,-7.117290,0
2026-07-02 15:39:14.220783,3.654679,-7.117290,1.415299,-0.002971,1.413342,-0.002971,-7.117290,0
2026-07-02 15:39:14.220783,3.657273,-7.117290,1.415299,-0.002971,1.413342,-0.002971,-7.117290,0
2026-07-02 15:39:14.224629,3.659619,-7.112109,1.415299,-0.008152,1.413342,-0.008152,-7.112109,0
2026-07-02 15:39:14.226637,3.662011,-7.106927,1.415299,-0.002971,1.413342,-0.002971,-7.106927,0
2026-07-02 15:39:14.226637,3.664470,-7.117290,1.415299,-0.002971,1.413342,-0.002971,-7.117290,0
2026-07-02 15:39:14.231942,3.666814,-7.117290,1.415299,-0.002971,1.418524,-0.002971,-7.117290,0
2026-07-02 15:39:14.233952,3.669495,-7.112109,1.415299,-0.002971,1.413342,-0.002971,-7.112109,0
2026-07-02 15:39:14.237603,3.671994,-7.117290,1.415299,-0.002971,1.418524,-0.002971,-7.117290,0
2026-07-02 15:39:14.239615,3.674402,-7.106927,1.415299,-0.002971,1.413342,-0.002971,-7.106927,0
2026-07-02 15:39:14.242435,3.676835,-7.117290,1.415299,-0.002971,1.413342,-0.002971,-7.117290,0
2026-07-02 15:39:14.245948,3.679107,-7.106927,1.415299,-0.002971,1.413342,-0.002971,-7.106927,0
2026-07-02 15:39:14.247444,3.682591,-7.106927,1.415299,-0.002971,1.418524,-0.002971,-7.106927,0
2026-07-02 15:39:14.249454,3.685100,-7.117290,1.415299,-0.002971,1.413342,-0.002971,-7.117290,0
2026-07-02 15:39:14.253479,3.687478,-7.112109,1.415299,-0.002971,1.418524,-0.002971,-7.112109,0
2026-07-02 15:39:14.255494,3.689938,-7.117290,1.415299,-0.002971,1.413342,-0.002971,-7.117290,0
2026-07-02 15:39:14.257503,3.692388,-7.106927,1.415299,-0.002971,1.413342,-0.002971,-7.106927,0
2026-07-02 15:39:14.259508,3.694868,-7.117290,1.415299,-0.002971,1.413342,-0.002971,-7.117290,0
2026-07-02 15:39:14.263519,3.697315,-7.117290,1.415299,-0.002971,1.418524,-0.002971,-7.117290,0
2026-07-02 15:39:14.265527,3.699760,-7.112109,1.415299,-0.002971,1.413342,-0.002971,-7.112109,0
2026-07-02 15:39:14.266534,3.702144,-7.112109,1.420479,-0.008152,1.413342,-0.008152,-7.112109,0
2026-07-02 15:39:14.269598,3.704711,-7.117290,1.415299,-0.002971,1.418524,-0.002971,-7.117290,0
2026-07-02 15:39:14.271606,3.707066,-7.117290,1.415299,-0.002971,1.413342,-0.002971,-7.117290,0
2026-07-02 15:39:14.275626,3.709465,-7.117290,1.415299,-0.002971,1.413342,-0.002971,-7.117290,0
2026-07-02 15:39:14.277639,3.712256,-7.117290,1.415299,0.002211,1.413342,0.002211,-7.117290,0
2026-07-02 15:39:14.279653,3.714638,-7.112109,1.415299,-0.002971,1.418524,-0.002971,-7.112109,0
2026-07-02 15:39:14.281665,3.717043,-7.112109,1.415299,-0.002971,1.413342,-0.002971,-7.112109,0
2026-07-02 15:39:14.285299,3.719558,-7.106927,1.415299,-0.002971,1.413342,-0.002971,-7.106927,0
2026-07-02 15:39:14.287316,3.722053,-7.117290,1.415299,-0.002971,1.413342,-0.002971,-7.117290,0
2026-07-02 15:39:14.289330,3.724496,-7.112109,1.415299,-0.002971,1.413342,-0.002971,-7.112109,0
2026-07-02 15:39:14.293354,3.726947,-7.117290,1.415299,-0.002971,1.413342,-0.002971,-7.117290,0
2026-07-02 15:39:14.295364,3.729323,-7.106927,1.415299,-0.002971,1.413342,-0.002971,-7.106927,0
2026-07-02 15:39:14.297371,3.731704,-7.112109,1.415299,-0.002971,1.418524,-0.002971,-7.112109,0
2026-07-02 15:39:14.299377,3.734107,-7.117290,1.415299,-0.002971,1.418524,-0.002971,-7.117290,0
2026-07-02 15:39:14.301385,3.736409,-7.117290,1.415299,-0.002971,1.418524,-0.002971,-7.117290,0
2026-07-02 15:39:14.303394,3.738779,-7.117290,1.415299,-0.002971,1.413342,-0.002971,-7.117290,0
2026-07-02 15:39:14.305402,3.741184,-7.117290,1.415299,-0.002971,1.418524,-0.002971,-7.117290,0
2026-07-02 15:39:14.309391,3.743519,-7.106927,1.415299,-0.002971,1.418524,-0.002971,-7.106927,0
2026-07-02 15:39:14.311404,3.745824,-7.117290,1.415299,-0.002971,1.413342,-0.002971,-7.117290,0
2026-07-02 15:39:14.313420,3.748307,-7.112109,1.415299,-0.008152,1.418524,-0.008152,-7.112109,0
2026-07-02 15:39:14.313420,3.750661,-7.112109,1.415299,-0.008152,1.413342,-0.008152,-7.112109,0
2026-07-02 15:39:14.313420,3.753101,-7.112109,1.415299,-0.002971,1.413342,-0.002971,-7.112109,0
2026-07-02 15:39:14.321651,3.755489,-7.106927,1.415299,-0.002971,1.413342,-0.002971,-7.106927,0
2026-07-02 15:39:14.321651,3.757896,-7.117290,1.415299,-0.008152,1.413342,-0.008152,-7.117290,0
2026-07-02 15:39:14.321651,3.760273,-7.117290,1.415299,-0.002971,1.413342,-0.002971,-7.117290,0
2026-07-02 15:39:14.327667,3.762724,-7.117290,1.420479,-0.002971,1.413342,-0.002971,-7.117290,0
2026-07-02 15:39:14.330040,3.765153,-7.117290,1.415299,-0.002971,1.413342,-0.002971,-7.117290,0
2026-07-02 15:39:14.333801,3.767456,-7.112109,1.415299,-0.008152,1.413342,-0.008152,-7.112109,0
2026-07-02 15:39:14.335817,3.770053,-7.117290,1.415299,-0.002971,1.413342,-0.002971,-7.117290,0
2026-07-02 15:39:14.337832,3.772420,-7.112109,1.415299,-0.008152,1.418524,-0.008152,-7.112109,0
2026-07-02 15:39:14.337832,3.774782,-7.112109,1.415299,-0.002971,1.418524,-0.002971,-7.112109,0
2026-07-02 15:39:14.341845,3.777237,-7.117290,1.415299,-0.002971,1.413342,-0.002971,-7.117290,0
2026-07-02 15:39:14.344590,3.779668,-7.122472,1.415299,-0.002971,1.418524,-0.002971,-7.122472,0
2026-07-02 15:39:14.346595,3.782115,-7.117290,1.415299,-0.002971,1.418524,-0.002971,-7.117290,0
2026-07-02 15:39:14.350608,3.784453,-7.117290,1.415299,-0.002971,1.413342,-0.002971,-7.117290,0
2026-07-02 15:39:14.352117,3.786753,-7.112109,1.415299,-0.002971,1.418524,-0.002971,-7.112109,0
2026-07-02 15:39:14.352117,3.789128,-7.112109,1.415299,-0.002971,1.413342,-0.002971,-7.112109,0
2026-07-02 15:39:14.352117,3.791524,-7.117290,1.415299,-0.002971,1.413342,-0.002971,-7.117290,0
2026-07-02 15:39:14.359784,3.794060,-7.117290,1.415299,-0.002971,1.418524,-0.002971,-7.117290,0
2026-07-02 15:39:14.361793,3.796559,-7.117290,1.415299,-0.002971,1.413342,-0.002971,-7.117290,0
2026-07-02 15:39:14.363801,3.798987,-7.106927,1.415299,-0.008152,1.413342,-0.008152,-7.106927,0
2026-07-02 15:39:14.366812,3.801336,-7.106927,1.415299,-0.002971,1.413342,-0.002971,-7.106927,0
2026-07-02 15:39:14.368822,3.803582,-7.117290,1.420479,-0.002971,1.413342,-0.002971,-7.117290,0
2026-07-02 15:39:14.371841,3.806047,-7.112109,1.415299,-0.002971,1.418524,-0.002971,-7.112109,0
2026-07-02 15:39:14.373848,3.808496,-7.117290,1.415299,-0.002971,1.418524,-0.002971,-7.117290,0
2026-07-02 15:39:14.376627,3.810908,-7.112109,1.415299,-0.008152,1.418524,-0.008152,-7.112109,0
2026-07-02 15:39:14.378635,3.813580,-7.112109,1.415299,-0.002971,1.413342,-0.002971,-7.112109,0
2026-07-02 15:39:14.382102,3.815935,-7.117290,1.415299,-0.002971,1.413342,-0.002971,-7.117290,0
2026-07-02 15:39:14.384709,3.818383,-7.117290,1.415299,-0.002971,1.418524,-0.002971,-7.117290,0
2026-07-02 15:39:14.387294,3.820823,-7.106927,1.415299,-0.002971,1.418524,-0.002971,-7.106927,0
2026-07-02 15:39:14.389303,3.823311,-7.112109,1.415299,-0.002971,1.418524,-0.002971,-7.112109,0
2026-07-02 15:39:14.391310,3.825718,-7.112109,1.415299,-0.002971,1.418524,-0.002971,-7.112109,0
2026-07-02 15:39:14.394326,3.828171,-7.112109,1.415299,-0.002971,1.413342,-0.002971,-7.112109,0
2026-07-02 15:39:14.396337,3.830597,-7.112109,1.415299,-0.002971,1.413342,-0.002971,-7.112109,0
2026-07-02 15:39:14.398345,3.833001,-7.112109,1.415299,-0.002971,1.418524,-0.002971,-7.112109,0
2026-07-02 15:39:14.400352,3.835221,-7.117290,1.415299,-0.002971,1.413342,-0.002971,-7.117290,0
2026-07-02 15:39:14.403872,3.837753,-7.117290,1.415299,-0.002971,1.413342,-0.002971,-7.117290,0
2026-07-02 15:39:14.405886,3.840180,-7.117290,1.415299,-0.002971,1.413342,-0.002971,-7.117290,0
2026-07-02 15:39:14.408367,3.842562,-7.117290,1.415299,-0.002971,1.418524,-0.002971,-7.117290,0
2026-07-02 15:39:14.410382,3.844905,-7.112109,1.415299,-0.002971,1.418524,-0.002971,-7.112109,0
2026-07-02 15:39:14.412139,3.847358,-7.112109,1.415299,-0.002971,1.413342,-0.002971,-7.112109,0
2026-07-02 15:39:14.414154,3.849753,-7.117290,1.415299,-0.002971,1.413342,-0.002971,-7.117290,0
2026-07-02 15:39:14.418178,3.852110,-7.117290,1.415299,-0.002971,1.413342,-0.002971,-7.117290,0
2026-07-02 15:39:14.420189,3.854583,-7.117290,1.415299,-0.002971,1.413342,-0.002971,-7.117290,0
2026-07-02 15:39:14.422202,3.856984,-7.117290,1.415299,-0.002971,1.413342,-0.002971,-7.117290,0
2026-07-02 15:39:14.424218,3.859473,-7.112109,1.415299,-0.002971,1.418524,-0.002971,-7.112109,0
2026-07-02 15:39:14.428236,3.861907,-7.117290,1.415299,-0.002971,1.418524,-0.002971,-7.117290,0
2026-07-02 15:39:14.430254,3.864257,-7.117290,1.415299,-0.002971,1.413342,-0.002971,-7.117290,0
2026-07-02 15:39:14.432264,3.866671,-7.112109,1.415299,-0.002971,1.413342,-0.002971,-7.112109,0
2026-07-02 15:39:14.432264,3.869072,-7.117290,1.415299,-0.002971,1.413342,-0.002971,-7.117290,0
2026-07-02 15:39:14.436197,3.871473,-7.112109,1.415299,-0.002971,1.418524,-0.002971,-7.112109,0
2026-07-02 15:39:14.436197,3.873928,-7.112109,1.415299,-0.002971,1.418524,-0.002971,-7.112109,0
2026-07-02 15:39:14.442647,3.876404,-7.112109,1.415299,-0.002971,1.418524,-0.002971,-7.112109,0
2026-07-02 15:39:14.444658,3.878822,-7.117290,1.415299,-0.002971,1.413342,-0.002971,-7.117290,0
2026-07-02 15:39:14.444658,3.881180,-7.117290,1.415299,-0.002971,1.413342,-0.002971,-7.117290,0
2026-07-02 15:39:14.449657,3.883650,-7.117290,1.415299,-0.002971,1.413342,-0.002971,-7.117290,0
2026-07-02 15:39:14.451670,3.886042,-7.117290,1.415299,-0.002971,1.413342,-0.002971,-7.117290,0
2026-07-02 15:39:14.454705,3.888449,-7.112109,1.415299,-0.002971,1.413342,-0.002971,-7.112109,0
2026-07-02 15:39:14.456722,3.890812,-7.112109,1.415299,-0.002971,1.413342,-0.002971,-7.112109,0
2026-07-02 15:39:14.458736,3.893261,-7.117290,1.415299,-0.002971,1.418524,-0.002971,-7.117290,0
2026-07-02 15:39:14.460753,3.895546,-7.112109,1.415299,-0.002971,1.418524,-0.002971,-7.112109,0
2026-07-02 15:39:14.462766,3.897939,-7.112109,1.415299,-0.002971,1.413342,-0.002971,-7.112109,0
2026-07-02 15:39:14.465922,3.900287,-7.117290,1.415299,-0.002971,1.418524,-0.002971,-7.117290,0
2026-07-02 15:39:14.466934,3.902704,-7.112109,1.415299,-0.002971,1.418524,-0.002971,-7.112109,0
2026-07-02 15:39:14.466934,3.905100,-7.117290,1.415299,-0.002971,1.413342,-0.002971,-7.117290,0
2026-07-02 15:39:14.473011,3.907395,-7.112109,1.415299,-0.002971,1.418524,-0.002971,-7.112109,0
2026-07-02 15:39:14.475359,3.909794,-7.117290,1.415299,-0.002971,1.418524,-0.002971,-7.117290,0
2026-07-02 15:39:14.475359,3.912241,-7.117290,1.415299,-0.002971,1.413342,-0.002971,-7.117290,0
2026-07-02 15:39:14.479840,3.914725,-7.112109,1.415299,-0.002971,1.418524,-0.002971,-7.112109,0
2026-07-02 15:39:14.483499,3.917152,-7.106927,1.415299,-0.002971,1.418524,-0.002971,-7.106927,0
2026-07-02 15:39:14.484227,3.919570,-7.117290,1.415299,-0.002971,1.413342,-0.002971,-7.117290,0
2026-07-02 15:39:14.486232,3.921834,-7.117290,1.415299,-0.002971,1.418524,-0.002971,-7.117290,0
2026-07-02 15:39:14.486232,3.924334,-7.106927,1.415299,-0.002971,1.413342,-0.002971,-7.106927,0
2026-07-02 15:39:14.492332,3.926678,-7.112109,1.415299,-0.002971,1.413342,-0.002971,-7.112109,0
2026-07-02 15:39:14.492332,3.929004,-7.112109,1.415299,-0.002971,1.418524,-0.002971,-7.112109,0
2026-07-02 15:39:14.492332,3.931489,-7.106927,1.415299,-0.002971,1.418524,-0.002971,-7.106927,0
2026-07-02 15:39:14.499665,3.933978,-7.117290,1.415299,-0.002971,1.413342,-0.002971,-7.117290,0
2026-07-02 15:39:14.502137,3.936310,-7.117290,1.415299,-0.002971,1.413342,-0.002971,-7.117290,0
2026-07-02 15:39:14.503419,3.938605,-7.112109,1.415299,-0.002971,1.413342,-0.002971,-7.112109,0
2026-07-02 15:39:14.503419,3.941016,-7.117290,1.420479,-0.002971,1.413342,-0.002971,-7.117290,0
2026-07-02 15:39:14.503419,3.943481,-7.117290,1.415299,-0.002971,1.418524,-0.002971,-7.117290,0
2026-07-02 15:39:14.509965,3.945777,-7.117290,1.415299,-0.002971,1.413342,-0.002971,-7.117290,0
2026-07-02 15:39:14.512956,3.948315,-7.106927,1.415299,-0.002971,1.418524,-0.002971,-7.106927,0
2026-07-02 15:39:14.516169,3.950780,-7.112109,1.415299,-0.002971,1.413342,-0.002971,-7.112109,0
2026-07-02 15:39:14.518263,3.953180,-7.117290,1.415299,-0.008152,1.413342,-0.008152,-7.117290,0
2026-07-02 15:39:14.520445,3.955594,-7.106927,1.415299,-0.002971,1.413342,-0.002971,-7.106927,0
2026-07-02 15:39:14.524473,3.958045,-7.112109,1.415299,-0.002971,1.413342,-0.002971,-7.112109,0
2026-07-02 15:39:14.524473,3.960513,-7.112109,1.415299,-0.002971,1.418524,-0.002971,-7.112109,0
2026-07-02 15:39:14.529526,3.963225,-7.112109,1.415299,-0.002971,1.418524,-0.002971,-7.112109,0
2026-07-02 15:39:14.530648,3.965659,-7.117290,1.415299,-0.002971,1.413342,-0.002971,-7.117290,0
2026-07-02 15:39:14.532684,3.967981,-7.117290,1.415299,-0.002971,1.413342,-0.002971,-7.117290,0
2026-07-02 15:39:14.532684,3.970284,-7.106927,1.415299,-0.002971,1.413342,-0.002971,-7.106927,0
2026-07-02 15:39:14.532684,3.972567,-7.112109,1.415299,-0.002971,1.413342,-0.002971,-7.112109,0
2026-07-02 15:39:14.532684,3.974968,-7.106927,1.415299,-0.002971,1.418524,-0.002971,-7.106927,0
2026-07-02 15:39:14.543510,3.977330,-7.117290,1.415299,-0.002971,1.413342,-0.002971,-7.117290,0
2026-07-02 15:39:14.545522,3.979661,-7.117290,1.415299,-0.008152,1.413342,-0.008152,-7.117290,0
2026-07-02 15:39:14.545522,3.982078,-7.117290,1.415299,-0.002971,1.413342,-0.002971,-7.117290,0
2026-07-02 15:39:14.545522,3.984552,-7.117290,1.410120,-0.002971,1.413342,-0.002971,-7.117290,0
2026-07-02 15:39:14.552898,3.986809,-7.112109,1.415299,-0.002971,1.413342,-0.002971,-7.112109,0
2026-07-02 15:39:14.552898,3.989129,-7.117290,1.415299,-0.002971,1.418524,-0.002971,-7.117290,0
2026-07-02 15:39:14.552898,3.991421,-7.112109,1.415299,-0.002971,1.413342,-0.002971,-7.112109,0
2026-07-02 15:39:14.552898,3.993890,-7.117290,1.420479,-0.002971,1.413342,-0.002971,-7.117290,0
2026-07-02 15:39:14.552898,3.996278,-7.112109,1.415299,-0.002971,1.413342,-0.002971,-7.112109,0
2026-07-02 15:39:14.563342,3.998917,-7.122472,1.415299,-0.002971,1.413342,-0.002971,-7.122472,0
2026-07-02 15:39:14.566908,4.001454,-7.112109,1.415299,-0.002971,1.418524,-0.002971,-7.112109,0
2026-07-02 15:39:14.566908,4.003826,-7.112109,1.415299,-0.002971,1.413342,-0.002971,-7.112109,0
2026-07-02 15:39:14.566908,4.006247,-7.117290,1.415299,-0.002971,1.413342,-0.002971,-7.117290,0
2026-07-02 15:39:14.573452,4.008574,-7.117290,1.415299,-0.002971,1.413342,-0.002971,-7.117290,0
2026-07-02 15:39:14.573452,4.010987,-7.112109,1.415299,-0.002971,1.413342,-0.002971,-7.112109,0
2026-07-02 15:39:14.573452,4.013316,-7.112109,1.415299,-0.002971,1.413342,-0.002971,-7.112109,0
2026-07-02 15:39:14.573452,4.015788,-7.117290,1.415299,-0.002971,1.418524,-0.002971,-7.117290,0
2026-07-02 15:39:14.583663,4.018228,-7.112109,1.415299,-0.002971,1.413342,-0.002971,-7.112109,0
2026-07-02 15:39:14.583663,4.020579,-7.112109,1.415299,-0.002971,1.413342,-0.002971,-7.112109,0
2026-07-02 15:39:14.583663,4.022935,-7.112109,1.415299,-0.002971,1.413342,-0.002971,-7.112109,0
2026-07-02 15:39:14.583663,4.025290,-7.112109,1.415299,-0.002971,1.418524,-0.002971,-7.112109,0
2026-07-02 15:39:14.593791,4.027606,-7.112109,1.415299,-0.002971,1.413342,-0.002971,-7.112109,0
2026-07-02 15:39:14.593791,4.030276,-7.117290,1.415299,-0.002971,1.413342,-0.002971,-7.117290,0
2026-07-02 15:39:14.593791,4.032555,-7.112109,1.415299,-0.002971,1.418524,-0.002971,-7.112109,0
2026-07-02 15:39:14.593791,4.034891,-7.117290,1.415299,-0.002971,1.418524,-0.002971,-7.117290,0
2026-07-02 15:39:14.602401,4.037188,-7.117290,1.415299,-0.002971,1.413342,-0.002971,-7.117290,0
2026-07-02 15:39:14.604150,4.039653,-7.117290,1.415299,-0.008152,1.413342,-0.008152,-7.117290,0
2026-07-02 15:39:14.604150,4.042030,-7.117290,1.415299,-0.002971,1.418524,-0.002971,-7.117290,0
2026-07-02 15:39:14.604150,4.044470,-7.117290,1.415299,-0.008152,1.413342,-0.008152,-7.117290,0
2026-07-02 15:39:14.604150,4.046945,-7.117290,1.415299,-0.002971,1.413342,-0.002971,-7.117290,0
2026-07-02 15:39:14.614214,4.049395,-7.112109,1.415299,-0.002971,1.418524,-0.002971,-7.112109,0
2026-07-02 15:39:14.614214,4.051896,-7.117290,1.415299,-0.008152,1.418524,-0.008152,-7.117290,0
2026-07-02 15:39:14.619398,4.054237,-7.117290,1.415299,-0.002971,1.418524,-0.002971,-7.117290,0
2026-07-02 15:39:14.619398,4.056626,-7.117290,1.415299,-0.002971,1.418524,-0.002971,-7.117290,0
2026-07-02 15:39:14.624779,4.059058,-7.117290,1.415299,-0.002971,1.413342,-0.002971,-7.117290,0
2026-07-02 15:39:14.624779,4.061495,-7.112109,1.415299,-0.002971,1.418524,-0.002971,-7.112109,0
2026-07-02 15:39:14.624779,4.063753,-7.117290,1.415299,-0.008152,1.413342,-0.008152,-7.117290,0
2026-07-02 15:39:14.624779,4.065979,-7.117290,1.415299,-0.002971,1.413342,-0.002971,-7.117290,0
2026-07-02 15:39:14.624779,4.068279,-7.117290,1.415299,-0.002971,1.413342,-0.002971,-7.117290,0
2026-07-02 15:39:14.634799,4.070624,-7.112109,1.415299,-0.002971,1.413342,-0.002971,-7.112109,0
2026-07-02 15:39:14.634799,4.072932,-7.112109,1.415299,-0.008152,1.413342,-0.008152,-7.112109,0
2026-07-02 15:39:14.634799,4.075130,-7.117290,1.420479,-0.002971,1.413342,-0.002971,-7.117290,0
2026-07-02 15:39:14.634799,4.077396,-7.112109,1.415299,-0.008152,1.418524,-0.008152,-7.112109,0
2026-07-02 15:39:14.644856,4.079723,-7.117290,1.415299,-0.002971,1.418524,-0.002971,-7.117290,0
2026-07-02 15:39:14.644856,4.081973,-7.117290,1.415299,-0.002971,1.413342,-0.002971,-7.117290,0
2026-07-02 15:39:14.644856,4.084320,-7.117290,1.415299,-0.002971,1.413342,-0.002971,-7.117290,0
2026-07-02 15:39:14.644856,4.087090,-7.117290,1.415299,-0.002971,1.413342,-0.002971,-7.117290,0
2026-07-02 15:39:14.655185,4.089540,-7.117290,1.415299,-0.002971,1.418524,-0.002971,-7.117290,0
2026-07-02 15:39:14.655185,4.091825,-7.117290,1.415299,-0.002971,1.413342,-0.002971,-7.117290,0
2026-07-02 15:39:14.655185,4.094214,-7.117290,1.415299,-0.002971,1.418524,-0.002971,-7.117290,0
2026-07-02 15:39:14.655185,4.096610,-7.117290,1.415299,-0.002971,1.413342,-0.002971,-7.117290,0
2026-07-02 15:39:14.665278,4.098883,-7.112109,1.415299,-0.002971,1.413342,-0.002971,-7.112109,0
2026-07-02 15:39:14.667289,4.101558,-7.117290,1.415299,-0.002971,1.413342,-0.002971,-7.117290,0
2026-07-02 15:39:14.667289,4.104137,-7.117290,1.415299,-0.002971,1.418524,-0.002971,-7.117290,0
2026-07-02 15:39:14.667289,4.106522,-7.117290,1.415299,-0.002971,1.418524,-0.002971,-7.117290,0
2026-07-02 15:39:14.675390,4.109142,-7.117290,1.415299,-0.002971,1.413342,-0.002971,-7.117290,0
2026-07-02 15:39:14.675390,4.111922,-7.101746,1.415299,-0.002971,1.418524,-0.002971,-7.101746,0
2026-07-02 15:39:14.675390,4.114304,-7.117290,1.415299,-0.002971,1.413342,-0.002971,-7.117290,0
2026-07-02 15:39:14.675390,4.116705,-7.117290,1.415299,-0.002971,1.418524,-0.002971,-7.117290,0
2026-07-02 15:39:14.675390,4.119099,-7.117290,1.415299,-0.002971,1.413342,-0.002971,-7.117290,0
2026-07-02 15:39:14.685527,4.121363,-7.112109,1.415299,-0.002971,1.418524,-0.002971,-7.112109,0
2026-07-02 15:39:14.685527,4.123919,-7.117290,1.420479,-0.002971,1.413342,-0.002971,-7.117290,0
2026-07-02 15:39:14.685527,4.126409,-7.106927,1.415299,-0.002971,1.413342,-0.002971,-7.106927,0
2026-07-02 15:39:14.685527,4.128727,-7.117290,1.415299,-0.002971,1.413342,-0.002971,-7.117290,0
2026-07-02 15:39:14.695608,4.131048,-7.112109,1.415299,-0.002971,1.413342,-0.002971,-7.112109,0
2026-07-02 15:39:14.695608,4.133407,-7.106927,1.415299,-0.002971,1.418524,-0.002971,-7.106927,0
2026-07-02 15:39:14.695608,4.135781,-7.112109,1.415299,-0.002971,1.418524,-0.002971,-7.112109,0
2026-07-02 15:39:14.702657,4.138235,-7.112109,1.415299,-0.002971,1.418524,-0.002971,-7.112109,0
2026-07-02 15:39:14.705760,4.140699,-7.117290,1.415299,-0.002971,1.418524,-0.002971,-7.117290,0
2026-07-02 15:39:14.705760,4.143091,-7.106927,1.415299,-0.002971,1.418524,-0.002971,-7.106927,0
2026-07-02 15:39:14.705760,4.145640,-7.117290,1.415299,-0.002971,1.413342,-0.002971,-7.117290,0
2026-07-02 15:39:14.714313,4.148020,-7.117290,1.415299,-0.002971,1.418524,-0.002971,-7.117290,0
2026-07-02 15:39:14.716078,4.150488,-7.117290,1.415299,-0.002971,1.413342,-0.002971,-7.117290,0
2026-07-02 15:39:14.716078,4.152907,-7.112109,1.415299,-0.008152,1.418524,-0.008152,-7.112109,0
2026-07-02 15:39:14.716078,4.155420,-7.106927,1.415299,-0.002971,1.418524,-0.002971,-7.106927,0
2026-07-02 15:39:14.716078,4.157827,-7.117290,1.415299,-0.002971,1.413342,-0.002971,-7.117290,0
2026-07-02 15:39:14.726213,4.160175,-7.117290,1.415299,-0.002971,1.413342,-0.002971,-7.117290,0
2026-07-02 15:39:14.726213,4.162497,-7.112109,1.415299,-0.002971,1.413342,-0.002971,-7.112109,0
2026-07-02 15:39:14.726213,4.165130,-7.106927,1.415299,-0.008152,1.418524,-0.008152,-7.106927,0
2026-07-02 15:39:14.726213,4.167550,-7.106927,1.415299,-0.002971,1.413342,-0.002971,-7.106927,0
2026-07-02 15:39:14.736297,4.169874,-7.112109,1.415299,-0.002971,1.413342,-0.002971,-7.112109,0
2026-07-02 15:39:14.736297,4.172281,-7.112109,1.415299,-0.002971,1.413342,-0.002971,-7.112109,0
2026-07-02 15:39:14.736297,4.174983,-7.117290,1.415299,-0.002971,1.418524,-0.002971,-7.117290,0
2026-07-02 15:39:14.736297,4.177690,-7.112109,1.415299,-0.008152,1.418524,-0.008152,-7.112109,0
2026-07-02 15:39:14.746464,4.180079,-7.112109,1.415299,-0.002971,1.418524,-0.002971,-7.112109,0
2026-07-02 15:39:14.746464,4.182622,-7.117290,1.415299,-0.008152,1.413342,-0.008152,-7.117290,0
2026-07-02 15:39:14.746464,4.185086,-7.117290,1.415299,-0.002971,1.413342,-0.002971,-7.117290,0
2026-07-02 15:39:14.746464,4.187342,-7.106927,1.415299,-0.002971,1.413342,-0.002971,-7.106927,0
2026-07-02 15:39:14.746464,4.189678,-7.117290,1.415299,-0.002971,1.413342,-0.002971,-7.117290,0
2026-07-02 15:39:14.756562,4.192090,-7.117290,1.415299,-0.002971,1.418524,-0.002971,-7.117290,0
2026-07-02 15:39:14.756562,4.194545,-7.117290,1.415299,-0.002971,1.413342,-0.002971,-7.117290,0
2026-07-02 15:39:14.756562,4.197002,-7.106927,1.415299,-0.002971,1.418524,-0.002971,-7.106927,0
2026-07-02 15:39:14.756562,4.199509,-7.117290,1.415299,-0.002971,1.413342,-0.002971,-7.117290,0
2026-07-02 15:39:14.767134,4.201926,-7.122472,1.415299,-0.002971,1.413342,-0.002971,-7.122472,0
2026-07-02 15:39:14.767134,4.204142,-7.112109,1.415299,-0.002971,1.418524,-0.002971,-7.112109,0
2026-07-02 15:39:14.767134,4.206485,-7.112109,1.415299,-0.002971,1.413342,-0.002971,-7.112109,0
2026-07-02 15:39:14.767134,4.208919,-7.117290,1.415299,-0.002971,1.413342,-0.002971,-7.117290,0
2026-07-02 15:39:14.776660,4.211265,-7.112109,1.415299,-0.002971,1.413342,-0.002971,-7.112109,0
2026-07-02 15:39:14.776660,4.213609,-7.112109,1.420479,-0.002971,1.413342,-0.002971,-7.112109,0
2026-07-02 15:39:14.776660,4.215992,-7.112109,1.415299,-0.002971,1.413342,-0.002971,-7.112109,0
2026-07-02 15:39:14.776660,4.218352,-7.106927,1.415299,-0.002971,1.413342,-0.002971,-7.106927,0
2026-07-02 15:39:14.786721,4.220604,-7.112109,1.415299,-0.002971,1.413342,-0.002971,-7.112109,0
2026-07-02 15:39:14.786721,4.222995,-7.117290,1.415299,-0.002971,1.413342,-0.002971,-7.117290,0
2026-07-02 15:39:14.786721,4.225502,-7.117290,1.415299,-0.002971,1.413342,-0.002971,-7.117290,0
2026-07-02 15:39:14.786721,4.227827,-7.106927,1.415299,-0.002971,1.413342,-0.002971,-7.106927,0
2026-07-02 15:39:14.786721,4.230228,-7.117290,1.415299,-0.002971,1.413342,-0.002971,-7.117290,0
2026-07-02 15:39:14.796800,4.232612,-7.106927,1.415299,-0.002971,1.418524,-0.002971,-7.106927,0
2026-07-02 15:39:14.796800,4.234899,-7.106927,1.415299,-0.002971,1.418524,-0.002971,-7.106927,0
2026-07-02 15:39:14.803478,4.237267,-7.117290,1.415299,-0.002971,1.418524,-0.002971,-7.117290,0
2026-07-02 15:39:14.803478,4.239701,-7.112109,1.415299,-0.002971,1.418524,-0.002971,-7.112109,0
2026-07-02 15:39:14.807015,4.242039,-7.117290,1.415299,-0.002971,1.413342,-0.002971,-7.117290,0
2026-07-02 15:39:14.807015,4.244411,-7.106927,1.415299,-0.002971,1.418524,-0.002971,-7.106927,0
2026-07-02 15:39:14.807015,4.246802,-7.112109,1.415299,-0.002971,1.413342,-0.002971,-7.112109,0
2026-07-02 15:39:14.807015,4.249125,-7.117290,1.415299,-0.002971,1.418524,-0.002971,-7.117290,0
2026-07-02 15:39:14.817093,4.251538,-7.112109,1.415299,-0.002971,1.418524,-0.002971,-7.112109,0
2026-07-02 15:39:14.817093,4.253787,-7.117290,1.420479,-0.002971,1.413342,-0.002971,-7.117290,0
2026-07-02 15:39:14.817093,4.256332,-7.106927,1.415299,-0.002971,1.413342,-0.002971,-7.106927,0
2026-07-02 15:39:14.817093,4.258813,-7.117290,1.415299,0.002211,1.413342,0.002211,-7.117290,0
2026-07-02 15:39:14.827176,4.261170,-7.106927,1.415299,-0.008152,1.413342,-0.008152,-7.106927,0
2026-07-02 15:39:14.827176,4.263871,-7.117290,1.415299,-0.002971,1.413342,-0.002971,-7.117290,0
2026-07-02 15:39:14.827176,4.266316,-7.122472,1.415299,-0.002971,1.413342,-0.002971,-7.122472,0
2026-07-02 15:39:14.827176,4.268728,-7.112109,1.415299,-0.008152,1.413342,-0.008152,-7.112109,0
2026-07-02 15:39:14.837364,4.271021,-7.106927,1.415299,-0.008152,1.413342,-0.008152,-7.106927,0
2026-07-02 15:39:14.837364,4.273563,-7.117290,1.415299,-0.002971,1.418524,-0.002971,-7.117290,0
2026-07-02 15:39:14.837364,4.276019,-7.117290,1.415299,-0.002971,1.413342,-0.002971,-7.117290,0
2026-07-02 15:39:14.837364,4.278437,-7.112109,1.415299,-0.002971,1.413342,-0.002971,-7.112109,0
2026-07-02 15:39:14.837364,4.280722,-7.117290,1.415299,-0.002971,1.413342,-0.002971,-7.117290,0
2026-07-02 15:39:14.847481,4.283065,-7.117290,1.415299,-0.002971,1.418524,-0.002971,-7.117290,0
2026-07-02 15:39:14.847481,4.285483,-7.112109,1.415299,-0.002971,1.418524,-0.002971,-7.112109,0
2026-07-02 15:39:14.847481,4.287914,-7.112109,1.415299,-0.002971,1.413342,-0.002971,-7.112109,0
2026-07-02 15:39:14.847481,4.290305,-7.117290,1.415299,-0.002971,1.413342,-0.002971,-7.117290,0
2026-07-02 15:39:14.857583,4.292738,-7.112109,1.415299,-0.002971,1.418524,-0.002971,-7.112109,0
2026-07-02 15:39:14.857583,4.295023,-7.117290,1.415299,-0.002971,1.413342,-0.002971,-7.117290,0
2026-07-02 15:39:14.857583,4.297343,-7.112109,1.415299,-0.002971,1.413342,-0.002971,-7.112109,0
2026-07-02 15:39:14.857583,4.299671,-7.112109,1.415299,-0.008152,1.418524,-0.008152,-7.112109,0
2026-07-02 15:39:14.867267,4.302157,-7.106927,1.415299,-0.002971,1.413342,-0.002971,-7.106927,0
2026-07-02 15:39:14.867267,4.304503,-7.112109,1.415299,-0.002971,1.413342,-0.002971,-7.112109,0
2026-07-02 15:39:14.867267,4.306907,-7.106927,1.415299,-0.002971,1.413342,-0.002971,-7.106927,0
2026-07-02 15:39:14.867267,4.309191,-7.112109,1.415299,-0.002971,1.418524,-0.002971,-7.112109,0
2026-07-02 15:39:14.877326,4.311606,-7.117290,1.415299,-0.002971,1.418524,-0.002971,-7.117290,0
2026-07-02 15:39:14.877326,4.314027,-7.117290,1.415299,-0.002971,1.413342,-0.002971,-7.117290,0
2026-07-02 15:39:14.877326,4.316551,-7.112109,1.415299,-0.008152,1.413342,-0.008152,-7.112109,0
2026-07-02 15:39:14.877326,4.318911,-7.106927,1.415299,-0.002971,1.418524,-0.002971,-7.106927,0
2026-07-02 15:39:14.887422,4.321356,-7.117290,1.415299,-0.002971,1.413342,-0.002971,-7.117290,0
2026-07-02 15:39:14.887422,4.323662,-7.112109,1.415299,-0.002971,1.418524,-0.002971,-7.112109,0
2026-07-02 15:39:14.887422,4.326144,-7.117290,1.415299,-0.002971,1.413342,-0.002971,-7.117290,0
2026-07-02 15:39:14.887422,4.329075,-7.117290,1.415299,-0.008152,1.418524,-0.008152,-7.117290,0
2026-07-02 15:39:14.897635,4.331515,-7.117290,1.415299,-0.002971,1.413342,-0.002971,-7.117290,0
2026-07-02 15:39:14.897635,4.334033,-7.117290,1.415299,-0.002971,1.413342,-0.002971,-7.117290,0
2026-07-02 15:39:14.897635,4.336473,-7.117290,1.415299,-0.002971,1.413342,-0.002971,-7.117290,0
2026-07-02 15:39:14.904264,4.338879,-7.112109,1.415299,-0.002971,1.413342,-0.002971,-7.112109,0
2026-07-02 15:39:14.904264,4.341308,-7.117290,1.415299,-0.002971,1.413342,-0.002971,-7.117290,0
2026-07-02 15:39:14.907818,4.343710,-7.117290,1.415299,-0.002971,1.413342,-0.002971,-7.117290,0
2026-07-02 15:39:14.907818,4.346275,-7.117290,1.415299,-0.002971,1.413342,-0.002971,-7.117290,0
2026-07-02 15:39:14.907818,4.348698,-7.122472,1.415299,-0.002971,1.413342,-0.002971,-7.122472,0
2026-07-02 15:39:14.907818,4.351034,-7.106927,1.415299,-0.002971,1.413342,-0.002971,-7.106927,0
2026-07-02 15:39:14.917896,4.353592,-7.112109,1.415299,-0.002971,1.418524,-0.002971,-7.112109,0
2026-07-02 15:39:14.917896,4.356602,-7.117290,1.415299,-0.002971,1.413342,-0.002971,-7.117290,0
2026-07-02 15:39:14.917896,4.358815,-7.112109,1.415299,-0.002971,1.418524,-0.002971,-7.112109,0
2026-07-02 15:39:14.917896,4.360998,-7.106927,1.415299,-0.002971,1.413342,-0.002971,-7.106927,0
2026-07-02 15:39:14.928044,4.363684,-7.117290,1.415299,-0.008152,1.413342,-0.008152,-7.117290,0
2026-07-02 15:39:14.928044,4.365938,-7.112109,1.415299,-0.008152,1.413342,-0.008152,-7.112109,0
2026-07-02 15:39:14.928044,4.368390,-7.117290,1.415299,-0.002971,1.413342,-0.002971,-7.117290,0
2026-07-02 15:39:14.938109,4.372487,-7.112109,1.415299,-0.002971,1.413342,-0.002971,-7.112109,0
2026-07-02 15:39:14.938109,4.374985,-7.106927,1.415299,-0.002971,1.413342,-0.002971,-7.106927,0
2026-07-02 15:39:14.938109,4.379326,-7.117290,1.415299,-0.002971,1.413342,-0.002971,-7.117290,0
2026-07-02 15:39:14.948195,4.381890,-7.112109,1.415299,-0.002971,1.418524,-0.002971,-7.112109,0
2026-07-02 15:39:14.951238,4.384835,-7.106927,1.415299,-0.002971,1.418524,-0.002971,-7.106927,0
2026-07-02 15:39:14.951238,4.387534,-7.117290,1.415299,-0.002971,1.413342,-0.002971,-7.117290,0
2026-07-02 15:39:14.955491,4.389923,-7.117290,1.415299,-0.002971,1.418524,-0.002971,-7.117290,0
2026-07-02 15:39:14.958330,4.392221,-7.112109,1.415299,-0.002971,1.413342,-0.002971,-7.112109,0
2026-07-02 15:39:14.958330,4.394479,-7.112109,1.415299,-0.002971,1.418524,-0.002971,-7.112109,0
2026-07-02 15:39:14.958330,4.397258,-7.112109,1.415299,-0.002971,1.413342,-0.002971,-7.112109,0
2026-07-02 15:39:14.965553,4.399641,-7.112109,1.415299,-0.002971,1.413342,-0.002971,-7.112109,0
2026-07-02 15:39:14.967562,4.401849,-7.117290,1.415299,-0.002971,1.413342,-0.002971,-7.117290,0
2026-07-02 15:39:14.968574,4.404095,-7.112109,1.415299,-0.002971,1.413342,-0.002971,-7.112109,0
2026-07-02 15:39:14.972594,4.406434,-7.117290,1.415299,-0.002971,1.413342,-0.002971,-7.117290,0
2026-07-02 15:39:14.974607,4.408732,-7.117290,1.415299,-0.002971,1.413342,-0.002971,-7.117290,0
2026-07-02 15:39:14.976619,4.410966,-7.112109,1.415299,-0.008152,1.413342,-0.008152,-7.112109,0
2026-07-02 15:39:14.978629,4.413261,-7.112109,1.415299,-0.002971,1.418524,-0.002971,-7.112109,0
2026-07-02 15:39:14.978629,4.415542,-7.112109,1.415299,-0.002971,1.418524,-0.002971,-7.112109,0
2026-07-02 15:39:14.983679,4.417891,-7.112109,1.415299,-0.002971,1.418524,-0.002971,-7.112109,0
2026-07-02 15:39:14.985693,4.420101,-7.117290,1.415299,-0.002971,1.413342,-0.002971,-7.117290,0
2026-07-02 15:39:14.988712,4.422328,-7.117290,1.415299,-0.002971,1.413342,-0.002971,-7.117290,0
2026-07-02 15:39:14.990728,4.424793,-7.112109,1.415299,-0.002971,1.413342,-0.002971,-7.112109,0
2026-07-02 15:39:14.992745,4.427433,-7.117290,1.415299,-0.002971,1.413342,-0.002971,-7.117290,0
2026-07-02 15:39:14.994764,4.429661,-7.117290,1.415299,-0.002971,1.418524,-0.002971,-7.117290,0
2026-07-02 15:39:14.996776,4.432070,-7.112109,1.415299,-0.002971,1.418524,-0.002971,-7.112109,0
2026-07-02 15:39:15.000652,4.434339,-7.117290,1.415299,-0.002971,1.418524,-0.002971,-7.117290,0
2026-07-02 15:39:15.002800,4.436894,-7.112109,1.415299,-0.008152,1.418524,-0.008152,-7.112109,0
2026-07-02 15:39:15.004812,4.439219,-7.117290,1.415299,-0.002971,1.413342,-0.002971,-7.117290,0
2026-07-02 15:39:15.007298,4.441521,-7.112109,1.415299,-0.002971,1.413342,-0.002971,-7.112109,0
2026-07-02 15:39:15.007298,4.443814,-7.112109,1.415299,-0.002971,1.413342,-0.002971,-7.112109,0
2026-07-02 15:39:15.007298,4.446186,-7.106927,1.415299,-0.002971,1.418524,-0.002971,-7.106927,0
2026-07-02 15:39:15.007298,4.448429,-7.106927,1.415299,-0.002971,1.413342,-0.002971,-7.106927,0
2026-07-02 15:39:15.015773,4.450646,-7.117290,1.415299,-0.002971,1.413342,-0.002971,-7.117290,0
2026-07-02 15:39:15.017325,4.453223,-7.117290,1.415299,-0.002971,1.413342,-0.002971,-7.117290,0
2026-07-02 15:39:15.021588,4.455525,-7.117290,1.415299,-0.002971,1.413342,-0.002971,-7.117290,0
2026-07-02 15:39:15.021588,4.457860,-7.112109,1.415299,-0.002971,1.413342,-0.002971,-7.112109,0
2026-07-02 15:39:15.026309,4.460257,-7.117290,1.415299,-0.002971,1.413342,-0.002971,-7.117290,0
2026-07-02 15:39:15.026309,4.462870,-7.117290,1.415299,-0.002971,1.413342,-0.002971,-7.117290,0
2026-07-02 15:39:15.031132,4.465161,-7.112109,1.415299,-0.002971,1.413342,-0.002971,-7.112109,0
2026-07-02 15:39:15.033142,4.467472,-7.117290,1.415299,-0.002971,1.413342,-0.002971,-7.117290,0
2026-07-02 15:39:15.035494,4.469760,-7.112109,1.415299,-0.002971,1.413342,-0.002971,-7.112109,0
2026-07-02 15:39:15.037501,4.472003,-7.117290,1.415299,-0.002971,1.413342,-0.002971,-7.117290,0
2026-07-02 15:39:15.039513,4.474284,-7.117290,1.415299,-0.008152,1.413342,-0.008152,-7.117290,0
2026-07-02 15:39:15.041523,4.476530,-7.117290,1.415299,-0.002971,1.413342,-0.002971,-7.117290,0
2026-07-02 15:39:15.045078,4.478839,-7.112109,1.415299,-0.002971,1.413342,-0.002971,-7.112109,0
2026-07-02 15:39:15.045078,4.481236,-7.112109,1.415299,-0.002971,1.413342,-0.002971,-7.112109,0
2026-07-02 15:39:15.045078,4.483516,-7.117290,1.415299,-0.002971,1.413342,-0.002971,-7.117290,0
2026-07-02 15:39:15.045078,4.485955,-7.117290,1.415299,-0.002971,1.413342,-0.002971,-7.117290,0
2026-07-02 15:39:15.052612,4.488246,-7.112109,1.415299,-0.002971,1.413342,-0.002971,-7.112109,0
2026-07-02 15:39:15.055159,4.490540,-7.117290,1.420479,-0.002971,1.413342,-0.002971,-7.117290,0
2026-07-02 15:39:15.059185,4.493138,-7.112109,1.415299,-0.002971,1.413342,-0.002971,-7.112109,0
2026-07-02 15:39:15.062210,4.495655,-7.117290,1.415299,-0.002971,1.418524,-0.002971,-7.117290,0
2026-07-02 15:39:15.062210,4.498178,-7.112109,1.415299,-0.002971,1.413342,-0.002971,-7.112109,0
2026-07-02 15:39:15.065252,4.500483,-7.117290,1.415299,-0.002971,1.413342,-0.002971,-7.117290,0
2026-07-02 15:39:15.067763,4.502744,-7.117290,1.415299,-0.002971,1.418524,-0.002971,-7.117290,0
2026-07-02 15:39:15.067763,4.505038,-7.117290,1.420479,-0.002971,1.418524,-0.002971,-7.117290,0
2026-07-02 15:39:15.067763,4.507369,-7.112109,1.415299,-0.002971,1.418524,-0.002971,-7.112109,0
2026-07-02 15:39:15.075759,4.509685,-7.117290,1.415299,-0.002971,1.413342,-0.002971,-7.117290,0
2026-07-02 15:39:15.077755,4.512402,-7.112109,1.415299,-0.002971,1.413342,-0.002971,-7.112109,0
2026-07-02 15:39:15.079771,4.514750,-7.112109,1.415299,-0.002971,1.413342,-0.002971,-7.112109,0
2026-07-02 15:39:15.081779,4.517177,-7.112109,1.415299,-0.002971,1.413342,-0.002971,-7.112109,0
2026-07-02 15:39:15.085813,4.519570,-7.112109,1.415299,-0.002971,1.413342,-0.002971,-7.112109,0
2026-07-02 15:39:15.087830,4.522017,-7.106927,1.415299,-0.002971,1.413342,-0.002971,-7.106927,0
2026-07-02 15:39:15.089848,4.524376,-7.106927,1.415299,-0.002971,1.413342,-0.002971,-7.106927,0
2026-07-02 15:39:15.092894,4.526709,-7.117290,1.415299,-0.002971,1.418524,-0.002971,-7.117290,0
2026-07-02 15:39:15.093413,4.529027,-7.117290,1.415299,-0.002971,1.413342,-0.002971,-7.117290,0
2026-07-02 15:39:15.096453,4.531351,-7.117290,1.415299,-0.002971,1.418524,-0.002971,-7.117290,0
2026-07-02 15:39:15.096453,4.533736,-7.106927,1.415299,-0.002971,1.413342,-0.002971,-7.106927,0
2026-07-02 15:39:15.100354,4.536026,-7.117290,1.415299,-0.002971,1.413342,-0.002971,-7.117290,0
2026-07-02 15:39:15.103387,4.538316,-7.106927,1.415299,-0.002971,1.413342,-0.002971,-7.106927,0
2026-07-02 15:39:15.105429,4.540630,-7.117290,1.415299,-0.002971,1.418524,-0.002971,-7.117290,0
2026-07-02 15:39:15.105429,4.542965,-7.117290,1.415299,-0.002971,1.413342,-0.002971,-7.117290,0
2026-07-02 15:39:15.105429,4.545353,-7.117290,1.415299,-0.002971,1.418524,-0.002971,-7.117290,0
2026-07-02 15:39:15.113737,4.547651,-7.106927,1.415299,-0.002971,1.413342,-0.002971,-7.106927,0
2026-07-02 15:39:15.115489,4.549919,-7.112109,1.415299,-0.002971,1.418524,-0.002971,-7.112109,0
2026-07-02 15:39:15.117498,4.552137,-7.112109,1.415299,-0.002971,1.413342,-0.002971,-7.112109,0
2026-07-02 15:39:15.119512,4.554387,-7.112109,1.415299,-0.002971,1.418524,-0.002971,-7.112109,0
2026-07-02 15:39:15.119512,4.556669,-7.117290,1.415299,-0.002971,1.413342,-0.002971,-7.117290,0
2026-07-02 15:39:15.119512,4.558894,-7.117290,1.415299,-0.002971,1.413342,-0.002971,-7.117290,0
2026-07-02 15:39:15.126888,4.561105,-7.112109,1.415299,-0.002971,1.418524,-0.002971,-7.112109,0
2026-07-02 15:39:15.128010,4.563500,-7.122472,1.415299,0.002211,1.413342,0.002211,-7.122472,0
2026-07-02 15:39:15.132024,4.565777,-7.117290,1.415299,-0.002971,1.413342,-0.002971,-7.117290,0
2026-07-02 15:39:15.132024,4.568063,-7.117290,1.415299,-0.002971,1.413342,-0.002971,-7.117290,0
2026-07-02 15:39:15.136563,4.570593,-7.106927,1.415299,-0.002971,1.413342,-0.002971,-7.106927,0
2026-07-02 15:39:15.138585,4.572896,-7.117290,1.415299,-0.002971,1.413342,-0.002971,-7.117290,0
2026-07-02 15:39:15.140596,4.575157,-7.106927,1.415299,-0.002971,1.413342,-0.002971,-7.106927,0
2026-07-02 15:39:15.142600,4.577509,-7.117290,1.415299,-0.002971,1.413342,-0.002971,-7.117290,0
2026-07-02 15:39:15.144608,4.579769,-7.106927,1.415299,-0.008152,1.413342,-0.008152,-7.106927,0
2026-07-02 15:39:15.148371,4.582104,-7.122472,1.415299,-0.002971,1.413342,-0.002971,-7.122472,0
2026-07-02 15:39:15.150387,4.584374,-7.112109,1.415299,-0.002971,1.413342,-0.002971,-7.112109,0
2026-07-02 15:39:15.151395,4.586645,-7.106927,1.415299,-0.002971,1.418524,-0.002971,-7.106927,0
2026-07-02 15:39:15.153402,4.589169,-7.112109,1.415299,-0.002971,1.418524,-0.002971,-7.112109,0
2026-07-02 15:39:15.156413,4.591508,-7.106927,1.415299,-0.002971,1.413342,-0.002971,-7.106927,0
2026-07-02 15:39:15.156413,4.593831,-7.117290,1.415299,-0.002971,1.418524,-0.002971,-7.117290,0
2026-07-02 15:39:15.156413,4.596179,-7.117290,1.415299,-0.002971,1.413342,-0.002971,-7.117290,0
2026-07-02 15:39:15.156413,4.598481,-7.112109,1.415299,-0.002971,1.418524,-0.002971,-7.112109,0
2026-07-02 15:39:15.166891,4.600866,-7.122472,1.415299,-0.002971,1.413342,-0.002971,-7.122472,0
2026-07-02 15:39:15.168404,4.603304,-7.106927,1.415299,-0.002971,1.418524,-0.002971,-7.106927,0
2026-07-02 15:39:15.170414,4.605633,-7.112109,1.415299,-0.002971,1.413342,-0.002971,-7.112109,0
2026-07-02 15:39:15.172422,4.607911,-7.117290,1.415299,-0.002971,1.413342,-0.002971,-7.117290,0
2026-07-02 15:39:15.176434,4.610182,-7.106927,1.415299,-0.002971,1.413342,-0.002971,-7.106927,0
2026-07-02 15:39:15.178443,4.612559,-7.106927,1.415299,-0.008152,1.418524,-0.008152,-7.106927,0
2026-07-02 15:39:15.180452,4.614918,-7.112109,1.415299,-0.002971,1.413342,-0.002971,-7.112109,0
2026-07-02 15:39:15.182461,4.617192,-7.117290,1.415299,-0.002971,1.413342,-0.002971,-7.117290,0
2026-07-02 15:39:15.184471,4.619456,-7.117290,1.415299,-0.002971,1.413342,-0.002971,-7.117290,0
2026-07-02 15:39:15.187298,4.621810,-7.112109,1.420479,-0.002971,1.413342,-0.002971,-7.112109,0
2026-07-02 15:39:15.189305,4.624368,-7.106927,1.415299,-0.002971,1.413342,-0.002971,-7.106927,0
2026-07-02 15:39:15.192825,4.626619,-7.112109,1.415299,-0.002971,1.413342,-0.002971,-7.112109,0
2026-07-02 15:39:15.194877,4.628966,-7.117290,1.415299,-0.002971,1.418524,-0.002971,-7.117290,0
2026-07-02 15:39:15.196631,4.631312,-7.106927,1.415299,-0.008152,1.413342,-0.008152,-7.106927,0
2026-07-02 15:39:15.198644,4.633782,-7.106927,1.415299,-0.002971,1.418524,-0.002971,-7.106927,0
2026-07-02 15:39:15.200652,4.636064,-7.106927,1.415299,-0.002971,1.418524,-0.002971,-7.106927,0
2026-07-02 15:39:15.202657,4.638345,-7.112109,1.415299,-0.002971,1.413342,-0.002971,-7.112109,0
2026-07-02 15:39:15.206167,4.640543,-7.112109,1.415299,-0.002971,1.418524,-0.002971,-7.112109,0
2026-07-02 15:39:15.208176,4.642815,-7.112109,1.415299,-0.002971,1.413342,-0.002971,-7.112109,0
2026-07-02 15:39:15.210180,4.645679,-7.117290,1.415299,-0.002971,1.413342,-0.002971,-7.117290,0
2026-07-02 15:39:15.212182,4.647909,-7.112109,1.415299,-0.002971,1.413342,-0.002971,-7.112109,0
2026-07-02 15:39:15.216194,4.650102,-7.117290,1.415299,-0.008152,1.413342,-0.008152,-7.117290,0
2026-07-02 15:39:15.218707,4.652610,-7.112109,1.415299,-0.002971,1.418524,-0.002971,-7.112109,0
2026-07-02 15:39:15.220713,4.654837,-7.112109,1.415299,-0.008152,1.418524,-0.008152,-7.112109,0
2026-07-02 15:39:15.222716,4.657082,-7.112109,1.415299,-0.008152,1.418524,-0.008152,-7.112109,0
2026-07-02 15:39:15.222716,4.659309,-7.112109,1.415299,-0.002971,1.413342,-0.002971,-7.112109,0
2026-07-02 15:39:15.226364,4.661778,-7.122472,1.415299,-0.002971,1.413342,-0.002971,-7.122472,0
2026-07-02 15:39:15.230376,4.664108,-7.106927,1.415299,-0.002971,1.418524,-0.002971,-7.106927,0
2026-07-02 15:39:15.232382,4.666324,-7.112109,1.420479,-0.002971,1.413342,-0.002971,-7.112109,0
2026-07-02 15:39:15.235406,4.668599,-7.117290,1.415299,-0.002971,1.413342,-0.002971,-7.117290,0
2026-07-02 15:39:15.236922,4.671402,-7.106927,1.415299,-0.002971,1.413342,-0.002971,-7.106927,0
2026-07-02 15:39:15.239881,4.673680,-7.112109,1.415299,-0.002971,1.413342,-0.002971,-7.112109,0
2026-07-02 15:39:15.241892,4.676008,-7.112109,1.415299,-0.002971,1.418524,-0.002971,-7.112109,0
2026-07-02 15:39:15.243901,4.678296,-7.117290,1.415299,-0.002971,1.418524,-0.002971,-7.117290,0
2026-07-02 15:39:15.246804,4.680672,-7.117290,1.415299,0.002211,1.418524,0.002211,-7.117290,0
2026-07-02 15:39:15.246804,4.683091,-7.117290,1.415299,-0.002971,1.413342,-0.002971,-7.117290,0
2026-07-02 15:39:15.246804,4.685439,-7.117290,1.415299,-0.002971,1.418524,-0.002971,-7.117290,0
2026-07-02 15:39:15.246804,4.687824,-7.117290,1.415299,-0.002971,1.413342,-0.002971,-7.117290,0
2026-07-02 15:39:15.246804,4.690162,-7.117290,1.415299,-0.002971,1.418524,-0.002971,-7.117290,0
2026-07-02 15:39:15.256918,4.692474,-7.106927,1.415299,-0.002971,1.413342,-0.002971,-7.106927,0
2026-07-02 15:39:15.256918,4.694878,-7.117290,1.415299,-0.002971,1.418524,-0.002971,-7.117290,0
2026-07-02 15:39:15.256918,4.697317,-7.117290,1.415299,-0.002971,1.418524,-0.002971,-7.117290,0
2026-07-02 15:39:15.256918,4.699740,-7.106927,1.415299,-0.002971,1.413342,-0.002971,-7.106927,0
2026-07-02 15:39:15.268071,4.702107,-7.112109,1.415299,-0.002971,1.418524,-0.002971,-7.112109,0
2026-07-02 15:39:15.268071,4.704378,-7.122472,1.415299,0.002211,1.413342,0.002211,-7.122472,0
2026-07-02 15:39:15.268071,4.706672,-7.117290,1.415299,-0.002971,1.413342,-0.002971,-7.117290,0
2026-07-02 15:39:15.268071,4.709003,-7.117290,1.415299,-0.002971,1.418524,-0.002971,-7.117290,0
2026-07-02 15:39:15.277100,4.711329,-7.117290,1.415299,0.002211,1.413342,0.002211,-7.117290,0
2026-07-02 15:39:15.277100,4.713562,-7.117290,1.415299,-0.002971,1.413342,-0.002971,-7.117290,0
2026-07-02 15:39:15.277100,4.715917,-7.112109,1.415299,-0.002971,1.413342,-0.002971,-7.112109,0
2026-07-02 15:39:15.283049,4.718197,-7.117290,1.415299,-0.002971,1.418524,-0.002971,-7.117290,0
2026-07-02 15:39:15.285057,4.720484,-7.106927,1.415299,-0.002971,1.413342,-0.002971,-7.106927,0
2026-07-02 15:39:15.289066,4.722773,-7.106927,1.415299,-0.002971,1.418524,-0.002971,-7.106927,0
2026-07-02 15:39:15.291079,4.725022,-7.117290,1.415299,-0.002971,1.418524,-0.002971,-7.117290,0
2026-07-02 15:39:15.293088,4.727315,-7.117290,1.415299,-0.002971,1.413342,-0.002971,-7.117290,0
2026-07-02 15:39:15.295100,4.729534,-7.112109,1.415299,-0.002971,1.418524,-0.002971,-7.112109,0
2026-07-02 15:39:15.297109,4.731927,-7.117290,1.415299,-0.002971,1.413342,-0.002971,-7.117290,0
2026-07-02 15:39:15.299118,4.734198,-7.117290,1.415299,-0.002971,1.413342,-0.002971,-7.117290,0
2026-07-02 15:39:15.301124,4.736620,-7.112109,1.415299,-0.002971,1.413342,-0.002971,-7.112109,0
2026-07-02 15:39:15.305139,4.738923,-7.117290,1.415299,-0.002971,1.413342,-0.002971,-7.117290,0
2026-07-02 15:39:15.306643,4.741130,-7.106927,1.415299,-0.002971,1.413342,-0.002971,-7.106927,0
2026-07-02 15:39:15.308651,4.743391,-7.117290,1.415299,-0.002971,1.413342,-0.002971,-7.117290,0
2026-07-02 15:39:15.310665,4.745696,-7.112109,1.415299,-0.002971,1.413342,-0.002971,-7.112109,0
2026-07-02 15:39:15.312676,4.748035,-7.122472,1.415299,-0.002971,1.413342,-0.002971,-7.122472,0
2026-07-02 15:39:15.314690,4.750349,-7.117290,1.415299,-0.002971,1.413342,-0.002971,-7.117290,0
2026-07-02 15:39:15.318709,4.752734,-7.112109,1.415299,-0.008152,1.413342,-0.008152,-7.112109,0
2026-07-02 15:39:15.320716,4.755076,-7.117290,1.415299,-0.002971,1.413342,-0.002971,-7.117290,0
2026-07-02 15:39:15.322727,4.757322,-7.117290,1.415299,-0.002971,1.413342,-0.002971,-7.117290,0
2026-07-02 15:39:15.324741,4.759608,-7.112109,1.415299,-0.002971,1.413342,-0.002971,-7.112109,0
2026-07-02 15:39:15.326751,4.761835,-7.117290,1.415299,-0.002971,1.418524,-0.002971,-7.117290,0
2026-07-02 15:39:15.328757,4.764080,-7.112109,1.415299,-0.002971,1.413342,-0.002971,-7.112109,0
2026-07-02 15:39:15.333072,4.766655,-7.106927,1.415299,-0.002971,1.413342,-0.002971,-7.106927,0
2026-07-02 15:39:15.334521,4.769156,-7.117290,1.415299,-0.002971,1.413342,-0.002971,-7.117290,0
2026-07-02 15:39:15.336859,4.771562,-7.112109,1.415299,-0.002971,1.413342,-0.002971,-7.112109,0
2026-07-02 15:39:15.338874,4.773847,-7.117290,1.415299,-0.002971,1.418524,-0.002971,-7.117290,0
2026-07-02 15:39:15.340882,4.776107,-7.117290,1.415299,-0.002971,1.413342,-0.002971,-7.117290,0
2026-07-02 15:39:15.342890,4.778542,-7.117290,1.415299,-0.002971,1.413342,-0.002971,-7.117290,0
2026-07-02 15:39:15.346904,4.780821,-7.112109,1.415299,-0.008152,1.413342,-0.008152,-7.112109,0
2026-07-02 15:39:15.348913,4.783149,-7.117290,1.415299,-0.002971,1.418524,-0.002971,-7.117290,0
2026-07-02 15:39:15.350921,4.785445,-7.117290,1.415299,-0.002971,1.413342,-0.002971,-7.117290,0
2026-07-02 15:39:15.352932,4.787691,-7.117290,1.415299,-0.002971,1.413342,-0.002971,-7.117290,0
2026-07-02 15:39:15.354947,4.789997,-7.117290,1.415299,-0.002971,1.413342,-0.002971,-7.117290,0
2026-07-02 15:39:15.356990,4.792320,-7.112109,1.415299,-0.002971,1.418524,-0.002971,-7.112109,0
2026-07-02 15:39:15.358997,4.794576,-7.106927,1.415299,-0.002971,1.418524,-0.002971,-7.106927,0
2026-07-02 15:39:15.362724,4.796951,-7.117290,1.415299,-0.002971,1.413342,-0.002971,-7.117290,0
2026-07-02 15:39:15.364735,4.799233,-7.106927,1.415299,-0.002971,1.413342,-0.002971,-7.106927,0
2026-07-02 15:39:15.366743,4.801530,-7.112109,1.415299,-0.002971,1.413342,-0.002971,-7.112109,0
2026-07-02 15:39:15.369236,4.803858,-7.112109,1.415299,-0.002971,1.418524,-0.002971,-7.112109,0
2026-07-02 15:39:15.372407,4.806424,-7.112109,1.415299,-0.002971,1.413342,-0.002971,-7.112109,0
2026-07-02 15:39:15.374421,4.808662,-7.117290,1.415299,-0.008152,1.413342,-0.008152,-7.117290,0
2026-07-02 15:39:15.376429,4.811184,-7.117290,1.415299,-0.002971,1.413342,-0.002971,-7.117290,0
2026-07-02 15:39:15.378444,4.813695,-7.112109,1.415299,-0.002971,1.413342,-0.002971,-7.112109,0
2026-07-02 15:39:15.378444,4.816044,-7.117290,1.415299,-0.008152,1.413342,-0.008152,-7.117290,0
2026-07-02 15:39:15.378444,4.818259,-7.122472,1.415299,-0.002971,1.413342,-0.002971,-7.122472,0
2026-07-02 15:39:15.386590,4.820553,-7.117290,1.415299,-0.002971,1.418524,-0.002971,-7.117290,0
2026-07-02 15:39:15.388605,4.822875,-7.112109,1.415299,-0.002971,1.413342,-0.002971,-7.112109,0
2026-07-02 15:39:15.391119,4.825198,-7.112109,1.415299,-0.002971,1.413342,-0.002971,-7.112109,0
2026-07-02 15:39:15.393265,4.827401,-7.112109,1.415299,-0.002971,1.413342,-0.002971,-7.112109,0
2026-07-02 15:39:15.395279,4.829680,-7.117290,1.415299,-0.002971,1.413342,-0.002971,-7.117290,0
2026-07-02 15:39:15.397032,4.831905,-7.112109,1.415299,-0.002971,1.413342,-0.002971,-7.112109,0
2026-07-02 15:39:15.399056,4.834134,-7.117290,1.415299,-0.002971,1.413342,-0.002971,-7.117290,0
2026-07-02 15:39:15.401064,4.836444,-7.112109,1.415299,-0.002971,1.413342,-0.002971,-7.112109,0
2026-07-02 15:39:15.405101,4.838881,-7.117290,1.415299,-0.002971,1.413342,-0.002971,-7.117290,0
2026-07-02 15:39:15.407115,4.841599,-7.112109,1.415299,-0.002971,1.413342,-0.002971,-7.112109,0
2026-07-02 15:39:15.410261,4.843943,-7.117290,1.415299,-0.002971,1.413342,-0.002971,-7.117290,0
2026-07-02 15:39:15.412274,4.846346,-7.117290,1.415299,-0.002971,1.418524,-0.002971,-7.117290,0
2026-07-02 15:39:15.414285,4.848754,-7.122472,1.415299,-0.002971,1.413342,-0.002971,-7.122472,0
2026-07-02 15:39:15.417307,4.851144,-7.106927,1.415299,-0.002971,1.413342,-0.002971,-7.106927,0
2026-07-02 15:39:15.417307,4.853483,-7.117290,1.415299,-0.002971,1.413342,-0.002971,-7.117290,0
2026-07-02 15:39:15.421892,4.855936,-7.117290,1.415299,-0.002971,1.413342,-0.002971,-7.117290,0
2026-07-02 15:39:15.421892,4.858306,-7.106927,1.415299,-0.002971,1.418524,-0.002971,-7.106927,0
2026-07-02 15:39:15.425694,4.860825,-7.112109,1.415299,-0.002971,1.413342,-0.002971,-7.112109,0
2026-07-02 15:39:15.427432,4.863310,-7.112109,1.415299,-0.002971,1.413342,-0.002971,-7.112109,0
2026-07-02 15:39:15.427432,4.865850,-7.112109,1.415299,-0.002971,1.418524,-0.002971,-7.112109,0
2026-07-02 15:39:15.427432,4.868296,-7.106927,1.415299,-0.008152,1.418524,-0.008152,-7.106927,0
2026-07-02 15:39:15.427432,4.870680,-7.117290,1.415299,-0.002971,1.413342,-0.002971,-7.117290,0
2026-07-02 15:39:15.437675,4.873130,-7.117290,1.415299,-0.002971,1.418524,-0.002971,-7.117290,0
2026-07-02 15:39:15.437675,4.875546,-7.112109,1.415299,-0.008152,1.413342,-0.008152,-7.112109,0
2026-07-02 15:39:15.443658,4.877919,-7.106927,1.415299,-0.002971,1.413342,-0.002971,-7.106927,0
2026-07-02 15:39:15.445674,4.880343,-7.112109,1.415299,-0.002971,1.418524,-0.002971,-7.112109,0
2026-07-02 15:39:15.447687,4.882764,-7.117290,1.415299,-0.002971,1.413342,-0.002971,-7.117290,0
2026-07-02 15:39:15.449696,4.885117,-7.112109,1.415299,-0.002971,1.413342,-0.002971,-7.112109,0
2026-07-02 15:39:15.453717,4.887474,-7.112109,1.415299,-0.008152,1.413342,-0.008152,-7.112109,0
2026-07-02 15:39:15.455732,4.889834,-7.117290,1.415299,-0.002971,1.413342,-0.002971,-7.117290,0
2026-07-02 15:39:15.457746,4.892075,-7.106927,1.415299,-0.002971,1.413342,-0.002971,-7.106927,0
2026-07-02 15:39:15.459261,4.894250,-7.112109,1.415299,-0.002971,1.413342,-0.002971,-7.112109,0
2026-07-02 15:39:15.459261,4.896578,-7.117290,1.415299,-0.002971,1.413342,-0.002971,-7.117290,0
2026-07-02 15:39:15.459261,4.898968,-7.117290,1.415299,-0.008152,1.418524,-0.008152,-7.117290,0
2026-07-02 15:39:15.459261,4.901303,-7.117290,1.415299,-0.002971,1.418524,-0.002971,-7.117290,0
2026-07-02 15:39:15.468132,4.903467,-7.117290,1.415299,-0.002971,1.413342,-0.002971,-7.117290,0
2026-07-02 15:39:15.470218,4.905693,-7.117290,1.415299,-0.002971,1.413342,-0.002971,-7.117290,0
2026-07-02 15:39:15.472225,4.907985,-7.117290,1.415299,-0.002971,1.413342,-0.002971,-7.117290,0
2026-07-02 15:39:15.476252,4.910170,-7.106927,1.415299,-0.002971,1.418524,-0.002971,-7.106927,0
2026-07-02 15:39:15.478259,4.912413,-7.106927,1.420479,-0.002971,1.413342,-0.002971,-7.106927,0
2026-07-02 15:39:15.480266,4.914805,-7.117290,1.415299,-0.002971,1.413342,-0.002971,-7.117290,0
2026-07-02 15:39:15.482279,4.917024,-7.112109,1.415299,-0.002971,1.413342,-0.002971,-7.112109,0
2026-07-02 15:39:15.484288,4.919268,-7.122472,1.415299,0.002211,1.413342,0.002211,-7.122472,0
2026-07-02 15:39:15.486295,4.921465,-7.117290,1.415299,-0.002971,1.418524,-0.002971,-7.117290,0
2026-07-02 15:39:15.489710,4.923742,-7.112109,1.415299,-0.002971,1.418524,-0.002971,-7.112109,0
2026-07-02 15:39:15.492354,4.926185,-7.112109,1.415299,-0.002971,1.413342,-0.002971,-7.112109,0
2026-07-02 15:39:15.493139,4.928730,-7.117290,1.415299,-0.002971,1.418524,-0.002971,-7.117290,0
2026-07-02 15:39:15.497391,4.930997,-7.106927,1.415299,-0.002971,1.418524,-0.002971,-7.106927,0
2026-07-02 15:39:15.498527,4.933514,-7.117290,1.415299,-0.002971,1.413342,-0.002971,-7.117290,0
2026-07-02 15:39:15.498527,4.935776,-7.117290,1.415299,-0.002971,1.413342,-0.002971,-7.117290,0
2026-07-02 15:39:15.503797,4.937988,-7.117290,1.415299,-0.002971,1.418524,-0.002971,-7.117290,0
2026-07-02 15:39:15.505147,4.940183,-7.112109,1.415299,-0.002971,1.413342,-0.002971,-7.112109,0
2026-07-02 15:39:15.508225,4.942373,-7.112109,1.415299,-0.002971,1.413342,-0.002971,-7.112109,0
2026-07-02 15:39:15.510875,4.944698,-7.117290,1.415299,-0.002971,1.418524,-0.002971,-7.117290,0
2026-07-02 15:39:15.512823,4.946934,-7.106927,1.415299,-0.002971,1.418524,-0.002971,-7.106927,0
2026-07-02 15:39:15.512823,4.949271,-7.122472,1.415299,-0.002971,1.418524,-0.002971,-7.122472,0
2026-07-02 15:39:15.518143,4.951614,-7.106927,1.415299,-0.002971,1.418524,-0.002971,-7.106927,0
2026-07-02 15:39:15.518143,4.954285,-7.112109,1.415299,-0.002971,1.418524,-0.002971,-7.112109,0
2026-07-02 15:39:15.518143,4.956722,-7.117290,1.415299,-0.008152,1.413342,-0.008152,-7.117290,0
2026-07-02 15:39:15.518143,4.959120,-7.112109,1.415299,-0.002971,1.413342,-0.002971,-7.112109,0
2026-07-02 15:39:15.518143,4.961522,-7.117290,1.415299,-0.002971,1.413342,-0.002971,-7.117290,0
2026-07-02 15:39:15.529620,4.964005,-7.117290,1.415299,-0.002971,1.413342,-0.002971,-7.117290,0
2026-07-02 15:39:15.530731,4.966358,-7.117290,1.420479,-0.002971,1.413342,-0.002971,-7.117290,0
2026-07-02 15:39:15.534085,4.968556,-7.117290,1.415299,-0.002971,1.413342,-0.002971,-7.117290,0
2026-07-02 15:39:15.536611,4.970761,-7.117290,1.415299,0.002211,1.413342,0.002211,-7.117290,0
2026-07-02 15:39:15.536611,4.973008,-7.117290,1.415299,-0.002971,1.413342,-0.002971,-7.117290,0
2026-07-02 15:39:15.536611,4.975469,-7.106927,1.415299,-0.002971,1.413342,-0.002971,-7.106927,0
2026-07-02 15:39:15.543350,4.977893,-7.112109,1.415299,-0.002971,1.413342,-0.002971,-7.112109,0
2026-07-02 15:39:15.547085,4.981994,-7.117290,1.415299,-0.002971,1.413342,-0.002971,-7.117290,0
2026-07-02 15:39:15.547085,4.984486,-7.112109,1.415299,-0.002971,1.418524,-0.002971,-7.112109,0
2026-07-02 15:39:15.547085,4.987327,-7.112109,1.415299,-0.002971,1.413342,-0.002971,-7.112109,0
2026-07-02 15:39:15.547085,4.989753,-7.112109,1.415299,-0.002971,1.413342,-0.002971,-7.112109,0
2026-07-02 15:39:15.557109,4.992254,-7.117290,1.415299,-0.002971,1.413342,-0.002971,-7.117290,0
2026-07-02 15:39:15.557109,4.994504,-7.106927,1.415299,-0.002971,1.413342,-0.002971,-7.106927,0
2026-07-02 15:39:15.557109,4.997184,-7.106927,1.415299,-0.002971,1.413342,-0.002971,-7.106927,0
2026-07-02 15:39:15.557109,4.999599,-7.122472,1.415299,-0.002971,1.413342,-0.002971,-7.122472,0
