horodatage,temps_s,AIN0,AIN1,AIN2,AIN3,courant,position,trigger
2026-07-02 15:44:45.682674,0.000000,-0.261955,1.415299,-0.002971,1.413342,-0.002971,-0.261955,0
2026-07-02 15:44:45.686209,0.007125,-0.256773,1.415299,-0.002971,1.413342,-0.002971,-0.256773,0
2026-07-02 15:44:45.689147,0.009651,-0.251592,1.415299,-0.002971,1.413342,-0.002971,-0.251592,0
2026-07-02 15:44:45.691715,0.012335,-0.261955,1.415299,-0.002971,1.413342,-0.002971,-0.261955,0
2026-07-02 15:44:45.694345,0.014920,-0.261955,1.415299,-0.002971,1.418524,-0.002971,-0.261955,0
2026-07-02 15:44:45.696913,0.017390,-0.261955,1.415299,-0.002971,1.413342,-0.002971,-0.261955,0
2026-07-02 15:44:45.697720,0.019605,-0.261955,1.415299,-0.002971,1.418524,-0.002971,-0.261955,0
2026-07-02 15:44:45.702299,0.022798,-0.261955,1.415299,-0.002971,1.413342,-0.002971,-0.261955,0
2026-07-02 15:44:45.704837,0.025284,-0.251592,1.415299,-0.002971,1.413342,-0.002971,-0.251592,0
2026-07-02 15:44:45.706610,0.027734,-0.256773,1.415299,-0.002971,1.413342,-0.002971,-0.256773,0
2026-07-02 15:44:45.708939,0.030201,-0.256773,1.415299,-0.002971,1.413342,-0.002971,-0.256773,0
2026-07-02 15:44:45.710489,0.032736,-0.256773,1.415299,-0.002971,1.413342,-0.002971,-0.256773,0
2026-07-02 15:44:45.713268,0.035305,-0.267137,1.415299,-0.002971,1.418524,-0.002971,-0.267137,0
2026-07-02 15:44:45.716908,0.037670,-0.261955,1.415299,-0.002971,1.413342,-0.002971,-0.261955,0
2026-07-02 15:44:45.716908,0.040023,-0.261955,1.415299,-0.008152,1.418524,-0.008152,-0.261955,0
2026-07-02 15:44:45.721531,0.042473,-0.251592,1.415299,-0.002971,1.413342,-0.002971,-0.251592,0
2026-07-02 15:44:45.723545,0.044780,-0.261955,1.415299,-0.002971,1.418524,-0.002971,-0.261955,0
2026-07-02 15:44:45.723545,0.047084,-0.261955,1.420479,-0.008152,1.413342,-0.008152,-0.261955,0
2026-07-02 15:44:45.729553,0.049527,-0.261955,1.415299,-0.008152,1.418524,-0.008152,-0.261955,0
2026-07-02 15:44:45.729553,0.052164,-0.256773,1.415299,-0.002971,1.413342,-0.002971,-0.256773,0
2026-07-02 15:44:45.732867,0.054667,-0.251592,1.415299,-0.002971,1.418524,-0.002971,-0.251592,0
2026-07-02 15:44:45.735062,0.057070,-0.261955,1.415299,-0.002971,1.418524,-0.002971,-0.261955,0
2026-07-02 15:44:45.739085,0.059345,-0.261955,1.415299,-0.002971,1.418524,-0.002971,-0.261955,0
2026-07-02 15:44:45.739085,0.061541,-0.261955,1.415299,-0.002971,1.413342,-0.002971,-0.261955,0
2026-07-02 15:44:45.743679,0.063851,-0.261955,1.415299,-0.002971,1.413342,-0.002971,-0.261955,0
2026-07-02 15:44:45.745691,0.066478,-0.261955,1.415299,-0.002971,1.418524,-0.002971,-0.261955,0
2026-07-02 15:44:45.747704,0.068844,-0.261955,1.415299,-0.002971,1.418524,-0.002971,-0.261955,0
2026-07-02 15:44:45.749457,0.071120,-0.261955,1.415299,-0.002971,1.413342,-0.002971,-0.261955,0
2026-07-02 15:44:45.749457,0.073445,-0.256773,1.415299,-0.002971,1.413342,-0.002971,-0.256773,0
2026-07-02 15:44:45.755885,0.075950,-0.251592,1.415299,-0.002971,1.413342,-0.002971,-0.251592,0
2026-07-02 15:44:45.755885,0.078365,-0.261955,1.415299,-0.002971,1.413342,-0.002971,-0.261955,0
2026-07-02 15:44:45.760199,0.080729,-0.261955,1.415299,-0.002971,1.413342,-0.002971,-0.261955,0
2026-07-02 15:44:45.762213,0.083059,-0.261955,1.415299,-0.002971,1.413342,-0.002971,-0.261955,0
2026-07-02 15:44:45.764792,0.085426,-0.251592,1.415299,-0.002971,1.418524,-0.002971,-0.251592,0
2026-07-02 15:44:45.766801,0.087765,-0.251592,1.415299,-0.002971,1.413342,-0.002971,-0.251592,0
2026-07-02 15:44:45.769653,0.090022,-0.261955,1.410120,-0.002971,1.413342,-0.002971,-0.261955,0
2026-07-02 15:44:45.770368,0.092373,-0.267137,1.415299,-0.002971,1.413342,-0.002971,-0.267137,0
2026-07-02 15:44:45.770368,0.094719,-0.261955,1.415299,-0.002971,1.418524,-0.002971,-0.261955,0
2026-07-02 15:44:45.776219,0.097079,-0.261955,1.415299,-0.008152,1.413342,-0.008152,-0.261955,0
2026-07-02 15:44:45.776219,0.099488,-0.256773,1.415299,-0.002971,1.413342,-0.002971,-0.256773,0
2026-07-02 15:44:45.779927,0.101756,-0.261955,1.415299,-0.002971,1.413342,-0.002971,-0.261955,0
2026-07-02 15:44:45.779927,0.104158,-0.261955,1.415299,-0.002971,1.413342,-0.002971,-0.261955,0
2026-07-02 15:44:45.779927,0.106543,-0.261955,1.415299,-0.002971,1.413342,-0.002971,-0.261955,0
2026-07-02 15:44:45.788110,0.108913,-0.251592,1.415299,-0.002971,1.413342,-0.002971,-0.251592,0
2026-07-02 15:44:45.790126,0.111249,-0.261955,1.415299,-0.002971,1.413342,-0.002971,-0.261955,0
2026-07-02 15:44:45.792139,0.113539,-0.251592,1.415299,-0.002971,1.413342,-0.002971,-0.251592,0
2026-07-02 15:44:45.792139,0.115902,-0.261955,1.415299,-0.002971,1.418524,-0.002971,-0.261955,0
2026-07-02 15:44:45.792139,0.118242,-0.267137,1.415299,-0.002971,1.418524,-0.002971,-0.267137,0
2026-07-02 15:44:45.800451,0.120625,-0.256773,1.415299,-0.002971,1.413342,-0.002971,-0.256773,0
2026-07-02 15:44:45.801195,0.122956,-0.261955,1.415299,-0.002971,1.413342,-0.002971,-0.261955,0
2026-07-02 15:44:45.803207,0.125235,-0.261955,1.415299,-0.002971,1.413342,-0.002971,-0.261955,0
2026-07-02 15:44:45.807230,0.127690,-0.261955,1.415299,-0.002971,1.413342,-0.002971,-0.261955,0
2026-07-02 15:44:45.809741,0.129987,-0.261955,1.415299,-0.002971,1.418524,-0.002971,-0.261955,0
2026-07-02 15:44:45.810775,0.132339,-0.256773,1.415299,-0.002971,1.418524,-0.002971,-0.256773,0
2026-07-02 15:44:45.810775,0.134672,-0.261955,1.415299,-0.002971,1.418524,-0.002971,-0.261955,0
2026-07-02 15:44:45.810775,0.137022,-0.261955,1.415299,-0.002971,1.418524,-0.002971,-0.261955,0
2026-07-02 15:44:45.810775,0.139351,-0.251592,1.415299,-0.008152,1.413342,-0.008152,-0.251592,0
2026-07-02 15:44:45.820808,0.141755,-0.261955,1.415299,-0.002971,1.418524,-0.002971,-0.261955,0
2026-07-02 15:44:45.822826,0.144188,-0.267137,1.415299,-0.002971,1.413342,-0.002971,-0.267137,0
2026-07-02 15:44:45.824840,0.146657,-0.261955,1.415299,-0.002971,1.413342,-0.002971,-0.261955,0
2026-07-02 15:44:45.826853,0.149120,-0.261955,1.415299,-0.008152,1.418524,-0.008152,-0.261955,0
2026-07-02 15:44:45.830929,0.151617,-0.267137,1.415299,-0.002971,1.418524,-0.002971,-0.267137,0
2026-07-02 15:44:45.830929,0.154028,-0.261955,1.415299,-0.002971,1.418524,-0.002971,-0.261955,0
2026-07-02 15:44:45.830929,0.156403,-0.261955,1.415299,-0.002971,1.418524,-0.002971,-0.261955,0
2026-07-02 15:44:45.837260,0.158832,-0.261955,1.415299,-0.008152,1.413342,-0.008152,-0.261955,0
2026-07-02 15:44:45.841027,0.161237,-0.261955,1.415299,0.002211,1.413342,0.002211,-0.261955,0
2026-07-02 15:44:45.841027,0.163635,-0.261955,1.415299,-0.002971,1.418524,-0.002971,-0.261955,0
2026-07-02 15:44:45.841027,0.166059,-0.256773,1.415299,-0.002971,1.413342,-0.002971,-0.256773,0
2026-07-02 15:44:45.846335,0.168403,-0.261955,1.415299,-0.002971,1.413342,-0.002971,-0.261955,0
2026-07-02 15:44:45.850357,0.170803,-0.261955,1.415299,-0.002971,1.418524,-0.002971,-0.261955,0
2026-07-02 15:44:45.852533,0.173150,-0.261955,1.415299,-0.002971,1.418524,-0.002971,-0.261955,0
2026-07-02 15:44:45.852533,0.175477,-0.256773,1.415299,-0.002971,1.413342,-0.002971,-0.256773,0
2026-07-02 15:44:45.852533,0.177744,-0.256773,1.415299,-0.002971,1.413342,-0.002971,-0.256773,0
2026-07-02 15:44:45.852533,0.180026,-0.261955,1.415299,-0.008152,1.413342,-0.008152,-0.261955,0
2026-07-02 15:44:45.871775,0.182476,-0.261955,1.415299,-0.002971,1.413342,-0.002971,-0.261955,0
2026-07-02 15:44:45.873786,0.194719,-0.256773,1.415299,-0.002971,1.418524,-0.002971,-0.256773,0
2026-07-02 15:44:45.873786,0.197167,-0.261955,1.415299,-0.002971,1.413342,-0.002971,-0.261955,0
2026-07-02 15:44:45.873786,0.199866,-0.261955,1.420479,-0.008152,1.413342,-0.008152,-0.261955,0
2026-07-02 15:44:45.881951,0.202444,-0.251592,1.415299,-0.002971,1.413342,-0.002971,-0.251592,0
2026-07-02 15:44:45.884377,0.204782,-0.261955,1.415299,-0.002971,1.413342,-0.002971,-0.261955,0
2026-07-02 15:44:45.885273,0.207310,-0.261955,1.415299,-0.002971,1.418524,-0.002971,-0.261955,0
2026-07-02 15:44:45.888184,0.209661,-0.256773,1.415299,-0.002971,1.413342,-0.002971,-0.256773,0
2026-07-02 15:44:45.888184,0.212209,-0.251592,1.415299,-0.002971,1.413342,-0.002971,-0.251592,0
2026-07-02 15:44:45.892832,0.214553,-0.261955,1.415299,-0.002971,1.418524,-0.002971,-0.261955,0
2026-07-02 15:44:45.895655,0.217322,-0.261955,1.415299,-0.002971,1.413342,-0.002971,-0.261955,0
2026-07-02 15:44:45.898232,0.219747,-0.261955,1.415299,-0.002971,1.413342,-0.002971,-0.261955,0
2026-07-02 15:44:45.901962,0.222253,-0.261955,1.415299,-0.002971,1.413342,-0.002971,-0.261955,0
2026-07-02 15:44:45.904057,0.224791,-0.261955,1.415299,-0.002971,1.418524,-0.002971,-0.261955,0
2026-07-02 15:44:45.904057,0.227270,-0.261955,1.415299,-0.008152,1.418524,-0.008152,-0.261955,0
2026-07-02 15:44:45.904057,0.229798,-0.256773,1.415299,-0.002971,1.413342,-0.002971,-0.256773,0
2026-07-02 15:44:45.912316,0.232289,-0.261955,1.415299,-0.002971,1.413342,-0.002971,-0.261955,0
2026-07-02 15:44:45.912955,0.234934,-0.256773,1.415299,-0.002971,1.413342,-0.002971,-0.256773,0
2026-07-02 15:44:45.917118,0.237328,-0.267137,1.415299,-0.008152,1.418524,-0.008152,-0.267137,0
2026-07-02 15:44:45.918245,0.239788,-0.256773,1.415299,-0.002971,1.413342,-0.002971,-0.256773,0
2026-07-02 15:44:45.921806,0.242216,-0.267137,1.415299,-0.002971,1.413342,-0.002971,-0.267137,0
2026-07-02 15:44:45.923396,0.244651,-0.261955,1.415299,-0.002971,1.413342,-0.002971,-0.261955,0
2026-07-02 15:44:45.923396,0.247154,-0.261955,1.415299,-0.002971,1.413342,-0.002971,-0.261955,0
2026-07-02 15:44:45.929434,0.249689,-0.256773,1.415299,-0.002971,1.413342,-0.002971,-0.256773,0
2026-07-02 15:44:45.929434,0.252093,-0.256773,1.415299,-0.002971,1.413342,-0.002971,-0.256773,0
2026-07-02 15:44:45.933085,0.254412,-0.261955,1.415299,-0.002971,1.413342,-0.002971,-0.261955,0
2026-07-02 15:44:45.936316,0.256798,-0.261955,1.415299,-0.002971,1.418524,-0.002971,-0.261955,0
2026-07-02 15:44:45.936316,0.259191,-0.256773,1.415299,-0.002971,1.418524,-0.002971,-0.256773,0
2026-07-02 15:44:45.936316,0.261491,-0.261955,1.415299,-0.002971,1.413342,-0.002971,-0.261955,0
2026-07-02 15:44:45.943185,0.263762,-0.261955,1.415299,-0.002971,1.418524,-0.002971,-0.261955,0
2026-07-02 15:44:45.945202,0.266067,-0.267137,1.415299,-0.002971,1.413342,-0.002971,-0.267137,0
2026-07-02 15:44:45.947215,0.268434,-0.261955,1.415299,-0.002971,1.418524,-0.002971,-0.261955,0
2026-07-02 15:44:45.949227,0.270747,-0.261955,1.415299,-0.002971,1.413342,-0.002971,-0.261955,0
2026-07-02 15:44:45.949227,0.273002,-0.256773,1.415299,-0.002971,1.413342,-0.002971,-0.256773,0
2026-07-02 15:44:45.953539,0.275434,-0.261955,1.415299,0.002211,1.413342,0.002211,-0.261955,0
2026-07-02 15:44:45.957569,0.277811,-0.256773,1.415299,-0.002971,1.418524,-0.002971,-0.256773,0
2026-07-02 15:44:45.959585,0.280232,-0.256773,1.415299,-0.002971,1.413342,-0.002971,-0.256773,0
2026-07-02 15:44:45.961598,0.282644,-0.261955,1.415299,-0.008152,1.418524,-0.008152,-0.261955,0
2026-07-02 15:44:45.963609,0.285021,-0.261955,1.415299,-0.002971,1.413342,-0.002971,-0.261955,0
2026-07-02 15:44:45.967493,0.287453,-0.267137,1.415299,-0.002971,1.413342,-0.002971,-0.267137,0
2026-07-02 15:44:45.969739,0.290228,-0.261955,1.415299,-0.002971,1.418524,-0.002971,-0.261955,0
2026-07-02 15:44:45.969739,0.292499,-0.256773,1.415299,-0.002971,1.413342,-0.002971,-0.256773,0
2026-07-02 15:44:45.975789,0.295708,-0.267137,1.415299,-0.002971,1.413342,-0.002971,-0.267137,0
2026-07-02 15:44:45.977803,0.298315,-0.261955,1.415299,-0.002971,1.413342,-0.002971,-0.261955,0
2026-07-02 15:44:45.979816,0.300710,-0.261955,1.415299,-0.002971,1.413342,-0.002971,-0.261955,0
2026-07-02 15:44:45.979816,0.303120,-0.261955,1.415299,-0.002971,1.418524,-0.002971,-0.261955,0
2026-07-02 15:44:45.984567,0.305426,-0.256773,1.415299,-0.002971,1.413342,-0.002971,-0.256773,0
2026-07-02 15:44:45.984567,0.307820,-0.261955,1.415299,-0.002971,1.413342,-0.002971,-0.261955,0
2026-07-02 15:44:45.984567,0.310103,-0.261955,1.415299,-0.008152,1.413342,-0.008152,-0.261955,0
2026-07-02 15:44:45.984567,0.312565,-0.256773,1.415299,-0.002971,1.418524,-0.002971,-0.256773,0
2026-07-02 15:44:45.994406,0.314935,-0.261955,1.415299,-0.002971,1.413342,-0.002971,-0.261955,0
2026-07-02 15:44:45.995611,0.317199,-0.261955,1.415299,-0.008152,1.418524,-0.008152,-0.261955,0
2026-07-02 15:44:45.995611,0.319669,-0.256773,1.415299,-0.002971,1.413342,-0.002971,-0.256773,0
2026-07-02 15:44:45.995611,0.322066,-0.251592,1.415299,-0.002971,1.413342,-0.002971,-0.251592,0
2026-07-02 15:44:45.995611,0.324579,-0.261955,1.415299,-0.002971,1.413342,-0.002971,-0.261955,0
2026-07-02 15:44:46.009289,0.327036,-0.256773,1.415299,-0.002971,1.413342,-0.002971,-0.256773,0
2026-07-02 15:44:46.011364,0.332135,-0.261955,1.415299,-0.002971,1.413342,-0.002971,-0.261955,0
2026-07-02 15:44:46.018913,0.334428,-0.256773,1.415299,-0.002971,1.418524,-0.002971,-0.256773,0
2026-07-02 15:44:46.020919,0.341918,-0.261955,1.415299,-0.002971,1.413342,-0.002971,-0.261955,0
2026-07-02 15:44:46.022926,0.344185,-0.261955,1.415299,-0.008152,1.413342,-0.008152,-0.261955,0
2026-07-02 15:44:46.026058,0.346533,-0.256773,1.415299,-0.002971,1.418524,-0.002971,-0.256773,0
2026-07-02 15:44:46.027625,0.348888,-0.256773,1.415299,-0.002971,1.413342,-0.002971,-0.256773,0
2026-07-02 15:44:46.029638,0.351305,-0.261955,1.415299,-0.002971,1.413342,-0.002971,-0.261955,0
2026-07-02 15:44:46.033661,0.353738,-0.261955,1.415299,-0.002971,1.413342,-0.002971,-0.261955,0
2026-07-02 15:44:46.035669,0.356622,-0.261955,1.415299,-0.002971,1.413342,-0.002971,-0.261955,0
2026-07-02 15:44:46.035669,0.358948,-0.261955,1.415299,-0.002971,1.418524,-0.002971,-0.261955,0
2026-07-02 15:44:46.035669,0.361288,-0.261955,1.415299,-0.002971,1.418524,-0.002971,-0.261955,0
2026-07-02 15:44:46.035669,0.363661,-0.256773,1.415299,-0.002971,1.418524,-0.002971,-0.256773,0
2026-07-02 15:44:46.045764,0.366032,-0.261955,1.415299,-0.002971,1.413342,-0.002971,-0.261955,0
2026-07-02 15:44:46.048187,0.368383,-0.261955,1.415299,-0.002971,1.413342,-0.002971,-0.261955,0
2026-07-02 15:44:46.048187,0.370688,-0.261955,1.415299,-0.002971,1.413342,-0.002971,-0.261955,0
2026-07-02 15:44:46.048187,0.373005,-0.261955,1.415299,-0.002971,1.413342,-0.002971,-0.261955,0
2026-07-02 15:44:46.053977,0.375411,-0.261955,1.415299,-0.002971,1.418524,-0.002971,-0.261955,0
2026-07-02 15:44:46.055992,0.377896,-0.267137,1.415299,-0.002971,1.413342,-0.002971,-0.267137,0
2026-07-02 15:44:46.055992,0.380446,-0.251592,1.415299,-0.002971,1.413342,-0.002971,-0.251592,0
2026-07-02 15:44:46.055992,0.382938,-0.261955,1.415299,-0.002971,1.418524,-0.002971,-0.261955,0
2026-07-02 15:44:46.055992,0.385444,-0.261955,1.415299,-0.002971,1.418524,-0.002971,-0.261955,0
2026-07-02 15:44:46.067138,0.387945,-0.261955,1.415299,-0.002971,1.418524,-0.002971,-0.261955,0
2026-07-02 15:44:46.069153,0.390301,-0.261955,1.415299,-0.002971,1.418524,-0.002971,-0.261955,0
2026-07-02 15:44:46.071163,0.392730,-0.256773,1.415299,-0.002971,1.413342,-0.002971,-0.256773,0
2026-07-02 15:44:46.073173,0.395184,-0.261955,1.415299,-0.002971,1.413342,-0.002971,-0.261955,0
2026-07-02 15:44:46.076939,0.397430,-0.261955,1.415299,-0.002971,1.413342,-0.002971,-0.261955,0
2026-07-02 15:44:46.078197,0.399684,-0.261955,1.415299,-0.008152,1.413342,-0.008152,-0.261955,0
2026-07-02 15:44:46.081596,0.402087,-0.256773,1.415299,-0.002971,1.413342,-0.002971,-0.256773,0
2026-07-02 15:44:46.083612,0.404449,-0.256773,1.415299,-0.002971,1.413342,-0.002971,-0.256773,0
2026-07-02 15:44:46.086215,0.407038,-0.261955,1.415299,-0.002971,1.413342,-0.002971,-0.261955,0
2026-07-02 15:44:46.087871,0.409275,-0.261955,1.415299,-0.002971,1.413342,-0.002971,-0.261955,0
2026-07-02 15:44:46.091461,0.411656,-0.261955,1.415299,-0.008152,1.413342,-0.008152,-0.261955,0
2026-07-02 15:44:46.091461,0.414253,-0.261955,1.415299,-0.002971,1.413342,-0.002971,-0.261955,0
2026-07-02 15:44:46.091461,0.416755,-0.261955,1.415299,-0.002971,1.418524,-0.002971,-0.261955,0
2026-07-02 15:44:46.097265,0.419254,-0.256773,1.415299,-0.002971,1.413342,-0.002971,-0.256773,0
2026-07-02 15:44:46.101298,0.421642,-0.261955,1.415299,-0.002971,1.413342,-0.002971,-0.261955,0
2026-07-02 15:44:46.103828,0.424089,-0.261955,1.415299,-0.002971,1.413342,-0.002971,-0.261955,0
2026-07-02 15:44:46.106399,0.426559,-0.261955,1.415299,-0.002971,1.413342,-0.002971,-0.261955,0
2026-07-02 15:44:46.107412,0.429261,-0.256773,1.415299,-0.002971,1.413342,-0.002971,-0.256773,0
2026-07-02 15:44:46.111480,0.431718,-0.261955,1.415299,-0.002971,1.418524,-0.002971,-0.261955,0
2026-07-02 15:44:46.113490,0.434156,-0.261955,1.415299,-0.002971,1.413342,-0.002971,-0.261955,0
2026-07-02 15:44:46.113490,0.436483,-0.261955,1.415299,-0.002971,1.418524,-0.002971,-0.261955,0
2026-07-02 15:44:46.117467,0.438975,-0.251592,1.415299,-0.002971,1.413342,-0.002971,-0.251592,0
2026-07-02 15:44:46.119480,0.441391,-0.256773,1.415299,-0.002971,1.413342,-0.002971,-0.256773,0
2026-07-02 15:44:46.121492,0.443793,-0.261955,1.415299,-0.002971,1.413342,-0.002971,-0.261955,0
2026-07-02 15:44:46.121492,0.446297,-0.261955,1.415299,-0.002971,1.418524,-0.002971,-0.261955,0
2026-07-02 15:44:46.128637,0.448830,-0.251592,1.415299,-0.002971,1.413342,-0.002971,-0.251592,0
2026-07-02 15:44:46.128637,0.451212,-0.256773,1.415299,-0.002971,1.413342,-0.002971,-0.256773,0
2026-07-02 15:44:46.133220,0.453653,-0.261955,1.415299,-0.002971,1.418524,-0.002971,-0.261955,0
2026-07-02 15:44:46.133220,0.456091,-0.261955,1.415299,-0.002971,1.418524,-0.002971,-0.261955,0
2026-07-02 15:44:46.138124,0.458623,-0.267137,1.415299,-0.002971,1.418524,-0.002971,-0.267137,0
2026-07-02 15:44:46.140741,0.461085,-0.256773,1.415299,-0.002971,1.413342,-0.002971,-0.256773,0
2026-07-02 15:44:46.143363,0.463513,-0.261955,1.415299,-0.002971,1.418524,-0.002971,-0.261955,0
2026-07-02 15:44:46.143363,0.466074,-0.261955,1.415299,-0.002971,1.413342,-0.002971,-0.261955,0
2026-07-02 15:44:46.147081,0.468519,-0.261955,1.415299,-0.002971,1.413342,-0.002971,-0.261955,0
2026-07-02 15:44:46.148592,0.470970,-0.256773,1.415299,-0.002971,1.418524,-0.002971,-0.256773,0
2026-07-02 15:44:46.152084,0.473264,-0.261955,1.415299,-0.008152,1.418524,-0.008152,-0.261955,0
2026-07-02 15:44:46.155066,0.475561,-0.261955,1.415299,-0.002971,1.413342,-0.002971,-0.261955,0
2026-07-02 15:44:46.157345,0.477842,-0.261955,1.415299,0.002211,1.413342,0.002211,-0.261955,0
2026-07-02 15:44:46.159082,0.480123,-0.261955,1.415299,-0.002971,1.413342,-0.002971,-0.261955,0
2026-07-02 15:44:46.160551,0.482581,-0.261955,1.415299,-0.002971,1.413342,-0.002971,-0.261955,0
2026-07-02 15:44:46.163282,0.484912,-0.261955,1.415299,-0.002971,1.418524,-0.002971,-0.261955,0
2026-07-02 15:44:46.165859,0.487225,-0.267137,1.415299,-0.002971,1.418524,-0.002971,-0.267137,0
2026-07-02 15:44:46.169655,0.490312,-0.267137,1.415299,-0.002971,1.418524,-0.002971,-0.267137,0
2026-07-02 15:44:46.169655,0.492618,-0.261955,1.415299,-0.002971,1.413342,-0.002971,-0.261955,0
2026-07-02 15:44:46.169655,0.495154,-0.261955,1.415299,-0.002971,1.413342,-0.002971,-0.261955,0
2026-07-02 15:44:46.176382,0.497566,-0.261955,1.415299,-0.002971,1.413342,-0.002971,-0.261955,0
2026-07-02 15:44:46.178390,0.499993,-0.261955,1.415299,-0.002971,1.413342,-0.002971,-0.261955,0
2026-07-02 15:44:46.181562,0.502338,-0.261955,1.415299,-0.002971,1.413342,-0.002971,-0.261955,0
2026-07-02 15:44:46.184328,0.504652,-0.261955,1.415299,-0.002971,1.413342,-0.002971,-0.261955,0
2026-07-02 15:44:46.186093,0.506993,-0.256773,1.415299,-0.002971,1.413342,-0.002971,-0.256773,0
2026-07-02 15:44:46.188407,0.509257,-0.267137,1.415299,-0.002971,1.413342,-0.002971,-0.267137,0
2026-07-02 15:44:46.190420,0.511676,-0.261955,1.415299,-0.002971,1.413342,-0.002971,-0.261955,0
2026-07-02 15:44:46.190420,0.514132,-0.261955,1.415299,-0.002971,1.418524,-0.002971,-0.261955,0
2026-07-02 15:44:46.196260,0.516551,-0.256773,1.415299,-0.002971,1.418524,-0.002971,-0.256773,0
2026-07-02 15:44:46.198568,0.519006,-0.261955,1.415299,-0.002971,1.413342,-0.002971,-0.261955,0
2026-07-02 15:44:46.198568,0.521386,-0.256773,1.415299,-0.008152,1.413342,-0.008152,-0.256773,0
2026-07-02 15:44:46.201583,0.523778,-0.251592,1.415299,-0.002971,1.413342,-0.002971,-0.251592,0
2026-07-02 15:44:46.205731,0.526236,-0.261955,1.415299,-0.002971,1.413342,-0.002971,-0.261955,0
2026-07-02 15:44:46.207379,0.528593,-0.261955,1.415299,-0.002971,1.418524,-0.002971,-0.261955,0
2026-07-02 15:44:46.210902,0.531542,-0.261955,1.415299,-0.002971,1.413342,-0.002971,-0.261955,0
2026-07-02 15:44:46.212981,0.533896,-0.261955,1.415299,-0.002971,1.418524,-0.002971,-0.261955,0
2026-07-02 15:44:46.212981,0.536233,-0.267137,1.415299,-0.002971,1.418524,-0.002971,-0.267137,0
2026-07-02 15:44:46.217215,0.538713,-0.251592,1.415299,-0.002971,1.413342,-0.002971,-0.251592,0
2026-07-02 15:44:46.220511,0.541013,-0.251592,1.415299,-0.002971,1.413342,-0.002971,-0.251592,0
2026-07-02 15:44:46.220511,0.543338,-0.256773,1.415299,-0.002971,1.418524,-0.002971,-0.256773,0
2026-07-02 15:44:46.223792,0.545590,-0.261955,1.415299,-0.002971,1.418524,-0.002971,-0.261955,0
2026-07-02 15:44:46.227353,0.548071,-0.261955,1.415299,-0.002971,1.418524,-0.002971,-0.261955,0
2026-07-02 15:44:46.227353,0.550522,-0.261955,1.415299,-0.002971,1.413342,-0.002971,-0.261955,0
2026-07-02 15:44:46.232467,0.552969,-0.251592,1.415299,-0.002971,1.413342,-0.002971,-0.251592,0
2026-07-02 15:44:46.234483,0.555316,-0.261955,1.415299,-0.002971,1.418524,-0.002971,-0.261955,0
2026-07-02 15:44:46.236498,0.557673,-0.261955,1.415299,-0.002971,1.418524,-0.002971,-0.261955,0
2026-07-02 15:44:46.242288,0.559946,-0.267137,1.415299,-0.002971,1.413342,-0.002971,-0.267137,0
2026-07-02 15:44:46.242288,0.564968,-0.256773,1.415299,-0.002971,1.413342,-0.002971,-0.256773,0
2026-07-02 15:44:46.242288,0.567279,-0.256773,1.415299,-0.002971,1.418524,-0.002971,-0.256773,0
2026-07-02 15:44:46.247634,0.569703,-0.261955,1.415299,-0.002971,1.418524,-0.002971,-0.261955,0
2026-07-02 15:44:46.251556,0.572081,-0.261955,1.415299,-0.008152,1.413342,-0.008152,-0.261955,0
2026-07-02 15:44:46.253569,0.574414,-0.256773,1.415299,-0.002971,1.413342,-0.002971,-0.256773,0
2026-07-02 15:44:46.255578,0.576776,-0.261955,1.415299,-0.002971,1.418524,-0.002971,-0.261955,0
2026-07-02 15:44:46.257591,0.579071,-0.256773,1.415299,-0.002971,1.418524,-0.002971,-0.256773,0
2026-07-02 15:44:46.257591,0.581392,-0.256773,1.415299,-0.002971,1.418524,-0.002971,-0.256773,0
2026-07-02 15:44:46.257591,0.583812,-0.267137,1.415299,-0.002971,1.413342,-0.002971,-0.267137,0
2026-07-02 15:44:46.257591,0.586217,-0.261955,1.415299,0.002211,1.413342,0.002211,-0.261955,0
2026-07-02 15:44:46.280602,0.588608,-0.256773,1.415299,-0.008152,1.413342,-0.008152,-0.256773,0
2026-07-02 15:44:46.302860,0.607263,-0.261955,1.415299,-0.002971,1.413342,-0.002971,-0.261955,0
2026-07-02 15:44:46.308492,0.628467,-0.256773,1.415299,-0.002971,1.413342,-0.002971,-0.256773,0
2026-07-02 15:44:46.312809,0.632823,-0.261955,1.415299,-0.002971,1.413342,-0.002971,-0.261955,0
2026-07-02 15:44:46.319505,0.637825,-0.261955,1.415299,-0.002971,1.418524,-0.002971,-0.261955,0
2026-07-02 15:44:46.341779,0.642231,-0.251592,1.415299,-0.002971,1.413342,-0.002971,-0.251592,0
2026-07-02 15:44:46.353790,0.664669,-0.256773,1.415299,-0.002971,1.418524,-0.002971,-0.256773,0
2026-07-02 15:44:46.357802,0.678352,-0.256773,1.415299,-0.002971,1.418524,-0.002971,-0.256773,0
2026-07-02 15:44:46.360937,0.681115,-0.256773,1.415299,-0.002971,1.413342,-0.002971,-0.256773,0
2026-07-02 15:44:46.363090,0.683541,-0.261955,1.415299,-0.002971,1.413342,-0.002971,-0.261955,0
2026-07-02 15:44:46.365104,0.685976,-0.261955,1.415299,-0.002971,1.418524,-0.002971,-0.261955,0
2026-07-02 15:44:46.367525,0.688346,-0.261955,1.415299,-0.002971,1.413342,-0.002971,-0.261955,0
2026-07-02 15:44:46.370540,0.690663,-0.261955,1.415299,-0.002971,1.418524,-0.002971,-0.261955,0
2026-07-02 15:44:46.371437,0.693060,-0.251592,1.415299,-0.002971,1.413342,-0.002971,-0.251592,0
2026-07-02 15:44:46.373447,0.695402,-0.261955,1.415299,-0.002971,1.418524,-0.002971,-0.261955,0
2026-07-02 15:44:46.376513,0.697670,-0.267137,1.415299,-0.002971,1.413342,-0.002971,-0.267137,0
2026-07-02 15:44:46.378667,0.699990,-0.261955,1.415299,-0.002971,1.413342,-0.002971,-0.261955,0
2026-07-02 15:44:46.380679,0.702374,-0.267137,1.415299,-0.002971,1.418524,-0.002971,-0.267137,0
2026-07-02 15:44:46.384074,0.704729,-0.256773,1.415299,-0.002971,1.413342,-0.002971,-0.256773,0
2026-07-02 15:44:46.385881,0.707366,-0.256773,1.415299,-0.002971,1.418524,-0.002971,-0.256773,0
2026-07-02 15:44:46.387896,0.709792,-0.256773,1.415299,-0.002971,1.413342,-0.002971,-0.256773,0
2026-07-02 15:44:46.391837,0.712170,-0.261955,1.415299,-0.002971,1.418524,-0.002971,-0.261955,0
2026-07-02 15:44:46.393294,0.714622,-0.261955,1.415299,-0.008152,1.413342,-0.008152,-0.261955,0
2026-07-02 15:44:46.395304,0.717040,-0.251592,1.415299,-0.002971,1.413342,-0.002971,-0.251592,0
2026-07-02 15:44:46.399324,0.719481,-0.261955,1.415299,-0.002971,1.413342,-0.002971,-0.261955,0
2026-07-02 15:44:46.401130,0.721807,-0.261955,1.415299,-0.002971,1.418524,-0.002971,-0.261955,0
2026-07-02 15:44:46.402965,0.724190,-0.261955,1.415299,-0.008152,1.413342,-0.008152,-0.261955,0
2026-07-02 15:44:46.406449,0.726632,-0.251592,1.415299,-0.002971,1.413342,-0.002971,-0.251592,0
2026-07-02 15:44:46.409004,0.728968,-0.261955,1.415299,-0.002971,1.413342,-0.002971,-0.261955,0
2026-07-02 15:44:46.411332,0.731551,-0.256773,1.415299,-0.002971,1.418524,-0.002971,-0.256773,0
2026-07-02 15:44:46.413251,0.733875,-0.256773,1.415299,-0.002971,1.413342,-0.002971,-0.256773,0
2026-07-02 15:44:46.415265,0.736088,-0.261955,1.415299,-0.002971,1.413342,-0.002971,-0.261955,0
2026-07-02 15:44:46.420933,0.738319,-0.261955,1.415299,-0.002971,1.413342,-0.002971,-0.261955,0
2026-07-02 15:44:46.424299,0.743515,-0.267137,1.415299,-0.002971,1.418524,-0.002971,-0.267137,0
2026-07-02 15:44:46.428671,0.748738,-0.261955,1.415299,-0.002971,1.413342,-0.002971,-0.261955,0
2026-07-02 15:44:46.431481,0.751169,-0.261955,1.415299,-0.002971,1.418524,-0.002971,-0.261955,0
2026-07-02 15:44:46.438709,0.753965,-0.261955,1.415299,-0.008152,1.418524,-0.008152,-0.261955,0
2026-07-02 15:44:46.442250,0.761756,-0.261955,1.415299,-0.002971,1.418524,-0.002971,-0.261955,0
2026-07-02 15:44:46.444582,0.765332,-0.261955,1.415299,-0.008152,1.413342,-0.008152,-0.261955,0
2026-07-02 15:44:46.447418,0.767596,-0.256773,1.415299,-0.002971,1.413342,-0.002971,-0.256773,0
2026-07-02 15:44:46.450103,0.770048,-0.261955,1.415299,-0.002971,1.418524,-0.002971,-0.261955,0
2026-07-02 15:44:46.452292,0.772697,-0.261955,1.415299,-0.002971,1.413342,-0.002971,-0.261955,0
2026-07-02 15:44:46.454307,0.775757,-0.261955,1.415299,-0.002971,1.418524,-0.002971,-0.261955,0
2026-07-02 15:44:46.459998,0.778054,-0.261955,1.415299,0.002211,1.413342,0.002211,-0.261955,0
2026-07-02 15:44:46.460857,0.782853,-0.261955,1.415299,-0.008152,1.418524,-0.008152,-0.261955,0
2026-07-02 15:44:46.464886,0.785126,-0.256773,1.415299,-0.002971,1.413342,-0.002971,-0.256773,0
2026-07-02 15:44:46.466873,0.787338,-0.251592,1.415299,-0.002971,1.418524,-0.002971,-0.251592,0
2026-07-02 15:44:46.468872,0.789596,-0.251592,1.415299,-0.008152,1.413342,-0.008152,-0.251592,0
2026-07-02 15:44:46.470884,0.792352,-0.261955,1.415299,-0.002971,1.413342,-0.002971,-0.261955,0
2026-07-02 15:44:46.475828,0.794600,-0.267137,1.415299,-0.002971,1.413342,-0.002971,-0.267137,0
2026-07-02 15:44:46.478095,0.798718,-0.261955,1.415299,-0.002971,1.413342,-0.002971,-0.261955,0
2026-07-02 15:44:46.479171,0.800967,-0.261955,1.415299,-0.002971,1.418524,-0.002971,-0.261955,0
2026-07-02 15:44:46.481185,0.803200,-0.256773,1.415299,-0.002971,1.413342,-0.002971,-0.256773,0
2026-07-02 15:44:46.490346,0.805532,-0.256773,1.415299,-0.002971,1.413342,-0.002971,-0.256773,0
2026-07-02 15:44:46.494390,0.813107,-0.261955,1.415299,-0.002971,1.413342,-0.002971,-0.261955,0
2026-07-02 15:44:46.505261,0.817556,-0.261955,1.415299,-0.002971,1.413342,-0.002971,-0.261955,0
2026-07-02 15:44:46.512202,0.827750,-0.256773,1.415299,-0.002971,1.413342,-0.002971,-0.256773,0
2026-07-02 15:44:46.525552,0.842751,-0.261955,1.415299,-0.002971,1.418524,-0.002971,-0.261955,0
2026-07-02 15:44:46.527353,0.848965,-0.256773,1.415299,-0.002971,1.413342,-0.002971,-0.256773,0
2026-07-02 15:44:46.529366,0.851213,-0.261955,1.415299,-0.002971,1.413342,-0.002971,-0.261955,0
2026-07-02 15:44:46.533322,0.853480,-0.261955,1.415299,-0.002971,1.413342,-0.002971,-0.261955,0
2026-07-02 15:44:46.538075,0.856366,-0.256773,1.415299,-0.002971,1.413342,-0.002971,-0.256773,0
2026-07-02 15:44:46.540590,0.860950,-0.256773,1.415299,-0.002971,1.413342,-0.002971,-0.256773,0
2026-07-02 15:44:46.542727,0.863205,-0.261955,1.415299,-0.008152,1.413342,-0.008152,-0.261955,0
2026-07-02 15:44:46.543852,0.865507,-0.261955,1.415299,-0.008152,1.413342,-0.008152,-0.261955,0
2026-07-02 15:44:46.545863,0.867771,-0.261955,1.415299,-0.002971,1.413342,-0.002971,-0.261955,0
2026-07-02 15:44:46.548850,0.869964,-0.256773,1.415299,-0.002971,1.413342,-0.002971,-0.256773,0
2026-07-02 15:44:46.551536,0.872408,-0.261955,1.415299,-0.002971,1.418524,-0.002971,-0.261955,0
2026-07-02 15:44:46.553544,0.874803,-0.261955,1.415299,-0.002971,1.413342,-0.002971,-0.261955,0
2026-07-02 15:44:46.559698,0.877016,-0.261955,1.415299,-0.002971,1.413342,-0.002971,-0.261955,0
2026-07-02 15:44:46.561712,0.882701,-0.261955,1.415299,-0.002971,1.418524,-0.002971,-0.261955,0
2026-07-02 15:44:46.564741,0.884969,-0.261955,1.415299,-0.008152,1.418524,-0.008152,-0.261955,0
2026-07-02 15:44:46.566450,0.887224,-0.261955,1.415299,-0.002971,1.413342,-0.002971,-0.261955,0
2026-07-02 15:44:46.568589,0.889607,-0.261955,1.415299,-0.002971,1.413342,-0.002971,-0.261955,0
2026-07-02 15:44:46.570801,0.891879,-0.256773,1.415299,-0.002971,1.413342,-0.002971,-0.256773,0
2026-07-02 15:44:46.572846,0.894120,-0.261955,1.415299,-0.002971,1.418524,-0.002971,-0.261955,0
2026-07-02 15:44:46.575985,0.896346,-0.261955,1.415299,-0.002971,1.418524,-0.002971,-0.261955,0
2026-07-02 15:44:46.578058,0.898609,-0.256773,1.415299,-0.002971,1.413342,-0.002971,-0.256773,0
2026-07-02 15:44:46.592337,0.901282,-0.261955,1.415299,-0.002971,1.413342,-0.002971,-0.261955,0
2026-07-02 15:44:46.594868,0.916130,-0.261955,1.415299,-0.002971,1.413342,-0.002971,-0.261955,0
2026-07-02 15:44:46.601188,0.921111,-0.261955,1.415299,-0.002971,1.413342,-0.002971,-0.261955,0
2026-07-02 15:44:46.603196,0.924357,-0.261955,1.415299,-0.002971,1.418524,-0.002971,-0.261955,0
2026-07-02 15:44:46.605203,0.926692,-0.261955,1.415299,-0.008152,1.413342,-0.008152,-0.261955,0
2026-07-02 15:44:46.607209,0.928896,-0.261955,1.415299,-0.002971,1.413342,-0.002971,-0.261955,0
2026-07-02 15:44:46.609891,0.931119,-0.261955,1.415299,-0.002971,1.413342,-0.002971,-0.261955,0
2026-07-02 15:44:46.611898,0.933322,-0.256773,1.415299,-0.002971,1.418524,-0.002971,-0.256773,0
2026-07-02 15:44:46.614423,0.935623,-0.256773,1.415299,-0.002971,1.413342,-0.002971,-0.256773,0
2026-07-02 15:44:46.616455,0.937902,-0.261955,1.415299,-0.002971,1.413342,-0.002971,-0.261955,0
2026-07-02 15:44:46.619468,0.940127,-0.261955,1.415299,-0.008152,1.418524,-0.008152,-0.261955,0
2026-07-02 15:44:46.622076,0.942364,-0.261955,1.415299,-0.002971,1.413342,-0.002971,-0.261955,0
2026-07-02 15:44:46.622586,0.944570,-0.261955,1.415299,-0.002971,1.413342,-0.002971,-0.261955,0
2026-07-02 15:44:46.624618,0.946795,-0.261955,1.415299,-0.002971,1.413342,-0.002971,-0.261955,0
2026-07-02 15:44:46.628184,0.949064,-0.261955,1.415299,-0.002971,1.413342,-0.002971,-0.261955,0
2026-07-02 15:44:46.629939,0.951275,-0.261955,1.415299,-0.002971,1.418524,-0.002971,-0.261955,0
2026-07-02 15:44:46.631950,0.953548,-0.261955,1.415299,-0.002971,1.418524,-0.002971,-0.261955,0
2026-07-02 15:44:46.634465,0.955807,-0.261955,1.415299,-0.002971,1.413342,-0.002971,-0.261955,0
2026-07-02 15:44:46.636478,0.958137,-0.256773,1.415299,-0.002971,1.413342,-0.002971,-0.256773,0
2026-07-02 15:44:46.638489,0.960341,-0.261955,1.415299,-0.002971,1.418524,-0.002971,-0.261955,0
2026-07-02 15:44:46.642255,0.962505,-0.261955,1.415299,-0.002971,1.418524,-0.002971,-0.261955,0
2026-07-02 15:44:46.643195,0.964821,-0.261955,1.415299,-0.002971,1.413342,-0.002971,-0.261955,0
2026-07-02 15:44:46.645206,0.967088,-0.256773,1.415299,-0.002971,1.418524,-0.002971,-0.256773,0
2026-07-02 15:44:46.647213,0.969303,-0.256773,1.415299,-0.002971,1.413342,-0.002971,-0.256773,0
2026-07-02 15:44:46.651256,0.971525,-0.256773,1.415299,-0.002971,1.413342,-0.002971,-0.256773,0
2026-07-02 15:44:46.651806,0.973969,-0.261955,1.415299,-0.008152,1.413342,-0.008152,-0.261955,0
2026-07-02 15:44:46.655827,0.976233,-0.261955,1.415299,-0.002971,1.413342,-0.002971,-0.261955,0
2026-07-02 15:44:46.658578,0.978658,-0.261955,1.415299,-0.002971,1.413342,-0.002971,-0.261955,0
2026-07-02 15:44:46.660334,0.981105,-0.261955,1.420479,-0.002971,1.413342,-0.002971,-0.261955,0
2026-07-02 15:44:46.662344,0.983471,-0.261955,1.415299,-0.002971,1.418524,-0.002971,-0.261955,0
2026-07-02 15:44:46.664352,0.985756,-0.256773,1.415299,-0.002971,1.413342,-0.002971,-0.256773,0
2026-07-02 15:44:46.664352,0.988068,-0.261955,1.415299,-0.002971,1.413342,-0.002971,-0.261955,0
2026-07-02 15:44:46.664352,0.990425,-0.261955,1.415299,-0.002971,1.413342,-0.002971,-0.261955,0
2026-07-02 15:44:46.671779,0.992753,-0.261955,1.415299,-0.008152,1.413342,-0.008152,-0.261955,0
2026-07-02 15:44:46.673795,0.995002,-0.251592,1.415299,-0.002971,1.413342,-0.002971,-0.251592,0
2026-07-02 15:44:46.675805,0.997314,-0.261955,1.415299,-0.002971,1.413342,-0.002971,-0.261955,0
2026-07-02 15:44:46.677817,0.999626,-0.261955,1.415299,-0.002971,1.413342,-0.002971,-0.261955,0
2026-07-02 15:44:46.680614,1.001955,-0.256773,1.415299,-0.002971,1.413342,-0.002971,-0.256773,0
2026-07-02 15:44:46.682625,1.004207,-0.256773,1.415299,-0.002971,1.413342,-0.002971,-0.256773,0
2026-07-02 15:44:46.684637,1.006540,-0.261955,1.415299,-0.002971,1.418524,-0.002971,-0.261955,0
2026-07-02 15:44:46.687945,1.008926,-0.261955,1.415299,-0.008152,1.413342,-0.008152,-0.261955,0
2026-07-02 15:44:46.690968,1.011417,-0.256773,1.415299,-0.002971,1.413342,-0.002971,-0.256773,0
2026-07-02 15:44:46.692804,1.013821,-0.267137,1.415299,-0.002971,1.418524,-0.002971,-0.267137,0
2026-07-02 15:44:46.692804,1.016285,-0.251592,1.415299,-0.002971,1.413342,-0.002971,-0.251592,0
2026-07-02 15:44:46.692804,1.018632,-0.267137,1.415299,-0.002971,1.413342,-0.002971,-0.267137,0
2026-07-02 15:44:46.700150,1.020928,-0.261955,1.415299,-0.002971,1.418524,-0.002971,-0.261955,0
2026-07-02 15:44:46.702166,1.023243,-0.251592,1.415299,-0.002971,1.413342,-0.002971,-0.251592,0
2026-07-02 15:44:46.704181,1.025540,-0.261955,1.415299,-0.002971,1.418524,-0.002971,-0.261955,0
2026-07-02 15:44:46.706195,1.027833,-0.256773,1.415299,-0.002971,1.413342,-0.002971,-0.256773,0
2026-07-02 15:44:46.708210,1.030025,-0.251592,1.415299,-0.002971,1.418524,-0.002971,-0.251592,0
2026-07-02 15:44:46.712022,1.032363,-0.256773,1.415299,-0.002971,1.418524,-0.002971,-0.256773,0
2026-07-02 15:44:46.712022,1.034681,-0.261955,1.415299,-0.002971,1.413342,-0.002971,-0.261955,0
2026-07-02 15:44:46.714696,1.036912,-0.256773,1.415299,-0.002971,1.418524,-0.002971,-0.256773,0
2026-07-02 15:44:46.718414,1.039144,-0.267137,1.415299,-0.002971,1.418524,-0.002971,-0.267137,0
2026-07-02 15:44:46.720428,1.041477,-0.261955,1.415299,-0.002971,1.413342,-0.002971,-0.261955,0
2026-07-02 15:44:46.722440,1.043787,-0.261955,1.415299,-0.002971,1.413342,-0.002971,-0.261955,0
2026-07-02 15:44:46.724453,1.045967,-0.256773,1.415299,-0.002971,1.413342,-0.002971,-0.256773,0
2026-07-02 15:44:46.726462,1.048305,-0.261955,1.415299,-0.008152,1.418524,-0.008152,-0.261955,0
2026-07-02 15:44:46.728469,1.050615,-0.256773,1.415299,-0.002971,1.413342,-0.002971,-0.256773,0
2026-07-02 15:44:46.728469,1.052902,-0.256773,1.415299,-0.002971,1.413342,-0.002971,-0.256773,0
2026-07-02 15:44:46.733507,1.055178,-0.261955,1.415299,-0.002971,1.418524,-0.002971,-0.261955,0
2026-07-02 15:44:46.736029,1.057463,-0.261955,1.415299,-0.002971,1.413342,-0.002971,-0.261955,0
2026-07-02 15:44:46.738610,1.060088,-0.261955,1.415299,0.002211,1.413342,0.002211,-0.261955,0
2026-07-02 15:44:46.738610,1.062403,-0.261955,1.415299,-0.002971,1.413342,-0.002971,-0.261955,0
2026-07-02 15:44:46.743839,1.064780,-0.267137,1.415299,-0.002971,1.418524,-0.002971,-0.267137,0
2026-07-02 15:44:46.745859,1.067052,-0.261955,1.415299,-0.002971,1.418524,-0.002971,-0.261955,0
2026-07-02 15:44:46.748899,1.069449,-0.261955,1.415299,-0.002971,1.418524,-0.002971,-0.261955,0
2026-07-02 15:44:46.748899,1.071703,-0.261955,1.415299,-0.002971,1.413342,-0.002971,-0.261955,0
2026-07-02 15:44:46.752074,1.074105,-0.261955,1.415299,-0.002971,1.413342,-0.002971,-0.261955,0
2026-07-02 15:44:46.756094,1.076405,-0.256773,1.420479,-0.002971,1.413342,-0.002971,-0.256773,0
2026-07-02 15:44:46.758107,1.078589,-0.261955,1.415299,-0.002971,1.413342,-0.002971,-0.261955,0
2026-07-02 15:44:46.759114,1.080974,-0.261955,1.415299,-0.002971,1.418524,-0.002971,-0.261955,0
2026-07-02 15:44:46.759114,1.083280,-0.261955,1.415299,-0.002971,1.413342,-0.002971,-0.261955,0
2026-07-02 15:44:46.763913,1.085590,-0.261955,1.415299,-0.002971,1.418524,-0.002971,-0.261955,0
2026-07-02 15:44:46.767479,1.087967,-0.267137,1.415299,-0.002971,1.413342,-0.002971,-0.267137,0
2026-07-02 15:44:46.769218,1.090233,-0.256773,1.415299,-0.002971,1.413342,-0.002971,-0.256773,0
2026-07-02 15:44:46.771228,1.092589,-0.261955,1.415299,-0.008152,1.413342,-0.008152,-0.261955,0
2026-07-02 15:44:46.773240,1.094835,-0.261955,1.415299,-0.002971,1.413342,-0.002971,-0.261955,0
2026-07-02 15:44:46.776887,1.097075,-0.261955,1.415299,-0.002971,1.418524,-0.002971,-0.261955,0
2026-07-02 15:44:46.776887,1.099410,-0.256773,1.415299,-0.002971,1.413342,-0.002971,-0.256773,0
2026-07-02 15:44:46.781452,1.101704,-0.251592,1.415299,-0.002971,1.413342,-0.002971,-0.251592,0
2026-07-02 15:44:46.782833,1.103995,-0.267137,1.415299,-0.002971,1.418524,-0.002971,-0.267137,0
2026-07-02 15:44:46.782833,1.106349,-0.261955,1.415299,-0.002971,1.413342,-0.002971,-0.261955,0
2026-07-02 15:44:46.782833,1.108587,-0.261955,1.415299,-0.002971,1.413342,-0.002971,-0.261955,0
2026-07-02 15:44:46.789486,1.110859,-0.261955,1.415299,-0.002971,1.413342,-0.002971,-0.261955,0
2026-07-02 15:44:46.793517,1.113073,-0.267137,1.415299,-0.002971,1.413342,-0.002971,-0.267137,0
2026-07-02 15:44:46.794662,1.116249,-0.256773,1.415299,-0.002971,1.413342,-0.002971,-0.256773,0
2026-07-02 15:44:46.796713,1.118596,-0.261955,1.415299,-0.002971,1.413342,-0.002971,-0.261955,0
2026-07-02 15:44:46.799765,1.120909,-0.256773,1.415299,-0.002971,1.413342,-0.002971,-0.256773,0
2026-07-02 15:44:46.801780,1.123585,-0.261955,1.415299,-0.002971,1.413342,-0.002971,-0.261955,0
2026-07-02 15:44:46.806614,1.126301,-0.251592,1.415299,-0.002971,1.413342,-0.002971,-0.251592,0
2026-07-02 15:44:46.811901,1.129206,-0.261955,1.415299,-0.008152,1.418524,-0.008152,-0.261955,0
2026-07-02 15:44:46.818208,1.135251,-0.261955,1.410120,-0.002971,1.413342,-0.002971,-0.261955,0
2026-07-02 15:44:46.826180,1.141643,-0.261955,1.415299,-0.002971,1.418524,-0.002971,-0.261955,0
2026-07-02 15:44:46.828455,1.148771,-0.261955,1.415299,-0.002971,1.418524,-0.002971,-0.261955,0
2026-07-02 15:44:46.831993,1.152233,-0.251592,1.415299,-0.002971,1.413342,-0.002971,-0.251592,0
2026-07-02 15:44:46.835753,1.154819,-0.261955,1.415299,-0.002971,1.413342,-0.002971,-0.261955,0
2026-07-02 15:44:46.844255,1.158623,-0.261955,1.415299,-0.002971,1.418524,-0.002971,-0.261955,0
2026-07-02 15:44:46.849935,1.168919,-0.261955,1.415299,-0.002971,1.413342,-0.002971,-0.261955,0
2026-07-02 15:44:46.854508,1.173485,-0.261955,1.415299,-0.002971,1.413342,-0.002971,-0.261955,0
2026-07-02 15:44:46.857340,1.177021,-0.261955,1.415299,-0.002971,1.418524,-0.002971,-0.261955,0
2026-07-02 15:44:46.863037,1.180277,-0.261955,1.415299,-0.002971,1.413342,-0.002971,-0.261955,0
2026-07-02 15:44:46.874177,1.185552,-0.261955,1.415299,-0.002971,1.413342,-0.002971,-0.261955,0
2026-07-02 15:44:46.879508,1.197824,-0.261955,1.415299,-0.002971,1.418524,-0.002971,-0.261955,0
2026-07-02 15:44:46.882543,1.202365,-0.256773,1.415299,-0.002971,1.418524,-0.002971,-0.256773,0
2026-07-02 15:44:46.885144,1.205182,-0.251592,1.415299,-0.002971,1.413342,-0.002971,-0.251592,0
2026-07-02 15:44:46.888451,1.209974,-0.261955,1.415299,-0.002971,1.413342,-0.002971,-0.261955,0
2026-07-02 15:44:46.891556,1.212246,-0.261955,1.415299,-0.002971,1.413342,-0.002971,-0.261955,0
2026-07-02 15:44:46.892655,1.214903,-0.261955,1.415299,-0.002971,1.413342,-0.002971,-0.261955,0
2026-07-02 15:44:46.896127,1.217476,-0.261955,1.415299,-0.002971,1.413342,-0.002971,-0.261955,0
2026-07-02 15:44:46.898134,1.219830,-0.261955,1.415299,-0.002971,1.418524,-0.002971,-0.261955,0
2026-07-02 15:44:46.902882,1.222142,-0.256773,1.415299,-0.002971,1.413342,-0.002971,-0.256773,0
2026-07-02 15:44:46.905338,1.225689,-0.267137,1.415299,-0.002971,1.413342,-0.002971,-0.267137,0
2026-07-02 15:44:46.906286,1.227921,-0.261955,1.415299,-0.002971,1.413342,-0.002971,-0.261955,0
2026-07-02 15:44:46.910091,1.230185,-0.256773,1.415299,-0.002971,1.413342,-0.002971,-0.256773,0
2026-07-02 15:44:46.912164,1.232559,-0.261955,1.415299,-0.002971,1.413342,-0.002971,-0.261955,0
2026-07-02 15:44:46.913713,1.234892,-0.261955,1.415299,-0.002971,1.413342,-0.002971,-0.261955,0
2026-07-02 15:44:46.916405,1.237129,-0.256773,1.415299,-0.002971,1.413342,-0.002971,-0.256773,0
2026-07-02 15:44:46.918816,1.239668,-0.267137,1.415299,-0.002971,1.413342,-0.002971,-0.267137,0
2026-07-02 15:44:46.921066,1.241890,-0.261955,1.415299,-0.002971,1.418524,-0.002971,-0.261955,0
2026-07-02 15:44:46.923408,1.244127,-0.261955,1.415299,-0.002971,1.418524,-0.002971,-0.261955,0
2026-07-02 15:44:46.926116,1.246945,-0.256773,1.415299,-0.002971,1.413342,-0.002971,-0.256773,0
2026-07-02 15:44:46.929022,1.250475,-0.261955,1.415299,-0.002971,1.418524,-0.002971,-0.261955,0
2026-07-02 15:44:46.931033,1.252725,-0.261955,1.415299,-0.002971,1.418524,-0.002971,-0.261955,0
2026-07-02 15:44:46.934479,1.254948,-0.267137,1.415299,-0.002971,1.413342,-0.002971,-0.267137,0
2026-07-02 15:44:46.936126,1.257460,-0.256773,1.420479,-0.002971,1.413342,-0.002971,-0.256773,0
2026-07-02 15:44:46.938137,1.259931,-0.261955,1.415299,-0.002971,1.413342,-0.002971,-0.261955,0
2026-07-02 15:44:46.941262,1.262109,-0.256773,1.415299,-0.002971,1.413342,-0.002971,-0.256773,0
2026-07-02 15:44:46.949401,1.264858,-0.261955,1.415299,-0.002971,1.418524,-0.002971,-0.261955,0
2026-07-02 15:44:46.951816,1.271952,-0.251592,1.415299,-0.002971,1.413342,-0.002971,-0.251592,0
2026-07-02 15:44:46.954598,1.275056,-0.261955,1.415299,-0.002971,1.413342,-0.002971,-0.261955,0
2026-07-02 15:44:46.958651,1.277602,-0.261955,1.415299,-0.002971,1.413342,-0.002971,-0.261955,0
2026-07-02 15:44:46.961349,1.281541,-0.261955,1.415299,-0.002971,1.413342,-0.002971,-0.261955,0
2026-07-02 15:44:46.961959,1.283927,-0.256773,1.415299,-0.002971,1.413342,-0.002971,-0.256773,0
2026-07-02 15:44:46.965990,1.286219,-0.261955,1.415299,-0.002971,1.413342,-0.002971,-0.261955,0
2026-07-02 15:44:46.968000,1.288640,-0.267137,1.415299,-0.002971,1.413342,-0.002971,-0.267137,0
2026-07-02 15:44:46.971393,1.291010,-0.261955,1.415299,-0.002971,1.413342,-0.002971,-0.261955,0
2026-07-02 15:44:46.973407,1.294483,-0.267137,1.415299,-0.002971,1.413342,-0.002971,-0.267137,0
2026-07-02 15:44:46.978888,1.296787,-0.261955,1.415299,-0.002971,1.413342,-0.002971,-0.261955,0
2026-07-02 15:44:46.985316,1.303102,-0.261955,1.415299,-0.002971,1.418524,-0.002971,-0.261955,0
2026-07-02 15:44:46.995767,1.309309,-0.261955,1.415299,-0.002971,1.418524,-0.002971,-0.261955,0
2026-07-02 15:44:46.999698,1.318829,-0.261955,1.415299,-0.002971,1.413342,-0.002971,-0.261955,0
2026-07-02 15:44:47.002972,1.323175,-0.261955,1.415299,-0.002971,1.413342,-0.002971,-0.261955,0
2026-07-02 15:44:47.007505,1.325718,-0.261955,1.415299,-0.002971,1.413342,-0.002971,-0.261955,0
2026-07-02 15:44:47.010301,1.330213,-0.251592,1.415299,-0.008152,1.418524,-0.008152,-0.251592,0
2026-07-02 15:44:47.013569,1.333837,-0.261955,1.415299,-0.002971,1.418524,-0.002971,-0.261955,0
2026-07-02 15:44:47.016104,1.336223,-0.256773,1.415299,-0.002971,1.413342,-0.002971,-0.256773,0
2026-07-02 15:44:47.018336,1.338814,-0.261955,1.415299,-0.002971,1.413342,-0.002971,-0.261955,0
2026-07-02 15:44:47.020353,1.341444,-0.256773,1.415299,-0.002971,1.413342,-0.002971,-0.256773,0
2026-07-02 15:44:47.022409,1.343723,-0.256773,1.415299,-0.002971,1.413342,-0.002971,-0.256773,0
2026-07-02 15:44:47.025845,1.346068,-0.267137,1.415299,-0.002971,1.413342,-0.002971,-0.267137,0
2026-07-02 15:44:47.026722,1.348478,-0.261955,1.415299,-0.002971,1.418524,-0.002971,-0.261955,0
2026-07-02 15:44:47.028734,1.350833,-0.256773,1.415299,-0.002971,1.413342,-0.002971,-0.256773,0
2026-07-02 15:44:47.032759,1.353066,-0.256773,1.415299,-0.002971,1.413342,-0.002971,-0.256773,0
2026-07-02 15:44:47.035054,1.355249,-0.261955,1.415299,-0.008152,1.413342,-0.008152,-0.261955,0
2026-07-02 15:44:47.037067,1.357527,-0.261955,1.415299,-0.008152,1.418524,-0.008152,-0.261955,0
2026-07-02 15:44:47.039078,1.359845,-0.251592,1.415299,-0.002971,1.413342,-0.002971,-0.251592,0
2026-07-02 15:44:47.042206,1.362183,-0.251592,1.415299,-0.002971,1.413342,-0.002971,-0.251592,0
2026-07-02 15:44:47.043811,1.364815,-0.261955,1.415299,-0.008152,1.413342,-0.008152,-0.261955,0
2026-07-02 15:44:47.045869,1.367247,-0.256773,1.415299,-0.002971,1.413342,-0.002971,-0.256773,0
2026-07-02 15:44:47.047879,1.369655,-0.261955,1.415299,-0.002971,1.413342,-0.002971,-0.261955,0
2026-07-02 15:44:47.051581,1.371943,-0.261955,1.415299,-0.002971,1.413342,-0.002971,-0.261955,0
2026-07-02 15:44:47.054241,1.374265,-0.261955,1.415299,-0.002971,1.418524,-0.002971,-0.261955,0
2026-07-02 15:44:47.056254,1.376735,-0.261955,1.415299,-0.002971,1.413342,-0.002971,-0.261955,0
2026-07-02 15:44:47.058576,1.378974,-0.251592,1.415299,-0.002971,1.413342,-0.002971,-0.251592,0
2026-07-02 15:44:47.059988,1.381225,-0.256773,1.415299,-0.002971,1.413342,-0.002971,-0.256773,0
2026-07-02 15:44:47.061999,1.383569,-0.251592,1.415299,-0.002971,1.418524,-0.002971,-0.251592,0
2026-07-02 15:44:47.064014,1.385828,-0.256773,1.415299,-0.002971,1.413342,-0.002971,-0.256773,0
2026-07-02 15:44:47.067215,1.388006,-0.261955,1.415299,-0.002971,1.413342,-0.002971,-0.261955,0
2026-07-02 15:44:47.068590,1.390254,-0.261955,1.415299,-0.002971,1.413342,-0.002971,-0.261955,0
2026-07-02 15:44:47.070601,1.392572,-0.261955,1.415299,-0.002971,1.418524,-0.002971,-0.261955,0
2026-07-02 15:44:47.074626,1.394896,-0.261955,1.415299,-0.002971,1.413342,-0.002971,-0.261955,0
2026-07-02 15:44:47.076931,1.397767,-0.261955,1.415299,-0.002971,1.413342,-0.002971,-0.261955,0
2026-07-02 15:44:47.079479,1.400198,-0.261955,1.415299,-0.008152,1.418524,-0.008152,-0.261955,0
2026-07-02 15:44:47.080577,1.402587,-0.261955,1.415299,-0.002971,1.418524,-0.002971,-0.261955,0
2026-07-02 15:44:47.083838,1.404851,-0.261955,1.415299,-0.002971,1.418524,-0.002971,-0.261955,0
2026-07-02 15:44:47.085864,1.407680,-0.256773,1.415299,-0.002971,1.413342,-0.002971,-0.256773,0
2026-07-02 15:44:47.087875,1.410038,-0.256773,1.415299,-0.002971,1.413342,-0.002971,-0.256773,0
2026-07-02 15:44:47.092164,1.412312,-0.256773,1.415299,-0.002971,1.413342,-0.002971,-0.256773,0
2026-07-02 15:44:47.093670,1.415041,-0.256773,1.415299,-0.002971,1.413342,-0.002971,-0.256773,0
2026-07-02 15:44:47.095685,1.417393,-0.267137,1.415299,-0.002971,1.413342,-0.002971,-0.267137,0
2026-07-02 15:44:47.097695,1.419774,-0.261955,1.415299,-0.002971,1.418524,-0.002971,-0.261955,0
2026-07-02 15:44:47.100387,1.422038,-0.261955,1.415299,-0.002971,1.413342,-0.002971,-0.261955,0
2026-07-02 15:44:47.102392,1.424486,-0.261955,1.415299,-0.002971,1.413342,-0.002971,-0.261955,0
2026-07-02 15:44:47.106420,1.426839,-0.256773,1.415299,-0.002971,1.413342,-0.002971,-0.256773,0
2026-07-02 15:44:47.108359,1.429102,-0.261955,1.415299,-0.002971,1.413342,-0.002971,-0.261955,0
2026-07-02 15:44:47.111481,1.431721,-0.261955,1.415299,-0.002971,1.418524,-0.002971,-0.261955,0
2026-07-02 15:44:47.113520,1.434144,-0.261955,1.415299,-0.002971,1.418524,-0.002971,-0.261955,0
2026-07-02 15:44:47.116581,1.436564,-0.256773,1.415299,-0.002971,1.413342,-0.002971,-0.256773,0
2026-07-02 15:44:47.119912,1.439569,-0.261955,1.415299,-0.002971,1.413342,-0.002971,-0.261955,0
2026-07-02 15:44:47.122344,1.442955,-0.261955,1.415299,-0.002971,1.413342,-0.002971,-0.261955,0
2026-07-02 15:44:47.124977,1.445409,-0.261955,1.415299,-0.002971,1.413342,-0.002971,-0.261955,0
2026-07-02 15:44:47.126626,1.447728,-0.261955,1.415299,-0.002971,1.413342,-0.002971,-0.261955,0
2026-07-02 15:44:47.129527,1.450201,-0.256773,1.415299,-0.002971,1.413342,-0.002971,-0.256773,0
2026-07-02 15:44:47.130634,1.452457,-0.261955,1.415299,-0.002971,1.418524,-0.002971,-0.261955,0
2026-07-02 15:44:47.133679,1.454786,-0.261955,1.415299,-0.002971,1.413342,-0.002971,-0.261955,0
2026-07-02 15:44:47.136523,1.457056,-0.267137,1.415299,-0.002971,1.418524,-0.002971,-0.267137,0
2026-07-02 15:44:47.138536,1.459342,-0.261955,1.415299,-0.002971,1.413342,-0.002971,-0.261955,0
2026-07-02 15:44:47.140550,1.461621,-0.256773,1.415299,-0.002971,1.413342,-0.002971,-0.256773,0
2026-07-02 15:44:47.143549,1.463818,-0.261955,1.420479,-0.008152,1.418524,-0.008152,-0.261955,0
2026-07-02 15:44:47.145988,1.466240,-0.251592,1.415299,-0.002971,1.413342,-0.002971,-0.251592,0
2026-07-02 15:44:47.147001,1.468675,-0.261955,1.415299,-0.002971,1.418524,-0.002971,-0.261955,0
2026-07-02 15:44:47.150582,1.470933,-0.261955,1.415299,-0.002971,1.413342,-0.002971,-0.261955,0
2026-07-02 15:44:47.152410,1.473252,-0.256773,1.415299,-0.002971,1.413342,-0.002971,-0.256773,0
2026-07-02 15:44:47.154424,1.475715,-0.256773,1.415299,-0.002971,1.418524,-0.002971,-0.256773,0
2026-07-02 15:44:47.157454,1.477991,-0.256773,1.415299,-0.002971,1.413342,-0.002971,-0.256773,0
2026-07-02 15:44:47.159821,1.480232,-0.261955,1.415299,-0.002971,1.413342,-0.002971,-0.261955,0
2026-07-02 15:44:47.162440,1.482568,-0.261955,1.415299,-0.002971,1.418524,-0.002971,-0.261955,0
2026-07-02 15:44:47.164457,1.485069,-0.267137,1.415299,-0.002971,1.418524,-0.002971,-0.267137,0
2026-07-02 15:44:47.167671,1.487496,-0.261955,1.415299,-0.002971,1.413342,-0.002971,-0.261955,0
2026-07-02 15:44:47.170393,1.490573,-0.261955,1.415299,-0.008152,1.413342,-0.008152,-0.261955,0
2026-07-02 15:44:47.170965,1.492938,-0.261955,1.415299,-0.008152,1.418524,-0.008152,-0.261955,0
2026-07-02 15:44:47.175760,1.495198,-0.251592,1.415299,-0.002971,1.413342,-0.002971,-0.251592,0
2026-07-02 15:44:47.179161,1.498551,-0.261955,1.415299,-0.002971,1.413342,-0.002971,-0.261955,0
2026-07-02 15:44:47.180992,1.502268,-0.267137,1.415299,-0.002971,1.413342,-0.002971,-0.267137,0
2026-07-02 15:44:47.184371,1.504688,-0.261955,1.415299,-0.008152,1.418524,-0.008152,-0.261955,0
2026-07-02 15:44:47.187153,1.507566,-0.251592,1.415299,-0.002971,1.418524,-0.002971,-0.251592,0
2026-07-02 15:44:47.189165,1.510133,-0.261955,1.415299,-0.002971,1.413342,-0.002971,-0.261955,0
2026-07-02 15:44:47.191178,1.512541,-0.261955,1.415299,-0.002971,1.418524,-0.002971,-0.261955,0
2026-07-02 15:44:47.194483,1.515145,-0.256773,1.415299,-0.002971,1.413342,-0.002971,-0.256773,0
2026-07-02 15:44:47.195819,1.517420,-0.261955,1.415299,-0.002971,1.418524,-0.002971,-0.261955,0
2026-07-02 15:44:47.198331,1.519947,-0.261955,1.415299,-0.002971,1.413342,-0.002971,-0.261955,0
2026-07-02 15:44:47.200784,1.522540,-0.251592,1.415299,-0.002971,1.413342,-0.002971,-0.251592,0
2026-07-02 15:44:47.203501,1.525190,-0.267137,1.415299,-0.002971,1.413342,-0.002971,-0.267137,0
2026-07-02 15:44:47.205696,1.527683,-0.256773,1.415299,-0.008152,1.418524,-0.008152,-0.256773,0
2026-07-02 15:44:47.209664,1.529904,-0.251592,1.415299,-0.002971,1.413342,-0.002971,-0.251592,0
2026-07-02 15:44:47.210861,1.532183,-0.256773,1.415299,-0.002971,1.413342,-0.002971,-0.256773,0
2026-07-02 15:44:47.212872,1.534625,-0.256773,1.415299,-0.002971,1.413342,-0.002971,-0.256773,0
2026-07-02 15:44:47.217420,1.536884,-0.261955,1.415299,0.002211,1.413342,0.002211,-0.261955,0
2026-07-02 15:44:47.219005,1.540376,-0.261955,1.415299,-0.002971,1.413342,-0.002971,-0.261955,0
2026-07-02 15:44:47.221021,1.542724,-0.261955,1.415299,-0.002971,1.413342,-0.002971,-0.261955,0
2026-07-02 15:44:47.226863,1.544955,-0.256773,1.415299,-0.002971,1.418524,-0.002971,-0.256773,0
2026-07-02 15:44:47.230459,1.550318,-0.256773,1.415299,-0.002971,1.413342,-0.002971,-0.256773,0
2026-07-02 15:44:47.231407,1.552975,-0.261955,1.415299,-0.002971,1.418524,-0.002971,-0.261955,0
2026-07-02 15:44:47.234659,1.555317,-0.261955,1.415299,-0.002971,1.413342,-0.002971,-0.261955,0
2026-07-02 15:44:47.235905,1.557909,-0.251592,1.415299,-0.002971,1.418524,-0.002971,-0.251592,0
2026-07-02 15:44:47.239924,1.560206,-0.261955,1.415299,-0.002971,1.413342,-0.002971,-0.261955,0
2026-07-02 15:44:47.242240,1.562457,-0.261955,1.415299,-0.002971,1.413342,-0.002971,-0.261955,0
2026-07-02 15:44:47.244218,1.565027,-0.261955,1.415299,-0.002971,1.413342,-0.002971,-0.261955,0
2026-07-02 15:44:47.246230,1.567579,-0.261955,1.415299,-0.002971,1.413342,-0.002971,-0.261955,0
2026-07-02 15:44:47.249445,1.569923,-0.261955,1.415299,-0.002971,1.413342,-0.002971,-0.261955,0
2026-07-02 15:44:47.254081,1.572189,-0.267137,1.415299,-0.002971,1.413342,-0.002971,-0.267137,0
2026-07-02 15:44:47.255448,1.576951,-0.261955,1.415299,-0.002971,1.413342,-0.002971,-0.261955,0
2026-07-02 15:44:47.259931,1.579504,-0.261955,1.415299,-0.002971,1.413342,-0.002971,-0.261955,0
2026-07-02 15:44:47.262106,1.582605,-0.256773,1.415299,-0.002971,1.418524,-0.002971,-0.256773,0
2026-07-02 15:44:47.264054,1.585039,-0.261955,1.415299,-0.008152,1.413342,-0.008152,-0.261955,0
2026-07-02 15:44:47.267321,1.587430,-0.251592,1.415299,-0.002971,1.418524,-0.002971,-0.251592,0
2026-07-02 15:44:47.270615,1.590683,-0.261955,1.415299,-0.002971,1.413342,-0.002971,-0.261955,0
2026-07-02 15:44:47.271829,1.593392,-0.261955,1.415299,-0.002971,1.413342,-0.002971,-0.261955,0
2026-07-02 15:44:47.275295,1.595709,-0.251592,1.415299,-0.002971,1.413342,-0.002971,-0.251592,0
2026-07-02 15:44:47.277769,1.597946,-0.256773,1.415299,-0.008152,1.418524,-0.008152,-0.256773,0
2026-07-02 15:44:47.279278,1.600358,-0.256773,1.415299,-0.002971,1.413342,-0.002971,-0.256773,0
2026-07-02 15:44:47.281996,1.602844,-0.261955,1.415299,-0.002971,1.413342,-0.002971,-0.261955,0
2026-07-02 15:44:47.285168,1.605280,-0.261955,1.415299,-0.002971,1.418524,-0.002971,-0.261955,0
2026-07-02 15:44:47.286195,1.607688,-0.267137,1.415299,-0.002971,1.413342,-0.002971,-0.267137,0
2026-07-02 15:44:47.288366,1.610049,-0.267137,1.415299,-0.002971,1.418524,-0.002971,-0.267137,0
2026-07-02 15:44:47.291565,1.612337,-0.251592,1.415299,-0.002971,1.413342,-0.002971,-0.251592,0
2026-07-02 15:44:47.294438,1.614834,-0.261955,1.415299,-0.002971,1.413342,-0.002971,-0.261955,0
2026-07-02 15:44:47.295601,1.617197,-0.261955,1.415299,-0.008152,1.418524,-0.008152,-0.261955,0
2026-07-02 15:44:47.297611,1.619455,-0.261955,1.415299,-0.008152,1.418524,-0.008152,-0.261955,0
2026-07-02 15:44:47.301578,1.621662,-0.261955,1.415299,-0.002971,1.418524,-0.002971,-0.261955,0
2026-07-02 15:44:47.303336,1.624166,-0.261955,1.415299,-0.002971,1.418524,-0.002971,-0.261955,0
2026-07-02 15:44:47.305348,1.626653,-0.261955,1.415299,-0.008152,1.413342,-0.008152,-0.261955,0
2026-07-02 15:44:47.308828,1.629038,-0.261955,1.415299,-0.002971,1.413342,-0.002971,-0.261955,0
2026-07-02 15:44:47.310827,1.631393,-0.256773,1.415299,-0.002971,1.413342,-0.002971,-0.256773,0
2026-07-02 15:44:47.312995,1.633755,-0.261955,1.415299,-0.002971,1.418524,-0.002971,-0.261955,0
2026-07-02 15:44:47.315846,1.636045,-0.267137,1.415299,-0.002971,1.418524,-0.002971,-0.267137,0
2026-07-02 15:44:47.318689,1.638510,-0.261955,1.415299,-0.002971,1.413342,-0.002971,-0.261955,0
2026-07-02 15:44:47.319492,1.641533,-0.267137,1.415299,0.002211,1.413342,0.002211,-0.267137,0
2026-07-02 15:44:47.323517,1.643906,-0.261955,1.415299,-0.002971,1.413342,-0.002971,-0.261955,0
2026-07-02 15:44:47.325607,1.646134,-0.261955,1.415299,-0.002971,1.413342,-0.002971,-0.261955,0
2026-07-02 15:44:47.327485,1.649231,-0.256773,1.415299,-0.002971,1.418524,-0.002971,-0.256773,0
2026-07-02 15:44:47.331512,1.651644,-0.256773,1.415299,-0.002971,1.413342,-0.002971,-0.256773,0
2026-07-02 15:44:47.335001,1.653999,-0.256773,1.415299,-0.002971,1.418524,-0.002971,-0.256773,0
2026-07-02 15:44:47.337533,1.658154,-0.267137,1.415299,-0.002971,1.413342,-0.002971,-0.267137,0
2026-07-02 15:44:47.339093,1.660705,-0.251592,1.415299,-0.002971,1.413342,-0.002971,-0.251592,0
2026-07-02 15:44:47.342285,1.663122,-0.256773,1.420479,-0.002971,1.418524,-0.002971,-0.256773,0
2026-07-02 15:44:47.345537,1.666485,-0.261955,1.415299,-0.002971,1.413342,-0.002971,-0.261955,0
2026-07-02 15:44:47.346919,1.668932,-0.261955,1.415299,-0.008152,1.418524,-0.008152,-0.261955,0
2026-07-02 15:44:47.350673,1.671185,-0.261955,1.415299,-0.002971,1.413342,-0.002971,-0.261955,0
2026-07-02 15:44:47.353473,1.673506,-0.261955,1.415299,-0.002971,1.418524,-0.002971,-0.261955,0
2026-07-02 15:44:47.354407,1.676030,-0.261955,1.415299,-0.002971,1.418524,-0.002971,-0.261955,0
2026-07-02 15:44:47.356414,1.678417,-0.261955,1.415299,-0.002971,1.413342,-0.002971,-0.261955,0
2026-07-02 15:44:47.359451,1.680820,-0.261955,1.415299,-0.002971,1.413342,-0.002971,-0.261955,0
2026-07-02 15:44:47.361781,1.683355,-0.256773,1.415299,-0.002971,1.413342,-0.002971,-0.256773,0
2026-07-02 15:44:47.363792,1.685662,-0.251592,1.415299,-0.002971,1.413342,-0.002971,-0.251592,0
2026-07-02 15:44:47.367725,1.687997,-0.256773,1.415299,-0.002971,1.418524,-0.002971,-0.256773,0
2026-07-02 15:44:47.369634,1.690681,-0.261955,1.415299,-0.002971,1.418524,-0.002971,-0.261955,0
2026-07-02 15:44:47.371648,1.693106,-0.261955,1.415299,-0.002971,1.418524,-0.002971,-0.261955,0
2026-07-02 15:44:47.375664,1.695444,-0.261955,1.415299,-0.002971,1.413342,-0.002971,-0.261955,0
2026-07-02 15:44:47.377678,1.699270,-0.251592,1.415299,-0.008152,1.413342,-0.008152,-0.251592,0
2026-07-02 15:44:47.380160,1.701743,-0.261955,1.415299,-0.002971,1.413342,-0.002971,-0.261955,0
2026-07-02 15:44:47.384073,1.704040,-0.251592,1.415299,-0.002971,1.413342,-0.002971,-0.251592,0
2026-07-02 15:44:47.385724,1.706745,-0.261955,1.415299,-0.002971,1.413342,-0.002971,-0.261955,0
2026-07-02 15:44:47.387738,1.709151,-0.261955,1.415299,-0.008152,1.413342,-0.008152,-0.261955,0
2026-07-02 15:44:47.390212,1.711509,-0.261955,1.415299,-0.008152,1.413342,-0.008152,-0.261955,0
2026-07-02 15:44:47.393385,1.713809,-0.261955,1.415299,-0.002971,1.413342,-0.002971,-0.261955,0
2026-07-02 15:44:47.395950,1.716363,-0.251592,1.415299,-0.002971,1.413342,-0.002971,-0.251592,0
2026-07-02 15:44:47.398156,1.718639,-0.261955,1.415299,-0.002971,1.413342,-0.002971,-0.261955,0
2026-07-02 15:44:47.400767,1.720866,-0.261955,1.415299,-0.002971,1.413342,-0.002971,-0.261955,0
2026-07-02 15:44:47.402076,1.723536,-0.256773,1.415299,-0.002971,1.418524,-0.002971,-0.256773,0
2026-07-02 15:44:47.404088,1.725917,-0.261955,1.415299,-0.002971,1.418524,-0.002971,-0.261955,0
2026-07-02 15:44:47.406103,1.728181,-0.261955,1.415299,-0.002971,1.413342,-0.002971,-0.261955,0
2026-07-02 15:44:47.409963,1.730454,-0.256773,1.415299,-0.002971,1.413342,-0.002971,-0.256773,0
2026-07-02 15:44:47.410701,1.732730,-0.261955,1.415299,-0.002971,1.418524,-0.002971,-0.261955,0
2026-07-02 15:44:47.413216,1.735106,-0.267137,1.415299,-0.002971,1.418524,-0.002971,-0.267137,0
2026-07-02 15:44:47.418168,1.737298,-0.261955,1.415299,-0.002971,1.418524,-0.002971,-0.261955,0
2026-07-02 15:44:47.421708,1.741065,-0.261955,1.415299,-0.008152,1.413342,-0.008152,-0.261955,0
2026-07-02 15:44:47.425231,1.745143,-0.261955,1.415299,-0.002971,1.413342,-0.002971,-0.261955,0
2026-07-02 15:44:47.427190,1.748164,-0.261955,1.415299,-0.002971,1.418524,-0.002971,-0.261955,0
2026-07-02 15:44:47.428490,1.750496,-0.261955,1.415299,-0.002971,1.418524,-0.002971,-0.261955,0
2026-07-02 15:44:47.432515,1.752770,-0.251592,1.415299,-0.002971,1.413342,-0.002971,-0.251592,0
2026-07-02 15:44:47.434457,1.755030,-0.261955,1.415299,-0.002971,1.413342,-0.002971,-0.261955,0
2026-07-02 15:44:47.436609,1.758170,-0.261955,1.415299,-0.002971,1.418524,-0.002971,-0.261955,0
2026-07-02 15:44:47.439227,1.760655,-0.261955,1.415299,-0.002971,1.418524,-0.002971,-0.261955,0
2026-07-02 15:44:47.443112,1.763100,-0.261955,1.415299,-0.002971,1.413342,-0.002971,-0.261955,0
2026-07-02 15:44:47.445569,1.765594,-0.261955,1.415299,-0.002971,1.413342,-0.002971,-0.261955,0
2026-07-02 15:44:47.446606,1.768070,-0.261955,1.415299,-0.002971,1.413342,-0.002971,-0.261955,0
2026-07-02 15:44:47.450854,1.770461,-0.261955,1.415299,-0.002971,1.418524,-0.002971,-0.261955,0
2026-07-02 15:44:47.453406,1.774493,-0.261955,1.415299,-0.002971,1.413342,-0.002971,-0.261955,0
2026-07-02 15:44:47.456177,1.777011,-0.261955,1.415299,-0.002971,1.418524,-0.002971,-0.261955,0
2026-07-02 15:44:47.458779,1.779382,-0.261955,1.415299,-0.002971,1.413342,-0.002971,-0.261955,0
2026-07-02 15:44:47.460870,1.782311,-0.261955,1.415299,-0.002971,1.418524,-0.002971,-0.261955,0
2026-07-02 15:44:47.463380,1.784816,-0.256773,1.415299,-0.002971,1.413342,-0.002971,-0.256773,0
2026-07-02 15:44:47.467552,1.787134,-0.256773,1.415299,-0.002971,1.413342,-0.002971,-0.256773,0
2026-07-02 15:44:47.469558,1.790163,-0.261955,1.415299,-0.002971,1.418524,-0.002971,-0.261955,0
2026-07-02 15:44:47.471571,1.792573,-0.267137,1.415299,-0.002971,1.413342,-0.002971,-0.267137,0
2026-07-02 15:44:47.473580,1.794977,-0.261955,1.415299,-0.008152,1.413342,-0.008152,-0.261955,0
2026-07-02 15:44:47.476633,1.797159,-0.267137,1.415299,-0.002971,1.418524,-0.002971,-0.267137,0
2026-07-02 15:44:47.479281,1.799555,-0.256773,1.415299,-0.002971,1.413342,-0.002971,-0.256773,0
2026-07-02 15:44:47.481297,1.801962,-0.267137,1.415299,-0.002971,1.418524,-0.002971,-0.267137,0
2026-07-02 15:44:47.483311,1.804205,-0.261955,1.415299,-0.002971,1.413342,-0.002971,-0.261955,0
2026-07-02 15:44:47.485320,1.807120,-0.261955,1.415299,-0.002971,1.413342,-0.002971,-0.261955,0
2026-07-02 15:44:47.487331,1.809465,-0.267137,1.415299,-0.002971,1.418524,-0.002971,-0.267137,0
2026-07-02 15:44:47.491359,1.811709,-0.256773,1.415299,-0.002971,1.418524,-0.002971,-0.256773,0
2026-07-02 15:44:47.493372,1.813895,-0.256773,1.415299,-0.002971,1.418524,-0.002971,-0.256773,0
2026-07-02 15:44:47.495384,1.816702,-0.261955,1.415299,-0.002971,1.418524,-0.002971,-0.261955,0
2026-07-02 15:44:47.497390,1.819134,-0.251592,1.415299,-0.002971,1.413342,-0.002971,-0.251592,0
2026-07-02 15:44:47.499401,1.821549,-0.261955,1.415299,-0.002971,1.413342,-0.002971,-0.261955,0
2026-07-02 15:44:47.503599,1.823892,-0.261955,1.415299,-0.002971,1.413342,-0.002971,-0.261955,0
2026-07-02 15:44:47.505614,1.826144,-0.261955,1.415299,-0.002971,1.413342,-0.002971,-0.261955,0
2026-07-02 15:44:47.506840,1.828356,-0.261955,1.415299,-0.002971,1.413342,-0.002971,-0.261955,0
2026-07-02 15:44:47.509528,1.830552,-0.261955,1.415299,-0.002971,1.413342,-0.002971,-0.261955,0
2026-07-02 15:44:47.511538,1.833202,-0.261955,1.415299,-0.008152,1.418524,-0.008152,-0.261955,0
2026-07-02 15:44:47.513548,1.835459,-0.261955,1.415299,-0.002971,1.413342,-0.002971,-0.261955,0
2026-07-02 15:44:47.518735,1.837618,-0.261955,1.415299,-0.002971,1.418524,-0.002971,-0.261955,0
2026-07-02 15:44:47.520099,1.841242,-0.261955,1.415299,-0.002971,1.418524,-0.002971,-0.261955,0
2026-07-02 15:44:47.522111,1.843970,-0.261955,1.415299,-0.002971,1.413342,-0.002971,-0.261955,0
2026-07-02 15:44:47.525882,1.846214,-0.256773,1.415299,-0.002971,1.413342,-0.002971,-0.256773,0
2026-07-02 15:44:47.527895,1.848738,-0.261955,1.415299,-0.002971,1.418524,-0.002971,-0.261955,0
2026-07-02 15:44:47.529386,1.850953,-0.261955,1.415299,-0.002971,1.418524,-0.002971,-0.261955,0
2026-07-02 15:44:47.531398,1.853119,-0.256773,1.415299,-0.002971,1.413342,-0.002971,-0.256773,0
2026-07-02 15:44:47.534879,1.855281,-0.261955,1.415299,-0.002971,1.418524,-0.002971,-0.261955,0
2026-07-02 15:44:47.538654,1.857535,-0.251592,1.415299,-0.002971,1.413342,-0.002971,-0.251592,0
2026-07-02 15:44:47.542199,1.862569,-0.261955,1.415299,-0.002971,1.418524,-0.002971,-0.261955,0
2026-07-02 15:44:47.543711,1.865459,-0.261955,1.415299,-0.002971,1.418524,-0.002971,-0.261955,0
2026-07-02 15:44:47.546362,1.867686,-0.261955,1.415299,-0.002971,1.418524,-0.002971,-0.261955,0
2026-07-02 15:44:47.549201,1.869901,-0.261955,1.415299,-0.002971,1.418524,-0.002971,-0.261955,0
2026-07-02 15:44:47.552647,1.872103,-0.256773,1.415299,-0.002971,1.418524,-0.002971,-0.256773,0
2026-07-02 15:44:47.556170,1.876454,-0.261955,1.415299,-0.008152,1.418524,-0.008152,-0.261955,0
2026-07-02 15:44:47.559642,1.878957,-0.261955,1.415299,-0.002971,1.413342,-0.002971,-0.261955,0
2026-07-02 15:44:47.561655,1.882660,-0.261955,1.415299,-0.002971,1.413342,-0.002971,-0.261955,0
2026-07-02 15:44:47.563664,1.885088,-0.261955,1.415299,-0.002971,1.418524,-0.002971,-0.261955,0
2026-07-02 15:44:47.567519,1.887487,-0.261955,1.415299,-0.002971,1.413342,-0.002971,-0.261955,0
2026-07-02 15:44:47.568717,1.890306,-0.256773,1.415299,-0.002971,1.413342,-0.002971,-0.256773,0
2026-07-02 15:44:47.571750,1.892695,-0.256773,1.415299,-0.002971,1.413342,-0.002971,-0.256773,0
2026-07-02 15:44:47.574270,1.895024,-0.261955,1.415299,-0.002971,1.413342,-0.002971,-0.261955,0
2026-07-02 15:44:47.576726,1.897320,-0.261955,1.415299,-0.002971,1.413342,-0.002971,-0.261955,0
2026-07-02 15:44:47.577661,1.899672,-0.256773,1.415299,-0.002971,1.413342,-0.002971,-0.256773,0
2026-07-02 15:44:47.580429,1.902033,-0.261955,1.415299,-0.002971,1.418524,-0.002971,-0.261955,0
2026-07-02 15:44:47.583572,1.904309,-0.261955,1.415299,-0.002971,1.418524,-0.002971,-0.261955,0
2026-07-02 15:44:47.584745,1.906714,-0.261955,1.415299,-0.002971,1.418524,-0.002971,-0.261955,0
2026-07-02 15:44:47.587488,1.909070,-0.251592,1.415299,-0.002971,1.418524,-0.002971,-0.251592,0
2026-07-02 15:44:47.589998,1.911352,-0.256773,1.415299,-0.002971,1.413342,-0.002971,-0.256773,0
2026-07-02 15:44:47.593044,1.913711,-0.256773,1.415299,-0.008152,1.413342,-0.008152,-0.256773,0
2026-07-02 15:44:47.594050,1.916001,-0.261955,1.415299,-0.002971,1.418524,-0.002971,-0.261955,0
2026-07-02 15:44:47.596623,1.918332,-0.261955,1.415299,-0.002971,1.413342,-0.002971,-0.261955,0
2026-07-02 15:44:47.600621,1.920608,-0.256773,1.415299,-0.002971,1.413342,-0.002971,-0.256773,0
2026-07-02 15:44:47.601432,1.923188,-0.256773,1.415299,-0.002971,1.413342,-0.002971,-0.256773,0
2026-07-02 15:44:47.605103,1.925587,-0.261955,1.415299,-0.002971,1.413342,-0.002971,-0.261955,0
2026-07-02 15:44:47.605958,1.927927,-0.261955,1.415299,-0.002971,1.418524,-0.002971,-0.261955,0
2026-07-02 15:44:47.610232,1.930201,-0.256773,1.415299,-0.002971,1.418524,-0.002971,-0.256773,0
2026-07-02 15:44:47.612047,1.932884,-0.261955,1.415299,-0.002971,1.413342,-0.002971,-0.261955,0
2026-07-02 15:44:47.614585,1.935437,-0.261955,1.415299,-0.002971,1.413342,-0.002971,-0.261955,0
2026-07-02 15:44:47.617288,1.937715,-0.261955,1.415299,-0.002971,1.418524,-0.002971,-0.261955,0
2026-07-02 15:44:47.619722,1.940079,-0.256773,1.415299,-0.002971,1.413342,-0.002971,-0.256773,0
2026-07-02 15:44:47.622078,1.942495,-0.261955,1.415299,-0.002971,1.413342,-0.002971,-0.261955,0
2026-07-02 15:44:47.625181,1.944922,-0.261955,1.415299,-0.002971,1.418524,-0.002971,-0.261955,0
2026-07-02 15:44:47.627391,1.947648,-0.261955,1.415299,-0.002971,1.413342,-0.002971,-0.261955,0
2026-07-02 15:44:47.628576,1.950095,-0.251592,1.415299,-0.002971,1.413342,-0.002971,-0.251592,0
2026-07-02 15:44:47.631084,1.952447,-0.261955,1.415299,-0.002971,1.418524,-0.002971,-0.261955,0
2026-07-02 15:44:47.634179,1.954794,-0.261955,1.415299,-0.002971,1.418524,-0.002971,-0.261955,0
2026-07-02 15:44:47.635535,1.957056,-0.267137,1.415299,-0.002971,1.413342,-0.002971,-0.267137,0
2026-07-02 15:44:47.639286,1.959521,-0.261955,1.415299,-0.002971,1.413342,-0.002971,-0.261955,0
2026-07-02 15:44:47.640518,1.961991,-0.256773,1.415299,-0.002971,1.418524,-0.002971,-0.256773,0
2026-07-02 15:44:47.644055,1.964437,-0.261955,1.415299,-0.002971,1.418524,-0.002971,-0.261955,0
2026-07-02 15:44:47.646280,1.966701,-0.256773,1.415299,-0.008152,1.418524,-0.008152,-0.256773,0
2026-07-02 15:44:47.647755,1.969163,-0.261955,1.415299,-0.002971,1.413342,-0.002971,-0.261955,0
2026-07-02 15:44:47.650267,1.971609,-0.256773,1.420479,-0.002971,1.413342,-0.002971,-0.256773,0
2026-07-02 15:44:47.650267,1.973933,-0.261955,1.415299,-0.008152,1.418524,-0.008152,-0.261955,0
2026-07-02 15:44:47.650267,1.976442,-0.261955,1.420479,-0.002971,1.418524,-0.002971,-0.261955,0
2026-07-02 15:44:47.659034,1.978965,-0.261955,1.415299,-0.002971,1.413342,-0.002971,-0.261955,0
2026-07-02 15:44:47.660611,1.981546,-0.256773,1.415299,-0.002971,1.418524,-0.002971,-0.256773,0
2026-07-02 15:44:47.660611,1.984023,-0.261955,1.415299,-0.002971,1.418524,-0.002971,-0.261955,0
2026-07-02 15:44:47.660611,1.986494,-0.256773,1.415299,-0.008152,1.418524,-0.008152,-0.256773,0
2026-07-02 15:44:47.667668,1.988833,-0.261955,1.415299,-0.002971,1.413342,-0.002971,-0.261955,0
2026-07-02 15:44:47.669679,1.991229,-0.261955,1.415299,-0.002971,1.418524,-0.002971,-0.261955,0
2026-07-02 15:44:47.671690,1.993624,-0.256773,1.415299,-0.002971,1.418524,-0.002971,-0.256773,0
2026-07-02 15:44:47.675886,1.996003,-0.261955,1.415299,-0.002971,1.418524,-0.002971,-0.261955,0
2026-07-02 15:44:47.676935,1.998464,-0.261955,1.415299,-0.002971,1.418524,-0.002971,-0.261955,0
2026-07-02 15:44:47.676935,2.001017,-0.261955,1.415299,-0.002971,1.413342,-0.002971,-0.261955,0
2026-07-02 15:44:47.683084,2.003527,-0.261955,1.415299,-0.002971,1.413342,-0.002971,-0.261955,0
2026-07-02 15:44:47.683084,2.006005,-0.256773,1.415299,-0.002971,1.418524,-0.002971,-0.256773,0
2026-07-02 15:44:47.686444,2.008467,-0.261955,1.415299,-0.002971,1.413342,-0.002971,-0.261955,0
2026-07-02 15:44:47.690470,2.010848,-0.256773,1.420479,-0.002971,1.418524,-0.002971,-0.256773,0
2026-07-02 15:44:47.692484,2.013255,-0.261955,1.415299,-0.002971,1.418524,-0.002971,-0.261955,0
2026-07-02 15:44:47.694497,2.015642,-0.256773,1.415299,-0.002971,1.413342,-0.002971,-0.256773,0
2026-07-02 15:44:47.696509,2.018045,-0.261955,1.415299,-0.002971,1.418524,-0.002971,-0.261955,0
2026-07-02 15:44:47.698518,2.020413,-0.261955,1.415299,-0.002971,1.413342,-0.002971,-0.261955,0
2026-07-02 15:44:47.702537,2.022850,-0.261955,1.415299,-0.008152,1.418524,-0.008152,-0.261955,0
2026-07-02 15:44:47.702537,2.025403,-0.261955,1.415299,-0.002971,1.418524,-0.002971,-0.261955,0
2026-07-02 15:44:47.706811,2.027843,-0.261955,1.415299,-0.002971,1.413342,-0.002971,-0.261955,0
2026-07-02 15:44:47.709910,2.030066,-0.261955,1.415299,-0.002971,1.413342,-0.002971,-0.261955,0
2026-07-02 15:44:47.711923,2.032416,-0.256773,1.415299,-0.002971,1.418524,-0.002971,-0.256773,0
2026-07-02 15:44:47.713436,2.034798,-0.267137,1.415299,-0.002971,1.418524,-0.002971,-0.267137,0
2026-07-02 15:44:47.715476,2.037111,-0.256773,1.415299,-0.002971,1.413342,-0.002971,-0.256773,0
2026-07-02 15:44:47.719244,2.039485,-0.251592,1.415299,-0.002971,1.413342,-0.002971,-0.251592,0
2026-07-02 15:44:47.720257,2.041891,-0.267137,1.415299,-0.002971,1.413342,-0.002971,-0.267137,0
2026-07-02 15:44:47.722266,2.044249,-0.261955,1.415299,-0.002971,1.413342,-0.002971,-0.261955,0
2026-07-02 15:44:47.722266,2.046482,-0.267137,1.415299,-0.002971,1.413342,-0.002971,-0.267137,0
2026-07-02 15:44:47.727529,2.048823,-0.261955,1.415299,-0.002971,1.418524,-0.002971,-0.261955,0
2026-07-02 15:44:47.727529,2.051087,-0.256773,1.415299,-0.002971,1.413342,-0.002971,-0.256773,0
2026-07-02 15:44:47.732942,2.053336,-0.251592,1.415299,-0.002971,1.413342,-0.002971,-0.251592,0
2026-07-02 15:44:47.732942,2.056324,-0.261955,1.415299,-0.002971,1.418524,-0.002971,-0.261955,0
2026-07-02 15:44:47.738006,2.058648,-0.261955,1.415299,-0.002971,1.413342,-0.002971,-0.261955,0
2026-07-02 15:44:47.738899,2.060901,-0.256773,1.420479,-0.002971,1.413342,-0.002971,-0.256773,0
2026-07-02 15:44:47.738899,2.063152,-0.256773,1.415299,-0.002971,1.418524,-0.002971,-0.256773,0
2026-07-02 15:44:47.738899,2.065351,-0.261955,1.415299,-0.002971,1.413342,-0.002971,-0.261955,0
2026-07-02 15:44:47.738899,2.067603,-0.261955,1.420479,-0.002971,1.413342,-0.002971,-0.261955,0
2026-07-02 15:44:47.751217,2.069877,-0.261955,1.415299,-0.002971,1.413342,-0.002971,-0.261955,0
2026-07-02 15:44:47.751217,2.074424,-0.261955,1.415299,-0.002971,1.418524,-0.002971,-0.261955,0
2026-07-02 15:44:47.755298,2.076688,-0.261955,1.415299,-0.002971,1.418524,-0.002971,-0.261955,0
2026-07-02 15:44:47.761031,2.078941,-0.256773,1.415299,-0.002971,1.418524,-0.002971,-0.256773,0
2026-07-02 15:44:47.764400,2.084169,-0.267137,1.415299,-0.002971,1.413342,-0.002971,-0.267137,0
2026-07-02 15:44:47.766955,2.087788,-0.261955,1.415299,-0.002971,1.418524,-0.002971,-0.261955,0
2026-07-02 15:44:47.767758,2.090254,-0.261955,1.415299,-0.002971,1.418524,-0.002971,-0.261955,0
2026-07-02 15:44:47.767758,2.092504,-0.261955,1.415299,-0.002971,1.418524,-0.002971,-0.261955,0
2026-07-02 15:44:47.767758,2.094739,-0.261955,1.415299,-0.002971,1.413342,-0.002971,-0.261955,0
2026-07-02 15:44:47.776569,2.096969,-0.261955,1.415299,-0.002971,1.418524,-0.002971,-0.261955,0
2026-07-02 15:44:47.778211,2.099837,-0.267137,1.415299,-0.002971,1.413342,-0.002971,-0.267137,0
2026-07-02 15:44:47.778211,2.102158,-0.261955,1.415299,-0.002971,1.413342,-0.002971,-0.261955,0
2026-07-02 15:44:47.778211,2.104423,-0.261955,1.415299,-0.002971,1.418524,-0.002971,-0.261955,0
2026-07-02 15:44:47.778211,2.106597,-0.261955,1.415299,-0.002971,1.418524,-0.002971,-0.261955,0
2026-07-02 15:44:47.789104,2.108864,-0.261955,1.415299,-0.002971,1.413342,-0.002971,-0.261955,0
2026-07-02 15:44:47.792604,2.112704,-0.261955,1.415299,-0.008152,1.413342,-0.008152,-0.261955,0
2026-07-02 15:44:47.794421,2.115572,-0.261955,1.415299,-0.002971,1.413342,-0.002971,-0.261955,0
2026-07-02 15:44:47.796979,2.117755,-0.267137,1.415299,-0.002971,1.418524,-0.002971,-0.267137,0
2026-07-02 15:44:47.798556,2.120267,-0.256773,1.415299,-0.002971,1.413342,-0.002971,-0.256773,0
2026-07-02 15:44:47.801293,2.122990,-0.261955,1.415299,-0.002971,1.413342,-0.002971,-0.261955,0
2026-07-02 15:44:47.801293,2.125240,-0.261955,1.415299,-0.002971,1.413342,-0.002971,-0.261955,0
2026-07-02 15:44:47.807140,2.127511,-0.261955,1.415299,-0.002971,1.413342,-0.002971,-0.261955,0
2026-07-02 15:44:47.809708,2.130350,-0.251592,1.415299,-0.002971,1.413342,-0.002971,-0.251592,0
2026-07-02 15:44:47.809708,2.132575,-0.256773,1.415299,-0.002971,1.413342,-0.002971,-0.256773,0
2026-07-02 15:44:47.813816,2.134933,-0.261955,1.420479,-0.002971,1.418524,-0.002971,-0.261955,0
2026-07-02 15:44:47.813816,2.137132,-0.267137,1.415299,-0.002971,1.418524,-0.002971,-0.267137,0
2026-07-02 15:44:47.822960,2.139503,-0.267137,1.415299,-0.002971,1.418524,-0.002971,-0.267137,0
2026-07-02 15:44:47.823968,2.145637,-0.261955,1.415299,-0.002971,1.418524,-0.002971,-0.261955,0
2026-07-02 15:44:47.827632,2.148029,-0.261955,1.415299,-0.002971,1.413342,-0.002971,-0.261955,0
2026-07-02 15:44:47.827632,2.150927,-0.261955,1.415299,-0.002971,1.413342,-0.002971,-0.261955,0
2026-07-02 15:44:47.827632,2.153184,-0.261955,1.415299,-0.002971,1.418524,-0.002971,-0.261955,0
2026-07-02 15:44:47.827632,2.155415,-0.261955,1.415299,-0.002971,1.413342,-0.002971,-0.261955,0
2026-07-02 15:44:47.827632,2.157643,-0.256773,1.415299,-0.002971,1.418524,-0.002971,-0.256773,0
2026-07-02 15:44:47.838820,2.159865,-0.261955,1.415299,-0.002971,1.418524,-0.002971,-0.261955,0
2026-07-02 15:44:47.838820,2.162105,-0.261955,1.415299,-0.002971,1.418524,-0.002971,-0.261955,0
2026-07-02 15:44:47.843750,2.164536,-0.261955,1.415299,-0.002971,1.413342,-0.002971,-0.261955,0
2026-07-02 15:44:47.845686,2.166871,-0.261955,1.415299,0.002211,1.413342,0.002211,-0.261955,0
2026-07-02 15:44:47.852508,2.169095,-0.261955,1.415299,-0.002971,1.413342,-0.002971,-0.261955,0
2026-07-02 15:44:47.854527,2.175397,-0.256773,1.415299,-0.002971,1.418524,-0.002971,-0.256773,0
2026-07-02 15:44:47.855954,2.177638,-0.261955,1.415299,-0.002971,1.413342,-0.002971,-0.261955,0
2026-07-02 15:44:47.858168,2.179866,-0.261955,1.415299,-0.002971,1.418524,-0.002971,-0.261955,0
2026-07-02 15:44:47.858168,2.182064,-0.251592,1.415299,-0.002971,1.413342,-0.002971,-0.251592,0
2026-07-02 15:44:47.858168,2.184236,-0.267137,1.415299,-0.002971,1.418524,-0.002971,-0.267137,0
2026-07-02 15:44:47.858168,2.186468,-0.256773,1.415299,-0.002971,1.413342,-0.002971,-0.256773,0
2026-07-02 15:44:47.868284,2.188724,-0.256773,1.415299,-0.002971,1.413342,-0.002971,-0.256773,0
2026-07-02 15:44:47.868284,2.191165,-0.256773,1.415299,-0.002971,1.413342,-0.002971,-0.256773,0
2026-07-02 15:44:47.868284,2.193402,-0.256773,1.415299,-0.002971,1.413342,-0.002971,-0.256773,0
2026-07-02 15:44:47.868284,2.195692,-0.261955,1.415299,-0.002971,1.413342,-0.002971,-0.261955,0
2026-07-02 15:44:47.875958,2.197926,-0.261955,1.415299,-0.002971,1.418524,-0.002971,-0.261955,0
2026-07-02 15:44:47.877969,2.200165,-0.261955,1.415299,-0.002971,1.413342,-0.002971,-0.261955,0
2026-07-02 15:44:47.877969,2.202463,-0.261955,1.415299,-0.002971,1.413342,-0.002971,-0.261955,0
2026-07-02 15:44:47.877969,2.204794,-0.261955,1.415299,-0.002971,1.413342,-0.002971,-0.261955,0
2026-07-02 15:44:47.884903,2.207058,-0.261955,1.415299,-0.002971,1.413342,-0.002971,-0.261955,0
2026-07-02 15:44:47.888020,2.209356,-0.261955,1.420479,-0.008152,1.413342,-0.008152,-0.261955,0
2026-07-02 15:44:47.892574,2.212243,-0.261955,1.415299,-0.002971,1.418524,-0.002971,-0.261955,0
2026-07-02 15:44:47.894689,2.216357,-0.261955,1.415299,-0.002971,1.413342,-0.002971,-0.261955,0
2026-07-02 15:44:47.898245,2.218602,-0.261955,1.415299,-0.002971,1.418524,-0.002971,-0.261955,0
2026-07-02 15:44:47.898245,2.221162,-0.267137,1.415299,-0.002971,1.413342,-0.002971,-0.267137,0
2026-07-02 15:44:47.898245,2.223364,-0.256773,1.415299,-0.002971,1.413342,-0.002971,-0.256773,0
2026-07-02 15:44:47.898245,2.225591,-0.261955,1.415299,-0.002971,1.413342,-0.002971,-0.261955,0
2026-07-02 15:44:47.898245,2.227868,-0.261955,1.415299,-0.002971,1.413342,-0.002971,-0.261955,0
2026-07-02 15:44:47.909326,2.230060,-0.256773,1.415299,-0.002971,1.418524,-0.002971,-0.256773,0
2026-07-02 15:44:47.909326,2.232259,-0.256773,1.420479,-0.002971,1.418524,-0.002971,-0.256773,0
2026-07-02 15:44:47.914113,2.234495,-0.261955,1.415299,-0.008152,1.418524,-0.008152,-0.261955,0
2026-07-02 15:44:47.914113,2.236717,-0.261955,1.415299,-0.002971,1.418524,-0.002971,-0.261955,0
2026-07-02 15:44:47.918760,2.239302,-0.267137,1.415299,-0.002971,1.413342,-0.002971,-0.267137,0
2026-07-02 15:44:47.918760,2.241524,-0.261955,1.415299,-0.002971,1.418524,-0.002971,-0.261955,0
2026-07-02 15:44:47.921360,2.243694,-0.261955,1.415299,-0.002971,1.413342,-0.002971,-0.261955,0
2026-07-02 15:44:47.921360,2.246194,-0.251592,1.415299,-0.002971,1.413342,-0.002971,-0.251592,0
2026-07-02 15:44:47.921360,2.248557,-0.261955,1.415299,-0.002971,1.413342,-0.002971,-0.261955,0
2026-07-02 15:44:47.929868,2.250811,-0.256773,1.415299,-0.002971,1.413342,-0.002971,-0.256773,0
2026-07-02 15:44:47.929868,2.253033,-0.261955,1.415299,-0.002971,1.418524,-0.002971,-0.261955,0
2026-07-02 15:44:47.929868,2.255268,-0.261955,1.415299,-0.002971,1.418524,-0.002971,-0.261955,0
2026-07-02 15:44:47.936387,2.257536,-0.256773,1.415299,-0.002971,1.418524,-0.002971,-0.256773,0
2026-07-02 15:44:47.939202,2.259786,-0.261955,1.415299,-0.002971,1.418524,-0.002971,-0.261955,0
2026-07-02 15:44:47.939202,2.262005,-0.256773,1.415299,-0.002971,1.413342,-0.002971,-0.256773,0
2026-07-02 15:44:47.939202,2.264418,-0.261955,1.415299,-0.002971,1.418524,-0.002971,-0.261955,0
2026-07-02 15:44:47.939202,2.266641,-0.256773,1.415299,-0.002971,1.413342,-0.002971,-0.256773,0
2026-07-02 15:44:47.952740,2.268866,-0.261955,1.415299,-0.002971,1.418524,-0.002971,-0.261955,0
2026-07-02 15:44:47.957300,2.276942,-0.267137,1.415299,-0.002971,1.413342,-0.002971,-0.267137,0
2026-07-02 15:44:47.959818,2.280222,-0.261955,1.415299,-0.002971,1.413342,-0.002971,-0.261955,0
2026-07-02 15:44:47.959818,2.282704,-0.256773,1.415299,-0.002971,1.413342,-0.002971,-0.256773,0
2026-07-02 15:44:47.959818,2.284952,-0.261955,1.415299,-0.002971,1.413342,-0.002971,-0.261955,0
2026-07-02 15:44:47.959818,2.287292,-0.261955,1.415299,-0.002971,1.413342,-0.002971,-0.261955,0
2026-07-02 15:44:47.968235,2.289617,-0.261955,1.415299,-0.002971,1.413342,-0.002971,-0.261955,0
2026-07-02 15:44:47.969989,2.291869,-0.256773,1.415299,-0.002971,1.413342,-0.002971,-0.256773,0
2026-07-02 15:44:47.975020,2.294212,-0.261955,1.415299,-0.002971,1.418524,-0.002971,-0.261955,0
2026-07-02 15:44:47.976778,2.297813,-0.261955,1.415299,-0.002971,1.418524,-0.002971,-0.261955,0
2026-07-02 15:44:47.981415,2.300244,-0.261955,1.415299,-0.002971,1.413342,-0.002971,-0.261955,0
2026-07-02 15:44:47.985180,2.304345,-0.251592,1.415299,-0.008152,1.413342,-0.008152,-0.251592,0
2026-07-02 15:44:47.985180,2.308706,-0.251592,1.415299,-0.002971,1.413342,-0.002971,-0.251592,0
2026-07-02 15:44:47.990597,2.310972,-0.256773,1.415299,-0.002971,1.413342,-0.002971,-0.256773,0
2026-07-02 15:44:47.990597,2.313485,-0.261955,1.415299,-0.008152,1.418524,-0.008152,-0.261955,0
2026-07-02 15:44:47.990597,2.315681,-0.256773,1.415299,-0.002971,1.413342,-0.002971,-0.256773,0
2026-07-02 15:44:47.990597,2.317917,-0.261955,1.415299,-0.002971,1.413342,-0.002971,-0.261955,0
2026-07-02 15:44:47.990597,2.320143,-0.261955,1.415299,-0.002971,1.413342,-0.002971,-0.261955,0
2026-07-02 15:44:48.005080,2.322852,-0.256773,1.415299,-0.002971,1.418524,-0.002971,-0.256773,0
2026-07-02 15:44:48.007853,2.327562,-0.261955,1.415299,-0.002971,1.413342,-0.002971,-0.261955,0
2026-07-02 15:44:48.018530,2.330691,-0.261955,1.415299,-0.002971,1.413342,-0.002971,-0.261955,0
2026-07-02 15:44:48.020537,2.341873,-0.256773,1.415299,-0.002971,1.418524,-0.002971,-0.256773,0
2026-07-02 15:44:48.022050,2.344130,-0.261955,1.415299,-0.002971,1.418524,-0.002971,-0.261955,0
2026-07-02 15:44:48.022050,2.346390,-0.261955,1.415299,-0.002971,1.418524,-0.002971,-0.261955,0
2026-07-02 15:44:48.022050,2.348647,-0.261955,1.415299,-0.002971,1.418524,-0.002971,-0.261955,0
2026-07-02 15:44:48.022050,2.350893,-0.261955,1.415299,-0.002971,1.413342,-0.002971,-0.261955,0
2026-07-02 15:44:48.032227,2.353113,-0.261955,1.415299,-0.002971,1.418524,-0.002971,-0.261955,0
2026-07-02 15:44:48.037826,2.355355,-0.261955,1.415299,-0.002971,1.413342,-0.002971,-0.261955,0
2026-07-02 15:44:48.044444,2.360391,-0.261955,1.415299,-0.002971,1.418524,-0.002971,-0.261955,0
2026-07-02 15:44:48.047325,2.367004,-0.251592,1.415299,-0.002971,1.418524,-0.002971,-0.251592,0
2026-07-02 15:44:48.062871,2.370264,-0.261955,1.415299,-0.008152,1.418524,-0.008152,-0.261955,0
2026-07-02 15:44:48.067550,2.385844,-0.256773,1.415299,-0.002971,1.413342,-0.002971,-0.256773,0
2026-07-02 15:44:48.067550,2.391551,-0.267137,1.415299,-0.002971,1.413342,-0.002971,-0.267137,0
2026-07-02 15:44:48.073285,2.394056,-0.256773,1.415299,-0.002971,1.418524,-0.002971,-0.256773,0
2026-07-02 15:44:48.073285,2.396264,-0.256773,1.415299,-0.002971,1.413342,-0.002971,-0.256773,0
2026-07-02 15:44:48.073285,2.398461,-0.256773,1.415299,-0.002971,1.413342,-0.002971,-0.256773,0
2026-07-02 15:44:48.073285,2.400698,-0.256773,1.415299,-0.002971,1.413342,-0.002971,-0.256773,0
2026-07-02 15:44:48.073285,2.403136,-0.261955,1.415299,-0.002971,1.413342,-0.002971,-0.261955,0
2026-07-02 15:44:48.083461,2.405366,-0.261955,1.415299,-0.002971,1.413342,-0.002971,-0.261955,0
2026-07-02 15:44:48.083461,2.407608,-0.251592,1.415299,-0.008152,1.413342,-0.008152,-0.251592,0
2026-07-02 15:44:48.083461,2.409875,-0.256773,1.415299,-0.002971,1.413342,-0.002971,-0.256773,0
2026-07-02 15:44:48.083461,2.412100,-0.261955,1.415299,-0.002971,1.413342,-0.002971,-0.261955,0
2026-07-02 15:44:48.093247,2.414435,-0.261955,1.415299,-0.008152,1.413342,-0.008152,-0.261955,0
2026-07-02 15:44:48.096764,2.416913,-0.251592,1.415299,-0.002971,1.418524,-0.002971,-0.251592,0
2026-07-02 15:44:48.098777,2.419387,-0.261955,1.415299,-0.002971,1.413342,-0.002971,-0.261955,0
2026-07-02 15:44:48.098777,2.421802,-0.261955,1.415299,-0.002971,1.418524,-0.002971,-0.261955,0
2026-07-02 15:44:48.103483,2.424329,-0.256773,1.415299,-0.002971,1.413342,-0.002971,-0.256773,0
2026-07-02 15:44:48.106381,2.426706,-0.251592,1.415299,-0.008152,1.413342,-0.008152,-0.251592,0
2026-07-02 15:44:48.108394,2.429111,-0.261955,1.415299,-0.008152,1.418524,-0.008152,-0.261955,0
2026-07-02 15:44:48.109532,2.431522,-0.261955,1.415299,-0.002971,1.413342,-0.002971,-0.261955,0
2026-07-02 15:44:48.113558,2.433905,-0.251592,1.415299,-0.002971,1.413342,-0.002971,-0.251592,0
2026-07-02 15:44:48.114571,2.436304,-0.261955,1.415299,-0.002971,1.413342,-0.002971,-0.261955,0
2026-07-02 15:44:48.114571,2.438873,-0.256773,1.415299,-0.002971,1.418524,-0.002971,-0.256773,0
2026-07-02 15:44:48.114571,2.441379,-0.261955,1.415299,-0.002971,1.413342,-0.002971,-0.261955,0
2026-07-02 15:44:48.122877,2.443915,-0.261955,1.415299,-0.002971,1.418524,-0.002971,-0.261955,0
2026-07-02 15:44:48.123888,2.446158,-0.256773,1.415299,-0.002971,1.413342,-0.002971,-0.256773,0
2026-07-02 15:44:48.123888,2.448391,-0.256773,1.415299,-0.002971,1.413342,-0.002971,-0.256773,0
2026-07-02 15:44:48.123888,2.450620,-0.251592,1.415299,-0.002971,1.413342,-0.002971,-0.251592,0
2026-07-02 15:44:48.123888,2.452865,-0.256773,1.415299,-0.002971,1.418524,-0.002971,-0.256773,0
2026-07-02 15:44:48.137157,2.455173,-0.256773,1.415299,-0.002971,1.418524,-0.002971,-0.256773,0
2026-07-02 15:44:48.139899,2.459913,-0.261955,1.415299,-0.002971,1.418524,-0.002971,-0.261955,0
2026-07-02 15:44:48.142544,2.463921,-0.261955,1.415299,-0.002971,1.413342,-0.002971,-0.261955,0
2026-07-02 15:44:48.145175,2.466295,-0.261955,1.415299,-0.002971,1.418524,-0.002971,-0.261955,0
2026-07-02 15:44:48.146670,2.468667,-0.261955,1.415299,-0.002971,1.418524,-0.002971,-0.261955,0
2026-07-02 15:44:48.148679,2.471005,-0.261955,1.415299,-0.002971,1.413342,-0.002971,-0.261955,0
2026-07-02 15:44:48.148679,2.473261,-0.261955,1.415299,-0.002971,1.418524,-0.002971,-0.261955,0
2026-07-02 15:44:48.154581,2.475494,-0.261955,1.415299,-0.002971,1.413342,-0.002971,-0.261955,0
2026-07-02 15:44:48.154581,2.477789,-0.261955,1.415299,-0.002971,1.413342,-0.002971,-0.261955,0
2026-07-02 15:44:48.154581,2.480022,-0.261955,1.415299,-0.002971,1.413342,-0.002971,-0.261955,0
2026-07-02 15:44:48.159912,2.482360,-0.256773,1.420479,-0.002971,1.413342,-0.002971,-0.256773,0
2026-07-02 15:44:48.159912,2.484599,-0.261955,1.415299,-0.002971,1.413342,-0.002971,-0.261955,0
2026-07-02 15:44:48.168567,2.486847,-0.256773,1.420479,-0.002971,1.413342,-0.002971,-0.256773,0
2026-07-02 15:44:48.170159,2.491434,-0.261955,1.415299,-0.002971,1.418524,-0.002971,-0.261955,0
2026-07-02 15:44:48.173253,2.493739,-0.256773,1.415299,-0.002971,1.413342,-0.002971,-0.256773,0
2026-07-02 15:44:48.174984,2.496105,-0.267137,1.415299,-0.002971,1.418524,-0.002971,-0.267137,0
2026-07-02 15:44:48.174984,2.498340,-0.256773,1.415299,-0.002971,1.413342,-0.002971,-0.256773,0
2026-07-02 15:44:48.174984,2.500596,-0.261955,1.415299,-0.002971,1.413342,-0.002971,-0.261955,0
2026-07-02 15:44:48.174984,2.502997,-0.256773,1.415299,-0.002971,1.413342,-0.002971,-0.256773,0
2026-07-02 15:44:48.185099,2.505266,-0.256773,1.415299,-0.002971,1.413342,-0.002971,-0.256773,0
2026-07-02 15:44:48.187116,2.507575,-0.261955,1.415299,-0.002971,1.418524,-0.002971,-0.261955,0
2026-07-02 15:44:48.189128,2.511128,-0.261955,1.415299,-0.002971,1.413342,-0.002971,-0.261955,0
2026-07-02 15:44:48.193240,2.513442,-0.251592,1.415299,-0.002971,1.418524,-0.002971,-0.251592,0
2026-07-02 15:44:48.196011,2.515782,-0.256773,1.415299,-0.008152,1.418524,-0.008152,-0.256773,0
2026-07-02 15:44:48.196011,2.518826,-0.251592,1.415299,-0.002971,1.418524,-0.002971,-0.251592,0
2026-07-02 15:44:48.196011,2.521072,-0.261955,1.415299,-0.002971,1.413342,-0.002971,-0.261955,0
2026-07-02 15:44:48.196011,2.523466,-0.261955,1.415299,-0.002971,1.418524,-0.002971,-0.261955,0
2026-07-02 15:44:48.207333,2.525702,-0.261955,1.415299,-0.002971,1.413342,-0.002971,-0.261955,0
2026-07-02 15:44:48.209351,2.531454,-0.261955,1.415299,-0.002971,1.413342,-0.002971,-0.261955,0
2026-07-02 15:44:48.209351,2.533819,-0.261955,1.415299,-0.008152,1.413342,-0.008152,-0.261955,0
2026-07-02 15:44:48.217700,2.536057,-0.261955,1.415299,-0.002971,1.418524,-0.002971,-0.261955,0
2026-07-02 15:44:48.221051,2.540337,-0.256773,1.415299,-0.002971,1.413342,-0.002971,-0.256773,0
2026-07-02 15:44:48.221577,2.543842,-0.261955,1.415299,-0.002971,1.413342,-0.002971,-0.261955,0
2026-07-02 15:44:48.225963,2.546384,-0.251592,1.415299,-0.002971,1.418524,-0.002971,-0.251592,0
2026-07-02 15:44:48.225963,2.548709,-0.256773,1.415299,-0.002971,1.413342,-0.002971,-0.256773,0
2026-07-02 15:44:48.225963,2.550945,-0.256773,1.415299,-0.002971,1.418524,-0.002971,-0.256773,0
2026-07-02 15:44:48.225963,2.553176,-0.261955,1.415299,-0.002971,1.413342,-0.002971,-0.261955,0
2026-07-02 15:44:48.225963,2.555455,-0.256773,1.420479,-0.002971,1.418524,-0.002971,-0.256773,0
2026-07-02 15:44:48.236238,2.557662,-0.261955,1.415299,-0.002971,1.418524,-0.002971,-0.261955,0
2026-07-02 15:44:48.236238,2.559857,-0.256773,1.415299,-0.002971,1.413342,-0.002971,-0.256773,0
2026-07-02 15:44:48.236238,2.562040,-0.256773,1.415299,-0.002971,1.413342,-0.002971,-0.256773,0
2026-07-02 15:44:48.243747,2.564486,-0.261955,1.415299,-0.002971,1.418524,-0.002971,-0.261955,0
2026-07-02 15:44:48.246564,2.566807,-0.261955,1.415299,0.002211,1.418524,0.002211,-0.261955,0
2026-07-02 15:44:48.250767,2.569175,-0.261955,1.415299,-0.002971,1.413342,-0.002971,-0.261955,0
2026-07-02 15:44:48.252779,2.574621,-0.256773,1.415299,-0.002971,1.413342,-0.002971,-0.256773,0
2026-07-02 15:44:48.255311,2.576952,-0.261955,1.415299,-0.002971,1.413342,-0.002971,-0.261955,0
2026-07-02 15:44:48.257059,2.579224,-0.251592,1.415299,-0.002971,1.418524,-0.002971,-0.251592,0
2026-07-02 15:44:48.259247,2.581419,-0.261955,1.415299,-0.002971,1.413342,-0.002971,-0.261955,0
2026-07-02 15:44:48.259247,2.583730,-0.261955,1.415299,-0.008152,1.418524,-0.008152,-0.261955,0
2026-07-02 15:44:48.259247,2.585975,-0.261955,1.415299,-0.002971,1.413342,-0.002971,-0.261955,0
2026-07-02 15:44:48.267267,2.588185,-0.261955,1.415299,-0.002971,1.413342,-0.002971,-0.261955,0
2026-07-02 15:44:48.270367,2.590372,-0.261955,1.415299,-0.002971,1.413342,-0.002971,-0.261955,0
2026-07-02 15:44:48.273405,2.593934,-0.256773,1.415299,-0.002971,1.413342,-0.002971,-0.256773,0
2026-07-02 15:44:48.274635,2.596279,-0.256773,1.415299,-0.002971,1.413342,-0.002971,-0.256773,0
2026-07-02 15:44:48.284095,2.598547,-0.261955,1.415299,-0.002971,1.413342,-0.002971,-0.261955,0
2026-07-02 15:44:48.287110,2.607567,-0.261955,1.415299,-0.002971,1.413342,-0.002971,-0.261955,0
2026-07-02 15:44:48.288251,2.609876,-0.256773,1.415299,-0.002971,1.413342,-0.002971,-0.256773,0
2026-07-02 15:44:48.292383,2.612185,-0.261955,1.415299,-0.002971,1.418524,-0.002971,-0.261955,0
2026-07-02 15:44:48.292383,2.614843,-0.261955,1.415299,-0.002971,1.413342,-0.002971,-0.261955,0
2026-07-02 15:44:48.296730,2.617078,-0.261955,1.415299,-0.002971,1.418524,-0.002971,-0.261955,0
2026-07-02 15:44:48.297667,2.619374,-0.256773,1.415299,-0.008152,1.413342,-0.008152,-0.256773,0
2026-07-02 15:44:48.297667,2.621645,-0.261955,1.415299,-0.002971,1.413342,-0.002971,-0.261955,0
2026-07-02 15:44:48.301583,2.623914,-0.251592,1.415299,-0.002971,1.418524,-0.002971,-0.251592,0
2026-07-02 15:44:48.306428,2.626178,-0.261955,1.415299,-0.002971,1.413342,-0.002971,-0.261955,0
2026-07-02 15:44:48.309889,2.628982,-0.261955,1.415299,-0.002971,1.413342,-0.002971,-0.261955,0
2026-07-02 15:44:48.313096,2.633491,-0.261955,1.415299,-0.002971,1.413342,-0.002971,-0.261955,0
2026-07-02 15:44:48.315666,2.635767,-0.261955,1.415299,-0.002971,1.418524,-0.002971,-0.261955,0
2026-07-02 15:44:48.317739,2.638342,-0.261955,1.415299,-0.002971,1.418524,-0.002971,-0.261955,0
2026-07-02 15:44:48.317739,2.640606,-0.256773,1.415299,-0.002971,1.413342,-0.002971,-0.256773,0
2026-07-02 15:44:48.317739,2.642871,-0.261955,1.415299,-0.002971,1.413342,-0.002971,-0.261955,0
2026-07-02 15:44:48.324194,2.645089,-0.261955,1.415299,-0.002971,1.413342,-0.002971,-0.261955,0
2026-07-02 15:44:48.325951,2.647820,-0.256773,1.415299,-0.002971,1.413342,-0.002971,-0.256773,0
2026-07-02 15:44:48.327911,2.650178,-0.261955,1.415299,-0.002971,1.413342,-0.002971,-0.261955,0
2026-07-02 15:44:48.327911,2.652460,-0.256773,1.415299,-0.002971,1.413342,-0.002971,-0.256773,0
2026-07-02 15:44:48.327911,2.654694,-0.256773,1.415299,-0.002971,1.418524,-0.002971,-0.256773,0
2026-07-02 15:44:48.342748,2.656917,-0.261955,1.415299,-0.002971,1.413342,-0.002971,-0.261955,0
2026-07-02 15:44:48.346545,2.665628,-0.261955,1.415299,-0.002971,1.413342,-0.002971,-0.261955,0
2026-07-02 15:44:48.351370,2.669386,-0.261955,1.415299,-0.002971,1.418524,-0.002971,-0.261955,0
2026-07-02 15:44:48.356147,2.675370,-0.261955,1.415299,-0.002971,1.413342,-0.002971,-0.261955,0
2026-07-02 15:44:48.359452,2.679131,-0.261955,1.415299,-0.002971,1.413342,-0.002971,-0.261955,0
2026-07-02 15:44:48.362201,2.681989,-0.267137,1.415299,-0.002971,1.413342,-0.002971,-0.267137,0
2026-07-02 15:44:48.364712,2.684943,-0.261955,1.415299,-0.002971,1.413342,-0.002971,-0.261955,0
2026-07-02 15:44:48.366463,2.687246,-0.256773,1.415299,-0.002971,1.413342,-0.002971,-0.256773,0
2026-07-02 15:44:48.370490,2.690128,-0.251592,1.415299,-0.002971,1.413342,-0.002971,-0.251592,0
2026-07-02 15:44:48.372503,2.694709,-0.261955,1.415299,-0.002971,1.413342,-0.002971,-0.261955,0
2026-07-02 15:44:48.376498,2.697042,-0.261955,1.415299,-0.002971,1.413342,-0.002971,-0.261955,0
2026-07-02 15:44:48.378513,2.699438,-0.261955,1.415299,-0.002971,1.418524,-0.002971,-0.261955,0
2026-07-02 15:44:48.380523,2.701844,-0.261955,1.415299,-0.002971,1.413342,-0.002971,-0.261955,0
2026-07-02 15:44:48.382531,2.704239,-0.261955,1.415299,-0.002971,1.418524,-0.002971,-0.261955,0
2026-07-02 15:44:48.386551,2.706639,-0.261955,1.415299,-0.002971,1.413342,-0.002971,-0.261955,0
2026-07-02 15:44:48.386551,2.709067,-0.256773,1.415299,-0.002971,1.413342,-0.002971,-0.256773,0
2026-07-02 15:44:48.390104,2.711405,-0.267137,1.415299,-0.002971,1.418524,-0.002971,-0.267137,0
2026-07-02 15:44:48.394130,2.713756,-0.261955,1.415299,-0.002971,1.413342,-0.002971,-0.261955,0
2026-07-02 15:44:48.398160,2.716989,-0.267137,1.415299,-0.002971,1.418524,-0.002971,-0.267137,0
2026-07-02 15:44:48.401040,2.721902,-0.256773,1.415299,-0.002971,1.418524,-0.002971,-0.256773,0
2026-07-02 15:44:48.403050,2.724562,-0.261955,1.415299,-0.002971,1.413342,-0.002971,-0.261955,0
2026-07-02 15:44:48.406564,2.726976,-0.256773,1.415299,-0.002971,1.413342,-0.002971,-0.256773,0
2026-07-02 15:44:48.408573,2.729620,-0.261955,1.415299,-0.002971,1.413342,-0.002971,-0.261955,0
2026-07-02 15:44:48.408573,2.732000,-0.256773,1.415299,-0.002971,1.413342,-0.002971,-0.256773,0
2026-07-02 15:44:48.413750,2.734261,-0.261955,1.415299,-0.002971,1.418524,-0.002971,-0.261955,0
2026-07-02 15:44:48.416806,2.736578,-0.256773,1.415299,-0.002971,1.413342,-0.002971,-0.256773,0
2026-07-02 15:44:48.419666,2.739856,-0.261955,1.415299,-0.002971,1.413342,-0.002971,-0.261955,0
2026-07-02 15:44:48.421676,2.742110,-0.261955,1.415299,-0.002971,1.413342,-0.002971,-0.261955,0
2026-07-02 15:44:48.423691,2.744448,-0.256773,1.415299,-0.002971,1.413342,-0.002971,-0.256773,0
2026-07-02 15:44:48.426716,2.746858,-0.261955,1.415299,-0.002971,1.413342,-0.002971,-0.261955,0
2026-07-02 15:44:48.428728,2.749480,-0.256773,1.415299,-0.002971,1.418524,-0.002971,-0.256773,0
2026-07-02 15:44:48.430744,2.751910,-0.256773,1.415299,-0.002971,1.418524,-0.002971,-0.256773,0
2026-07-02 15:44:48.432757,2.754329,-0.261955,1.415299,-0.002971,1.413342,-0.002971,-0.261955,0
2026-07-02 15:44:48.434767,2.756729,-0.256773,1.415299,-0.002971,1.413342,-0.002971,-0.256773,0
2026-07-02 15:44:48.441404,2.759126,-0.256773,1.415299,-0.002971,1.418524,-0.002971,-0.256773,0
2026-07-02 15:44:48.443415,2.765113,-0.261955,1.415299,-0.002971,1.418524,-0.002971,-0.261955,0
2026-07-02 15:44:48.447176,2.767653,-0.256773,1.415299,-0.002971,1.413342,-0.002971,-0.256773,0
2026-07-02 15:44:48.449187,2.770669,-0.261955,1.415299,-0.002971,1.418524,-0.002971,-0.261955,0
2026-07-02 15:44:48.453208,2.773305,-0.256773,1.415299,-0.002971,1.418524,-0.002971,-0.256773,0
2026-07-02 15:44:48.455218,2.775788,-0.256773,1.415299,-0.002971,1.418524,-0.002971,-0.256773,0
2026-07-02 15:44:48.457226,2.778190,-0.267137,1.415299,-0.002971,1.418524,-0.002971,-0.267137,0
2026-07-02 15:44:48.461246,2.781342,-0.261955,1.415299,-0.002971,1.413342,-0.002971,-0.261955,0
2026-07-02 15:44:48.463254,2.783769,-0.261955,1.415299,-0.002971,1.413342,-0.002971,-0.261955,0
2026-07-02 15:44:48.465261,2.786168,-0.256773,1.415299,-0.002971,1.413342,-0.002971,-0.256773,0
2026-07-02 15:44:48.467856,2.788654,-0.256773,1.415299,-0.002971,1.413342,-0.002971,-0.256773,0
2026-07-02 15:44:48.467856,2.791109,-0.261955,1.415299,-0.002971,1.418524,-0.002971,-0.261955,0
2026-07-02 15:44:48.467856,2.793546,-0.251592,1.415299,-0.002971,1.413342,-0.002971,-0.251592,0
2026-07-02 15:44:48.467856,2.795957,-0.256773,1.415299,-0.002971,1.413342,-0.002971,-0.256773,0
2026-07-02 15:44:48.477584,2.798268,-0.251592,1.415299,-0.002971,1.413342,-0.002971,-0.251592,0
2026-07-02 15:44:48.479598,2.800599,-0.261955,1.415299,-0.002971,1.413342,-0.002971,-0.261955,0
2026-07-02 15:44:48.481610,2.802942,-0.267137,1.415299,-0.002971,1.413342,-0.002971,-0.267137,0
2026-07-02 15:44:48.481610,2.805267,-0.256773,1.415299,-0.002971,1.413342,-0.002971,-0.256773,0
2026-07-02 15:44:48.487229,2.807701,-0.261955,1.415299,-0.002971,1.413342,-0.002971,-0.261955,0
2026-07-02 15:44:48.487229,2.810197,-0.261955,1.415299,-0.002971,1.418524,-0.002971,-0.261955,0
2026-07-02 15:44:48.487229,2.812585,-0.261955,1.415299,-0.002971,1.418524,-0.002971,-0.261955,0
2026-07-02 15:44:48.494063,2.814930,-0.261955,1.415299,0.002211,1.413342,0.002211,-0.261955,0
2026-07-02 15:44:48.494063,2.817344,-0.261955,1.415299,-0.002971,1.413342,-0.002971,-0.261955,0
2026-07-02 15:44:48.499526,2.819665,-0.267137,1.415299,-0.002971,1.413342,-0.002971,-0.267137,0
2026-07-02 15:44:48.499526,2.821984,-0.261955,1.415299,-0.002971,1.413342,-0.002971,-0.261955,0
2026-07-02 15:44:48.499526,2.824308,-0.251592,1.415299,-0.002971,1.413342,-0.002971,-0.251592,0
2026-07-02 15:44:48.505735,2.826497,-0.261955,1.415299,-0.008152,1.413342,-0.008152,-0.261955,0
2026-07-02 15:44:48.507749,2.828809,-0.256773,1.415299,-0.002971,1.413342,-0.002971,-0.256773,0
2026-07-02 15:44:48.507749,2.831539,-0.251592,1.415299,-0.002971,1.413342,-0.002971,-0.251592,0
2026-07-02 15:44:48.507749,2.833766,-0.256773,1.415299,-0.002971,1.413342,-0.002971,-0.256773,0
2026-07-02 15:44:48.514714,2.836001,-0.261955,1.415299,-0.002971,1.418524,-0.002971,-0.261955,0
2026-07-02 15:44:48.517818,2.838185,-0.261955,1.415299,-0.002971,1.418524,-0.002971,-0.261955,0
2026-07-02 15:44:48.518474,2.840505,-0.256773,1.415299,-0.002971,1.413342,-0.002971,-0.256773,0
2026-07-02 15:44:48.522492,2.842777,-0.261955,1.415299,-0.002971,1.418524,-0.002971,-0.261955,0
2026-07-02 15:44:48.524508,2.845036,-0.256773,1.415299,-0.002971,1.413342,-0.002971,-0.256773,0
2026-07-02 15:44:48.526019,2.847300,-0.261955,1.415299,-0.002971,1.418524,-0.002971,-0.261955,0
2026-07-02 15:44:48.528027,2.849486,-0.261955,1.415299,-0.002971,1.413342,-0.002971,-0.261955,0
2026-07-02 15:44:48.531401,2.851754,-0.256773,1.415299,-0.002971,1.418524,-0.002971,-0.256773,0
2026-07-02 15:44:48.533414,2.854125,-0.261955,1.415299,-0.002971,1.418524,-0.002971,-0.261955,0
2026-07-02 15:44:48.533414,2.856658,-0.261955,1.415299,-0.002971,1.413342,-0.002971,-0.261955,0
2026-07-02 15:44:48.538401,2.859125,-0.256773,1.415299,-0.002971,1.418524,-0.002971,-0.256773,0
2026-07-02 15:44:48.540424,2.861371,-0.256773,1.415299,-0.008152,1.418524,-0.008152,-0.256773,0
2026-07-02 15:44:48.543218,2.863634,-0.261955,1.415299,-0.002971,1.418524,-0.002971,-0.261955,0
2026-07-02 15:44:48.543218,2.865850,-0.261955,1.415299,-0.002971,1.418524,-0.002971,-0.261955,0
2026-07-02 15:44:48.546454,2.868085,-0.256773,1.415299,-0.002971,1.418524,-0.002971,-0.256773,0
2026-07-02 15:44:48.548466,2.870328,-0.251592,1.415299,-0.002971,1.413342,-0.002971,-0.251592,0
2026-07-02 15:44:48.552486,2.872670,-0.261955,1.415299,-0.002971,1.413342,-0.002971,-0.261955,0
2026-07-02 15:44:48.554499,2.874932,-0.256773,1.415299,-0.002971,1.413342,-0.002971,-0.256773,0
2026-07-02 15:44:48.556512,2.877156,-0.256773,1.415299,-0.002971,1.418524,-0.002971,-0.256773,0
2026-07-02 15:44:48.558520,2.879374,-0.256773,1.415299,-0.002971,1.413342,-0.002971,-0.256773,0
2026-07-02 15:44:48.560535,2.881603,-0.267137,1.415299,-0.002971,1.413342,-0.002971,-0.267137,0
2026-07-02 15:44:48.562551,2.883992,-0.261955,1.415299,-0.002971,1.413342,-0.002971,-0.261955,0
2026-07-02 15:44:48.564567,2.886406,-0.256773,1.415299,-0.002971,1.413342,-0.002971,-0.256773,0
2026-07-02 15:44:48.564567,2.888695,-0.261955,1.415299,-0.002971,1.418524,-0.002971,-0.261955,0
2026-07-02 15:44:48.569829,2.890910,-0.256773,1.415299,-0.002971,1.413342,-0.002971,-0.256773,0
2026-07-02 15:44:48.571834,2.893194,-0.261955,1.415299,-0.002971,1.413342,-0.002971,-0.261955,0
2026-07-02 15:44:48.573841,2.895584,-0.256773,1.415299,-0.002971,1.413342,-0.002971,-0.256773,0
2026-07-02 15:44:48.577851,2.898091,-0.261955,1.415299,-0.002971,1.413342,-0.002971,-0.261955,0
2026-07-02 15:44:48.579355,2.900363,-0.261955,1.415299,-0.008152,1.418524,-0.008152,-0.261955,0
2026-07-02 15:44:48.581359,2.902691,-0.256773,1.415299,-0.002971,1.413342,-0.002971,-0.256773,0
2026-07-02 15:44:48.583366,2.904929,-0.261955,1.415299,-0.002971,1.418524,-0.002971,-0.261955,0
2026-07-02 15:44:48.585370,2.907179,-0.261955,1.415299,-0.002971,1.413342,-0.002971,-0.261955,0
2026-07-02 15:44:48.587382,2.909398,-0.251592,1.415299,-0.002971,1.413342,-0.002971,-0.251592,0
2026-07-02 15:44:48.591390,2.911621,-0.267137,1.415299,-0.002971,1.413342,-0.002971,-0.267137,0
2026-07-02 15:44:48.595406,2.915574,-0.261955,1.415299,-0.002971,1.418524,-0.002971,-0.261955,0
2026-07-02 15:44:48.597409,2.917893,-0.261955,1.415299,-0.002971,1.413342,-0.002971,-0.261955,0
2026-07-02 15:44:48.599413,2.920123,-0.261955,1.415299,-0.002971,1.413342,-0.002971,-0.261955,0
2026-07-02 15:44:48.601423,2.923347,-0.261955,1.415299,-0.002971,1.413342,-0.002971,-0.261955,0
2026-07-02 15:44:48.603426,2.925580,-0.261955,1.415299,-0.002971,1.418524,-0.002971,-0.261955,0
2026-07-02 15:44:48.603426,2.927937,-0.261955,1.415299,-0.002971,1.413342,-0.002971,-0.261955,0
2026-07-02 15:44:48.609775,2.930167,-0.256773,1.415299,-0.002971,1.413342,-0.002971,-0.256773,0
2026-07-02 15:44:48.609775,2.932538,-0.256773,1.415299,-0.002971,1.418524,-0.002971,-0.256773,0
2026-07-02 15:44:48.609775,2.934778,-0.261955,1.415299,-0.002971,1.418524,-0.002971,-0.261955,0
2026-07-02 15:44:48.614986,2.937007,-0.261955,1.415299,-0.002971,1.418524,-0.002971,-0.261955,0
2026-07-02 15:44:48.614986,2.939159,-0.261955,1.415299,-0.002971,1.413342,-0.002971,-0.261955,0
2026-07-02 15:44:48.620746,2.941345,-0.261955,1.415299,-0.002971,1.418524,-0.002971,-0.261955,0
2026-07-02 15:44:48.622783,2.943697,-0.261955,1.415299,-0.002971,1.418524,-0.002971,-0.261955,0
2026-07-02 15:44:48.624796,2.946123,-0.261955,1.415299,-0.002971,1.413342,-0.002971,-0.261955,0
2026-07-02 15:44:48.626813,2.948478,-0.256773,1.415299,-0.002971,1.413342,-0.002971,-0.256773,0
2026-07-02 15:44:48.629743,2.950982,-0.261955,1.415299,0.002211,1.413342,0.002211,-0.261955,0
2026-07-02 15:44:48.633767,2.953542,-0.261955,1.415299,-0.002971,1.413342,-0.002971,-0.261955,0
2026-07-02 15:44:48.636371,2.956474,-0.267137,1.415299,-0.002971,1.413342,-0.002971,-0.267137,0
2026-07-02 15:44:48.638386,2.958850,-0.256773,1.415299,-0.002971,1.413342,-0.002971,-0.256773,0
2026-07-02 15:44:48.640144,2.961270,-0.261955,1.415299,-0.002971,1.413342,-0.002971,-0.261955,0
2026-07-02 15:44:48.640144,2.963626,-0.256773,1.415299,-0.002971,1.413342,-0.002971,-0.256773,0
2026-07-02 15:44:48.640144,2.966163,-0.251592,1.415299,-0.002971,1.418524,-0.002971,-0.251592,0
2026-07-02 15:44:48.640144,2.968568,-0.261955,1.415299,-0.002971,1.418524,-0.002971,-0.261955,0
2026-07-02 15:44:48.650350,2.971106,-0.261955,1.415299,-0.002971,1.413342,-0.002971,-0.261955,0
2026-07-02 15:44:48.651518,2.973497,-0.256773,1.415299,-0.002971,1.413342,-0.002971,-0.256773,0
2026-07-02 15:44:48.651518,2.975765,-0.261955,1.415299,-0.002971,1.418524,-0.002971,-0.261955,0
2026-07-02 15:44:48.651518,2.978249,-0.267137,1.415299,-0.002971,1.418524,-0.002971,-0.267137,0
2026-07-02 15:44:48.660448,2.980717,-0.256773,1.415299,-0.002971,1.413342,-0.002971,-0.256773,0
2026-07-02 15:44:48.662022,2.983587,-0.261955,1.415299,-0.002971,1.418524,-0.002971,-0.261955,0
2026-07-02 15:44:48.664031,2.985985,-0.251592,1.415299,-0.008152,1.413342,-0.008152,-0.251592,0
2026-07-02 15:44:48.666044,2.988418,-0.261955,1.415299,-0.002971,1.413342,-0.002971,-0.261955,0
2026-07-02 15:44:48.670545,2.990721,-0.267137,1.415299,-0.002971,1.418524,-0.002971,-0.267137,0
2026-07-02 15:44:48.672563,2.993060,-0.251592,1.415299,-0.002971,1.413342,-0.002971,-0.251592,0
2026-07-02 15:44:48.674580,2.995409,-0.261955,1.415299,-0.002971,1.413342,-0.002971,-0.261955,0
2026-07-02 15:44:48.676597,2.997647,-0.261955,1.415299,-0.002971,1.413342,-0.002971,-0.261955,0
2026-07-02 15:44:48.678609,3.000020,-0.261955,1.415299,-0.008152,1.413342,-0.008152,-0.261955,0
2026-07-02 15:44:48.681129,3.002335,-0.256773,1.415299,-0.002971,1.413342,-0.002971,-0.256773,0
2026-07-02 15:44:48.681129,3.004621,-0.261955,1.415299,-0.002971,1.413342,-0.002971,-0.261955,0
2026-07-02 15:44:48.686510,3.006967,-0.261955,1.415299,-0.002971,1.413342,-0.002971,-0.261955,0
2026-07-02 15:44:48.689061,3.009218,-0.261955,1.415299,-0.002971,1.413342,-0.002971,-0.261955,0
2026-07-02 15:44:48.690699,3.011601,-0.256773,1.415299,-0.002971,1.413342,-0.002971,-0.256773,0
2026-07-02 15:44:48.692497,3.013890,-0.251592,1.415299,-0.002971,1.418524,-0.002971,-0.251592,0
2026-07-02 15:44:48.694511,3.016244,-0.256773,1.415299,-0.002971,1.413342,-0.002971,-0.256773,0
2026-07-02 15:44:48.697574,3.018684,-0.261955,1.415299,-0.002971,1.413342,-0.002971,-0.261955,0
2026-07-02 15:44:48.700870,3.021169,-0.261955,1.415299,-0.002971,1.413342,-0.002971,-0.261955,0
2026-07-02 15:44:48.700870,3.023590,-0.267137,1.415299,-0.002971,1.413342,-0.002971,-0.267137,0
2026-07-02 15:44:48.700870,3.025910,-0.256773,1.415299,-0.002971,1.418524,-0.002971,-0.256773,0
2026-07-02 15:44:48.707366,3.028153,-0.256773,1.415299,-0.002971,1.413342,-0.002971,-0.256773,0
2026-07-02 15:44:48.709405,3.030385,-0.261955,1.415299,-0.002971,1.418524,-0.002971,-0.261955,0
2026-07-02 15:44:48.711164,3.032651,-0.261955,1.415299,-0.002971,1.418524,-0.002971,-0.261955,0
2026-07-02 15:44:48.713783,3.034865,-0.261955,1.415299,-0.002971,1.413342,-0.002971,-0.261955,0
2026-07-02 15:44:48.715296,3.037109,-0.261955,1.415299,-0.002971,1.413342,-0.002971,-0.261955,0
2026-07-02 15:44:48.717329,3.039401,-0.256773,1.415299,-0.002971,1.418524,-0.002971,-0.256773,0
2026-07-02 15:44:48.721347,3.041667,-0.261955,1.415299,-0.002971,1.413342,-0.002971,-0.261955,0
2026-07-02 15:44:48.723365,3.043992,-0.251592,1.415299,-0.002971,1.413342,-0.002971,-0.251592,0
2026-07-02 15:44:48.725379,3.046238,-0.261955,1.415299,-0.002971,1.418524,-0.002971,-0.261955,0
2026-07-02 15:44:48.727397,3.048567,-0.261955,1.415299,-0.002971,1.413342,-0.002971,-0.261955,0
2026-07-02 15:44:48.727397,3.050992,-0.256773,1.415299,-0.002971,1.418524,-0.002971,-0.256773,0
2026-07-02 15:44:48.731839,3.053423,-0.261955,1.415299,-0.002971,1.413342,-0.002971,-0.261955,0
2026-07-02 15:44:48.731839,3.055838,-0.261955,1.415299,-0.002971,1.413342,-0.002971,-0.261955,0
2026-07-02 15:44:48.731839,3.058236,-0.256773,1.415299,-0.002971,1.418524,-0.002971,-0.256773,0
2026-07-02 15:44:48.731839,3.060628,-0.261955,1.415299,-0.002971,1.418524,-0.002971,-0.261955,0
2026-07-02 15:44:48.742038,3.063022,-0.256773,1.420479,-0.002971,1.418524,-0.002971,-0.256773,0
2026-07-02 15:44:48.742038,3.065171,-0.261955,1.415299,-0.002971,1.418524,-0.002971,-0.261955,0
2026-07-02 15:44:48.742038,3.067573,-0.256773,1.415299,-0.002971,1.418524,-0.002971,-0.256773,0
2026-07-02 15:44:48.742038,3.069980,-0.261955,1.415299,-0.002971,1.413342,-0.002971,-0.261955,0
2026-07-02 15:44:48.751482,3.072251,-0.261955,1.415299,-0.002971,1.413342,-0.002971,-0.261955,0
2026-07-02 15:44:48.754507,3.074665,-0.261955,1.415299,-0.002971,1.418524,-0.002971,-0.261955,0
2026-07-02 15:44:48.756522,3.077038,-0.256773,1.415299,-0.002971,1.413342,-0.002971,-0.256773,0
2026-07-02 15:44:48.758537,3.079451,-0.251592,1.415299,-0.002971,1.413342,-0.002971,-0.251592,0
2026-07-02 15:44:48.760551,3.081931,-0.261955,1.415299,-0.002971,1.413342,-0.002971,-0.261955,0
2026-07-02 15:44:48.762564,3.084301,-0.261955,1.415299,-0.002971,1.418524,-0.002971,-0.261955,0
2026-07-02 15:44:48.764573,3.086524,-0.256773,1.415299,-0.002971,1.413342,-0.002971,-0.256773,0
2026-07-02 15:44:48.767813,3.088756,-0.267137,1.415299,-0.002971,1.418524,-0.002971,-0.267137,0
2026-07-02 15:44:48.769825,3.091176,-0.261955,1.415299,-0.002971,1.418524,-0.002971,-0.261955,0
2026-07-02 15:44:48.772854,3.093491,-0.256773,1.415299,-0.002971,1.418524,-0.002971,-0.256773,0
2026-07-02 15:44:48.774874,3.095813,-0.261955,1.415299,-0.008152,1.413342,-0.008152,-0.261955,0
2026-07-02 15:44:48.774874,3.098004,-0.261955,1.415299,-0.002971,1.413342,-0.002971,-0.261955,0
2026-07-02 15:44:48.779367,3.100400,-0.261955,1.415299,-0.002971,1.413342,-0.002971,-0.261955,0
2026-07-02 15:44:48.781381,3.102788,-0.261955,1.415299,-0.002971,1.413342,-0.002971,-0.261955,0
2026-07-02 15:44:48.783131,3.105126,-0.256773,1.415299,-0.002971,1.413342,-0.002971,-0.256773,0
2026-07-02 15:44:48.783131,3.107359,-0.251592,1.415299,-0.002971,1.413342,-0.002971,-0.251592,0
2026-07-02 15:44:48.787654,3.109698,-0.256773,1.415299,-0.002971,1.418524,-0.002971,-0.256773,0
2026-07-02 15:44:48.791670,3.112080,-0.267137,1.415299,-0.002971,1.413342,-0.002971,-0.267137,0
2026-07-02 15:44:48.794775,3.114345,-0.261955,1.415299,-0.002971,1.418524,-0.002971,-0.261955,0
2026-07-02 15:44:48.796788,3.117244,-0.261955,1.415299,-0.002971,1.418524,-0.002971,-0.261955,0
2026-07-02 15:44:48.798804,3.119591,-0.261955,1.415299,-0.002971,1.413342,-0.002971,-0.261955,0
2026-07-02 15:44:48.798804,3.121954,-0.256773,1.415299,-0.002971,1.418524,-0.002971,-0.256773,0
2026-07-02 15:44:48.803730,3.124288,-0.261955,1.415299,-0.002971,1.413342,-0.002971,-0.261955,0
2026-07-02 15:44:48.803730,3.126606,-0.261955,1.415299,-0.002971,1.413342,-0.002971,-0.261955,0
2026-07-02 15:44:48.803730,3.129060,-0.261955,1.415299,-0.002971,1.418524,-0.002971,-0.261955,0
2026-07-02 15:44:48.803730,3.131439,-0.251592,1.415299,-0.002971,1.413342,-0.002971,-0.251592,0
2026-07-02 15:44:48.813488,3.133693,-0.261955,1.415299,-0.002971,1.413342,-0.002971,-0.261955,0
2026-07-02 15:44:48.817695,3.135943,-0.261955,1.415299,-0.002971,1.413342,-0.002971,-0.261955,0
2026-07-02 15:44:48.818747,3.140197,-0.251592,1.415299,-0.008152,1.413342,-0.008152,-0.251592,0
2026-07-02 15:44:48.821764,3.143007,-0.256773,1.415299,-0.002971,1.418524,-0.002971,-0.256773,0
2026-07-02 15:44:48.826269,3.145308,-0.256773,1.415299,-0.002971,1.413342,-0.002971,-0.256773,0
2026-07-02 15:44:48.829990,3.148739,-0.256773,1.415299,-0.002971,1.413342,-0.002971,-0.256773,0
2026-07-02 15:44:48.832005,3.152836,-0.261955,1.415299,-0.002971,1.413342,-0.002971,-0.261955,0
2026-07-02 15:44:48.832005,3.155162,-0.256773,1.415299,-0.002971,1.413342,-0.002971,-0.256773,0
2026-07-02 15:44:48.832005,3.157523,-0.261955,1.415299,-0.002971,1.418524,-0.002971,-0.261955,0
2026-07-02 15:44:48.832005,3.160051,-0.256773,1.415299,-0.002971,1.413342,-0.002971,-0.256773,0
2026-07-02 15:44:48.842226,3.162261,-0.261955,1.415299,-0.002971,1.418524,-0.002971,-0.261955,0
2026-07-02 15:44:48.842226,3.165228,-0.256773,1.415299,-0.002971,1.413342,-0.002971,-0.256773,0
2026-07-02 15:44:48.842226,3.167555,-0.251592,1.415299,-0.002971,1.413342,-0.002971,-0.251592,0
2026-07-02 15:44:48.842226,3.169825,-0.267137,1.415299,-0.002971,1.418524,-0.002971,-0.267137,0
2026-07-02 15:44:48.842226,3.172026,-0.256773,1.415299,-0.002971,1.418524,-0.002971,-0.256773,0
2026-07-02 15:44:48.853313,3.174749,-0.261955,1.415299,-0.002971,1.418524,-0.002971,-0.261955,0
2026-07-02 15:44:48.853313,3.177253,-0.261955,1.415299,-0.002971,1.418524,-0.002971,-0.261955,0
2026-07-02 15:44:48.858728,3.179465,-0.261955,1.415299,-0.002971,1.413342,-0.002971,-0.261955,0
2026-07-02 15:44:48.858728,3.181673,-0.261955,1.415299,-0.008152,1.413342,-0.008152,-0.261955,0
2026-07-02 15:44:48.863981,3.183859,-0.261955,1.415299,-0.002971,1.413342,-0.002971,-0.261955,0
2026-07-02 15:44:48.865994,3.187298,-0.256773,1.415299,-0.002971,1.413342,-0.002971,-0.256773,0
2026-07-02 15:44:48.868007,3.189845,-0.256773,1.415299,-0.002971,1.418524,-0.002971,-0.256773,0
2026-07-02 15:44:48.870020,3.192261,-0.261955,1.415299,-0.002971,1.413342,-0.002971,-0.261955,0
2026-07-02 15:44:48.872733,3.194804,-0.256773,1.415299,-0.002971,1.418524,-0.002971,-0.256773,0
2026-07-02 15:44:48.877085,3.197650,-0.261955,1.415299,-0.002971,1.413342,-0.002971,-0.261955,0
2026-07-02 15:44:48.877085,3.200122,-0.261955,1.415299,-0.002971,1.413342,-0.002971,-0.261955,0
2026-07-02 15:44:48.877085,3.202640,-0.256773,1.415299,-0.002971,1.413342,-0.002971,-0.256773,0
2026-07-02 15:44:48.883139,3.204953,-0.256773,1.415299,-0.002971,1.418524,-0.002971,-0.256773,0
2026-07-02 15:44:48.883139,3.207402,-0.251592,1.415299,-0.002971,1.413342,-0.002971,-0.251592,0
2026-07-02 15:44:48.883139,3.209918,-0.256773,1.415299,-0.002971,1.413342,-0.002971,-0.256773,0
2026-07-02 15:44:48.883139,3.212317,-0.251592,1.415299,-0.002971,1.413342,-0.002971,-0.251592,0
2026-07-02 15:44:48.894030,3.214614,-0.261955,1.415299,-0.002971,1.418524,-0.002971,-0.261955,0
2026-07-02 15:44:48.894030,3.216990,-0.256773,1.415299,-0.002971,1.418524,-0.002971,-0.256773,0
2026-07-02 15:44:48.897572,3.219370,-0.261955,1.415299,-0.002971,1.413342,-0.002971,-0.261955,0
2026-07-02 15:44:48.899585,3.221752,-0.261955,1.415299,-0.002971,1.418524,-0.002971,-0.261955,0
2026-07-02 15:44:48.903371,3.224270,-0.261955,1.415299,-0.002971,1.418524,-0.002971,-0.261955,0
2026-07-02 15:44:48.905461,3.226608,-0.267137,1.415299,-0.002971,1.418524,-0.002971,-0.267137,0
2026-07-02 15:44:48.907475,3.228973,-0.267137,1.415299,-0.002971,1.413342,-0.002971,-0.267137,0
2026-07-02 15:44:48.907475,3.231167,-0.261955,1.415299,-0.002971,1.413342,-0.002971,-0.261955,0
2026-07-02 15:44:48.913402,3.233555,-0.256773,1.415299,-0.002971,1.413342,-0.002971,-0.256773,0
2026-07-02 15:44:48.915338,3.236184,-0.267137,1.415299,-0.002971,1.413342,-0.002971,-0.267137,0
2026-07-02 15:44:48.915338,3.238503,-0.261955,1.415299,-0.002971,1.418524,-0.002971,-0.261955,0
2026-07-02 15:44:48.915338,3.240968,-0.267137,1.415299,-0.002971,1.413342,-0.002971,-0.267137,0
2026-07-02 15:44:48.923019,3.243312,-0.256773,1.415299,-0.002971,1.413342,-0.002971,-0.256773,0
2026-07-02 15:44:48.925027,3.245709,-0.251592,1.415299,-0.002971,1.418524,-0.002971,-0.251592,0
2026-07-02 15:44:48.925027,3.247921,-0.256773,1.415299,-0.002971,1.413342,-0.002971,-0.256773,0
2026-07-02 15:44:48.928789,3.250323,-0.261955,1.415299,-0.002971,1.413342,-0.002971,-0.261955,0
2026-07-02 15:44:48.928789,3.252692,-0.261955,1.415299,-0.002971,1.413342,-0.002971,-0.261955,0
2026-07-02 15:44:48.935265,3.255006,-0.261955,1.415299,-0.002971,1.413342,-0.002971,-0.261955,0
2026-07-02 15:44:48.939285,3.259267,-0.261955,1.415299,-0.002971,1.413342,-0.002971,-0.261955,0
2026-07-02 15:44:48.939285,3.261935,-0.261955,1.415299,-0.002971,1.418524,-0.002971,-0.261955,0
2026-07-02 15:44:48.945408,3.264665,-0.261955,1.415299,-0.002971,1.413342,-0.002971,-0.261955,0
2026-07-02 15:44:48.949429,3.269775,-0.261955,1.415299,-0.002971,1.413342,-0.002971,-0.261955,0
2026-07-02 15:44:48.949429,3.272067,-0.261955,1.415299,-0.002971,1.413342,-0.002971,-0.261955,0
2026-07-02 15:44:48.954149,3.274306,-0.261955,1.415299,-0.008152,1.413342,-0.008152,-0.261955,0
2026-07-02 15:44:48.954149,3.278015,-0.256773,1.415299,-0.002971,1.418524,-0.002971,-0.256773,0
2026-07-02 15:44:48.959905,3.280255,-0.256773,1.415299,-0.002971,1.418524,-0.002971,-0.256773,0
2026-07-02 15:44:48.959905,3.282524,-0.261955,1.415299,-0.002971,1.413342,-0.002971,-0.261955,0
2026-07-02 15:44:48.966979,3.284730,-0.256773,1.415299,-0.002971,1.413342,-0.002971,-0.256773,0
2026-07-02 15:44:48.969782,3.289425,-0.261955,1.415299,-0.008152,1.418524,-0.008152,-0.261955,0
2026-07-02 15:44:48.969782,3.292316,-0.261955,1.415299,-0.002971,1.413342,-0.002971,-0.261955,0
2026-07-02 15:44:48.974185,3.294556,-0.261955,1.415299,-0.002971,1.418524,-0.002971,-0.261955,0
2026-07-02 15:44:48.974185,3.296995,-0.261955,1.415299,-0.002971,1.418524,-0.002971,-0.261955,0
2026-07-02 15:44:48.974185,3.299214,-0.256773,1.415299,-0.002971,1.413342,-0.002971,-0.256773,0
2026-07-02 15:44:48.974185,3.301449,-0.261955,1.415299,-0.002971,1.413342,-0.002971,-0.261955,0
2026-07-02 15:44:48.974185,3.303792,-0.261955,1.415299,-0.002971,1.418524,-0.002971,-0.261955,0
2026-07-02 15:44:48.985646,3.306168,-0.261955,1.415299,-0.002971,1.413342,-0.002971,-0.261955,0
2026-07-02 15:44:48.987660,3.308363,-0.261955,1.415299,-0.002971,1.413342,-0.002971,-0.261955,0
2026-07-02 15:44:48.989675,3.310601,-0.256773,1.415299,-0.002971,1.418524,-0.002971,-0.256773,0
2026-07-02 15:44:48.989675,3.312847,-0.261955,1.415299,-0.002971,1.418524,-0.002971,-0.261955,0
2026-07-02 15:44:48.996779,3.315045,-0.256773,1.415299,-0.002971,1.418524,-0.002971,-0.256773,0
2026-07-02 15:44:48.998794,3.320216,-0.261955,1.415299,-0.002971,1.413342,-0.002971,-0.261955,0
2026-07-02 15:44:49.001323,3.322910,-0.261955,1.415299,-0.002971,1.418524,-0.002971,-0.261955,0
2026-07-02 15:44:49.003336,3.325185,-0.256773,1.415299,-0.002971,1.413342,-0.002971,-0.256773,0
2026-07-02 15:44:49.005089,3.327425,-0.256773,1.415299,-0.002971,1.413342,-0.002971,-0.256773,0
2026-07-02 15:44:49.005089,3.329682,-0.256773,1.415299,-0.002971,1.418524,-0.002971,-0.256773,0
2026-07-02 15:44:49.005089,3.331902,-0.261955,1.415299,-0.002971,1.418524,-0.002971,-0.261955,0
2026-07-02 15:44:49.005089,3.334160,-0.261955,1.415299,-0.002971,1.413342,-0.002971,-0.261955,0
2026-07-02 15:44:49.015498,3.336373,-0.267137,1.415299,-0.002971,1.413342,-0.002971,-0.267137,0
2026-07-02 15:44:49.020623,3.339989,-0.267137,1.415299,-0.002971,1.413342,-0.002971,-0.267137,0
2026-07-02 15:44:49.022638,3.343667,-0.256773,1.415299,-0.002971,1.413342,-0.002971,-0.256773,0
2026-07-02 15:44:49.031281,3.346108,-0.256773,1.415299,-0.002971,1.413342,-0.002971,-0.256773,0
2026-07-02 15:44:49.046250,3.354389,-0.261955,1.415299,-0.002971,1.413342,-0.002971,-0.261955,0
2026-07-02 15:44:49.053041,3.369815,-0.261955,1.415299,-0.002971,1.413342,-0.002971,-0.261955,0
2026-07-02 15:44:49.053041,3.375610,-0.261955,1.415299,-0.002971,1.413342,-0.002971,-0.261955,0
2026-07-02 15:44:49.056357,3.378624,-0.256773,1.415299,-0.002971,1.413342,-0.002971,-0.256773,0
2026-07-02 15:44:49.056357,3.384885,-0.256773,1.420479,-0.002971,1.418524,-0.002971,-0.256773,0
2026-07-02 15:44:49.066486,3.387367,-0.256773,1.415299,-0.002971,1.413342,-0.002971,-0.256773,0
2026-07-02 15:44:49.066486,3.390925,-0.256773,1.415299,-0.002971,1.418524,-0.002971,-0.256773,0
2026-07-02 15:44:49.066486,3.393464,-0.261955,1.415299,-0.002971,1.418524,-0.002971,-0.261955,0
2026-07-02 15:44:49.066486,3.395891,-0.261955,1.415299,-0.002971,1.413342,-0.002971,-0.261955,0
2026-07-02 15:44:49.076576,3.398342,-0.256773,1.415299,-0.002971,1.418524,-0.002971,-0.256773,0
2026-07-02 15:44:49.076576,3.400764,-0.261955,1.415299,-0.002971,1.418524,-0.002971,-0.261955,0
2026-07-02 15:44:49.076576,3.403264,-0.256773,1.415299,-0.002971,1.418524,-0.002971,-0.256773,0
2026-07-02 15:44:49.076576,3.406180,-0.261955,1.415299,-0.008152,1.418524,-0.008152,-0.261955,0
2026-07-02 15:44:49.086823,3.408684,-0.267137,1.415299,-0.002971,1.413342,-0.002971,-0.267137,0
2026-07-02 15:44:49.086823,3.411141,-0.261955,1.415299,-0.002971,1.413342,-0.002971,-0.261955,0
2026-07-02 15:44:49.086823,3.413549,-0.261955,1.415299,-0.008152,1.413342,-0.008152,-0.261955,0
2026-07-02 15:44:49.086823,3.416004,-0.261955,1.415299,-0.002971,1.413342,-0.002971,-0.261955,0
2026-07-02 15:44:49.096981,3.418399,-0.261955,1.415299,-0.002971,1.418524,-0.002971,-0.261955,0
2026-07-02 15:44:49.107076,3.425800,-0.256773,1.415299,-0.002971,1.413342,-0.002971,-0.256773,0
2026-07-02 15:44:49.115681,3.435447,-0.256773,1.415299,-0.002971,1.413342,-0.002971,-0.256773,0
2026-07-02 15:44:49.117441,3.439242,-0.261955,1.415299,-0.002971,1.413342,-0.002971,-0.261955,0
2026-07-02 15:44:49.117441,3.442000,-0.251592,1.415299,-0.002971,1.413342,-0.002971,-0.251592,0
2026-07-02 15:44:49.117441,3.444401,-0.261955,1.415299,-0.002971,1.418524,-0.002971,-0.261955,0
2026-07-02 15:44:49.117441,3.446824,-0.256773,1.415299,-0.002971,1.413342,-0.002971,-0.256773,0
2026-07-02 15:44:49.127497,3.449335,-0.256773,1.415299,-0.002971,1.418524,-0.002971,-0.256773,0
2026-07-02 15:44:49.130018,3.451689,-0.261955,1.415299,-0.002971,1.418524,-0.002971,-0.261955,0
2026-07-02 15:44:49.130018,3.454183,-0.261955,1.415299,-0.002971,1.413342,-0.002971,-0.261955,0
2026-07-02 15:44:49.130018,3.456564,-0.261955,1.415299,-0.002971,1.413342,-0.002971,-0.261955,0
2026-07-02 15:44:49.137561,3.459007,-0.256773,1.415299,-0.002971,1.413342,-0.002971,-0.256773,0
2026-07-02 15:44:49.137561,3.461403,-0.256773,1.415299,-0.002971,1.413342,-0.002971,-0.256773,0
2026-07-02 15:44:49.137561,3.463788,-0.261955,1.415299,-0.002971,1.418524,-0.002971,-0.261955,0
2026-07-02 15:44:49.137561,3.466442,-0.261955,1.415299,-0.002971,1.413342,-0.002971,-0.261955,0
2026-07-02 15:44:49.148524,3.468929,-0.256773,1.415299,-0.002971,1.418524,-0.002971,-0.256773,0
2026-07-02 15:44:49.153512,3.472846,-0.261955,1.415299,-0.002971,1.418524,-0.002971,-0.261955,0
2026-07-02 15:44:49.157534,3.477716,-0.261955,1.415299,-0.002971,1.418524,-0.002971,-0.261955,0
2026-07-02 15:44:49.159116,3.480068,-0.261955,1.415299,-0.002971,1.413342,-0.002971,-0.261955,0
2026-07-02 15:44:49.161128,3.482414,-0.261955,1.415299,-0.002971,1.418524,-0.002971,-0.261955,0
2026-07-02 15:44:49.163142,3.484746,-0.256773,1.415299,-0.002971,1.413342,-0.002971,-0.256773,0
2026-07-02 15:44:49.167158,3.487095,-0.267137,1.415299,-0.002971,1.413342,-0.002971,-0.267137,0
2026-07-02 15:44:49.167782,3.490063,-0.261955,1.415299,-0.002971,1.413342,-0.002971,-0.261955,0
2026-07-02 15:44:49.171605,3.492437,-0.261955,1.415299,-0.002971,1.413342,-0.002971,-0.261955,0
2026-07-02 15:44:49.173619,3.494821,-0.261955,1.415299,-0.002971,1.413342,-0.002971,-0.261955,0
2026-07-02 15:44:49.179330,3.497168,-0.261955,1.415299,-0.002971,1.413342,-0.002971,-0.261955,0
2026-07-02 15:44:49.180814,3.502525,-0.261955,1.415299,-0.002971,1.413342,-0.002971,-0.261955,0
2026-07-02 15:44:49.184299,3.505186,-0.256773,1.415299,-0.002971,1.413342,-0.002971,-0.256773,0
2026-07-02 15:44:49.186569,3.507491,-0.261955,1.415299,-0.008152,1.413342,-0.008152,-0.261955,0
2026-07-02 15:44:49.189595,3.509875,-0.261955,1.415299,-0.002971,1.413342,-0.002971,-0.261955,0
2026-07-02 15:44:49.191295,3.512401,-0.261955,1.415299,-0.002971,1.413342,-0.002971,-0.261955,0
2026-07-02 15:44:49.194674,3.514826,-0.261955,1.415299,-0.002971,1.413342,-0.002971,-0.261955,0
2026-07-02 15:44:49.194674,3.517217,-0.267137,1.415299,-0.002971,1.413342,-0.002971,-0.267137,0
2026-07-02 15:44:49.200410,3.519672,-0.261955,1.415299,-0.008152,1.418524,-0.008152,-0.261955,0
2026-07-02 15:44:49.202705,3.523046,-0.261955,1.415299,-0.002971,1.413342,-0.002971,-0.261955,0
2026-07-02 15:44:49.205025,3.525382,-0.256773,1.415299,-0.002971,1.418524,-0.002971,-0.256773,0
2026-07-02 15:44:49.207828,3.527726,-0.261955,1.415299,-0.002971,1.418524,-0.002971,-0.261955,0
2026-07-02 15:44:49.212271,3.530572,-0.251592,1.415299,-0.002971,1.413342,-0.002971,-0.251592,0
2026-07-02 15:44:49.214287,3.534821,-0.261955,1.415299,-0.002971,1.413342,-0.002971,-0.261955,0
2026-07-02 15:44:49.215803,3.537595,-0.256773,1.415299,-0.002971,1.418524,-0.002971,-0.256773,0
2026-07-02 15:44:49.220613,3.539935,-0.256773,1.415299,-0.002971,1.413342,-0.002971,-0.256773,0
2026-07-02 15:44:49.221779,3.543188,-0.256773,1.415299,-0.002971,1.418524,-0.002971,-0.256773,0
2026-07-02 15:44:49.224739,3.545598,-0.267137,1.415299,-0.002971,1.418524,-0.002971,-0.267137,0
2026-07-02 15:44:49.226051,3.548209,-0.261955,1.415299,-0.002971,1.418524,-0.002971,-0.261955,0
2026-07-02 15:44:49.228063,3.550570,-0.251592,1.415299,-0.002971,1.413342,-0.002971,-0.251592,0
2026-07-02 15:44:49.230876,3.552972,-0.256773,1.415299,-0.002971,1.413342,-0.002971,-0.256773,0
2026-07-02 15:44:49.232946,3.555296,-0.261955,1.415299,-0.002971,1.418524,-0.002971,-0.261955,0
2026-07-02 15:44:49.237424,3.557765,-0.261955,1.415299,-0.002971,1.413342,-0.002971,-0.261955,0
2026-07-02 15:44:49.240452,3.560090,-0.261955,1.415299,-0.002971,1.413342,-0.002971,-0.261955,0
2026-07-02 15:44:49.244514,3.564700,-0.267137,1.415299,-0.002971,1.413342,-0.002971,-0.267137,0
2026-07-02 15:44:49.245873,3.567406,-0.256773,1.415299,-0.002971,1.413342,-0.002971,-0.256773,0
2026-07-02 15:44:49.248896,3.569761,-0.261955,1.415299,-0.002971,1.418524,-0.002971,-0.261955,0
2026-07-02 15:44:49.248896,3.572039,-0.261955,1.415299,-0.002971,1.413342,-0.002971,-0.261955,0
2026-07-02 15:44:49.253532,3.574356,-0.261955,1.415299,-0.002971,1.418524,-0.002971,-0.261955,0
2026-07-02 15:44:49.255543,3.576662,-0.261955,1.415299,-0.002971,1.413342,-0.002971,-0.261955,0
2026-07-02 15:44:49.257557,3.578902,-0.261955,1.415299,-0.002971,1.413342,-0.002971,-0.261955,0
2026-07-02 15:44:49.259967,3.581391,-0.251592,1.415299,-0.002971,1.413342,-0.002971,-0.251592,0
2026-07-02 15:44:49.263455,3.583746,-0.261955,1.415299,-0.002971,1.413342,-0.002971,-0.261955,0
2026-07-02 15:44:49.265471,3.586186,-0.251592,1.415299,-0.002971,1.413342,-0.002971,-0.251592,0
2026-07-02 15:44:49.267426,3.588451,-0.256773,1.415299,-0.002971,1.413342,-0.002971,-0.256773,0
2026-07-02 15:44:49.270837,3.590812,-0.261955,1.415299,-0.002971,1.413342,-0.002971,-0.261955,0
2026-07-02 15:44:49.275588,3.595161,-0.256773,1.415299,-0.002971,1.418524,-0.002971,-0.256773,0
2026-07-02 15:44:49.277602,3.599117,-0.261955,1.415299,-0.008152,1.413342,-0.008152,-0.261955,0
2026-07-02 15:44:49.281626,3.601406,-0.261955,1.415299,-0.008152,1.418524,-0.008152,-0.261955,0
2026-07-02 15:44:49.281626,3.604133,-0.256773,1.415299,-0.002971,1.413342,-0.002971,-0.256773,0
2026-07-02 15:44:49.284869,3.606445,-0.256773,1.415299,-0.002971,1.413342,-0.002971,-0.256773,0
2026-07-02 15:44:49.288401,3.608791,-0.261955,1.415299,-0.002971,1.413342,-0.002971,-0.261955,0
2026-07-02 15:44:49.289913,3.611124,-0.256773,1.415299,-0.002971,1.413342,-0.002971,-0.256773,0
2026-07-02 15:44:49.292521,3.613360,-0.261955,1.415299,-0.002971,1.413342,-0.002971,-0.261955,0
2026-07-02 15:44:49.294535,3.615632,-0.267137,1.415299,-0.002971,1.413342,-0.002971,-0.267137,0
2026-07-02 15:44:49.296549,3.617921,-0.261955,1.415299,-0.002971,1.413342,-0.002971,-0.261955,0
2026-07-02 15:44:49.301014,3.620160,-0.261955,1.415299,-0.002971,1.413342,-0.002971,-0.261955,0
2026-07-02 15:44:49.305558,3.623569,-0.251592,1.415299,-0.008152,1.413342,-0.008152,-0.251592,0
2026-07-02 15:44:49.305558,3.628125,-0.261955,1.415299,-0.002971,1.418524,-0.002971,-0.261955,0
2026-07-02 15:44:49.310468,3.630482,-0.256773,1.415299,-0.002971,1.413342,-0.002971,-0.256773,0
2026-07-02 15:44:49.311420,3.633414,-0.261955,1.415299,-0.002971,1.418524,-0.002971,-0.261955,0
2026-07-02 15:44:49.313429,3.635683,-0.261955,1.415299,-0.002971,1.418524,-0.002971,-0.261955,0
2026-07-02 15:44:49.315944,3.638029,-0.267137,1.420479,-0.002971,1.413342,-0.002971,-0.267137,0
2026-07-02 15:44:49.315944,3.640311,-0.267137,1.415299,-0.002971,1.418524,-0.002971,-0.267137,0
2026-07-02 15:44:49.321300,3.642583,-0.256773,1.415299,-0.002971,1.413342,-0.002971,-0.256773,0
2026-07-02 15:44:49.324469,3.644907,-0.261955,1.415299,-0.002971,1.413342,-0.002971,-0.261955,0
2026-07-02 15:44:49.327021,3.647718,-0.261955,1.415299,-0.002971,1.413342,-0.002971,-0.261955,0
2026-07-02 15:44:49.329056,3.650056,-0.261955,1.415299,-0.002971,1.413342,-0.002971,-0.261955,0
2026-07-02 15:44:49.336103,3.652304,-0.261955,1.415299,-0.002971,1.413342,-0.002971,-0.261955,0
2026-07-02 15:44:49.337665,3.658670,-0.261955,1.415299,-0.002971,1.418524,-0.002971,-0.261955,0
2026-07-02 15:44:49.341501,3.661869,-0.256773,1.415299,-0.002971,1.413342,-0.002971,-0.256773,0
2026-07-02 15:44:49.344075,3.664934,-0.267137,1.415299,-0.002971,1.413342,-0.002971,-0.267137,0
2026-07-02 15:44:49.345457,3.667231,-0.251592,1.415299,-0.002971,1.413342,-0.002971,-0.251592,0
2026-07-02 15:44:49.348480,3.669586,-0.261955,1.415299,-0.002971,1.418524,-0.002971,-0.261955,0
2026-07-02 15:44:49.348480,3.671882,-0.261955,1.415299,-0.002971,1.418524,-0.002971,-0.261955,0
2026-07-02 15:44:49.348480,3.674199,-0.261955,1.415299,-0.002971,1.418524,-0.002971,-0.261955,0
2026-07-02 15:44:49.356076,3.676517,-0.261955,1.415299,-0.002971,1.413342,-0.002971,-0.261955,0
2026-07-02 15:44:49.358456,3.679457,-0.256773,1.415299,-0.002971,1.418524,-0.002971,-0.256773,0
2026-07-02 15:44:49.360970,3.681880,-0.251592,1.415299,-0.002971,1.418524,-0.002971,-0.251592,0
2026-07-02 15:44:49.360970,3.684092,-0.251592,1.415299,-0.002971,1.418524,-0.002971,-0.251592,0
2026-07-02 15:44:49.367753,3.686317,-0.267137,1.415299,-0.002971,1.413342,-0.002971,-0.267137,0
2026-07-02 15:44:49.371374,3.691178,-0.261955,1.415299,-0.002971,1.418524,-0.002971,-0.261955,0
2026-07-02 15:44:49.373387,3.694045,-0.261955,1.415299,-0.002971,1.413342,-0.002971,-0.261955,0
2026-07-02 15:44:49.374893,3.696278,-0.256773,1.420479,-0.002971,1.413342,-0.002971,-0.256773,0
2026-07-02 15:44:49.377988,3.698500,-0.256773,1.415299,-0.002971,1.413342,-0.002971,-0.256773,0
2026-07-02 15:44:49.380005,3.700755,-0.261955,1.415299,-0.002971,1.413342,-0.002971,-0.261955,0
2026-07-02 15:44:49.382019,3.702990,-0.267137,1.415299,-0.002971,1.413342,-0.002971,-0.267137,0
2026-07-02 15:44:49.382019,3.705188,-0.261955,1.415299,-0.002971,1.418524,-0.002971,-0.261955,0
2026-07-02 15:44:49.387275,3.707475,-0.261955,1.415299,-0.008152,1.418524,-0.008152,-0.261955,0
2026-07-02 15:44:49.389290,3.709750,-0.261955,1.415299,-0.002971,1.413342,-0.002971,-0.261955,0
2026-07-02 15:44:49.391302,3.711983,-0.261955,1.415299,-0.002971,1.413342,-0.002971,-0.261955,0
2026-07-02 15:44:49.391302,3.714561,-0.256773,1.415299,-0.008152,1.413342,-0.008152,-0.256773,0
2026-07-02 15:44:49.398182,3.716903,-0.251592,1.415299,-0.002971,1.413342,-0.002971,-0.251592,0
2026-07-02 15:44:49.401356,3.720782,-0.261955,1.415299,-0.002971,1.418524,-0.002971,-0.261955,0
2026-07-02 15:44:49.403373,3.723815,-0.261955,1.415299,-0.002971,1.418524,-0.002971,-0.261955,0
2026-07-02 15:44:49.405386,3.726064,-0.256773,1.415299,-0.002971,1.418524,-0.002971,-0.256773,0
2026-07-02 15:44:49.407772,3.728259,-0.256773,1.415299,-0.002971,1.413342,-0.002971,-0.256773,0
2026-07-02 15:44:49.409107,3.730518,-0.261955,1.415299,-0.002971,1.418524,-0.002971,-0.261955,0
2026-07-02 15:44:49.411114,3.733392,-0.261955,1.415299,-0.002971,1.413342,-0.002971,-0.261955,0
2026-07-02 15:44:49.414596,3.735578,-0.261955,1.415299,-0.002971,1.413342,-0.002971,-0.261955,0
2026-07-02 15:44:49.416111,3.737878,-0.261955,1.420479,-0.002971,1.413342,-0.002971,-0.261955,0
2026-07-02 15:44:49.416111,3.740143,-0.261955,1.415299,-0.002971,1.418524,-0.002971,-0.261955,0
2026-07-02 15:44:49.416111,3.742400,-0.256773,1.415299,-0.002971,1.413342,-0.002971,-0.256773,0
2026-07-02 15:44:49.424274,3.744673,-0.261955,1.415299,-0.002971,1.413342,-0.002971,-0.261955,0
2026-07-02 15:44:49.429344,3.747024,-0.261955,1.415299,-0.002971,1.418524,-0.002971,-0.261955,0
2026-07-02 15:44:49.431360,3.751915,-0.251592,1.415299,-0.002971,1.413342,-0.002971,-0.251592,0
2026-07-02 15:44:49.434347,3.755001,-0.261955,1.415299,-0.002971,1.413342,-0.002971,-0.261955,0
2026-07-02 15:44:49.437114,3.757261,-0.261955,1.415299,-0.002971,1.418524,-0.002971,-0.261955,0
2026-07-02 15:44:49.437114,3.760199,-0.261955,1.415299,-0.002971,1.418524,-0.002971,-0.261955,0
2026-07-02 15:44:49.442068,3.762509,-0.267137,1.415299,-0.002971,1.418524,-0.002971,-0.267137,0
2026-07-02 15:44:49.442820,3.764802,-0.261955,1.415299,-0.002971,1.418524,-0.002971,-0.261955,0
2026-07-02 15:44:49.446585,3.767051,-0.251592,1.415299,-0.002971,1.413342,-0.002971,-0.251592,0
2026-07-02 15:44:49.448599,3.769374,-0.256773,1.415299,-0.008152,1.413342,-0.008152,-0.256773,0
2026-07-02 15:44:49.448599,3.771629,-0.267137,1.415299,-0.002971,1.418524,-0.002971,-0.267137,0
2026-07-02 15:44:49.453051,3.773932,-0.261955,1.415299,-0.002971,1.418524,-0.002971,-0.261955,0
2026-07-02 15:44:49.455065,3.776239,-0.261955,1.415299,-0.002971,1.418524,-0.002971,-0.261955,0
2026-07-02 15:44:49.457649,3.778480,-0.256773,1.415299,-0.002971,1.418524,-0.002971,-0.256773,0
2026-07-02 15:44:49.462176,3.781684,-0.261955,1.415299,-0.002971,1.418524,-0.002971,-0.261955,0
2026-07-02 15:44:49.462176,3.785832,-0.261955,1.415299,-0.002971,1.418524,-0.002971,-0.261955,0
2026-07-02 15:44:49.467877,3.788102,-0.251592,1.415299,-0.002971,1.413342,-0.002971,-0.251592,0
2026-07-02 15:44:49.473897,3.790475,-0.251592,1.415299,-0.002971,1.413342,-0.002971,-0.251592,0
2026-07-02 15:44:49.480478,3.796484,-0.261955,1.415299,-0.002971,1.418524,-0.002971,-0.261955,0
2026-07-02 15:44:49.486498,3.804308,-0.261955,1.415299,-0.002971,1.413342,-0.002971,-0.261955,0
2026-07-02 15:44:49.493447,3.809274,-0.261955,1.415299,-0.002971,1.418524,-0.002971,-0.261955,0
2026-07-02 15:44:49.500474,3.817542,-0.261955,1.415299,-0.002971,1.418524,-0.002971,-0.261955,0
2026-07-02 15:44:49.503285,3.823104,-0.261955,1.415299,-0.002971,1.413342,-0.002971,-0.261955,0
2026-07-02 15:44:49.503285,3.825865,-0.251592,1.415299,-0.002971,1.418524,-0.002971,-0.251592,0
2026-07-02 15:44:49.506433,3.828198,-0.256773,1.415299,-0.008152,1.413342,-0.008152,-0.256773,0
2026-07-02 15:44:49.509454,3.830476,-0.251592,1.415299,-0.002971,1.418524,-0.002971,-0.251592,0
2026-07-02 15:44:49.511466,3.832762,-0.261955,1.415299,-0.002971,1.413342,-0.002971,-0.261955,0
2026-07-02 15:44:49.513481,3.835130,-0.261955,1.415299,-0.002971,1.418524,-0.002971,-0.261955,0
2026-07-02 15:44:49.516002,3.837672,-0.261955,1.415299,-0.002971,1.418524,-0.002971,-0.261955,0
2026-07-02 15:44:49.519029,3.840116,-0.261955,1.415299,-0.002971,1.418524,-0.002971,-0.261955,0
2026-07-02 15:44:49.519029,3.842478,-0.251592,1.415299,-0.002971,1.413342,-0.002971,-0.251592,0
2026-07-02 15:44:49.524069,3.844860,-0.261955,1.415299,-0.002971,1.413342,-0.002971,-0.261955,0
2026-07-02 15:44:49.526086,3.847353,-0.261955,1.415299,-0.002971,1.418524,-0.002971,-0.261955,0
2026-07-02 15:44:49.529260,3.849566,-0.261955,1.415299,-0.002971,1.413342,-0.002971,-0.261955,0
2026-07-02 15:44:49.531279,3.852021,-0.256773,1.415299,-0.002971,1.418524,-0.002971,-0.256773,0
2026-07-02 15:44:49.534409,3.854506,-0.251592,1.415299,-0.002971,1.418524,-0.002971,-0.251592,0
2026-07-02 15:44:49.536831,3.857033,-0.261955,1.415299,-0.002971,1.413342,-0.002971,-0.261955,0
2026-07-02 15:44:49.538844,3.859637,-0.261955,1.415299,-0.002971,1.413342,-0.002971,-0.261955,0
2026-07-02 15:44:49.538844,3.862034,-0.261955,1.415299,-0.002971,1.413342,-0.002971,-0.261955,0
2026-07-02 15:44:49.543448,3.864288,-0.256773,1.415299,-0.002971,1.413342,-0.002971,-0.256773,0
2026-07-02 15:44:49.546216,3.866630,-0.261955,1.415299,-0.002971,1.418524,-0.002971,-0.261955,0
2026-07-02 15:44:49.548230,3.869110,-0.267137,1.415299,-0.002971,1.418524,-0.002971,-0.267137,0
2026-07-02 15:44:49.551250,3.871599,-0.261955,1.415299,-0.002971,1.418524,-0.002971,-0.261955,0
2026-07-02 15:44:49.553265,3.874052,-0.256773,1.415299,-0.008152,1.418524,-0.008152,-0.256773,0
2026-07-02 15:44:49.555282,3.876432,-0.261955,1.415299,-0.002971,1.413342,-0.002971,-0.261955,0
2026-07-02 15:44:49.555282,3.878889,-0.256773,1.420479,-0.002971,1.418524,-0.002971,-0.256773,0
2026-07-02 15:44:49.559513,3.881356,-0.267137,1.415299,-0.002971,1.413342,-0.002971,-0.267137,0
2026-07-02 15:44:49.563539,3.883968,-0.261955,1.415299,-0.002971,1.413342,-0.002971,-0.261955,0
2026-07-02 15:44:49.565555,3.886631,-0.261955,1.415299,-0.002971,1.418524,-0.002971,-0.261955,0
2026-07-02 15:44:49.567570,3.888997,-0.251592,1.415299,-0.002971,1.413342,-0.002971,-0.251592,0
2026-07-02 15:44:49.569581,3.891309,-0.261955,1.415299,-0.002971,1.413342,-0.002971,-0.261955,0
2026-07-02 15:44:49.569581,3.893593,-0.256773,1.415299,-0.002971,1.413342,-0.002971,-0.256773,0
2026-07-02 15:44:49.569581,3.895889,-0.261955,1.415299,-0.002971,1.413342,-0.002971,-0.261955,0
2026-07-02 15:44:49.576516,3.898198,-0.261955,1.420479,-0.002971,1.413342,-0.002971,-0.261955,0
2026-07-02 15:44:49.580046,3.900583,-0.261955,1.415299,-0.002971,1.418524,-0.002971,-0.261955,0
2026-07-02 15:44:49.582060,3.902966,-0.267137,1.415299,-0.002971,1.413342,-0.002971,-0.267137,0
2026-07-02 15:44:49.584076,3.905286,-0.261955,1.415299,-0.002971,1.413342,-0.002971,-0.261955,0
2026-07-02 15:44:49.586090,3.907589,-0.256773,1.415299,-0.008152,1.418524,-0.008152,-0.256773,0
2026-07-02 15:44:49.588103,3.909955,-0.261955,1.415299,-0.002971,1.418524,-0.002971,-0.261955,0
2026-07-02 15:44:49.592118,3.912347,-0.261955,1.415299,-0.002971,1.418524,-0.002971,-0.261955,0
2026-07-02 15:44:49.594132,3.914623,-0.256773,1.415299,-0.002971,1.413342,-0.002971,-0.256773,0
2026-07-02 15:44:49.596147,3.916984,-0.261955,1.415299,-0.002971,1.413342,-0.002971,-0.261955,0
2026-07-02 15:44:49.598160,3.919302,-0.261955,1.415299,-0.002971,1.413342,-0.002971,-0.261955,0
2026-07-02 15:44:49.602186,3.921636,-0.261955,1.415299,-0.002971,1.418524,-0.002971,-0.261955,0
2026-07-02 15:44:49.606215,3.926523,-0.261955,1.415299,-0.002971,1.418524,-0.002971,-0.261955,0
2026-07-02 15:44:49.608229,3.929905,-0.261955,1.415299,-0.002971,1.413342,-0.002971,-0.261955,0
2026-07-02 15:44:49.612254,3.932273,-0.256773,1.415299,-0.002971,1.413342,-0.002971,-0.256773,0
2026-07-02 15:44:49.614266,3.934768,-0.256773,1.415299,-0.002971,1.413342,-0.002971,-0.256773,0
2026-07-02 15:44:49.616284,3.937143,-0.261955,1.415299,-0.002971,1.413342,-0.002971,-0.261955,0
2026-07-02 15:44:49.619057,3.939814,-0.261955,1.415299,-0.002971,1.418524,-0.002971,-0.261955,0
2026-07-02 15:44:49.621373,3.942304,-0.267137,1.415299,-0.002971,1.413342,-0.002971,-0.267137,0
2026-07-02 15:44:49.623412,3.944632,-0.256773,1.415299,-0.002971,1.413342,-0.002971,-0.256773,0
2026-07-02 15:44:49.626531,3.947009,-0.251592,1.415299,-0.002971,1.418524,-0.002971,-0.251592,0
2026-07-02 15:44:49.628548,3.949392,-0.251592,1.415299,-0.002971,1.413342,-0.002971,-0.251592,0
2026-07-02 15:44:49.631892,3.951862,-0.261955,1.415299,-0.002971,1.413342,-0.002971,-0.261955,0
2026-07-02 15:44:49.640834,3.954864,-0.251592,1.415299,-0.002971,1.418524,-0.002971,-0.251592,0
2026-07-02 15:44:49.646353,3.963535,-0.261955,1.415299,-0.002971,1.413342,-0.002971,-0.261955,0
2026-07-02 15:44:49.655220,3.968926,-0.256773,1.415299,-0.002971,1.413342,-0.002971,-0.256773,0
2026-07-02 15:44:49.660368,3.977788,-0.256773,1.420479,-0.002971,1.413342,-0.002971,-0.256773,0
2026-07-02 15:44:49.662376,3.983465,-0.261955,1.415299,-0.002971,1.418524,-0.002971,-0.261955,0
2026-07-02 15:44:49.668386,3.986588,-0.261955,1.415299,-0.002971,1.418524,-0.002971,-0.261955,0
2026-07-02 15:44:49.673084,3.991998,-0.261955,1.415299,-0.002971,1.413342,-0.002971,-0.261955,0
2026-07-02 15:44:49.680868,3.996733,-0.256773,1.415299,-0.002971,1.413342,-0.002971,-0.256773,0
2026-07-02 15:44:49.682874,4.004127,-0.261955,1.415299,-0.002971,1.418524,-0.002971,-0.261955,0
2026-07-02 15:44:49.682874,4.006562,-0.256773,1.415299,-0.002971,1.418524,-0.002971,-0.256773,0
2026-07-02 15:44:49.682874,4.009425,-0.267137,1.415299,-0.002971,1.413342,-0.002971,-0.267137,0
2026-07-02 15:44:49.691251,4.012375,-0.261955,1.415299,-0.008152,1.413342,-0.008152,-0.261955,0
2026-07-02 15:44:49.691251,4.014733,-0.251592,1.415299,-0.008152,1.413342,-0.008152,-0.251592,0
2026-07-02 15:44:49.691251,4.017097,-0.256773,1.415299,-0.002971,1.413342,-0.002971,-0.256773,0
2026-07-02 15:44:49.691251,4.019498,-0.251592,1.415299,-0.002971,1.413342,-0.002971,-0.251592,0
2026-07-02 15:44:49.700845,4.021902,-0.261955,1.415299,-0.008152,1.413342,-0.008152,-0.261955,0
2026-07-02 15:44:49.700845,4.024401,-0.261955,1.415299,-0.002971,1.413342,-0.002971,-0.261955,0
2026-07-02 15:44:49.700845,4.026841,-0.256773,1.415299,-0.002971,1.413342,-0.002971,-0.256773,0
2026-07-02 15:44:49.700845,4.029662,-0.261955,1.415299,-0.002971,1.413342,-0.002971,-0.261955,0
2026-07-02 15:44:49.710958,4.032042,-0.261955,1.415299,-0.002971,1.418524,-0.002971,-0.261955,0
2026-07-02 15:44:49.710958,4.034409,-0.261955,1.415299,-0.002971,1.413342,-0.002971,-0.261955,0
2026-07-02 15:44:49.716557,4.036848,-0.261955,1.415299,-0.002971,1.413342,-0.002971,-0.261955,0
2026-07-02 15:44:49.718539,4.039739,-0.261955,1.415299,-0.002971,1.413342,-0.002971,-0.261955,0
2026-07-02 15:44:49.721741,4.042121,-0.256773,1.415299,-0.002971,1.418524,-0.002971,-0.256773,0
2026-07-02 15:44:49.723760,4.044584,-0.256773,1.415299,-0.002971,1.413342,-0.002971,-0.256773,0
2026-07-02 15:44:49.723760,4.046944,-0.251592,1.415299,-0.002971,1.413342,-0.002971,-0.251592,0
2026-07-02 15:44:49.728488,4.049340,-0.256773,1.415299,-0.002971,1.413342,-0.002971,-0.256773,0
2026-07-02 15:44:49.734591,4.051658,-0.256773,1.415299,-0.002971,1.413342,-0.002971,-0.256773,0
2026-07-02 15:44:49.737714,4.057142,-0.261955,1.415299,-0.002971,1.413342,-0.002971,-0.261955,0
2026-07-02 15:44:49.740760,4.060867,-0.261955,1.415299,-0.002971,1.413342,-0.002971,-0.261955,0
2026-07-02 15:44:49.741571,4.063291,-0.261955,1.415299,-0.002971,1.418524,-0.002971,-0.261955,0
2026-07-02 15:44:49.744094,4.065679,-0.256773,1.415299,-0.002971,1.418524,-0.002971,-0.256773,0
2026-07-02 15:44:49.746104,4.068082,-0.256773,1.415299,-0.002971,1.413342,-0.002971,-0.256773,0
2026-07-02 15:44:49.750127,4.070406,-0.261955,1.415299,-0.002971,1.413342,-0.002971,-0.261955,0
2026-07-02 15:44:49.753154,4.073270,-0.256773,1.415299,-0.002971,1.418524,-0.002971,-0.256773,0
2026-07-02 15:44:49.753154,4.075703,-0.261955,1.415299,-0.002971,1.413342,-0.002971,-0.261955,0
2026-07-02 15:44:49.756925,4.077978,-0.261955,1.415299,0.002211,1.413342,0.002211,-0.261955,0
2026-07-02 15:44:49.756925,4.080240,-0.261955,1.415299,-0.002971,1.418524,-0.002971,-0.261955,0
2026-07-02 15:44:49.761349,4.082591,-0.251592,1.415299,-0.002971,1.418524,-0.002971,-0.251592,0
2026-07-02 15:44:49.764516,4.084939,-0.261955,1.415299,-0.002971,1.413342,-0.002971,-0.261955,0
2026-07-02 15:44:49.766528,4.087258,-0.261955,1.415299,-0.002971,1.413342,-0.002971,-0.261955,0
2026-07-02 15:44:49.766528,4.089706,-0.251592,1.415299,-0.002971,1.413342,-0.002971,-0.251592,0
2026-07-02 15:44:49.771642,4.092109,-0.256773,1.415299,-0.002971,1.413342,-0.002971,-0.256773,0
2026-07-02 15:44:49.772870,4.094453,-0.261955,1.415299,-0.002971,1.418524,-0.002971,-0.261955,0
2026-07-02 15:44:49.774884,4.096747,-0.261955,1.415299,-0.002971,1.413342,-0.002971,-0.261955,0
2026-07-02 15:44:49.778288,4.099129,-0.261955,1.415299,-0.002971,1.418524,-0.002971,-0.261955,0
2026-07-02 15:44:49.780303,4.101421,-0.261955,1.415299,-0.002971,1.418524,-0.002971,-0.261955,0
2026-07-02 15:44:49.782867,4.103688,-0.256773,1.415299,-0.002971,1.413342,-0.002971,-0.256773,0
2026-07-02 15:44:49.782867,4.106321,-0.256773,1.415299,-0.002971,1.413342,-0.002971,-0.256773,0
2026-07-02 15:44:49.788266,4.108613,-0.261955,1.415299,-0.002971,1.418524,-0.002971,-0.261955,0
2026-07-02 15:44:49.790280,4.110934,-0.256773,1.415299,-0.002971,1.418524,-0.002971,-0.256773,0
2026-07-02 15:44:49.794937,4.113186,-0.251592,1.415299,-0.002971,1.413342,-0.002971,-0.251592,0
2026-07-02 15:44:49.798957,4.118728,-0.261955,1.415299,-0.002971,1.413342,-0.002971,-0.261955,0
2026-07-02 15:44:49.798957,4.121478,-0.261955,1.415299,-0.002971,1.413342,-0.002971,-0.261955,0
2026-07-02 15:44:49.802569,4.123778,-0.267137,1.415299,-0.002971,1.418524,-0.002971,-0.267137,0
2026-07-02 15:44:49.805729,4.126127,-0.261955,1.415299,-0.002971,1.413342,-0.002971,-0.261955,0
2026-07-02 15:44:49.807742,4.128409,-0.256773,1.420479,-0.002971,1.418524,-0.002971,-0.256773,0
2026-07-02 15:44:49.811102,4.131419,-0.261955,1.415299,-0.002971,1.413342,-0.002971,-0.261955,0
2026-07-02 15:44:49.812839,4.133734,-0.256773,1.415299,-0.002971,1.413342,-0.002971,-0.256773,0
2026-07-02 15:44:49.814852,4.135999,-0.261955,1.415299,-0.002971,1.413342,-0.002971,-0.261955,0
2026-07-02 15:44:49.816863,4.138264,-0.256773,1.415299,-0.002971,1.413342,-0.002971,-0.256773,0
2026-07-02 15:44:49.818877,4.140528,-0.256773,1.415299,-0.002971,1.413342,-0.002971,-0.256773,0
2026-07-02 15:44:49.820888,4.142774,-0.261955,1.415299,-0.002971,1.413342,-0.002971,-0.261955,0
2026-07-02 15:44:49.824911,4.145012,-0.261955,1.415299,-0.002971,1.413342,-0.002971,-0.261955,0
2026-07-02 15:44:49.829836,4.148267,-0.256773,1.415299,-0.002971,1.418524,-0.002971,-0.256773,0
2026-07-02 15:44:49.829836,4.152396,-0.261955,1.415299,-0.002971,1.413342,-0.002971,-0.261955,0
2026-07-02 15:44:49.833364,4.154716,-0.251592,1.415299,-0.002971,1.413342,-0.002971,-0.251592,0
2026-07-02 15:44:49.836394,4.157170,-0.261955,1.415299,-0.002971,1.418524,-0.002971,-0.261955,0
2026-07-02 15:44:49.838411,4.159597,-0.261955,1.415299,-0.002971,1.413342,-0.002971,-0.261955,0
2026-07-02 15:44:49.838411,4.161935,-0.267137,1.415299,-0.002971,1.418524,-0.002971,-0.267137,0
2026-07-02 15:44:49.844533,4.164719,-0.261955,1.415299,-0.002971,1.413342,-0.002971,-0.261955,0
2026-07-02 15:44:49.846550,4.167797,-0.261955,1.415299,-0.002971,1.418524,-0.002971,-0.261955,0
2026-07-02 15:44:49.849238,4.170019,-0.261955,1.415299,-0.002971,1.413342,-0.002971,-0.261955,0
2026-07-02 15:44:49.849238,4.172879,-0.256773,1.415299,-0.002971,1.418524,-0.002971,-0.256773,0
2026-07-02 15:44:49.856251,4.175178,-0.256773,1.415299,-0.002971,1.413342,-0.002971,-0.256773,0
2026-07-02 15:44:49.859184,4.180030,-0.256773,1.415299,-0.002971,1.413342,-0.002971,-0.256773,0
2026-07-02 15:44:49.861198,4.182846,-0.256773,1.415299,-0.002971,1.413342,-0.002971,-0.256773,0
2026-07-02 15:44:49.864229,4.185088,-0.261955,1.415299,-0.002971,1.413342,-0.002971,-0.261955,0
2026-07-02 15:44:49.866243,4.187302,-0.251592,1.415299,-0.002971,1.413342,-0.002971,-0.251592,0
2026-07-02 15:44:49.867580,4.189772,-0.256773,1.415299,-0.002971,1.418524,-0.002971,-0.256773,0
2026-07-02 15:44:49.871596,4.192007,-0.251592,1.415299,-0.002971,1.413342,-0.002971,-0.251592,0
2026-07-02 15:44:49.871596,4.194225,-0.256773,1.415299,-0.002971,1.413342,-0.002971,-0.256773,0
2026-07-02 15:44:49.876312,4.196480,-0.256773,1.415299,-0.002971,1.413342,-0.002971,-0.256773,0
2026-07-02 15:44:49.878833,4.199035,-0.256773,1.415299,-0.002971,1.413342,-0.002971,-0.256773,0
2026-07-02 15:44:49.880848,4.201321,-0.256773,1.415299,-0.002971,1.413342,-0.002971,-0.256773,0
2026-07-02 15:44:49.884983,4.203566,-0.251592,1.415299,-0.002971,1.413342,-0.002971,-0.251592,0
2026-07-02 15:44:49.886998,4.208262,-0.261955,1.415299,-0.002971,1.413342,-0.002971,-0.261955,0
2026-07-02 15:44:49.889014,4.210519,-0.256773,1.415299,-0.002971,1.413342,-0.002971,-0.256773,0
2026-07-02 15:44:49.894694,4.212741,-0.256773,1.415299,-0.008152,1.413342,-0.008152,-0.256773,0
2026-07-02 15:44:49.898730,4.217249,-0.256773,1.415299,-0.002971,1.413342,-0.002971,-0.256773,0
2026-07-02 15:44:49.900482,4.221299,-0.251592,1.415299,-0.008152,1.413342,-0.008152,-0.251592,0
2026-07-02 15:44:49.902719,4.223651,-0.261955,1.415299,-0.002971,1.413342,-0.002971,-0.261955,0
2026-07-02 15:44:49.904738,4.225893,-0.261955,1.415299,-0.002971,1.413342,-0.002971,-0.261955,0
2026-07-02 15:44:49.906753,4.228113,-0.251592,1.415299,-0.002971,1.413342,-0.002971,-0.251592,0
2026-07-02 15:44:49.909284,4.230338,-0.261955,1.415299,-0.002971,1.413342,-0.002971,-0.261955,0
2026-07-02 15:44:49.911591,4.232540,-0.261955,1.415299,-0.002971,1.418524,-0.002971,-0.261955,0
2026-07-02 15:44:49.911591,4.234812,-0.261955,1.415299,-0.002971,1.413342,-0.002971,-0.261955,0
2026-07-02 15:44:49.916708,4.237087,-0.261955,1.415299,-0.002971,1.413342,-0.002971,-0.261955,0
2026-07-02 15:44:49.916708,4.239595,-0.256773,1.415299,-0.002971,1.413342,-0.002971,-0.256773,0
2026-07-02 15:44:49.921294,4.241877,-0.256773,1.415299,-0.002971,1.413342,-0.002971,-0.256773,0
2026-07-02 15:44:49.923316,4.244357,-0.256773,1.415299,-0.002971,1.418524,-0.002971,-0.256773,0
2026-07-02 15:44:49.925327,4.246603,-0.256773,1.415299,-0.002971,1.413342,-0.002971,-0.256773,0
2026-07-02 15:44:49.927341,4.248875,-0.261955,1.415299,-0.002971,1.413342,-0.002971,-0.261955,0
2026-07-02 15:44:49.929354,4.251108,-0.261955,1.415299,-0.002971,1.413342,-0.002971,-0.261955,0
2026-07-02 15:44:49.931368,4.253342,-0.256773,1.415299,-0.002971,1.413342,-0.002971,-0.256773,0
2026-07-02 15:44:49.931368,4.256052,-0.261955,1.415299,-0.002971,1.413342,-0.002971,-0.261955,0
2026-07-02 15:44:49.937058,4.258411,-0.261955,1.415299,-0.002971,1.413342,-0.002971,-0.261955,0
2026-07-02 15:44:49.939072,4.260635,-0.256773,1.415299,-0.008152,1.413342,-0.008152,-0.256773,0
2026-07-02 15:44:49.944450,4.262892,-0.261955,1.415299,-0.002971,1.413342,-0.002971,-0.261955,0
2026-07-02 15:44:49.946467,4.267076,-0.261955,1.415299,-0.002971,1.413342,-0.002971,-0.261955,0
2026-07-02 15:44:49.949414,4.270318,-0.261955,1.415299,-0.002971,1.413342,-0.002971,-0.261955,0
2026-07-02 15:44:49.952150,4.273047,-0.261955,1.415299,-0.002971,1.413342,-0.002971,-0.261955,0
2026-07-02 15:44:49.954166,4.276102,-0.261955,1.415299,-0.002971,1.418524,-0.002971,-0.261955,0
2026-07-02 15:44:49.956173,4.278348,-0.256773,1.415299,-0.002971,1.418524,-0.002971,-0.256773,0
2026-07-02 15:44:49.956173,4.280615,-0.261955,1.415299,-0.002971,1.418524,-0.002971,-0.261955,0
2026-07-02 15:44:49.961460,4.282934,-0.256773,1.415299,-0.002971,1.413342,-0.002971,-0.256773,0
2026-07-02 15:44:49.963476,4.285183,-0.261955,1.415299,-0.002971,1.418524,-0.002971,-0.261955,0
2026-07-02 15:44:49.963476,4.287425,-0.251592,1.415299,-0.002971,1.413342,-0.002971,-0.251592,0
2026-07-02 15:44:49.967997,4.289616,-0.261955,1.415299,-0.002971,1.413342,-0.002971,-0.261955,0
2026-07-02 15:44:49.970009,4.291870,-0.267137,1.415299,-0.002971,1.418524,-0.002971,-0.267137,0
2026-07-02 15:44:49.972405,4.294095,-0.261955,1.415299,-0.002971,1.413342,-0.002971,-0.261955,0
2026-07-02 15:44:49.975813,4.296829,-0.256773,1.420479,-0.002971,1.413342,-0.002971,-0.256773,0
2026-07-02 15:44:49.977829,4.299370,-0.261955,1.415299,-0.002971,1.413342,-0.002971,-0.261955,0
2026-07-02 15:44:49.977829,4.301569,-0.261955,1.415299,-0.002971,1.413342,-0.002971,-0.261955,0
2026-07-02 15:44:49.982578,4.303909,-0.256773,1.415299,-0.002971,1.413342,-0.002971,-0.256773,0
2026-07-02 15:44:49.982578,4.306317,-0.261955,1.415299,-0.002971,1.413342,-0.002971,-0.261955,0
2026-07-02 15:44:49.982578,4.308513,-0.261955,1.415299,-0.002971,1.413342,-0.002971,-0.261955,0
2026-07-02 15:44:49.990227,4.310726,-0.261955,1.415299,-0.002971,1.413342,-0.002971,-0.261955,0
2026-07-02 15:44:49.992247,4.312964,-0.267137,1.415299,-0.002971,1.418524,-0.002971,-0.267137,0
2026-07-02 15:44:49.994864,4.315283,-0.251592,1.415299,-0.002971,1.413342,-0.002971,-0.251592,0
2026-07-02 15:44:49.994864,4.317532,-0.261955,1.415299,-0.002971,1.413342,-0.002971,-0.261955,0
2026-07-02 15:44:49.994864,4.319719,-0.261955,1.415299,-0.002971,1.413342,-0.002971,-0.261955,0
2026-07-02 15:44:50.000700,4.322059,-0.267137,1.415299,-0.008152,1.418524,-0.008152,-0.267137,0
2026-07-02 15:44:50.005143,4.324300,-0.261955,1.415299,-0.002971,1.413342,-0.002971,-0.261955,0
2026-07-02 15:44:50.007158,4.327654,-0.261955,1.415299,-0.002971,1.413342,-0.002971,-0.261955,0
2026-07-02 15:44:50.009560,4.330459,-0.261955,1.415299,-0.002971,1.418524,-0.002971,-0.261955,0
2026-07-02 15:44:50.012807,4.333368,-0.261955,1.415299,-0.002971,1.413342,-0.002971,-0.261955,0
2026-07-02 15:44:50.014208,4.335885,-0.261955,1.415299,-0.002971,1.413342,-0.002971,-0.261955,0
2026-07-02 15:44:50.016658,4.338135,-0.261955,1.415299,-0.002971,1.413342,-0.002971,-0.261955,0
2026-07-02 15:44:50.018671,4.340341,-0.251592,1.415299,-0.002971,1.413342,-0.002971,-0.251592,0
2026-07-02 15:44:50.020684,4.342572,-0.261955,1.415299,-0.002971,1.413342,-0.002971,-0.261955,0
2026-07-02 15:44:50.023565,4.344923,-0.256773,1.415299,-0.002971,1.413342,-0.002971,-0.256773,0
2026-07-02 15:44:50.026078,4.347160,-0.256773,1.415299,-0.002971,1.413342,-0.002971,-0.256773,0
2026-07-02 15:44:50.028091,4.349948,-0.251592,1.415299,-0.002971,1.413342,-0.002971,-0.251592,0
2026-07-02 15:44:50.031807,4.352289,-0.261955,1.415299,-0.002971,1.418524,-0.002971,-0.261955,0
2026-07-02 15:44:50.032819,4.354526,-0.261955,1.415299,-0.002971,1.413342,-0.002971,-0.261955,0
2026-07-02 15:44:50.043144,4.356770,-0.261955,1.415299,-0.002971,1.413342,-0.002971,-0.261955,0
2026-07-02 15:44:50.053450,4.371817,-0.261955,1.415299,-0.008152,1.418524,-0.008152,-0.261955,0
2026-07-02 15:44:50.053450,4.376287,-0.261955,1.415299,-0.002971,1.413342,-0.002971,-0.261955,0
2026-07-02 15:44:50.053450,4.378776,-0.261955,1.415299,-0.002971,1.413342,-0.002971,-0.261955,0
2026-07-02 15:44:50.053450,4.381298,-0.267137,1.415299,-0.002971,1.413342,-0.002971,-0.267137,0
2026-07-02 15:44:50.063569,4.383701,-0.261955,1.415299,-0.002971,1.413342,-0.002971,-0.261955,0
2026-07-02 15:44:50.075624,4.390140,-0.261955,1.415299,-0.002971,1.413342,-0.002971,-0.261955,0
2026-07-02 15:44:50.077631,4.399391,-0.261955,1.415299,-0.002971,1.413342,-0.002971,-0.261955,0
2026-07-02 15:44:50.081658,4.401891,-0.251592,1.415299,-0.002971,1.413342,-0.002971,-0.251592,0
2026-07-02 15:44:50.083666,4.404287,-0.256773,1.415299,-0.002971,1.418524,-0.002971,-0.256773,0
2026-07-02 15:44:50.085678,4.406638,-0.256773,1.415299,-0.002971,1.413342,-0.002971,-0.256773,0
2026-07-02 15:44:50.087693,4.408954,-0.256773,1.415299,-0.002971,1.413342,-0.002971,-0.256773,0
2026-07-02 15:44:50.089709,4.411351,-0.251592,1.415299,-0.002971,1.418524,-0.002971,-0.251592,0
2026-07-02 15:44:50.093239,4.413757,-0.261955,1.415299,-0.002971,1.413342,-0.002971,-0.261955,0
2026-07-02 15:44:50.093239,4.416061,-0.256773,1.415299,-0.002971,1.418524,-0.002971,-0.256773,0
2026-07-02 15:44:50.098374,4.418480,-0.261955,1.415299,-0.002971,1.418524,-0.002971,-0.261955,0
2026-07-02 15:44:50.100380,4.421025,-0.267137,1.415299,-0.002971,1.418524,-0.002971,-0.267137,0
2026-07-02 15:44:50.100380,4.423471,-0.256773,1.415299,-0.002971,1.418524,-0.002971,-0.256773,0
2026-07-02 15:44:50.105765,4.425882,-0.261955,1.415299,-0.002971,1.413342,-0.002971,-0.261955,0
2026-07-02 15:44:50.107781,4.428278,-0.256773,1.415299,-0.002971,1.418524,-0.002971,-0.256773,0
2026-07-02 15:44:50.109797,4.430698,-0.251592,1.415299,-0.002971,1.413342,-0.002971,-0.251592,0
2026-07-02 15:44:50.109797,4.433078,-0.261955,1.415299,-0.002971,1.413342,-0.002971,-0.261955,0
2026-07-02 15:44:50.114098,4.435367,-0.261955,1.415299,-0.002971,1.418524,-0.002971,-0.261955,0
2026-07-02 15:44:50.116624,4.437878,-0.261955,1.415299,-0.002971,1.413342,-0.002971,-0.261955,0
2026-07-02 15:44:50.118637,4.440297,-0.261955,1.415299,-0.002971,1.413342,-0.002971,-0.261955,0
2026-07-02 15:44:50.121580,4.442703,-0.256773,1.415299,-0.002971,1.413342,-0.002971,-0.256773,0
2026-07-02 15:44:50.124602,4.445133,-0.261955,1.415299,-0.002971,1.418524,-0.002971,-0.261955,0
2026-07-02 15:44:50.126917,4.447443,-0.267137,1.415299,-0.002971,1.418524,-0.002971,-0.267137,0
2026-07-02 15:44:50.126917,4.449835,-0.261955,1.415299,-0.002971,1.413342,-0.002971,-0.261955,0
2026-07-02 15:44:50.126917,4.452347,-0.261955,1.415299,-0.002971,1.413342,-0.002971,-0.261955,0
2026-07-02 15:44:50.126917,4.454838,-0.261955,1.415299,-0.002971,1.413342,-0.002971,-0.261955,0
2026-07-02 15:44:50.140217,4.457249,-0.261955,1.415299,-0.002971,1.413342,-0.002971,-0.261955,0
2026-07-02 15:44:50.140217,4.463096,-0.261955,1.415299,-0.002971,1.413342,-0.002971,-0.261955,0
2026-07-02 15:44:50.144781,4.465435,-0.261955,1.415299,0.002211,1.413342,0.002211,-0.261955,0
2026-07-02 15:44:50.146787,4.467720,-0.261955,1.415299,-0.002971,1.418524,-0.002971,-0.261955,0
2026-07-02 15:44:50.148793,4.470058,-0.256773,1.415299,-0.002971,1.413342,-0.002971,-0.256773,0
2026-07-02 15:44:50.148793,4.472270,-0.261955,1.415299,-0.008152,1.418524,-0.008152,-0.261955,0
2026-07-02 15:44:50.148793,4.474703,-0.261955,1.415299,-0.008152,1.413342,-0.008152,-0.261955,0
2026-07-02 15:44:50.155054,4.477097,-0.261955,1.415299,-0.002971,1.418524,-0.002971,-0.261955,0
2026-07-02 15:44:50.155054,4.479434,-0.251592,1.415299,-0.002971,1.413342,-0.002971,-0.251592,0
2026-07-02 15:44:50.155054,4.481748,-0.261955,1.415299,-0.002971,1.413342,-0.002971,-0.261955,0
2026-07-02 15:44:50.155054,4.484125,-0.251592,1.415299,-0.002971,1.418524,-0.002971,-0.251592,0
2026-07-02 15:44:50.166208,4.486498,-0.256773,1.415299,-0.002971,1.413342,-0.002971,-0.256773,0
2026-07-02 15:44:50.167587,4.488844,-0.261955,1.415299,-0.002971,1.413342,-0.002971,-0.261955,0
2026-07-02 15:44:50.169600,4.491277,-0.256773,1.415299,-0.002971,1.413342,-0.002971,-0.256773,0
2026-07-02 15:44:50.171614,4.493729,-0.261955,1.415299,-0.002971,1.418524,-0.002971,-0.261955,0
2026-07-02 15:44:50.175601,4.496233,-0.261955,1.415299,-0.002971,1.413342,-0.002971,-0.261955,0
2026-07-02 15:44:50.175601,4.498487,-0.261955,1.415299,-0.002971,1.413342,-0.002971,-0.261955,0
2026-07-02 15:44:50.175601,4.501104,-0.256773,1.415299,-0.002971,1.413342,-0.002971,-0.256773,0
2026-07-02 15:44:50.181338,4.503463,-0.261955,1.415299,-0.002971,1.418524,-0.002971,-0.261955,0
2026-07-02 15:44:50.185662,4.505814,-0.256773,1.415299,-0.002971,1.418524,-0.002971,-0.256773,0
2026-07-02 15:44:50.185662,4.508448,-0.261955,1.415299,-0.002971,1.413342,-0.002971,-0.261955,0
2026-07-02 15:44:50.185662,4.510969,-0.256773,1.420479,-0.002971,1.413342,-0.002971,-0.256773,0
2026-07-02 15:44:50.185662,4.513472,-0.267137,1.415299,-0.002971,1.413342,-0.002971,-0.267137,0
2026-07-02 15:44:50.195984,4.515986,-0.261955,1.415299,-0.008152,1.413342,-0.008152,-0.261955,0
2026-07-02 15:44:50.198768,4.518881,-0.256773,1.415299,-0.002971,1.413342,-0.002971,-0.256773,0
2026-07-02 15:44:50.198768,4.521268,-0.256773,1.415299,-0.002971,1.413342,-0.002971,-0.256773,0
2026-07-02 15:44:50.203573,4.523635,-0.261955,1.415299,-0.002971,1.413342,-0.002971,-0.261955,0
2026-07-02 15:44:50.205589,4.526141,-0.261955,1.415299,-0.008152,1.413342,-0.008152,-0.261955,0
2026-07-02 15:44:50.207607,4.528491,-0.261955,1.415299,-0.002971,1.413342,-0.002971,-0.261955,0
2026-07-02 15:44:50.207607,4.531093,-0.251592,1.415299,-0.002971,1.418524,-0.002971,-0.251592,0
2026-07-02 15:44:50.207607,4.533507,-0.261955,1.415299,-0.002971,1.418524,-0.002971,-0.261955,0
2026-07-02 15:44:50.215710,4.535886,-0.256773,1.415299,-0.002971,1.418524,-0.002971,-0.256773,0
2026-07-02 15:44:50.218739,4.538837,-0.261955,1.415299,-0.002971,1.413342,-0.002971,-0.261955,0
2026-07-02 15:44:50.220754,4.541921,-0.261955,1.415299,-0.002971,1.418524,-0.002971,-0.261955,0
2026-07-02 15:44:50.220754,4.544205,-0.261955,1.415299,-0.002971,1.418524,-0.002971,-0.261955,0
2026-07-02 15:44:50.226146,4.546616,-0.261955,1.415299,-0.002971,1.418524,-0.002971,-0.261955,0
2026-07-02 15:44:50.228167,4.549340,-0.261955,1.415299,-0.002971,1.413342,-0.002971,-0.261955,0
2026-07-02 15:44:50.228167,4.551674,-0.256773,1.415299,-0.002971,1.413342,-0.002971,-0.256773,0
2026-07-02 15:44:50.228167,4.553942,-0.261955,1.415299,-0.002971,1.413342,-0.002971,-0.261955,0
2026-07-02 15:44:50.228167,4.556183,-0.261955,1.415299,-0.002971,1.418524,-0.002971,-0.261955,0
2026-07-02 15:44:50.236519,4.558437,-0.261955,1.415299,-0.002971,1.418524,-0.002971,-0.261955,0
2026-07-02 15:44:50.238527,4.560777,-0.261955,1.415299,-0.002971,1.413342,-0.002971,-0.261955,0
2026-07-02 15:44:50.241040,4.563050,-0.261955,1.415299,-0.002971,1.413342,-0.002971,-0.261955,0
2026-07-02 15:44:50.245058,4.565317,-0.267137,1.415299,-0.002971,1.413342,-0.002971,-0.267137,0
2026-07-02 15:44:50.246815,4.567568,-0.261955,1.415299,-0.008152,1.413342,-0.008152,-0.261955,0
2026-07-02 15:44:50.248212,4.569923,-0.251592,1.415299,-0.002971,1.418524,-0.002971,-0.251592,0
2026-07-02 15:44:50.250229,4.572252,-0.261955,1.415299,-0.002971,1.413342,-0.002971,-0.261955,0
2026-07-02 15:44:50.252242,4.574614,-0.261955,1.415299,-0.002971,1.418524,-0.002971,-0.261955,0
2026-07-02 15:44:50.252242,4.577088,-0.261955,1.415299,-0.002971,1.418524,-0.002971,-0.261955,0
2026-07-02 15:44:50.257656,4.579318,-0.261955,1.415299,-0.002971,1.418524,-0.002971,-0.261955,0
2026-07-02 15:44:50.257656,4.581541,-0.261955,1.415299,-0.002971,1.413342,-0.002971,-0.261955,0
2026-07-02 15:44:50.263519,4.583802,-0.251592,1.415299,-0.002971,1.418524,-0.002971,-0.251592,0
2026-07-02 15:44:50.264452,4.586033,-0.256773,1.415299,-0.008152,1.413342,-0.008152,-0.256773,0
2026-07-02 15:44:50.266973,4.588253,-0.261955,1.415299,-0.008152,1.418524,-0.008152,-0.261955,0
2026-07-02 15:44:50.266973,4.590444,-0.267137,1.415299,-0.002971,1.418524,-0.002971,-0.267137,0
2026-07-02 15:44:50.266973,4.592669,-0.256773,1.415299,-0.002971,1.418524,-0.002971,-0.256773,0
2026-07-02 15:44:50.266973,4.594906,-0.256773,1.415299,-0.002971,1.413342,-0.002971,-0.256773,0
2026-07-02 15:44:50.276316,4.597121,-0.251592,1.415299,-0.002971,1.413342,-0.002971,-0.251592,0
2026-07-02 15:44:50.279337,4.599413,-0.256773,1.415299,-0.002971,1.418524,-0.002971,-0.256773,0
2026-07-02 15:44:50.281351,4.601932,-0.261955,1.415299,-0.002971,1.418524,-0.002971,-0.261955,0
2026-07-02 15:44:50.283361,4.604349,-0.261955,1.410120,-0.002971,1.413342,-0.002971,-0.261955,0
2026-07-02 15:44:50.285375,4.606723,-0.251592,1.415299,-0.002971,1.413342,-0.002971,-0.251592,0
2026-07-02 15:44:50.289404,4.609092,-0.256773,1.415299,-0.002971,1.418524,-0.002971,-0.256773,0
2026-07-02 15:44:50.291418,4.613655,-0.261955,1.415299,-0.002971,1.418524,-0.002971,-0.261955,0
2026-07-02 15:44:50.295796,4.616013,-0.261955,1.415299,-0.002971,1.413342,-0.002971,-0.261955,0
2026-07-02 15:44:50.297560,4.618425,-0.267137,1.415299,-0.002971,1.413342,-0.002971,-0.267137,0
2026-07-02 15:44:50.301594,4.620855,-0.261955,1.415299,-0.002971,1.413342,-0.002971,-0.261955,0
2026-07-02 15:44:50.303608,4.624663,-0.261955,1.415299,-0.002971,1.413342,-0.002971,-0.261955,0
2026-07-02 15:44:50.311613,4.627238,-0.256773,1.415299,-0.002971,1.418524,-0.002971,-0.256773,0
2026-07-02 15:44:50.313625,4.634496,-0.256773,1.415299,-0.002971,1.418524,-0.002971,-0.256773,0
2026-07-02 15:44:50.316677,4.637319,-0.261955,1.415299,-0.002971,1.418524,-0.002971,-0.261955,0
2026-07-02 15:44:50.318256,4.639629,-0.261955,1.415299,-0.002971,1.413342,-0.002971,-0.261955,0
2026-07-02 15:44:50.319766,4.641885,-0.261955,1.415299,-0.002971,1.418524,-0.002971,-0.261955,0
2026-07-02 15:44:50.323786,4.644190,-0.261955,1.415299,-0.002971,1.413342,-0.002971,-0.261955,0
2026-07-02 15:44:50.325799,4.646539,-0.251592,1.415299,-0.002971,1.418524,-0.002971,-0.251592,0
2026-07-02 15:44:50.327812,4.648776,-0.251592,1.415299,-0.002971,1.418524,-0.002971,-0.251592,0
2026-07-02 15:44:50.329825,4.651109,-0.261955,1.415299,-0.002971,1.418524,-0.002971,-0.261955,0
2026-07-02 15:44:50.329825,4.653358,-0.261955,1.415299,-0.002971,1.413342,-0.002971,-0.261955,0
2026-07-02 15:44:50.334995,4.655672,-0.261955,1.415299,-0.002971,1.418524,-0.002971,-0.261955,0
2026-07-02 15:44:50.334995,4.657921,-0.261955,1.415299,-0.008152,1.413342,-0.008152,-0.261955,0
2026-07-02 15:44:50.338223,4.660160,-0.261955,1.415299,-0.002971,1.413342,-0.002971,-0.261955,0
2026-07-02 15:44:50.341660,4.662371,-0.261955,1.415299,-0.002971,1.413342,-0.002971,-0.261955,0
2026-07-02 15:44:50.341660,4.664698,-0.261955,1.415299,-0.002971,1.418524,-0.002971,-0.261955,0
2026-07-02 15:44:50.341660,4.667171,-0.261955,1.415299,-0.002971,1.413342,-0.002971,-0.261955,0
2026-07-02 15:44:50.348612,4.669562,-0.261955,1.415299,-0.002971,1.413342,-0.002971,-0.261955,0
2026-07-02 15:44:50.348612,4.671791,-0.261955,1.415299,-0.002971,1.413342,-0.002971,-0.261955,0
2026-07-02 15:44:50.348612,4.674138,-0.261955,1.415299,-0.008152,1.418524,-0.008152,-0.261955,0
2026-07-02 15:44:50.348612,4.676375,-0.256773,1.415299,-0.002971,1.413342,-0.002971,-0.256773,0
2026-07-02 15:44:50.348612,4.678754,-0.256773,1.415299,-0.002971,1.418524,-0.002971,-0.256773,0
2026-07-02 15:44:50.360669,4.680955,-0.261955,1.415299,-0.002971,1.418524,-0.002971,-0.261955,0
2026-07-02 15:44:50.362682,4.683255,-0.261955,1.415299,-0.002971,1.413342,-0.002971,-0.261955,0
2026-07-02 15:44:50.365209,4.685610,-0.261955,1.415299,-0.002971,1.418524,-0.002971,-0.261955,0
2026-07-02 15:44:50.365755,4.687919,-0.261955,1.415299,-0.002971,1.413342,-0.002971,-0.261955,0
2026-07-02 15:44:50.369368,4.690255,-0.261955,1.415299,-0.002971,1.418524,-0.002971,-0.261955,0
2026-07-02 15:44:50.369368,4.692479,-0.267137,1.415299,-0.002971,1.413342,-0.002971,-0.267137,0
2026-07-02 15:44:50.369368,4.694737,-0.261955,1.415299,-0.002971,1.418524,-0.002971,-0.261955,0
2026-07-02 15:44:50.369368,4.696952,-0.261955,1.415299,-0.002971,1.413342,-0.002971,-0.261955,0
2026-07-02 15:44:50.378823,4.699294,-0.267137,1.415299,-0.002971,1.413342,-0.002971,-0.267137,0
2026-07-02 15:44:50.380844,4.701635,-0.256773,1.415299,-0.002971,1.418524,-0.002971,-0.256773,0
2026-07-02 15:44:50.382860,4.703902,-0.256773,1.415299,-0.002971,1.418524,-0.002971,-0.256773,0
2026-07-02 15:44:50.385373,4.706203,-0.256773,1.415299,-0.002971,1.413342,-0.002971,-0.256773,0
2026-07-02 15:44:50.385373,4.708460,-0.256773,1.415299,-0.002971,1.413342,-0.002971,-0.256773,0
2026-07-02 15:44:50.388948,4.710702,-0.251592,1.415299,-0.008152,1.413342,-0.008152,-0.251592,0
2026-07-02 15:44:50.388948,4.712940,-0.261955,1.415299,-0.002971,1.418524,-0.002971,-0.261955,0
2026-07-02 15:44:50.388948,4.715142,-0.251592,1.415299,-0.002971,1.413342,-0.002971,-0.251592,0
2026-07-02 15:44:50.388948,4.717369,-0.261955,1.415299,-0.002971,1.413342,-0.002971,-0.261955,0
2026-07-02 15:44:50.402775,4.719593,-0.261955,1.415299,-0.002971,1.413342,-0.002971,-0.261955,0
2026-07-02 15:44:50.404789,4.725546,-0.261955,1.415299,-0.002971,1.418524,-0.002971,-0.261955,0
2026-07-02 15:44:50.404789,4.727981,-0.256773,1.415299,-0.002971,1.418524,-0.002971,-0.256773,0
2026-07-02 15:44:50.408964,4.730279,-0.267137,1.415299,-0.002971,1.413342,-0.002971,-0.267137,0
2026-07-02 15:44:50.408964,4.732522,-0.261955,1.415299,-0.002971,1.413342,-0.002971,-0.261955,0
2026-07-02 15:44:50.408964,4.734807,-0.261955,1.415299,-0.002971,1.418524,-0.002971,-0.261955,0
2026-07-02 15:44:50.416713,4.737071,-0.261955,1.415299,-0.002971,1.418524,-0.002971,-0.261955,0
2026-07-02 15:44:50.416713,4.739594,-0.261955,1.415299,-0.002971,1.418524,-0.002971,-0.261955,0
2026-07-02 15:44:50.416713,4.741879,-0.256773,1.420479,-0.002971,1.413342,-0.002971,-0.256773,0
2026-07-02 15:44:50.416713,4.744092,-0.267137,1.415299,-0.002971,1.413342,-0.002971,-0.267137,0
2026-07-02 15:44:50.416713,4.746358,-0.256773,1.415299,-0.002971,1.413342,-0.002971,-0.256773,0
2026-07-02 15:44:50.428197,4.748671,-0.267137,1.415299,-0.002971,1.413342,-0.002971,-0.267137,0
2026-07-02 15:44:50.430218,4.751013,-0.261955,1.415299,-0.002971,1.413342,-0.002971,-0.261955,0
2026-07-02 15:44:50.432230,4.753427,-0.251592,1.415299,-0.008152,1.418524,-0.008152,-0.251592,0
2026-07-02 15:44:50.434242,4.756139,-0.261955,1.415299,-0.002971,1.413342,-0.002971,-0.261955,0
2026-07-02 15:44:50.437269,4.758474,-0.256773,1.415299,-0.002971,1.418524,-0.002971,-0.256773,0
2026-07-02 15:44:50.439287,4.760815,-0.251592,1.415299,-0.002971,1.413342,-0.002971,-0.251592,0
2026-07-02 15:44:50.441809,4.763063,-0.261955,1.415299,-0.002971,1.413342,-0.002971,-0.261955,0
2026-07-02 15:44:50.443822,4.765285,-0.261955,1.415299,-0.008152,1.418524,-0.008152,-0.261955,0
2026-07-02 15:44:50.445834,4.767530,-0.256773,1.415299,-0.002971,1.413342,-0.002971,-0.256773,0
2026-07-02 15:44:50.447589,4.769782,-0.256773,1.415299,-0.002971,1.418524,-0.002971,-0.256773,0
2026-07-02 15:44:50.449995,4.772010,-0.261955,1.415299,-0.002971,1.418524,-0.002971,-0.261955,0
2026-07-02 15:44:50.454008,4.774262,-0.256773,1.415299,-0.002971,1.418524,-0.002971,-0.256773,0
2026-07-02 15:44:50.456146,4.776463,-0.261955,1.415299,-0.002971,1.418524,-0.002971,-0.261955,0
2026-07-02 15:44:50.457884,4.778740,-0.261955,1.415299,-0.002971,1.418524,-0.002971,-0.261955,0
2026-07-02 15:44:50.459901,4.780988,-0.256773,1.415299,-0.002971,1.413342,-0.002971,-0.256773,0
2026-07-02 15:44:50.461917,4.783247,-0.256773,1.415299,-0.002971,1.418524,-0.002971,-0.256773,0
2026-07-02 15:44:50.461917,4.785498,-0.256773,1.415299,-0.002971,1.413342,-0.002971,-0.256773,0
2026-07-02 15:44:50.465845,4.787725,-0.256773,1.415299,-0.008152,1.413342,-0.008152,-0.256773,0
2026-07-02 15:44:50.467993,4.789917,-0.261955,1.415299,-0.002971,1.418524,-0.002971,-0.261955,0
2026-07-02 15:44:50.470444,4.792117,-0.261955,1.415299,-0.002971,1.418524,-0.002971,-0.261955,0
2026-07-02 15:44:50.472669,4.794385,-0.261955,1.415299,-0.002971,1.413342,-0.002971,-0.261955,0
2026-07-02 15:44:50.472669,4.796606,-0.261955,1.415299,-0.002971,1.413342,-0.002971,-0.261955,0
2026-07-02 15:44:50.478350,4.798837,-0.251592,1.415299,-0.002971,1.413342,-0.002971,-0.251592,0
2026-07-02 15:44:50.478350,4.801014,-0.267137,1.415299,-0.002971,1.413342,-0.002971,-0.267137,0
2026-07-02 15:44:50.478350,4.803253,-0.261955,1.415299,-0.008152,1.418524,-0.008152,-0.261955,0
2026-07-02 15:44:50.484141,4.805465,-0.261955,1.415299,-0.008152,1.418524,-0.008152,-0.261955,0
2026-07-02 15:44:50.486147,4.808124,-0.261955,1.415299,-0.002971,1.418524,-0.002971,-0.261955,0
2026-07-02 15:44:50.490534,4.810365,-0.261955,1.415299,-0.002971,1.418524,-0.002971,-0.261955,0
2026-07-02 15:44:50.493513,4.813104,-0.267137,1.415299,-0.002971,1.413342,-0.002971,-0.267137,0
2026-07-02 15:44:50.493513,4.816647,-0.261955,1.415299,-0.002971,1.418524,-0.002971,-0.261955,0
2026-07-02 15:44:50.497235,4.818836,-0.256773,1.415299,-0.008152,1.413342,-0.008152,-0.256773,0
2026-07-02 15:44:50.498983,4.821144,-0.261955,1.415299,-0.002971,1.413342,-0.002971,-0.261955,0
2026-07-02 15:44:50.498983,4.823348,-0.256773,1.415299,-0.002971,1.413342,-0.002971,-0.256773,0
2026-07-02 15:44:50.498983,4.825547,-0.261955,1.415299,-0.002971,1.418524,-0.002971,-0.261955,0
2026-07-02 15:44:50.498983,4.827790,-0.256773,1.415299,-0.002971,1.418524,-0.002971,-0.256773,0
2026-07-02 15:44:50.509100,4.829995,-0.251592,1.415299,-0.002971,1.413342,-0.002971,-0.251592,0
2026-07-02 15:44:50.510082,4.832405,-0.251592,1.415299,-0.002971,1.413342,-0.002971,-0.251592,0
2026-07-02 15:44:50.510082,4.834656,-0.256773,1.415299,-0.002971,1.418524,-0.002971,-0.256773,0
2026-07-02 15:44:50.510082,4.836864,-0.261955,1.415299,-0.002971,1.413342,-0.002971,-0.261955,0
2026-07-02 15:44:50.521154,4.839401,-0.261955,1.415299,-0.002971,1.413342,-0.002971,-0.261955,0
2026-07-02 15:44:50.524202,4.843948,-0.261955,1.415299,-0.002971,1.418524,-0.002971,-0.261955,0
2026-07-02 15:44:50.527957,4.848064,-0.261955,1.415299,-0.002971,1.413342,-0.002971,-0.261955,0
2026-07-02 15:44:50.529477,4.850835,-0.261955,1.415299,-0.002971,1.413342,-0.002971,-0.261955,0
2026-07-02 15:44:50.529477,4.853051,-0.256773,1.415299,-0.002971,1.413342,-0.002971,-0.256773,0
2026-07-02 15:44:50.529477,4.855291,-0.261955,1.415299,-0.002971,1.413342,-0.002971,-0.261955,0
2026-07-02 15:44:50.529477,4.857519,-0.261955,1.415299,-0.002971,1.413342,-0.002971,-0.261955,0
2026-07-02 15:44:50.529477,4.859743,-0.256773,1.415299,-0.002971,1.413342,-0.002971,-0.256773,0
2026-07-02 15:44:50.540517,4.861958,-0.261955,1.415299,-0.002971,1.413342,-0.002971,-0.261955,0
2026-07-02 15:44:50.543506,4.864507,-0.261955,1.415299,-0.002971,1.413342,-0.002971,-0.261955,0
2026-07-02 15:44:50.543506,4.866777,-0.261955,1.415299,-0.002971,1.413342,-0.002971,-0.261955,0
2026-07-02 15:44:50.543506,4.868995,-0.261955,1.415299,-0.002971,1.418524,-0.002971,-0.261955,0
2026-07-02 15:44:50.551562,4.871328,-0.251592,1.415299,-0.002971,1.413342,-0.002971,-0.251592,0
2026-07-02 15:44:50.555596,4.875300,-0.256773,1.415299,-0.002971,1.418524,-0.002971,-0.256773,0
2026-07-02 15:44:50.555596,4.878302,-0.261955,1.415299,-0.002971,1.418524,-0.002971,-0.261955,0
2026-07-02 15:44:50.559506,4.881160,-0.261955,1.415299,-0.002971,1.418524,-0.002971,-0.261955,0
2026-07-02 15:44:50.559506,4.883412,-0.251592,1.415299,-0.002971,1.413342,-0.002971,-0.251592,0
2026-07-02 15:44:50.559506,4.885646,-0.261955,1.415299,-0.002971,1.418524,-0.002971,-0.261955,0
2026-07-02 15:44:50.559506,4.887867,-0.261955,1.415299,-0.002971,1.418524,-0.002971,-0.261955,0
2026-07-02 15:44:50.569775,4.890061,-0.261955,1.415299,-0.008152,1.418524,-0.008152,-0.261955,0
2026-07-02 15:44:50.569775,4.892671,-0.261955,1.415299,-0.002971,1.413342,-0.002971,-0.261955,0
2026-07-02 15:44:50.569775,4.894900,-0.261955,1.415299,-0.002971,1.418524,-0.002971,-0.261955,0
2026-07-02 15:44:50.569775,4.897106,-0.256773,1.415299,-0.002971,1.418524,-0.002971,-0.256773,0
2026-07-02 15:44:50.569775,4.899330,-0.261955,1.415299,-0.002971,1.418524,-0.002971,-0.261955,0
2026-07-02 15:44:50.580274,4.901612,-0.256773,1.415299,-0.002971,1.413342,-0.002971,-0.256773,0
2026-07-02 15:44:50.580274,4.903885,-0.261955,1.415299,-0.002971,1.418524,-0.002971,-0.261955,0
2026-07-02 15:44:50.580274,4.906104,-0.261955,1.420479,-0.002971,1.413342,-0.002971,-0.261955,0
2026-07-02 15:44:50.580274,4.908351,-0.256773,1.415299,-0.002971,1.413342,-0.002971,-0.256773,0
2026-07-02 15:44:50.580274,4.910564,-0.267137,1.415299,-0.002971,1.413342,-0.002971,-0.267137,0
2026-07-02 15:44:50.595170,4.913002,-0.261955,1.415299,-0.002971,1.413342,-0.002971,-0.261955,0
2026-07-02 15:44:50.595828,4.918044,-0.256773,1.415299,-0.002971,1.418524,-0.002971,-0.256773,0
2026-07-02 15:44:50.595828,4.920312,-0.261955,1.415299,-0.002971,1.413342,-0.002971,-0.261955,0
2026-07-02 15:44:50.600637,4.922936,-0.261955,1.415299,-0.002971,1.413342,-0.002971,-0.261955,0
2026-07-02 15:44:50.600637,4.925181,-0.261955,1.415299,-0.002971,1.418524,-0.002971,-0.261955,0
2026-07-02 15:44:50.600637,4.927397,-0.261955,1.415299,-0.002971,1.413342,-0.002971,-0.261955,0
2026-07-02 15:44:50.600637,4.929613,-0.261955,1.415299,-0.002971,1.413342,-0.002971,-0.261955,0
2026-07-02 15:44:50.612773,4.931828,-0.256773,1.415299,-0.002971,1.413342,-0.002971,-0.256773,0
2026-07-02 15:44:50.612773,4.935471,-0.261955,1.415299,-0.002971,1.413342,-0.002971,-0.261955,0
2026-07-02 15:44:50.617305,4.937705,-0.251592,1.415299,-0.002971,1.413342,-0.002971,-0.251592,0
2026-07-02 15:44:50.619069,4.940024,-0.261955,1.415299,-0.002971,1.418524,-0.002971,-0.261955,0
2026-07-02 15:44:50.622556,4.942300,-0.256773,1.415299,-0.002971,1.413342,-0.002971,-0.256773,0
2026-07-02 15:44:50.624613,4.945184,-0.256773,1.415299,-0.002971,1.413342,-0.002971,-0.256773,0
2026-07-02 15:44:50.626812,4.948599,-0.256773,1.415299,-0.002971,1.418524,-0.002971,-0.256773,0
2026-07-02 15:44:50.629324,4.950928,-0.256773,1.415299,-0.002971,1.413342,-0.002971,-0.256773,0
2026-07-02 15:44:50.631083,4.953157,-0.256773,1.415299,-0.002971,1.413342,-0.002971,-0.256773,0
2026-07-02 15:44:50.631083,4.955405,-0.261955,1.415299,-0.002971,1.418524,-0.002971,-0.261955,0
2026-07-02 15:44:50.631083,4.957578,-0.261955,1.415299,-0.002971,1.413342,-0.002971,-0.261955,0
2026-07-02 15:44:50.631083,4.959805,-0.256773,1.415299,-0.002971,1.418524,-0.002971,-0.256773,0
2026-07-02 15:44:50.641129,4.962014,-0.261955,1.415299,-0.002971,1.413342,-0.002971,-0.261955,0
2026-07-02 15:44:50.642906,4.964557,-0.256773,1.415299,-0.002971,1.413342,-0.002971,-0.256773,0
2026-07-02 15:44:50.642906,4.966810,-0.261955,1.415299,-0.002971,1.418524,-0.002971,-0.261955,0
2026-07-02 15:44:50.642906,4.969060,-0.261955,1.415299,-0.002971,1.413342,-0.002971,-0.261955,0
2026-07-02 15:44:50.642906,4.971294,-0.256773,1.415299,-0.002971,1.418524,-0.002971,-0.256773,0
2026-07-02 15:44:50.653748,4.973479,-0.251592,1.415299,-0.002971,1.413342,-0.002971,-0.251592,0
2026-07-02 15:44:50.654541,4.976228,-0.256773,1.415299,-0.002971,1.413342,-0.002971,-0.256773,0
2026-07-02 15:44:50.657302,4.978985,-0.251592,1.415299,-0.002971,1.413342,-0.002971,-0.251592,0
2026-07-02 15:44:50.660715,4.981213,-0.256773,1.415299,-0.002971,1.413342,-0.002971,-0.256773,0
2026-07-02 15:44:50.661732,4.983524,-0.261955,1.415299,-0.002971,1.413342,-0.002971,-0.261955,0
2026-07-02 15:44:50.661732,4.985822,-0.256773,1.415299,-0.002971,1.413342,-0.002971,-0.256773,0
2026-07-02 15:44:50.661732,4.988056,-0.256773,1.415299,-0.002971,1.413342,-0.002971,-0.256773,0
2026-07-02 15:44:50.661732,4.990239,-0.261955,1.415299,-0.002971,1.418524,-0.002971,-0.261955,0
2026-07-02 15:44:50.672071,4.992464,-0.256773,1.415299,-0.002971,1.413342,-0.002971,-0.256773,0
2026-07-02 15:44:50.673267,4.994946,-0.251592,1.415299,-0.002971,1.418524,-0.002971,-0.251592,0
2026-07-02 15:44:50.675781,4.997268,-0.261955,1.415299,-0.002971,1.418524,-0.002971,-0.261955,0
2026-07-02 15:44:50.675781,4.999569,-0.267137,1.415299,-0.002971,1.413342,-0.002971,-0.267137,0
