horodatage,temps_s,AIN0,AIN1,AIN2,AIN3,courant,position,trigger
2026-07-02 15:50:20.244478,0.000001,7.375811,1.420479,0.007391,1.413342,0.007391,7.375811,0
2026-07-02 15:50:20.246504,0.002817,7.365448,1.415299,0.007391,1.413342,0.007391,7.365448,0
2026-07-02 15:50:20.248531,0.005322,7.370630,1.415299,0.007391,1.413342,0.007391,7.370630,0
2026-07-02 15:50:20.250555,0.007813,7.375811,1.415299,0.007391,1.413342,0.007391,7.375811,0
2026-07-02 15:50:20.254596,0.010385,7.365448,1.415299,0.007391,1.418524,0.007391,7.365448,0
2026-07-02 15:50:20.256621,0.012914,7.370630,1.415299,0.007391,1.413342,0.007391,7.370630,0
2026-07-02 15:50:20.259644,0.015402,7.375811,1.415299,0.007391,1.413342,0.007391,7.375811,0
2026-07-02 15:50:20.262221,0.017970,7.370630,1.415299,0.007391,1.413342,0.007391,7.370630,0
2026-07-02 15:50:20.264769,0.020546,7.365448,1.415299,0.007391,1.413342,0.007391,7.365448,0
2026-07-02 15:50:20.266847,0.023136,7.370630,1.415299,0.007391,1.413342,0.007391,7.370630,0
2026-07-02 15:50:20.269601,0.025718,7.375811,1.415299,0.007391,1.413342,0.007391,7.375811,0
2026-07-02 15:50:20.273065,0.028439,7.365448,1.415299,0.007391,1.418524,0.007391,7.365448,0
2026-07-02 15:50:20.275897,0.031447,7.370630,1.415299,0.007391,1.418524,0.007391,7.370630,0
2026-07-02 15:50:20.278729,0.034167,7.375811,1.415299,0.007391,1.413342,0.007391,7.375811,0
2026-07-02 15:50:20.280756,0.036701,7.370630,1.415299,0.007391,1.413342,0.007391,7.370630,0
2026-07-02 15:50:20.283500,0.039222,7.370630,1.415299,0.007391,1.413342,0.007391,7.370630,0
2026-07-02 15:50:20.285525,0.041751,7.370630,1.415299,0.007391,1.413342,0.007391,7.370630,0
2026-07-02 15:50:20.287555,0.044395,7.370630,1.415299,0.007391,1.413342,0.007391,7.370630,0
2026-07-02 15:50:20.291345,0.046948,7.375811,1.415299,0.007391,1.413342,0.007391,7.375811,0
2026-07-02 15:50:20.293993,0.049427,7.375811,1.415299,0.007391,1.413342,0.007391,7.375811,0
2026-07-02 15:50:20.296015,0.051973,7.370630,1.415299,0.007391,1.413342,0.007391,7.370630,0
2026-07-02 15:50:20.298041,0.054506,7.365448,1.415299,0.007391,1.413342,0.007391,7.365448,0
2026-07-02 15:50:20.300398,0.057023,7.375811,1.415299,0.007391,1.413342,0.007391,7.375811,0
2026-07-02 15:50:20.304480,0.059830,7.370630,1.415299,0.007391,1.418524,0.007391,7.370630,0
2026-07-02 15:50:20.306500,0.062503,7.375811,1.415299,0.007391,1.413342,0.007391,7.375811,0
2026-07-02 15:50:20.308514,0.065070,7.370630,1.415299,0.007391,1.418524,0.007391,7.370630,0
2026-07-02 15:50:20.312317,0.067709,7.365448,1.415299,0.007391,1.413342,0.007391,7.365448,0
2026-07-02 15:50:20.314338,0.070607,7.375811,1.415299,0.007391,1.418524,0.007391,7.375811,0
2026-07-02 15:50:20.317135,0.073500,7.370630,1.415299,0.007391,1.418524,0.007391,7.370630,0
2026-07-02 15:50:20.320685,0.076293,7.365448,1.415299,0.007391,1.418524,0.007391,7.365448,0
2026-07-02 15:50:20.324114,0.079023,7.370630,1.415299,0.007391,1.413342,0.007391,7.370630,0
2026-07-02 15:50:20.327836,0.083452,7.365448,1.415299,0.007391,1.413342,0.007391,7.365448,0
2026-07-02 15:50:20.330200,0.086068,7.375811,1.415299,0.007391,1.413342,0.007391,7.375811,0
2026-07-02 15:50:20.332709,0.089614,7.370630,1.415299,0.007391,1.418524,0.007391,7.370630,0
2026-07-02 15:50:20.336439,0.092176,7.365448,1.415299,0.007391,1.413342,0.007391,7.365448,0
2026-07-02 15:50:20.339313,0.094775,7.375811,1.415299,0.007391,1.418524,0.007391,7.375811,0
2026-07-02 15:50:20.341273,0.097317,7.375811,1.415299,0.007391,1.418524,0.007391,7.375811,0
2026-07-02 15:50:20.343107,0.099892,7.370630,1.415299,0.007391,1.413342,0.007391,7.370630,0
2026-07-02 15:50:20.346734,0.102448,7.370630,1.415299,0.007391,1.413342,0.007391,7.370630,0
2026-07-02 15:50:20.350409,0.105071,7.370630,1.415299,0.007391,1.418524,0.007391,7.370630,0
2026-07-02 15:50:20.352976,0.109611,7.370630,1.415299,0.007391,1.418524,0.007391,7.370630,0
2026-07-02 15:50:20.355495,0.112170,7.370630,1.415299,0.007391,1.413342,0.007391,7.370630,0
2026-07-02 15:50:20.359048,0.114726,7.375811,1.415299,0.007391,1.413342,0.007391,7.375811,0
2026-07-02 15:50:20.360484,0.117295,7.380993,1.420479,0.007391,1.418524,0.007391,7.380993,0
2026-07-02 15:50:20.364109,0.119842,7.375811,1.415299,0.007391,1.413342,0.007391,7.375811,0
2026-07-02 15:50:20.366828,0.122390,7.365448,1.415299,0.007391,1.413342,0.007391,7.365448,0
2026-07-02 15:50:20.369546,0.124970,7.370630,1.415299,0.002211,1.413342,0.002211,7.370630,0
2026-07-02 15:50:20.371362,0.127570,7.375811,1.415299,0.007391,1.418524,0.007391,7.375811,0
2026-07-02 15:50:20.373385,0.130148,7.375811,1.415299,0.007391,1.413342,0.007391,7.375811,0
2026-07-02 15:50:20.376241,0.132523,7.375811,1.415299,0.007391,1.413342,0.007391,7.375811,0
2026-07-02 15:50:20.379103,0.134814,7.370630,1.415299,0.002211,1.413342,0.002211,7.370630,0
2026-07-02 15:50:20.379714,0.137196,7.375811,1.415299,0.007391,1.418524,0.007391,7.375811,0
2026-07-02 15:50:20.383582,0.139541,7.370630,1.415299,0.007391,1.413342,0.007391,7.370630,0
2026-07-02 15:50:20.386670,0.141955,7.370630,1.415299,0.007391,1.413342,0.007391,7.370630,0
2026-07-02 15:50:20.388684,0.146013,7.375811,1.415299,0.007391,1.413342,0.007391,7.375811,0
2026-07-02 15:50:20.392748,0.148559,7.375811,1.415299,0.007391,1.413342,0.007391,7.375811,0
2026-07-02 15:50:20.394610,0.150911,7.375811,1.415299,0.007391,1.413342,0.007391,7.375811,0
2026-07-02 15:50:20.395741,0.153205,7.365448,1.415299,0.007391,1.413342,0.007391,7.365448,0
2026-07-02 15:50:20.399765,0.155537,7.375811,1.415299,0.007391,1.413342,0.007391,7.375811,0
2026-07-02 15:50:20.400766,0.157812,7.370630,1.415299,0.007391,1.413342,0.007391,7.370630,0
2026-07-02 15:50:20.404226,0.160126,7.375811,1.415299,0.007391,1.413342,0.007391,7.375811,0
2026-07-02 15:50:20.405093,0.162591,7.370630,1.415299,0.007391,1.418524,0.007391,7.370630,0
2026-07-02 15:50:20.408776,0.164880,7.370630,1.415299,0.007391,1.418524,0.007391,7.370630,0
2026-07-02 15:50:20.411227,0.167151,7.370630,1.415299,0.007391,1.413342,0.007391,7.370630,0
2026-07-02 15:50:20.413245,0.169685,7.365448,1.410120,0.007391,1.418524,0.007391,7.365448,0
2026-07-02 15:50:20.417341,0.171923,7.370630,1.415299,0.007391,1.413342,0.007391,7.370630,0
2026-07-02 15:50:20.418770,0.175769,7.370630,1.415299,0.007391,1.413342,0.007391,7.370630,0
2026-07-02 15:50:20.421290,0.178084,7.370630,1.415299,0.007391,1.413342,0.007391,7.370630,0
2026-07-02 15:50:20.423620,0.180471,7.370630,1.415299,0.007391,1.413342,0.007391,7.370630,0
2026-07-02 15:50:20.426929,0.183549,7.370630,1.415299,0.007391,1.413342,0.007391,7.370630,0
2026-07-02 15:50:20.428950,0.185827,7.375811,1.415299,0.007391,1.413342,0.007391,7.375811,0
2026-07-02 15:50:20.431168,0.188249,7.375811,1.415299,0.007391,1.413342,0.007391,7.375811,0
2026-07-02 15:50:20.434690,0.191969,7.365448,1.410120,0.007391,1.413342,0.007391,7.365448,0
2026-07-02 15:50:20.437208,0.194325,7.375811,1.415299,0.007391,1.413342,0.007391,7.375811,0
2026-07-02 15:50:20.439720,0.196665,7.370630,1.415299,0.007391,1.413342,0.007391,7.370630,0
2026-07-02 15:50:20.443387,0.199371,7.375811,1.415299,0.007391,1.413342,0.007391,7.375811,0
2026-07-02 15:50:20.444190,0.201698,7.365448,1.410120,0.007391,1.413342,0.007391,7.365448,0
2026-07-02 15:50:20.446983,0.204042,7.370630,1.415299,0.007391,1.413342,0.007391,7.370630,0
2026-07-02 15:50:20.449494,0.206386,7.375811,1.415299,0.007391,1.413342,0.007391,7.375811,0
2026-07-02 15:50:20.451320,0.208681,7.375811,1.415299,0.007391,1.413342,0.007391,7.375811,0
2026-07-02 15:50:20.453899,0.210968,7.365448,1.415299,0.007391,1.413342,0.007391,7.365448,0
2026-07-02 15:50:20.456409,0.213317,7.375811,1.415299,0.007391,1.413342,0.007391,7.375811,0
2026-07-02 15:50:20.459736,0.216077,7.375811,1.415299,0.007391,1.418524,0.007391,7.375811,0
2026-07-02 15:50:20.460899,0.218398,7.375811,1.415299,0.007391,1.418524,0.007391,7.375811,0
2026-07-02 15:50:20.463747,0.220695,7.375811,1.415299,0.007391,1.413342,0.007391,7.375811,0
2026-07-02 15:50:20.466689,0.223015,7.370630,1.415299,0.007391,1.413342,0.007391,7.370630,0
2026-07-02 15:50:20.468295,0.225360,7.375811,1.415299,0.007391,1.413342,0.007391,7.375811,0
2026-07-02 15:50:20.470895,0.227824,7.365448,1.415299,0.007391,1.413342,0.007391,7.365448,0
2026-07-02 15:50:20.475168,0.230448,7.370630,1.415299,0.007391,1.418524,0.007391,7.370630,0
2026-07-02 15:50:20.477661,0.233837,7.370630,1.415299,0.007391,1.413342,0.007391,7.370630,0
2026-07-02 15:50:20.479159,0.236215,7.375811,1.415299,0.007391,1.413342,0.007391,7.375811,0
2026-07-02 15:50:20.483655,0.238604,7.370630,1.415299,0.007391,1.418524,0.007391,7.370630,0
2026-07-02 15:50:20.485466,0.241951,7.365448,1.415299,0.007391,1.418524,0.007391,7.365448,0
2026-07-02 15:50:20.487478,0.244431,7.370630,1.415299,0.012572,1.413342,0.012572,7.370630,0
2026-07-02 15:50:20.491718,0.246776,7.370630,1.415299,0.007391,1.418524,0.007391,7.370630,0
2026-07-02 15:50:20.493261,0.250056,7.375811,1.415299,0.007391,1.418524,0.007391,7.375811,0
2026-07-02 15:50:20.495274,0.252543,7.365448,1.415299,0.007391,1.418524,0.007391,7.365448,0
2026-07-02 15:50:20.497808,0.254867,7.370630,1.415299,0.007391,1.413342,0.007391,7.370630,0
2026-07-02 15:50:20.501856,0.257103,7.365448,1.415299,0.007391,1.418524,0.007391,7.365448,0
2026-07-02 15:50:20.503026,0.260133,7.375811,1.415299,0.007391,1.413342,0.007391,7.375811,0
2026-07-02 15:50:20.505541,0.262628,7.370630,1.415299,0.007391,1.413342,0.007391,7.370630,0
2026-07-02 15:50:20.509267,0.264999,7.375811,1.415299,0.007391,1.413342,0.007391,7.375811,0
2026-07-02 15:50:20.511885,0.267432,7.370630,1.415299,0.007391,1.418524,0.007391,7.370630,0
2026-07-02 15:50:20.512922,0.269902,7.375811,1.415299,0.007391,1.413342,0.007391,7.375811,0
2026-07-02 15:50:20.516195,0.272320,7.375811,1.415299,0.007391,1.413342,0.007391,7.375811,0
2026-07-02 15:50:20.521499,0.274711,7.375811,1.415299,0.007391,1.413342,0.007391,7.375811,0
2026-07-02 15:50:20.522685,0.279622,7.365448,1.415299,0.007391,1.418524,0.007391,7.365448,0
2026-07-02 15:50:20.526588,0.282355,7.375811,1.415299,0.007391,1.418524,0.007391,7.375811,0
2026-07-02 15:50:20.528016,0.285095,7.375811,1.415299,0.002211,1.413342,0.002211,7.375811,0
2026-07-02 15:50:20.531040,0.287455,7.370630,1.415299,0.007391,1.413342,0.007391,7.370630,0
2026-07-02 15:50:20.533579,0.289722,7.375811,1.415299,0.007391,1.413342,0.007391,7.375811,0
2026-07-02 15:50:20.534550,0.292080,7.370630,1.415299,0.007391,1.413342,0.007391,7.370630,0
2026-07-02 15:50:20.537193,0.294359,7.370630,1.415299,0.007391,1.418524,0.007391,7.370630,0
2026-07-02 15:50:20.539410,0.296582,7.365448,1.415299,0.007391,1.418524,0.007391,7.365448,0
2026-07-02 15:50:20.542745,0.298791,7.375811,1.415299,0.007391,1.413342,0.007391,7.375811,0
2026-07-02 15:50:20.543720,0.301244,7.370630,1.415299,0.007391,1.418524,0.007391,7.370630,0
2026-07-02 15:50:20.546340,0.303494,7.365448,1.415299,0.007391,1.418524,0.007391,7.365448,0
2026-07-02 15:50:20.549588,0.305721,7.375811,1.415299,0.007391,1.418524,0.007391,7.375811,0
2026-07-02 15:50:20.551003,0.308100,7.375811,1.415299,0.007391,1.418524,0.007391,7.375811,0
2026-07-02 15:50:20.553518,0.310370,7.370630,1.415299,0.007391,1.413342,0.007391,7.370630,0
2026-07-02 15:50:20.555732,0.312772,7.375811,1.415299,0.007391,1.418524,0.007391,7.375811,0
2026-07-02 15:50:20.558512,0.315176,7.370630,1.415299,0.007391,1.418524,0.007391,7.370630,0
2026-07-02 15:50:20.560582,0.317575,7.365448,1.415299,0.007391,1.413342,0.007391,7.365448,0
2026-07-02 15:50:20.562717,0.319907,7.370630,1.415299,0.007391,1.413342,0.007391,7.370630,0
2026-07-02 15:50:20.566582,0.322306,7.365448,1.415299,0.007391,1.413342,0.007391,7.365448,0
2026-07-02 15:50:20.568462,0.324788,7.370630,1.415299,0.007391,1.418524,0.007391,7.370630,0
2026-07-02 15:50:20.569799,0.327292,7.370630,1.415299,0.007391,1.413342,0.007391,7.370630,0
2026-07-02 15:50:20.572681,0.329688,7.375811,1.415299,0.007391,1.413342,0.007391,7.375811,0
2026-07-02 15:50:20.575207,0.332086,7.375811,1.415299,0.007391,1.418524,0.007391,7.375811,0
2026-07-02 15:50:20.577409,0.334611,7.365448,1.415299,0.007391,1.413342,0.007391,7.365448,0
2026-07-02 15:50:20.579422,0.336885,7.375811,1.415299,0.007391,1.418524,0.007391,7.375811,0
2026-07-02 15:50:20.583263,0.339105,7.370630,1.415299,0.002211,1.413342,0.002211,7.370630,0
2026-07-02 15:50:20.585410,0.341457,7.370630,1.415299,0.007391,1.413342,0.007391,7.370630,0
2026-07-02 15:50:20.588107,0.343859,7.370630,1.415299,0.007391,1.413342,0.007391,7.370630,0
2026-07-02 15:50:20.588803,0.346296,7.370630,1.415299,0.007391,1.413342,0.007391,7.370630,0
2026-07-02 15:50:20.591706,0.348701,7.375811,1.415299,0.007391,1.418524,0.007391,7.375811,0
2026-07-02 15:50:20.594302,0.351219,7.370630,1.415299,0.007391,1.413342,0.007391,7.370630,0
2026-07-02 15:50:20.598194,0.353645,7.365448,1.415299,0.007391,1.413342,0.007391,7.365448,0
2026-07-02 15:50:20.602220,0.358013,7.365448,1.415299,0.007391,1.413342,0.007391,7.365448,0
2026-07-02 15:50:20.603069,0.360345,7.370630,1.415299,0.007391,1.418524,0.007391,7.370630,0
2026-07-02 15:50:20.606484,0.362641,7.375811,1.415299,0.007391,1.418524,0.007391,7.375811,0
2026-07-02 15:50:20.608177,0.365220,7.365448,1.415299,0.007391,1.418524,0.007391,7.365448,0
2026-07-02 15:50:20.610311,0.367583,7.365448,1.415299,0.007391,1.413342,0.007391,7.365448,0
2026-07-02 15:50:20.613515,0.369873,7.375811,1.415299,0.007391,1.413342,0.007391,7.375811,0
2026-07-02 15:50:20.613515,0.372255,7.365448,1.415299,0.007391,1.418524,0.007391,7.365448,0
2026-07-02 15:50:20.617703,0.375025,7.370630,1.415299,0.007391,1.413342,0.007391,7.370630,0
2026-07-02 15:50:20.621375,0.377348,7.365448,1.415299,0.007391,1.413342,0.007391,7.365448,0
2026-07-02 15:50:20.621375,0.379602,7.370630,1.415299,0.007391,1.413342,0.007391,7.370630,0
2026-07-02 15:50:20.625494,0.381896,7.375811,1.415299,0.007391,1.413342,0.007391,7.375811,0
2026-07-02 15:50:20.629052,0.384279,7.370630,1.415299,0.007391,1.413342,0.007391,7.370630,0
2026-07-02 15:50:20.633338,0.388434,7.370630,1.415299,0.007391,1.413342,0.007391,7.370630,0
2026-07-02 15:50:20.634240,0.391516,7.370630,1.415299,0.007391,1.413342,0.007391,7.370630,0
2026-07-02 15:50:20.636247,0.393782,7.365448,1.415299,0.007391,1.413342,0.007391,7.365448,0
2026-07-02 15:50:20.638985,0.396008,7.375811,1.415299,0.007391,1.418524,0.007391,7.375811,0
2026-07-02 15:50:20.638985,0.398363,7.370630,1.415299,0.007391,1.418524,0.007391,7.370630,0
2026-07-02 15:50:20.638985,0.400580,7.370630,1.415299,0.007391,1.413342,0.007391,7.370630,0
2026-07-02 15:50:20.638985,0.402825,7.375811,1.415299,0.002211,1.413342,0.002211,7.375811,0
2026-07-02 15:50:20.648696,0.405048,7.365448,1.415299,0.007391,1.418524,0.007391,7.365448,0
2026-07-02 15:50:20.650114,0.407255,7.375811,1.415299,0.007391,1.413342,0.007391,7.375811,0
2026-07-02 15:50:20.652122,0.409557,7.370630,1.415299,0.007391,1.413342,0.007391,7.370630,0
2026-07-02 15:50:20.656145,0.411932,7.370630,1.415299,0.007391,1.413342,0.007391,7.370630,0
2026-07-02 15:50:20.657157,0.414291,7.370630,1.415299,0.007391,1.418524,0.007391,7.370630,0
2026-07-02 15:50:20.659607,0.416639,7.370630,1.415299,0.007391,1.413342,0.007391,7.370630,0
2026-07-02 15:50:20.661619,0.419023,7.375811,1.415299,0.007391,1.413342,0.007391,7.375811,0
2026-07-02 15:50:20.665644,0.421410,7.370630,1.415299,0.007391,1.418524,0.007391,7.370630,0
2026-07-02 15:50:20.666609,0.423783,7.375811,1.415299,0.007391,1.413342,0.007391,7.375811,0
2026-07-02 15:50:20.669265,0.426240,7.370630,1.415299,0.007391,1.413342,0.007391,7.370630,0
2026-07-02 15:50:20.669265,0.428572,7.365448,1.415299,0.007391,1.413342,0.007391,7.365448,0
2026-07-02 15:50:20.669265,0.430850,7.375811,1.415299,0.007391,1.418524,0.007391,7.375811,0
2026-07-02 15:50:20.669265,0.433154,7.370630,1.415299,0.002211,1.413342,0.002211,7.370630,0
2026-07-02 15:50:20.678760,0.435369,7.375811,1.415299,0.007391,1.418524,0.007391,7.375811,0
2026-07-02 15:50:20.678760,0.437615,7.370630,1.415299,0.007391,1.413342,0.007391,7.370630,0
2026-07-02 15:50:20.682714,0.439858,7.380993,1.415299,0.007391,1.413342,0.007391,7.380993,0
2026-07-02 15:50:20.684743,0.442090,7.375811,1.415299,0.007391,1.418524,0.007391,7.375811,0
2026-07-02 15:50:20.688923,0.444744,7.370630,1.415299,0.007391,1.418524,0.007391,7.370630,0
2026-07-02 15:50:20.688923,0.447253,7.370630,1.415299,0.007391,1.418524,0.007391,7.370630,0
2026-07-02 15:50:20.688923,0.449867,7.365448,1.415299,0.007391,1.413342,0.007391,7.365448,0
2026-07-02 15:50:20.688923,0.452176,7.375811,1.415299,0.002211,1.413342,0.002211,7.375811,0
2026-07-02 15:50:20.688923,0.454385,7.375811,1.415299,0.002211,1.413342,0.002211,7.375811,0
2026-07-02 15:50:20.700239,0.456547,7.370630,1.415299,0.007391,1.413342,0.007391,7.370630,0
2026-07-02 15:50:20.701802,0.458755,7.365448,1.415299,0.007391,1.413342,0.007391,7.365448,0
2026-07-02 15:50:20.703815,0.460979,7.365448,1.415299,0.007391,1.413342,0.007391,7.365448,0
2026-07-02 15:50:20.705832,0.463152,7.375811,1.415299,0.007391,1.413342,0.007391,7.375811,0
2026-07-02 15:50:20.709434,0.465353,7.365448,1.415299,0.007391,1.418524,0.007391,7.365448,0
2026-07-02 15:50:20.710096,0.467632,7.375811,1.415299,0.007391,1.418524,0.007391,7.375811,0
2026-07-02 15:50:20.714120,0.469959,7.370630,1.415299,0.007391,1.413342,0.007391,7.370630,0
2026-07-02 15:50:20.716134,0.472285,7.375811,1.415299,0.007391,1.413342,0.007391,7.375811,0
2026-07-02 15:50:20.718146,0.474593,7.370630,1.415299,0.007391,1.413342,0.007391,7.370630,0
2026-07-02 15:50:20.719903,0.476949,7.370630,1.415299,0.007391,1.413342,0.007391,7.370630,0
2026-07-02 15:50:20.719903,0.479239,7.375811,1.415299,0.007391,1.413342,0.007391,7.375811,0
2026-07-02 15:50:20.719903,0.481465,7.365448,1.415299,0.007391,1.418524,0.007391,7.365448,0
2026-07-02 15:50:20.719903,0.483718,7.370630,1.415299,0.007391,1.413342,0.007391,7.370630,0
2026-07-02 15:50:20.730155,0.486008,7.370630,1.415299,0.012572,1.413342,0.012572,7.370630,0
2026-07-02 15:50:20.732174,0.488203,7.375811,1.415299,0.007391,1.413342,0.007391,7.375811,0
2026-07-02 15:50:20.733193,0.490496,7.365448,1.415299,0.007391,1.413342,0.007391,7.365448,0
2026-07-02 15:50:20.736908,0.492833,7.365448,1.415299,0.007391,1.413342,0.007391,7.365448,0
2026-07-02 15:50:20.737826,0.495082,7.370630,1.415299,0.007391,1.418524,0.007391,7.370630,0
2026-07-02 15:50:20.740215,0.497453,7.375811,1.415299,0.007391,1.413342,0.007391,7.375811,0
2026-07-02 15:50:20.742736,0.499735,7.375811,1.415299,0.007391,1.413342,0.007391,7.375811,0
2026-07-02 15:50:20.745254,0.502089,7.370630,1.415299,0.007391,1.413342,0.007391,7.370630,0
2026-07-02 15:50:20.747315,0.504408,7.375811,1.415299,0.007391,1.413342,0.007391,7.375811,0
2026-07-02 15:50:20.751324,0.506738,7.365448,1.415299,0.007391,1.418524,0.007391,7.365448,0
2026-07-02 15:50:20.752220,0.509444,7.375811,1.415299,0.007391,1.418524,0.007391,7.375811,0
2026-07-02 15:50:20.752220,0.511747,7.370630,1.415299,0.007391,1.413342,0.007391,7.370630,0
2026-07-02 15:50:20.758814,0.514024,7.365448,1.415299,0.007391,1.413342,0.007391,7.365448,0
2026-07-02 15:50:20.758814,0.516841,7.375811,1.415299,0.007391,1.413342,0.007391,7.375811,0
2026-07-02 15:50:20.758814,0.519133,7.375811,1.415299,0.007391,1.413342,0.007391,7.375811,0
2026-07-02 15:50:20.758814,0.521382,7.370630,1.415299,0.007391,1.413342,0.007391,7.370630,0
2026-07-02 15:50:20.766643,0.523631,7.370630,1.415299,0.007391,1.413342,0.007391,7.370630,0
2026-07-02 15:50:20.769235,0.525909,7.375811,1.415299,0.007391,1.413342,0.007391,7.375811,0
2026-07-02 15:50:20.769235,0.528208,7.370630,1.415299,0.007391,1.413342,0.007391,7.370630,0
2026-07-02 15:50:20.769235,0.530489,7.370630,1.415299,0.007391,1.418524,0.007391,7.370630,0
2026-07-02 15:50:20.769235,0.532857,7.375811,1.415299,0.007391,1.413342,0.007391,7.375811,0
2026-07-02 15:50:20.779351,0.535311,7.375811,1.415299,0.007391,1.413342,0.007391,7.375811,0
2026-07-02 15:50:20.780132,0.537640,7.375811,1.415299,0.007391,1.413342,0.007391,7.375811,0
2026-07-02 15:50:20.784083,0.540008,7.365448,1.415299,0.007391,1.413342,0.007391,7.365448,0
2026-07-02 15:50:20.785611,0.542517,7.370630,1.415299,0.007391,1.418524,0.007391,7.370630,0
2026-07-02 15:50:20.785611,0.544894,7.370630,1.415299,0.007391,1.413342,0.007391,7.370630,0
2026-07-02 15:50:20.790284,0.547236,7.370630,1.415299,0.007391,1.413342,0.007391,7.370630,0
2026-07-02 15:50:20.793995,0.550311,7.370630,1.415299,0.007391,1.413342,0.007391,7.370630,0
2026-07-02 15:50:20.796013,0.552814,7.375811,1.415299,0.007391,1.413342,0.007391,7.375811,0
2026-07-02 15:50:20.798106,0.555223,7.370630,1.415299,0.007391,1.413342,0.007391,7.370630,0
2026-07-02 15:50:20.800926,0.557615,7.370630,1.415299,0.007391,1.413342,0.007391,7.370630,0
2026-07-02 15:50:20.800926,0.560456,7.370630,1.415299,0.007391,1.413342,0.007391,7.370630,0
2026-07-02 15:50:20.800926,0.562797,7.370630,1.415299,0.007391,1.418524,0.007391,7.370630,0
2026-07-02 15:50:20.809069,0.565099,7.365448,1.415299,0.007391,1.418524,0.007391,7.365448,0
2026-07-02 15:50:20.810673,0.567518,7.375811,1.420479,0.007391,1.413342,0.007391,7.375811,0
2026-07-02 15:50:20.812909,0.569892,7.370630,1.415299,0.007391,1.413342,0.007391,7.370630,0
2026-07-02 15:50:20.815427,0.572329,7.370630,1.415299,0.007391,1.413342,0.007391,7.370630,0
2026-07-02 15:50:20.815427,0.575045,7.365448,1.415299,0.007391,1.413342,0.007391,7.365448,0
2026-07-02 15:50:20.820561,0.577419,7.370630,1.415299,0.007391,1.413342,0.007391,7.370630,0
2026-07-02 15:50:20.825980,0.579870,7.370630,1.415299,0.002211,1.413342,0.002211,7.370630,0
2026-07-02 15:50:20.827275,0.584342,7.370630,1.415299,0.007391,1.413342,0.007391,7.370630,0
2026-07-02 15:50:20.844895,0.586740,7.375811,1.415299,0.007391,1.418524,0.007391,7.375811,0
2026-07-02 15:50:20.853868,0.603064,7.375811,1.415299,0.007391,1.418524,0.007391,7.375811,0
2026-07-02 15:50:20.856559,0.612895,7.370630,1.415299,0.007391,1.413342,0.007391,7.370630,0
2026-07-02 15:50:20.858564,0.615608,7.375811,1.415299,0.007391,1.418524,0.007391,7.375811,0
2026-07-02 15:50:20.863426,0.618064,7.365448,1.415299,0.007391,1.418524,0.007391,7.365448,0
2026-07-02 15:50:20.877572,0.621938,7.365448,1.415299,0.007391,1.413342,0.007391,7.365448,0
2026-07-02 15:50:20.889130,0.636741,7.370630,1.415299,0.007391,1.413342,0.007391,7.370630,0
2026-07-02 15:50:20.893116,0.648319,7.370630,1.415299,0.007391,1.413342,0.007391,7.370630,0
2026-07-02 15:50:20.920926,0.653304,7.375811,1.415299,0.007391,1.413342,0.007391,7.375811,0
2026-07-02 15:50:20.942980,0.680103,7.365448,1.415299,0.007391,1.413342,0.007391,7.365448,0
2026-07-02 15:50:20.958321,0.701424,7.365448,1.415299,0.007391,1.413342,0.007391,7.365448,0
2026-07-02 15:50:20.968728,0.717775,7.365448,1.415299,0.007391,1.413342,0.007391,7.365448,0
2026-07-02 15:50:20.974953,0.726990,7.365448,1.415299,0.007391,1.418524,0.007391,7.365448,0
2026-07-02 15:50:20.978973,0.733500,7.365448,1.415299,0.007391,1.413342,0.007391,7.365448,0
2026-07-02 15:50:20.986759,0.737451,7.375811,1.415299,0.007391,1.413342,0.007391,7.375811,0
2026-07-02 15:50:21.003953,0.744744,7.370630,1.415299,0.007391,1.413342,0.007391,7.370630,0
2026-07-02 15:50:21.012154,0.762321,7.375811,1.415299,0.007391,1.418524,0.007391,7.375811,0
2026-07-02 15:50:21.072445,0.770600,7.370630,1.415299,0.007391,1.418524,0.007391,7.370630,0
2026-07-02 15:50:21.072445,0.831295,7.375811,1.415299,0.007391,1.413342,0.007391,7.375811,0
2026-07-02 15:50:21.100442,0.834673,7.375811,1.415299,0.007391,1.413342,0.007391,7.375811,0
2026-07-02 15:50:21.114041,0.859910,7.375811,1.420479,0.007391,1.413342,0.007391,7.375811,0
2026-07-02 15:50:21.122138,0.874835,7.370630,1.415299,0.007391,1.418524,0.007391,7.370630,0
2026-07-02 15:50:21.149498,0.886973,7.375811,1.415299,0.007391,1.418524,0.007391,7.375811,0
2026-07-02 15:50:21.152773,0.907923,7.375811,1.415299,0.007391,1.413342,0.007391,7.375811,0
2026-07-02 15:50:21.157476,0.912247,7.375811,1.415299,0.007391,1.413342,0.007391,7.375811,0
2026-07-02 15:50:21.160364,0.916453,7.370630,1.415299,0.002211,1.413342,0.002211,7.370630,0
2026-07-02 15:50:21.162379,0.918940,7.375811,1.415299,0.007391,1.413342,0.007391,7.375811,0
2026-07-02 15:50:21.165287,0.921470,7.365448,1.415299,0.007391,1.418524,0.007391,7.365448,0
2026-07-02 15:50:21.167018,0.923848,7.370630,1.415299,0.007391,1.418524,0.007391,7.370630,0
2026-07-02 15:50:21.184018,0.926277,7.365448,1.415299,0.007391,1.413342,0.007391,7.365448,0
2026-07-02 15:50:21.192138,0.943926,7.375811,1.415299,0.007391,1.413342,0.007391,7.375811,0
2026-07-02 15:50:21.194269,0.951211,7.370630,1.415299,0.007391,1.413342,0.007391,7.370630,0
2026-07-02 15:50:21.196281,0.953733,7.370630,1.415299,0.007391,1.413342,0.007391,7.370630,0
2026-07-02 15:50:21.200262,0.956069,7.370630,1.415299,0.007391,1.413342,0.007391,7.370630,0
2026-07-02 15:50:21.202482,0.958677,7.375811,1.415299,0.007391,1.413342,0.007391,7.375811,0
2026-07-02 15:50:21.204493,0.961131,7.370630,1.415299,0.007391,1.413342,0.007391,7.370630,0
2026-07-02 15:50:21.207868,0.963447,7.370630,1.415299,0.007391,1.418524,0.007391,7.370630,0
2026-07-02 15:50:21.209779,0.965883,7.375811,1.420479,0.007391,1.413342,0.007391,7.375811,0
2026-07-02 15:50:21.212169,0.968268,7.375811,1.415299,0.007391,1.413342,0.007391,7.375811,0
2026-07-02 15:50:21.213062,0.970514,7.370630,1.415299,0.007391,1.418524,0.007391,7.370630,0
2026-07-02 15:50:21.216663,0.972704,7.365448,1.415299,0.007391,1.418524,0.007391,7.365448,0
2026-07-02 15:50:21.218324,0.974975,7.365448,1.415299,0.007391,1.413342,0.007391,7.365448,0
2026-07-02 15:50:21.220341,0.977352,7.365448,1.415299,0.007391,1.413342,0.007391,7.365448,0
2026-07-02 15:50:21.222355,0.979605,7.375811,1.415299,0.007391,1.413342,0.007391,7.375811,0
2026-07-02 15:50:21.225852,0.981866,7.375811,1.415299,0.007391,1.418524,0.007391,7.375811,0
2026-07-02 15:50:21.227032,0.984140,7.375811,1.415299,0.007391,1.418524,0.007391,7.375811,0
2026-07-02 15:50:21.229044,0.986433,7.370630,1.415299,0.007391,1.413342,0.007391,7.370630,0
2026-07-02 15:50:21.233356,0.988685,7.370630,1.415299,0.007391,1.413342,0.007391,7.370630,0
2026-07-02 15:50:21.234736,0.991685,7.375811,1.415299,0.007391,1.413342,0.007391,7.375811,0
2026-07-02 15:50:21.236751,0.994440,7.375811,1.415299,0.007391,1.418524,0.007391,7.375811,0
2026-07-02 15:50:21.240783,0.996721,7.365448,1.415299,0.007391,1.413342,0.007391,7.365448,0
2026-07-02 15:50:21.243522,0.999204,7.370630,1.415299,0.007391,1.418524,0.007391,7.370630,0
2026-07-02 15:50:21.245121,1.001682,7.370630,1.415299,0.007391,1.418524,0.007391,7.370630,0
2026-07-02 15:50:21.247134,1.004008,7.370630,1.415299,0.007391,1.413342,0.007391,7.370630,0
2026-07-02 15:50:21.250062,1.006335,7.370630,1.415299,0.007391,1.418524,0.007391,7.370630,0
2026-07-02 15:50:21.253110,1.008830,7.375811,1.415299,0.007391,1.413342,0.007391,7.375811,0
2026-07-02 15:50:21.256801,1.011987,7.375811,1.415299,0.007391,1.413342,0.007391,7.375811,0
2026-07-02 15:50:21.258421,1.014825,7.375811,1.415299,0.007391,1.418524,0.007391,7.375811,0
2026-07-02 15:50:21.261885,1.017891,7.370630,1.415299,0.007391,1.418524,0.007391,7.370630,0
2026-07-02 15:50:21.263458,1.020239,7.370630,1.415299,0.007391,1.413342,0.007391,7.370630,0
2026-07-02 15:50:21.266775,1.022551,7.375811,1.415299,0.007391,1.418524,0.007391,7.375811,0
2026-07-02 15:50:21.268307,1.025067,7.365448,1.415299,0.007391,1.418524,0.007391,7.365448,0
2026-07-02 15:50:21.270323,1.027418,7.375811,1.415299,0.007391,1.413342,0.007391,7.375811,0
2026-07-02 15:50:21.272337,1.029730,7.370630,1.415299,0.007391,1.418524,0.007391,7.370630,0
2026-07-02 15:50:21.274944,1.032056,7.370630,1.415299,0.007391,1.413342,0.007391,7.370630,0
2026-07-02 15:50:21.278488,1.034612,7.375811,1.415299,0.007391,1.418524,0.007391,7.375811,0
2026-07-02 15:50:21.279993,1.037488,7.365448,1.415299,0.007391,1.413342,0.007391,7.365448,0
2026-07-02 15:50:21.283531,1.039811,7.370630,1.415299,0.007391,1.418524,0.007391,7.370630,0
2026-07-02 15:50:21.285218,1.042071,7.365448,1.415299,0.007391,1.413342,0.007391,7.365448,0
2026-07-02 15:50:21.287234,1.044429,7.365448,1.415299,0.007391,1.413342,0.007391,7.365448,0
2026-07-02 15:50:21.289753,1.046731,7.370630,1.415299,0.007391,1.418524,0.007391,7.370630,0
2026-07-02 15:50:21.293400,1.049043,7.370630,1.415299,0.007391,1.413342,0.007391,7.370630,0
2026-07-02 15:50:21.294914,1.051409,7.375811,1.415299,0.007391,1.418524,0.007391,7.375811,0
2026-07-02 15:50:21.296757,1.053734,7.375811,1.415299,0.007391,1.413342,0.007391,7.375811,0
2026-07-02 15:50:21.299990,1.055964,7.375811,1.415299,0.007391,1.413342,0.007391,7.375811,0
2026-07-02 15:50:21.302130,1.058629,7.375811,1.415299,0.007391,1.413342,0.007391,7.375811,0
2026-07-02 15:50:21.304140,1.060959,7.365448,1.415299,0.007391,1.413342,0.007391,7.365448,0
2026-07-02 15:50:21.306154,1.063229,7.375811,1.415299,0.007391,1.413342,0.007391,7.375811,0
2026-07-02 15:50:21.309759,1.065443,7.375811,1.415299,0.007391,1.413342,0.007391,7.375811,0
2026-07-02 15:50:21.311176,1.067779,7.370630,1.415299,0.007391,1.418524,0.007391,7.370630,0
2026-07-02 15:50:21.313189,1.070027,7.365448,1.415299,0.007391,1.418524,0.007391,7.365448,0
2026-07-02 15:50:21.316705,1.072245,7.375811,1.415299,0.007391,1.413342,0.007391,7.375811,0
2026-07-02 15:50:21.317940,1.074783,7.375811,1.415299,0.007391,1.418524,0.007391,7.375811,0
2026-07-02 15:50:21.319953,1.077407,7.375811,1.415299,0.007391,1.413342,0.007391,7.375811,0
2026-07-02 15:50:21.321964,1.079667,7.370630,1.415299,0.007391,1.413342,0.007391,7.370630,0
2026-07-02 15:50:21.325837,1.081890,7.375811,1.415299,0.007391,1.418524,0.007391,7.375811,0
2026-07-02 15:50:21.328448,1.084231,7.370630,1.415299,0.007391,1.413342,0.007391,7.370630,0
2026-07-02 15:50:21.330464,1.086512,7.375811,1.415299,0.007391,1.418524,0.007391,7.375811,0
2026-07-02 15:50:21.333720,1.088781,7.370630,1.415299,0.007391,1.413342,0.007391,7.370630,0
2026-07-02 15:50:21.336028,1.091841,7.375811,1.415299,0.007391,1.413342,0.007391,7.375811,0
2026-07-02 15:50:21.336729,1.094226,7.370630,1.415299,0.007391,1.413342,0.007391,7.370630,0
2026-07-02 15:50:21.340752,1.096520,7.370630,1.415299,0.007391,1.413342,0.007391,7.370630,0
2026-07-02 15:50:21.342992,1.098737,7.375811,1.415299,0.007391,1.413342,0.007391,7.375811,0
2026-07-02 15:50:21.343757,1.101285,7.365448,1.415299,0.007391,1.418524,0.007391,7.365448,0
2026-07-02 15:50:21.346514,1.103650,7.375811,1.415299,0.007391,1.413342,0.007391,7.375811,0
2026-07-02 15:50:21.350085,1.105863,7.365448,1.415299,0.007391,1.418524,0.007391,7.365448,0
2026-07-02 15:50:21.351644,1.108762,7.370630,1.415299,0.007391,1.413342,0.007391,7.370630,0
2026-07-02 15:50:21.355668,1.111386,7.365448,1.415299,0.007391,1.418524,0.007391,7.365448,0
2026-07-02 15:50:21.357680,1.113649,7.375811,1.415299,0.007391,1.413342,0.007391,7.375811,0
2026-07-02 15:50:21.360101,1.116269,7.375811,1.415299,0.007391,1.418524,0.007391,7.375811,0
2026-07-02 15:50:21.361092,1.118557,7.375811,1.415299,0.007391,1.413342,0.007391,7.375811,0
2026-07-02 15:50:21.363103,1.120762,7.375811,1.415299,0.007391,1.418524,0.007391,7.375811,0
2026-07-02 15:50:21.366656,1.122983,7.370630,1.415299,0.007391,1.413342,0.007391,7.370630,0
2026-07-02 15:50:21.369786,1.125595,7.370630,1.415299,0.007391,1.413342,0.007391,7.370630,0
2026-07-02 15:50:21.371800,1.127919,7.365448,1.415299,0.007391,1.413342,0.007391,7.365448,0
2026-07-02 15:50:21.373815,1.130218,7.375811,1.415299,0.007391,1.413342,0.007391,7.375811,0
2026-07-02 15:50:21.376584,1.132514,7.375811,1.415299,0.007391,1.413342,0.007391,7.375811,0
2026-07-02 15:50:21.377868,1.134853,7.370630,1.415299,0.007391,1.413342,0.007391,7.370630,0
2026-07-02 15:50:21.379884,1.137129,7.365448,1.415299,0.007391,1.413342,0.007391,7.365448,0
2026-07-02 15:50:21.383222,1.139334,7.375811,1.415299,0.007391,1.413342,0.007391,7.375811,0
2026-07-02 15:50:21.384824,1.141758,7.370630,1.415299,0.007391,1.413342,0.007391,7.370630,0
2026-07-02 15:50:21.387419,1.144053,7.370630,1.415299,0.007391,1.418524,0.007391,7.370630,0
2026-07-02 15:50:21.389434,1.146428,7.365448,1.415299,0.007391,1.413342,0.007391,7.365448,0
2026-07-02 15:50:21.392763,1.148743,7.375811,1.415299,0.007391,1.413342,0.007391,7.375811,0
2026-07-02 15:50:21.393785,1.151274,7.370630,1.415299,0.007391,1.413342,0.007391,7.370630,0
2026-07-02 15:50:21.397810,1.153590,7.370630,1.415299,0.007391,1.418524,0.007391,7.370630,0
2026-07-02 15:50:21.399991,1.155928,7.370630,1.415299,0.007391,1.418524,0.007391,7.370630,0
2026-07-02 15:50:21.401276,1.158342,7.370630,1.415299,0.007391,1.418524,0.007391,7.370630,0
2026-07-02 15:50:21.403288,1.160692,7.370630,1.415299,0.007391,1.413342,0.007391,7.370630,0
2026-07-02 15:50:21.407311,1.163080,7.365448,1.415299,0.007391,1.413342,0.007391,7.365448,0
2026-07-02 15:50:21.409457,1.165365,7.370630,1.415299,0.007391,1.413342,0.007391,7.370630,0
2026-07-02 15:50:21.410606,1.167691,7.370630,1.415299,0.007391,1.413342,0.007391,7.370630,0
2026-07-02 15:50:21.412617,1.169980,7.365448,1.415299,0.007391,1.413342,0.007391,7.365448,0
2026-07-02 15:50:21.416606,1.172247,7.370630,1.415299,0.007391,1.413342,0.007391,7.370630,0
2026-07-02 15:50:21.417811,1.174687,7.375811,1.415299,0.007391,1.413342,0.007391,7.375811,0
2026-07-02 15:50:21.419824,1.177267,7.365448,1.415299,0.007391,1.418524,0.007391,7.365448,0
2026-07-02 15:50:21.423854,1.179544,7.370630,1.415299,0.007391,1.418524,0.007391,7.370630,0
2026-07-02 15:50:21.426183,1.181807,7.365448,1.415299,0.007391,1.418524,0.007391,7.365448,0
2026-07-02 15:50:21.426867,1.184301,7.365448,1.415299,0.007391,1.413342,0.007391,7.365448,0
2026-07-02 15:50:21.430892,1.186675,7.375811,1.415299,0.007391,1.413342,0.007391,7.375811,0
2026-07-02 15:50:21.433449,1.188914,7.375811,1.415299,0.007391,1.413342,0.007391,7.375811,0
2026-07-02 15:50:21.434720,1.191577,7.365448,1.415299,0.007391,1.413342,0.007391,7.365448,0
2026-07-02 15:50:21.436732,1.193883,7.370630,1.415299,0.007391,1.413342,0.007391,7.370630,0
2026-07-02 15:50:21.441262,1.196543,7.375811,1.415299,0.007391,1.413342,0.007391,7.375811,0
2026-07-02 15:50:21.443335,1.199255,7.370630,1.415299,0.007391,1.413342,0.007391,7.370630,0
2026-07-02 15:50:21.444714,1.201680,7.370630,1.415299,0.007391,1.413342,0.007391,7.370630,0
2026-07-02 15:50:21.446791,1.204288,7.365448,1.415299,0.007391,1.413342,0.007391,7.365448,0
2026-07-02 15:50:21.449964,1.206707,7.375811,1.415299,0.007391,1.418524,0.007391,7.375811,0
2026-07-02 15:50:21.452348,1.209058,7.370630,1.415299,0.007391,1.413342,0.007391,7.370630,0
2026-07-02 15:50:21.454365,1.211420,7.370630,1.415299,0.007391,1.418524,0.007391,7.370630,0
2026-07-02 15:50:21.458387,1.213717,7.370630,1.415299,0.007391,1.413342,0.007391,7.370630,0
2026-07-02 15:50:21.460315,1.216419,7.375811,1.415299,0.007391,1.413342,0.007391,7.375811,0
2026-07-02 15:50:21.462382,1.218868,7.370630,1.415299,0.007391,1.413342,0.007391,7.370630,0
2026-07-02 15:50:21.464394,1.221239,7.370630,1.415299,0.007391,1.413342,0.007391,7.370630,0
2026-07-02 15:50:21.467443,1.223532,7.375811,1.415299,0.007391,1.413342,0.007391,7.375811,0
2026-07-02 15:50:21.470278,1.225957,7.370630,1.415299,0.007391,1.413342,0.007391,7.370630,0
2026-07-02 15:50:21.472292,1.228299,7.375811,1.415299,0.007391,1.413342,0.007391,7.375811,0
2026-07-02 15:50:21.475152,1.230618,7.375811,1.415299,0.007391,1.413342,0.007391,7.375811,0
2026-07-02 15:50:21.476864,1.233203,7.370630,1.415299,0.007391,1.413342,0.007391,7.370630,0
2026-07-02 15:50:21.478976,1.236274,7.370630,1.415299,0.007391,1.418524,0.007391,7.370630,0
2026-07-02 15:50:21.482496,1.238588,7.370630,1.415299,0.007391,1.413342,0.007391,7.370630,0
2026-07-02 15:50:21.485459,1.241621,7.370630,1.415299,0.007391,1.413342,0.007391,7.370630,0
2026-07-02 15:50:21.486850,1.243984,7.370630,1.415299,0.007391,1.413342,0.007391,7.370630,0
2026-07-02 15:50:21.488864,1.246266,7.370630,1.415299,0.007391,1.413342,0.007391,7.370630,0
2026-07-02 15:50:21.491635,1.248510,7.375811,1.415299,0.007391,1.418524,0.007391,7.375811,0
2026-07-02 15:50:21.493774,1.250856,7.370630,1.415299,0.012572,1.418524,0.012572,7.370630,0
2026-07-02 15:50:21.495785,1.253221,7.375811,1.415299,0.007391,1.418524,0.007391,7.375811,0
2026-07-02 15:50:21.499538,1.255511,7.375811,1.415299,0.007391,1.413342,0.007391,7.375811,0
2026-07-02 15:50:21.501518,1.257910,7.375811,1.415299,0.007391,1.418524,0.007391,7.375811,0
2026-07-02 15:50:21.503526,1.260216,7.375811,1.415299,0.007391,1.413342,0.007391,7.375811,0
2026-07-02 15:50:21.505500,1.262533,7.375811,1.415299,0.007391,1.418524,0.007391,7.375811,0
2026-07-02 15:50:21.508379,1.264966,7.370630,1.415299,0.007391,1.413342,0.007391,7.370630,0
2026-07-02 15:50:21.511639,1.267399,7.370630,1.415299,0.007391,1.413342,0.007391,7.370630,0
2026-07-02 15:50:21.513293,1.269795,7.370630,1.415299,0.007391,1.418524,0.007391,7.370630,0
2026-07-02 15:50:21.515304,1.272239,7.375811,1.415299,0.007391,1.413342,0.007391,7.375811,0
2026-07-02 15:50:21.518931,1.274807,7.365448,1.415299,0.007391,1.413342,0.007391,7.365448,0
2026-07-02 15:50:21.521285,1.277215,7.370630,1.415299,0.007391,1.413342,0.007391,7.370630,0
2026-07-02 15:50:21.523301,1.279519,7.365448,1.415299,0.007391,1.413342,0.007391,7.365448,0
2026-07-02 15:50:21.525003,1.281842,7.370630,1.415299,0.007391,1.413342,0.007391,7.370630,0
2026-07-02 15:50:21.527575,1.284164,7.370630,1.415299,0.007391,1.413342,0.007391,7.370630,0
2026-07-02 15:50:21.529586,1.286514,7.370630,1.415299,0.007391,1.413342,0.007391,7.370630,0
2026-07-02 15:50:21.533753,1.288819,7.370630,1.415299,0.007391,1.413342,0.007391,7.370630,0
2026-07-02 15:50:21.535168,1.291851,7.370630,1.415299,0.007391,1.413342,0.007391,7.370630,0
2026-07-02 15:50:21.537177,1.294180,7.375811,1.415299,0.007391,1.418524,0.007391,7.375811,0
2026-07-02 15:50:21.539184,1.296447,7.370630,1.415299,0.007391,1.413342,0.007391,7.370630,0
2026-07-02 15:50:21.542915,1.298781,7.365448,1.415299,0.007391,1.413342,0.007391,7.365448,0
2026-07-02 15:50:21.545663,1.301117,7.375811,1.415299,0.007391,1.413342,0.007391,7.375811,0
2026-07-02 15:50:21.547677,1.304382,7.365448,1.415299,0.007391,1.418524,0.007391,7.365448,0
2026-07-02 15:50:21.551481,1.306664,7.370630,1.415299,0.007391,1.413342,0.007391,7.370630,0
2026-07-02 15:50:21.553676,1.309484,7.375811,1.420479,0.007391,1.413342,0.007391,7.375811,0
2026-07-02 15:50:21.554686,1.311828,7.370630,1.415299,0.007391,1.418524,0.007391,7.370630,0
2026-07-02 15:50:21.559889,1.314087,7.375811,1.415299,0.007391,1.413342,0.007391,7.375811,0
2026-07-02 15:50:21.561685,1.317942,7.370630,1.415299,0.007391,1.413342,0.007391,7.370630,0
2026-07-02 15:50:21.564002,1.320208,7.375811,1.415299,0.007391,1.413342,0.007391,7.375811,0
2026-07-02 15:50:21.566695,1.322542,7.370630,1.415299,0.007391,1.413342,0.007391,7.370630,0
2026-07-02 15:50:21.568565,1.325468,7.375811,1.415299,0.007391,1.413342,0.007391,7.375811,0
2026-07-02 15:50:21.571424,1.327747,7.365448,1.415299,0.007391,1.418524,0.007391,7.365448,0
2026-07-02 15:50:21.573144,1.330052,7.370630,1.415299,0.002211,1.418524,0.002211,7.370630,0
2026-07-02 15:50:21.576820,1.333006,7.370630,1.415299,0.007391,1.413342,0.007391,7.370630,0
2026-07-02 15:50:21.577836,1.335330,7.370630,1.415299,0.007391,1.413342,0.007391,7.370630,0
2026-07-02 15:50:21.580355,1.337661,7.370630,1.415299,0.007391,1.413342,0.007391,7.370630,0
2026-07-02 15:50:21.583435,1.339926,7.365448,1.415299,0.007391,1.413342,0.007391,7.365448,0
2026-07-02 15:50:21.585104,1.342170,7.370630,1.415299,0.007391,1.413342,0.007391,7.370630,0
2026-07-02 15:50:21.587117,1.344457,7.370630,1.415299,0.002211,1.418524,0.002211,7.370630,0
2026-07-02 15:50:21.589127,1.346729,7.370630,1.415299,0.002211,1.413342,0.002211,7.370630,0
2026-07-02 15:50:21.593472,1.349399,7.375811,1.415299,0.007391,1.413342,0.007391,7.375811,0
2026-07-02 15:50:21.595486,1.351718,7.375811,1.415299,0.007391,1.413342,0.007391,7.375811,0
2026-07-02 15:50:21.597502,1.354009,7.370630,1.415299,0.007391,1.418524,0.007391,7.370630,0
2026-07-02 15:50:21.599920,1.356206,7.370630,1.415299,0.007391,1.413342,0.007391,7.370630,0
2026-07-02 15:50:21.601113,1.358455,7.370630,1.415299,0.007391,1.413342,0.007391,7.370630,0
2026-07-02 15:50:21.605142,1.360832,7.370630,1.415299,0.007391,1.413342,0.007391,7.370630,0
2026-07-02 15:50:21.607152,1.363133,7.375811,1.415299,0.007391,1.418524,0.007391,7.375811,0
2026-07-02 15:50:21.609403,1.365559,7.370630,1.415299,0.007391,1.418524,0.007391,7.370630,0
2026-07-02 15:50:21.610620,1.367985,7.370630,1.415299,0.007391,1.413342,0.007391,7.370630,0
2026-07-02 15:50:21.614643,1.370364,7.365448,1.415299,0.007391,1.418524,0.007391,7.365448,0
2026-07-02 15:50:21.616679,1.372692,7.370630,1.415299,0.007391,1.418524,0.007391,7.370630,0
2026-07-02 15:50:21.619678,1.374956,7.365448,1.415299,0.007391,1.413342,0.007391,7.365448,0
2026-07-02 15:50:21.621716,1.377941,7.370630,1.415299,0.007391,1.413342,0.007391,7.370630,0
2026-07-02 15:50:21.624496,1.380224,7.375811,1.415299,0.002211,1.413342,0.002211,7.375811,0
2026-07-02 15:50:21.626295,1.382568,7.370630,1.415299,0.007391,1.413342,0.007391,7.370630,0
2026-07-02 15:50:21.628311,1.384866,7.375811,1.415299,0.007391,1.413342,0.007391,7.375811,0
2026-07-02 15:50:21.630326,1.387100,7.370630,1.415299,0.007391,1.413342,0.007391,7.370630,0
2026-07-02 15:50:21.633217,1.389334,7.375811,1.415299,0.007391,1.413342,0.007391,7.375811,0
2026-07-02 15:50:21.634734,1.391645,7.375811,1.415299,0.007391,1.413342,0.007391,7.375811,0
2026-07-02 15:50:21.636743,1.394079,7.375811,1.415299,0.007391,1.418524,0.007391,7.375811,0
2026-07-02 15:50:21.638751,1.396351,7.375811,1.415299,0.007391,1.418524,0.007391,7.375811,0
2026-07-02 15:50:21.642831,1.398558,7.375811,1.415299,0.007391,1.418524,0.007391,7.375811,0
2026-07-02 15:50:21.644846,1.401129,7.370630,1.415299,0.007391,1.413342,0.007391,7.370630,0
2026-07-02 15:50:21.646862,1.403655,7.370630,1.415299,0.007391,1.413342,0.007391,7.370630,0
2026-07-02 15:50:21.650330,1.406012,7.370630,1.415299,0.007391,1.418524,0.007391,7.370630,0
2026-07-02 15:50:21.652499,1.408385,7.370630,1.415299,0.007391,1.418524,0.007391,7.370630,0
2026-07-02 15:50:21.654510,1.410774,7.375811,1.415299,0.007391,1.413342,0.007391,7.375811,0
2026-07-02 15:50:21.656525,1.413170,7.370630,1.415299,0.007391,1.418524,0.007391,7.370630,0
2026-07-02 15:50:21.659398,1.415434,7.375811,1.415299,0.012572,1.413342,0.012572,7.375811,0
2026-07-02 15:50:21.661474,1.417911,7.370630,1.415299,0.007391,1.413342,0.007391,7.370630,0
2026-07-02 15:50:21.663488,1.420371,7.370630,1.415299,0.007391,1.413342,0.007391,7.370630,0
2026-07-02 15:50:21.666002,1.422704,7.375811,1.415299,0.007391,1.413342,0.007391,7.375811,0
2026-07-02 15:50:21.668879,1.425084,7.375811,1.415299,0.007391,1.413342,0.007391,7.375811,0
2026-07-02 15:50:21.670891,1.427475,7.375811,1.415299,0.007391,1.418524,0.007391,7.375811,0
2026-07-02 15:50:21.673959,1.429772,7.375811,1.415299,0.007391,1.413342,0.007391,7.375811,0
2026-07-02 15:50:21.677671,1.432092,7.375811,1.415299,0.007391,1.413342,0.007391,7.375811,0
2026-07-02 15:50:21.680201,1.436104,7.375811,1.415299,0.007391,1.418524,0.007391,7.375811,0
2026-07-02 15:50:21.682436,1.438422,7.375811,1.415299,0.012572,1.413342,0.012572,7.375811,0
2026-07-02 15:50:21.684730,1.440890,7.370630,1.415299,0.007391,1.418524,0.007391,7.370630,0
2026-07-02 15:50:21.687515,1.443324,7.370630,1.415299,0.007391,1.413342,0.007391,7.370630,0
2026-07-02 15:50:21.689529,1.445671,7.365448,1.415299,0.007391,1.413342,0.007391,7.365448,0
2026-07-02 15:50:21.692704,1.447931,7.370630,1.415299,0.007391,1.418524,0.007391,7.370630,0
2026-07-02 15:50:21.696265,1.450851,7.365448,1.415299,0.007391,1.413342,0.007391,7.365448,0
2026-07-02 15:50:21.698113,1.454356,7.375811,1.415299,0.007391,1.418524,0.007391,7.375811,0
2026-07-02 15:50:21.701352,1.456668,7.375811,1.415299,0.007391,1.413342,0.007391,7.375811,0
2026-07-02 15:50:21.703366,1.459663,7.370630,1.415299,0.007391,1.413342,0.007391,7.370630,0
2026-07-02 15:50:21.705380,1.461929,7.375811,1.415299,0.007391,1.413342,0.007391,7.375811,0
2026-07-02 15:50:21.707394,1.464310,7.370630,1.415299,0.007391,1.413342,0.007391,7.370630,0
2026-07-02 15:50:21.709407,1.466634,7.370630,1.415299,0.007391,1.418524,0.007391,7.370630,0
2026-07-02 15:50:21.711419,1.468920,7.365448,1.415299,0.007391,1.413342,0.007391,7.365448,0
2026-07-02 15:50:21.715443,1.471188,7.375811,1.415299,0.007391,1.413342,0.007391,7.375811,0
2026-07-02 15:50:21.716794,1.473403,7.375811,1.415299,0.007391,1.413342,0.007391,7.375811,0
2026-07-02 15:50:21.718524,1.475634,7.365448,1.415299,0.007391,1.413342,0.007391,7.365448,0
2026-07-02 15:50:21.720561,1.477868,7.375811,1.415299,0.007391,1.413342,0.007391,7.375811,0
2026-07-02 15:50:21.722573,1.480117,7.375811,1.415299,0.007391,1.418524,0.007391,7.375811,0
2026-07-02 15:50:21.726373,1.482446,7.370630,1.415299,0.007391,1.413342,0.007391,7.370630,0
2026-07-02 15:50:21.728975,1.484699,7.375811,1.415299,0.007391,1.418524,0.007391,7.375811,0
2026-07-02 15:50:21.729566,1.487045,7.370630,1.415299,0.007391,1.413342,0.007391,7.370630,0
2026-07-02 15:50:21.732704,1.489305,7.375811,1.415299,0.007391,1.418524,0.007391,7.375811,0
2026-07-02 15:50:21.735564,1.491673,7.375811,1.415299,0.007391,1.413342,0.007391,7.375811,0
2026-07-02 15:50:21.738834,1.493986,7.370630,1.415299,0.007391,1.413342,0.007391,7.370630,0
2026-07-02 15:50:21.741088,1.496826,7.370630,1.415299,0.007391,1.413342,0.007391,7.370630,0
2026-07-02 15:50:21.743088,1.499084,7.375811,1.415299,0.007391,1.413342,0.007391,7.375811,0
2026-07-02 15:50:21.744531,1.501665,7.370630,1.415299,0.007391,1.413342,0.007391,7.370630,0
2026-07-02 15:50:21.748056,1.504036,7.370630,1.415299,0.007391,1.418524,0.007391,7.370630,0
2026-07-02 15:50:21.750535,1.506325,7.370630,1.415299,0.007391,1.418524,0.007391,7.370630,0
2026-07-02 15:50:21.753044,1.508731,7.375811,1.415299,0.007391,1.413342,0.007391,7.375811,0
2026-07-02 15:50:21.754608,1.511036,7.375811,1.415299,0.007391,1.418524,0.007391,7.375811,0
2026-07-02 15:50:21.756362,1.513287,7.375811,1.415299,0.007391,1.413342,0.007391,7.375811,0
2026-07-02 15:50:21.758842,1.515648,7.370630,1.415299,0.007391,1.413342,0.007391,7.370630,0
2026-07-02 15:50:21.760855,1.518002,7.370630,1.415299,0.007391,1.418524,0.007391,7.370630,0
2026-07-02 15:50:21.762869,1.520205,7.370630,1.415299,0.007391,1.418524,0.007391,7.370630,0
2026-07-02 15:50:21.766347,1.522384,7.370630,1.415299,0.007391,1.413342,0.007391,7.370630,0
2026-07-02 15:50:21.767126,1.524618,7.365448,1.415299,0.007391,1.418524,0.007391,7.365448,0
2026-07-02 15:50:21.771147,1.526921,7.370630,1.415299,0.007391,1.413342,0.007391,7.370630,0
2026-07-02 15:50:21.773160,1.529130,7.375811,1.415299,0.007391,1.413342,0.007391,7.375811,0
2026-07-02 15:50:21.774526,1.531409,7.370630,1.415299,0.007391,1.413342,0.007391,7.370630,0
2026-07-02 15:50:21.776540,1.533731,7.370630,1.415299,0.007391,1.413342,0.007391,7.370630,0
2026-07-02 15:50:21.778552,1.536037,7.370630,1.415299,0.007391,1.413342,0.007391,7.370630,0
2026-07-02 15:50:21.780565,1.538330,7.370630,1.415299,0.007391,1.413342,0.007391,7.370630,0
2026-07-02 15:50:21.784182,1.540566,7.365448,1.415299,0.007391,1.413342,0.007391,7.365448,0
2026-07-02 15:50:21.787490,1.542975,7.375811,1.415299,0.007391,1.413342,0.007391,7.375811,0
2026-07-02 15:50:21.787995,1.545502,7.375811,1.420479,0.007391,1.413342,0.007391,7.375811,0
2026-07-02 15:50:21.790507,1.547841,7.370630,1.415299,0.007391,1.418524,0.007391,7.370630,0
2026-07-02 15:50:21.794234,1.550223,7.370630,1.415299,0.007391,1.418524,0.007391,7.370630,0
2026-07-02 15:50:21.796123,1.552629,7.365448,1.415299,0.007391,1.418524,0.007391,7.365448,0
2026-07-02 15:50:21.798136,1.555024,7.370630,1.415299,0.007391,1.418524,0.007391,7.370630,0
2026-07-02 15:50:21.800357,1.557461,7.375811,1.415299,0.007391,1.418524,0.007391,7.375811,0
2026-07-02 15:50:21.805984,1.559849,7.370630,1.415299,0.007391,1.413342,0.007391,7.370630,0
2026-07-02 15:50:21.810135,1.565381,7.370630,1.415299,0.007391,1.413342,0.007391,7.370630,0
2026-07-02 15:50:21.811476,1.568526,7.365448,1.415299,0.007391,1.413342,0.007391,7.365448,0
2026-07-02 15:50:21.815546,1.570959,7.375811,1.415299,0.007391,1.413342,0.007391,7.375811,0
2026-07-02 15:50:21.817176,1.573721,7.375811,1.415299,0.007391,1.413342,0.007391,7.375811,0
2026-07-02 15:50:21.821741,1.576706,7.370630,1.415299,0.002211,1.413342,0.002211,7.370630,0
2026-07-02 15:50:21.824721,1.580010,7.370630,1.415299,0.007391,1.418524,0.007391,7.370630,0
2026-07-02 15:50:21.825406,1.582698,7.370630,1.415299,0.007391,1.418524,0.007391,7.370630,0
2026-07-02 15:50:21.828126,1.585112,7.365448,1.415299,0.007391,1.413342,0.007391,7.365448,0
2026-07-02 15:50:21.831302,1.587472,7.370630,1.415299,0.007391,1.413342,0.007391,7.370630,0
2026-07-02 15:50:21.833319,1.589871,7.365448,1.415299,0.007391,1.418524,0.007391,7.365448,0
2026-07-02 15:50:21.835385,1.592237,7.375811,1.415299,0.007391,1.413342,0.007391,7.375811,0
2026-07-02 15:50:21.837391,1.594721,7.370630,1.415299,0.007391,1.418524,0.007391,7.370630,0
2026-07-02 15:50:21.841666,1.597116,7.365448,1.415299,0.007391,1.413342,0.007391,7.365448,0
2026-07-02 15:50:21.847179,1.599844,7.370630,1.415299,0.007391,1.418524,0.007391,7.370630,0
2026-07-02 15:50:21.864054,1.605681,7.365448,1.415299,0.007391,1.413342,0.007391,7.365448,0
2026-07-02 15:50:21.872989,1.622579,7.375811,1.415299,0.007391,1.413342,0.007391,7.375811,0
2026-07-02 15:50:21.875855,1.631537,7.370630,1.415299,0.007391,1.413342,0.007391,7.370630,0
2026-07-02 15:50:21.878057,1.634049,7.375811,1.415299,0.007391,1.418524,0.007391,7.375811,0
2026-07-02 15:50:21.880571,1.636568,7.375811,1.415299,0.007391,1.413342,0.007391,7.375811,0
2026-07-02 15:50:21.882984,1.638998,7.365448,1.415299,0.007391,1.413342,0.007391,7.365448,0
2026-07-02 15:50:21.886136,1.641641,7.370630,1.415299,0.007391,1.418524,0.007391,7.370630,0
2026-07-02 15:50:21.886732,1.644100,7.370630,1.415299,0.007391,1.418524,0.007391,7.370630,0
2026-07-02 15:50:21.891325,1.646578,7.365448,1.415299,0.007391,1.413342,0.007391,7.365448,0
2026-07-02 15:50:21.892444,1.649459,7.365448,1.415299,0.007391,1.418524,0.007391,7.365448,0
2026-07-02 15:50:21.895625,1.651844,7.375811,1.420479,0.007391,1.413342,0.007391,7.375811,0
2026-07-02 15:50:21.897229,1.654150,7.370630,1.415299,0.007391,1.413342,0.007391,7.370630,0
2026-07-02 15:50:21.900399,1.656593,7.375811,1.415299,0.007391,1.413342,0.007391,7.375811,0
2026-07-02 15:50:21.903182,1.658941,7.370630,1.415299,0.007391,1.418524,0.007391,7.370630,0
2026-07-02 15:50:21.903988,1.661445,7.370630,1.415299,0.007391,1.418524,0.007391,7.370630,0
2026-07-02 15:50:21.907540,1.663766,7.370630,1.415299,0.007391,1.418524,0.007391,7.370630,0
2026-07-02 15:50:21.908611,1.666098,7.370630,1.415299,0.007391,1.413342,0.007391,7.370630,0
2026-07-02 15:50:21.911322,1.668492,7.370630,1.415299,0.007391,1.413342,0.007391,7.370630,0
2026-07-02 15:50:21.913902,1.670833,7.375811,1.415299,0.007391,1.413342,0.007391,7.375811,0
2026-07-02 15:50:21.917403,1.673194,7.365448,1.415299,0.007391,1.413342,0.007391,7.365448,0
2026-07-02 15:50:21.917995,1.675491,7.375811,1.415299,0.007391,1.413342,0.007391,7.375811,0
2026-07-02 15:50:21.920600,1.677772,7.375811,1.415299,0.007391,1.418524,0.007391,7.375811,0
2026-07-02 15:50:21.923736,1.680001,7.365448,1.415299,0.007391,1.413342,0.007391,7.365448,0
2026-07-02 15:50:21.924895,1.682359,7.370630,1.415299,0.007391,1.413342,0.007391,7.370630,0
2026-07-02 15:50:21.927743,1.684770,7.370630,1.415299,0.007391,1.413342,0.007391,7.370630,0
2026-07-02 15:50:21.930253,1.687149,7.365448,1.415299,0.007391,1.418524,0.007391,7.365448,0
2026-07-02 15:50:21.935366,1.689447,7.365448,1.415299,0.007391,1.413342,0.007391,7.365448,0
2026-07-02 15:50:21.947435,1.694212,7.365448,1.415299,0.007391,1.418524,0.007391,7.365448,0
2026-07-02 15:50:21.953570,1.705936,7.370630,1.415299,0.007391,1.418524,0.007391,7.370630,0
2026-07-02 15:50:21.963670,1.712072,7.375811,1.415299,0.007391,1.413342,0.007391,7.375811,0
2026-07-02 15:50:21.972468,1.722463,7.375811,1.415299,0.007391,1.418524,0.007391,7.375811,0
2026-07-02 15:50:21.986744,1.730739,7.370630,1.415299,0.007391,1.418524,0.007391,7.370630,0
2026-07-02 15:50:22.000092,1.744953,7.375811,1.415299,0.007391,1.418524,0.007391,7.375811,0
2026-07-02 15:50:22.002966,1.758185,7.365448,1.415299,0.007391,1.418524,0.007391,7.365448,0
2026-07-02 15:50:22.029459,1.762391,7.370630,1.415299,0.007391,1.413342,0.007391,7.370630,0
2026-07-02 15:50:22.037844,1.787813,7.365448,1.415299,0.007391,1.418524,0.007391,7.365448,0
2026-07-02 15:50:22.041876,1.796198,7.370630,1.415299,0.007391,1.413342,0.007391,7.370630,0
2026-07-02 15:50:22.048953,1.801532,7.370630,1.415299,0.007391,1.418524,0.007391,7.370630,0
2026-07-02 15:50:22.055492,1.808225,7.365448,1.415299,0.007391,1.418524,0.007391,7.365448,0
2026-07-02 15:50:22.067253,1.814178,7.365448,1.415299,0.007391,1.418524,0.007391,7.365448,0
2026-07-02 15:50:22.089927,1.825896,7.365448,1.415299,0.007391,1.418524,0.007391,7.365448,0
2026-07-02 15:50:22.091960,1.848388,7.370630,1.415299,0.007391,1.413342,0.007391,7.370630,0
2026-07-02 15:50:22.094078,1.850723,7.375811,1.415299,0.007391,1.418524,0.007391,7.375811,0
2026-07-02 15:50:22.095589,1.853071,7.370630,1.415299,0.007391,1.418524,0.007391,7.370630,0
2026-07-02 15:50:22.099613,1.855485,7.365448,1.415299,0.007391,1.413342,0.007391,7.365448,0
2026-07-02 15:50:22.101983,1.857828,7.375811,1.420479,0.007391,1.413342,0.007391,7.375811,0
2026-07-02 15:50:22.104057,1.860200,7.375811,1.415299,0.007391,1.418524,0.007391,7.375811,0
2026-07-02 15:50:22.108085,1.863302,7.365448,1.415299,0.007391,1.418524,0.007391,7.365448,0
2026-07-02 15:50:22.110380,1.866454,7.375811,1.415299,0.007391,1.413342,0.007391,7.375811,0
2026-07-02 15:50:22.113135,1.868761,7.370630,1.415299,0.007391,1.413342,0.007391,7.370630,0
2026-07-02 15:50:22.115153,1.871276,7.365448,1.415299,0.007391,1.413342,0.007391,7.365448,0
2026-07-02 15:50:22.128865,1.873920,7.375811,1.415299,0.007391,1.413342,0.007391,7.375811,0
2026-07-02 15:50:22.130881,1.887158,7.365448,1.415299,0.007391,1.418524,0.007391,7.365448,0
2026-07-02 15:50:22.133267,1.889580,7.370630,1.415299,0.007391,1.418524,0.007391,7.370630,0
2026-07-02 15:50:22.136295,1.892046,7.375811,1.415299,0.007391,1.413342,0.007391,7.375811,0
2026-07-02 15:50:22.138313,1.894490,7.375811,1.415299,0.007391,1.418524,0.007391,7.375811,0
2026-07-02 15:50:22.141378,1.896898,7.370630,1.415299,0.007391,1.413342,0.007391,7.370630,0
2026-07-02 15:50:22.144080,1.899839,7.370630,1.415299,0.007391,1.413342,0.007391,7.370630,0
2026-07-02 15:50:22.146096,1.902313,7.370630,1.415299,0.007391,1.418524,0.007391,7.370630,0
2026-07-02 15:50:22.148106,1.904735,7.375811,1.415299,0.007391,1.418524,0.007391,7.375811,0
2026-07-02 15:50:22.150300,1.907198,7.375811,1.415299,0.007391,1.418524,0.007391,7.375811,0
2026-07-02 15:50:22.153833,1.909589,7.375811,1.415299,0.007391,1.413342,0.007391,7.375811,0
2026-07-02 15:50:22.155849,1.912053,7.375811,1.415299,0.007391,1.413342,0.007391,7.375811,0
2026-07-02 15:50:22.157861,1.914530,7.370630,1.415299,0.007391,1.413342,0.007391,7.370630,0
2026-07-02 15:50:22.159877,1.916941,7.375811,1.415299,0.007391,1.413342,0.007391,7.375811,0
2026-07-02 15:50:22.162568,1.919350,7.365448,1.415299,0.007391,1.418524,0.007391,7.365448,0
2026-07-02 15:50:22.164698,1.921766,7.375811,1.415299,0.007391,1.413342,0.007391,7.375811,0
2026-07-02 15:50:22.169442,1.924641,7.370630,1.415299,0.007391,1.418524,0.007391,7.370630,0
2026-07-02 15:50:22.172212,1.927738,7.370630,1.415299,0.007391,1.413342,0.007391,7.370630,0
2026-07-02 15:50:22.174887,1.930546,7.365448,1.415299,0.007391,1.413342,0.007391,7.365448,0
2026-07-02 15:50:22.175740,1.933234,7.365448,1.415299,0.007391,1.418524,0.007391,7.365448,0
2026-07-02 15:50:22.179765,1.935635,7.375811,1.415299,0.007391,1.418524,0.007391,7.375811,0
2026-07-02 15:50:22.183332,1.938267,7.375811,1.420479,0.007391,1.418524,0.007391,7.375811,0
2026-07-02 15:50:22.186080,1.941407,7.375811,1.415299,0.007391,1.413342,0.007391,7.375811,0
2026-07-02 15:50:22.188782,1.944491,7.370630,1.415299,0.007391,1.418524,0.007391,7.370630,0
2026-07-02 15:50:22.191814,1.947352,7.375811,1.415299,0.007391,1.418524,0.007391,7.375811,0
2026-07-02 15:50:22.192613,1.949968,7.370630,1.415299,0.007391,1.413342,0.007391,7.370630,0
2026-07-02 15:50:22.196135,1.952507,7.370630,1.415299,0.007391,1.413342,0.007391,7.370630,0
2026-07-02 15:50:22.198152,1.954887,7.365448,1.415299,0.007391,1.418524,0.007391,7.365448,0
2026-07-02 15:50:22.200664,1.957363,7.370630,1.415299,0.007391,1.418524,0.007391,7.370630,0
2026-07-02 15:50:22.204190,1.959961,7.375811,1.415299,0.007391,1.413342,0.007391,7.375811,0
2026-07-02 15:50:22.206209,1.962621,7.370630,1.415299,0.007391,1.413342,0.007391,7.370630,0
2026-07-02 15:50:22.208722,1.965076,7.365448,1.415299,0.007391,1.413342,0.007391,7.365448,0
2026-07-02 15:50:22.210736,1.967507,7.375811,1.415299,0.007391,1.413342,0.007391,7.375811,0
2026-07-02 15:50:22.212493,1.969935,7.375811,1.415299,0.007391,1.413342,0.007391,7.375811,0
2026-07-02 15:50:22.216513,1.972510,7.370630,1.415299,0.007391,1.413342,0.007391,7.370630,0
2026-07-02 15:50:22.227524,1.974893,7.365448,1.415299,0.007391,1.418524,0.007391,7.365448,0
2026-07-02 15:50:22.242836,1.985577,7.370630,1.415299,0.007391,1.413342,0.007391,7.370630,0
2026-07-02 15:50:22.257239,2.001130,7.370630,1.415299,0.002211,1.413342,0.002211,7.370630,0
2026-07-02 15:50:22.263287,2.015459,7.365448,1.415299,0.007391,1.418524,0.007391,7.365448,0
2026-07-02 15:50:22.266471,2.021885,7.370630,1.415299,0.007391,1.413342,0.007391,7.370630,0
2026-07-02 15:50:22.268485,2.024694,7.370630,1.415299,0.007391,1.418524,0.007391,7.370630,0
2026-07-02 15:50:22.270498,2.026919,7.370630,1.415299,0.007391,1.413342,0.007391,7.370630,0
2026-07-02 15:50:22.272512,2.029128,7.365448,1.415299,0.007391,1.413342,0.007391,7.365448,0
2026-07-02 15:50:22.275531,2.031324,7.375811,1.415299,0.007391,1.413342,0.007391,7.375811,0
2026-07-02 15:50:22.276631,2.033881,7.365448,1.415299,0.007391,1.413342,0.007391,7.365448,0
2026-07-02 15:50:22.278646,2.036131,7.375811,1.415299,0.007391,1.413342,0.007391,7.375811,0
2026-07-02 15:50:22.280659,2.038334,7.365448,1.415299,0.007391,1.418524,0.007391,7.365448,0
2026-07-02 15:50:22.284329,2.040566,7.365448,1.415299,0.007391,1.413342,0.007391,7.365448,0
2026-07-02 15:50:22.286352,2.042808,7.375811,1.415299,0.007391,1.413342,0.007391,7.375811,0
2026-07-02 15:50:22.288370,2.045044,7.370630,1.415299,0.007391,1.413342,0.007391,7.370630,0
2026-07-02 15:50:22.290386,2.047247,7.370630,1.415299,0.007391,1.413342,0.007391,7.370630,0
2026-07-02 15:50:22.292403,2.049588,7.370630,1.415299,0.007391,1.413342,0.007391,7.370630,0
2026-07-02 15:50:22.296816,2.051798,7.370630,1.415299,0.007391,1.418524,0.007391,7.370630,0
2026-07-02 15:50:22.298832,2.055082,7.375811,1.415299,0.007391,1.418524,0.007391,7.375811,0
2026-07-02 15:50:22.301354,2.057352,7.370630,1.415299,0.007391,1.418524,0.007391,7.370630,0
2026-07-02 15:50:22.303369,2.059609,7.370630,1.415299,0.007391,1.418524,0.007391,7.370630,0
2026-07-02 15:50:22.304383,2.061816,7.375811,1.415299,0.007391,1.413342,0.007391,7.375811,0
2026-07-02 15:50:22.308409,2.064085,7.365448,1.415299,0.007391,1.413342,0.007391,7.365448,0
2026-07-02 15:50:22.310424,2.066398,7.370630,1.415299,0.002211,1.413342,0.002211,7.370630,0
2026-07-02 15:50:22.312441,2.068636,7.365448,1.415299,0.007391,1.413342,0.007391,7.365448,0
2026-07-02 15:50:22.315112,2.070832,7.370630,1.415299,0.007391,1.418524,0.007391,7.370630,0
2026-07-02 15:50:22.317129,2.073093,7.365448,1.415299,0.007391,1.413342,0.007391,7.365448,0
2026-07-02 15:50:22.319145,2.075495,7.370630,1.415299,0.007391,1.418524,0.007391,7.370630,0
2026-07-02 15:50:22.321160,2.077899,7.365448,1.415299,0.007391,1.413342,0.007391,7.365448,0
2026-07-02 15:50:22.324932,2.080314,7.370630,1.415299,0.007391,1.418524,0.007391,7.370630,0
2026-07-02 15:50:22.326562,2.083335,7.375811,1.415299,0.007391,1.418524,0.007391,7.375811,0
2026-07-02 15:50:22.328577,2.085720,7.370630,1.415299,0.007391,1.413342,0.007391,7.370630,0
2026-07-02 15:50:22.330589,2.088124,7.375811,1.415299,0.007391,1.413342,0.007391,7.375811,0
2026-07-02 15:50:22.334575,2.090588,7.365448,1.415299,0.007391,1.413342,0.007391,7.365448,0
2026-07-02 15:50:22.340411,2.092933,7.375811,1.415299,0.007391,1.418524,0.007391,7.375811,0
2026-07-02 15:50:22.343323,2.098537,7.370630,1.415299,0.007391,1.413342,0.007391,7.370630,0
2026-07-02 15:50:22.352407,2.101380,7.365448,1.415299,0.007391,1.413342,0.007391,7.365448,0
2026-07-02 15:50:22.358657,2.110661,7.370630,1.410120,0.007391,1.413342,0.007391,7.370630,0
2026-07-02 15:50:22.362474,2.116897,7.375811,1.415299,0.007391,1.413342,0.007391,7.375811,0
2026-07-02 15:50:22.364289,2.121292,7.370630,1.415299,0.007391,1.413342,0.007391,7.370630,0
2026-07-02 15:50:22.367398,2.123744,7.370630,1.415299,0.007391,1.418524,0.007391,7.370630,0
2026-07-02 15:50:22.369920,2.126084,7.375811,1.415299,0.007391,1.413342,0.007391,7.375811,0
2026-07-02 15:50:22.371935,2.128333,7.370630,1.415299,0.007391,1.413342,0.007391,7.370630,0
2026-07-02 15:50:22.373596,2.130495,7.370630,1.415299,0.007391,1.413342,0.007391,7.370630,0
2026-07-02 15:50:22.375585,2.132747,7.365448,1.415299,0.007391,1.413342,0.007391,7.365448,0
2026-07-02 15:50:22.377594,2.134954,7.370630,1.415299,0.007391,1.413342,0.007391,7.370630,0
2026-07-02 15:50:22.379608,2.137127,7.370630,1.415299,0.007391,1.413342,0.007391,7.370630,0
2026-07-02 15:50:22.383370,2.139324,7.375811,1.415299,0.007391,1.418524,0.007391,7.375811,0
2026-07-02 15:50:22.384004,2.141591,7.375811,1.415299,0.007391,1.413342,0.007391,7.375811,0
2026-07-02 15:50:22.388033,2.143815,7.370630,1.415299,0.007391,1.418524,0.007391,7.370630,0
2026-07-02 15:50:22.390050,2.146004,7.370630,1.415299,0.007391,1.418524,0.007391,7.370630,0
2026-07-02 15:50:22.392066,2.148176,7.365448,1.415299,0.007391,1.413342,0.007391,7.365448,0
2026-07-02 15:50:22.395732,2.150407,7.375811,1.415299,0.007391,1.413342,0.007391,7.375811,0
2026-07-02 15:50:22.401287,2.153998,7.365448,1.415299,0.007391,1.413342,0.007391,7.365448,0
2026-07-02 15:50:22.403943,2.159954,7.375811,1.415299,0.007391,1.413342,0.007391,7.375811,0
2026-07-02 15:50:22.406897,2.162615,7.370630,1.415299,0.007391,1.418524,0.007391,7.370630,0
2026-07-02 15:50:22.411708,2.166497,7.365448,1.415299,0.007391,1.413342,0.007391,7.365448,0
2026-07-02 15:50:22.413730,2.169794,7.375811,1.415299,0.007391,1.413342,0.007391,7.375811,0
2026-07-02 15:50:22.416358,2.172176,7.375811,1.415299,0.007391,1.413342,0.007391,7.375811,0
2026-07-02 15:50:22.417362,2.175031,7.375811,1.415299,0.007391,1.413342,0.007391,7.375811,0
2026-07-02 15:50:22.421412,2.177272,7.375811,1.415299,0.007391,1.413342,0.007391,7.375811,0
2026-07-02 15:50:22.424387,2.179515,7.365448,1.415299,0.007391,1.418524,0.007391,7.365448,0
2026-07-02 15:50:22.425787,2.183059,7.375811,1.415299,0.007391,1.418524,0.007391,7.375811,0
2026-07-02 15:50:22.427801,2.185312,7.370630,1.415299,0.007391,1.413342,0.007391,7.370630,0
2026-07-02 15:50:22.429816,2.187542,7.365448,1.415299,0.007391,1.413342,0.007391,7.365448,0
2026-07-02 15:50:22.433850,2.189745,7.370630,1.415299,0.007391,1.418524,0.007391,7.370630,0
2026-07-02 15:50:22.434864,2.192366,7.370630,1.415299,0.007391,1.413342,0.007391,7.370630,0
2026-07-02 15:50:22.436910,2.194640,7.370630,1.415299,0.007391,1.413342,0.007391,7.370630,0
2026-07-02 15:50:22.441616,2.196840,7.370630,1.415299,0.007391,1.413342,0.007391,7.370630,0
2026-07-02 15:50:22.443134,2.199725,7.370630,1.415299,0.007391,1.418524,0.007391,7.370630,0
2026-07-02 15:50:22.445624,2.202038,7.375811,1.415299,0.007391,1.413342,0.007391,7.375811,0
2026-07-02 15:50:22.447056,2.204530,7.375811,1.415299,0.007391,1.418524,0.007391,7.375811,0
2026-07-02 15:50:22.449973,2.206762,7.365448,1.415299,0.007391,1.413342,0.007391,7.365448,0
2026-07-02 15:50:22.451984,2.209033,7.365448,1.415299,0.007391,1.418524,0.007391,7.365448,0
2026-07-02 15:50:22.454653,2.211345,7.370630,1.415299,0.007391,1.418524,0.007391,7.370630,0
2026-07-02 15:50:22.456670,2.213558,7.370630,1.415299,0.007391,1.418524,0.007391,7.370630,0
2026-07-02 15:50:22.459182,2.215919,7.365448,1.415299,0.007391,1.413342,0.007391,7.365448,0
2026-07-02 15:50:22.461197,2.218226,7.375811,1.415299,0.007391,1.418524,0.007391,7.375811,0
2026-07-02 15:50:22.464227,2.220472,7.370630,1.415299,0.007391,1.413342,0.007391,7.370630,0
2026-07-02 15:50:22.466243,2.222678,7.375811,1.415299,0.007391,1.418524,0.007391,7.375811,0
2026-07-02 15:50:22.469071,2.224911,7.370630,1.415299,0.007391,1.413342,0.007391,7.370630,0
2026-07-02 15:50:22.471087,2.227143,7.370630,1.415299,0.007391,1.413342,0.007391,7.370630,0
2026-07-02 15:50:22.473104,2.229512,7.375811,1.415299,0.007391,1.413342,0.007391,7.375811,0
2026-07-02 15:50:22.476931,2.231952,7.365448,1.415299,0.007391,1.418524,0.007391,7.365448,0
2026-07-02 15:50:22.478223,2.235279,7.375811,1.415299,0.007391,1.413342,0.007391,7.375811,0
2026-07-02 15:50:22.480747,2.237631,7.365448,1.415299,0.007391,1.418524,0.007391,7.365448,0
2026-07-02 15:50:22.484865,2.239995,7.375811,1.415299,0.007391,1.413342,0.007391,7.375811,0
2026-07-02 15:50:22.486617,2.243142,7.375811,1.415299,0.007391,1.418524,0.007391,7.375811,0
2026-07-02 15:50:22.488635,2.245451,7.365448,1.415299,0.007391,1.418524,0.007391,7.365448,0
2026-07-02 15:50:22.490644,2.247731,7.370630,1.415299,0.007391,1.413342,0.007391,7.370630,0
2026-07-02 15:50:22.494668,2.250026,7.370630,1.415299,0.007391,1.413342,0.007391,7.370630,0
2026-07-02 15:50:22.495380,2.253041,7.365448,1.415299,0.007391,1.413342,0.007391,7.365448,0
2026-07-02 15:50:22.500375,2.255516,7.370630,1.415299,0.007391,1.413342,0.007391,7.370630,0
2026-07-02 15:50:22.502801,2.258690,7.370630,1.415299,0.007391,1.418524,0.007391,7.370630,0
2026-07-02 15:50:22.505095,2.261066,7.370630,1.415299,0.007391,1.413342,0.007391,7.370630,0
2026-07-02 15:50:22.508349,2.263645,7.365448,1.415299,0.007391,1.413342,0.007391,7.365448,0
2026-07-02 15:50:22.510367,2.266912,7.375811,1.415299,0.007391,1.413342,0.007391,7.375811,0
2026-07-02 15:50:22.512381,2.269812,7.365448,1.415299,0.007391,1.418524,0.007391,7.365448,0
2026-07-02 15:50:22.516185,2.272135,7.365448,1.415299,0.007391,1.418524,0.007391,7.365448,0
2026-07-02 15:50:22.519614,2.274516,7.370630,1.415299,0.007391,1.418524,0.007391,7.370630,0
2026-07-02 15:50:22.521626,2.277692,7.365448,1.415299,0.007391,1.413342,0.007391,7.365448,0
2026-07-02 15:50:22.524157,2.280097,7.375811,1.415299,0.007391,1.413342,0.007391,7.375811,0
2026-07-02 15:50:22.527081,2.282622,7.370630,1.415299,0.007391,1.418524,0.007391,7.370630,0
2026-07-02 15:50:22.530181,2.285624,7.375811,1.415299,0.007391,1.418524,0.007391,7.375811,0
2026-07-02 15:50:22.533770,2.288680,7.365448,1.415299,0.007391,1.413342,0.007391,7.365448,0
2026-07-02 15:50:22.536344,2.291958,7.365448,1.415299,0.007391,1.418524,0.007391,7.365448,0
2026-07-02 15:50:22.538369,2.294597,7.365448,1.415299,0.007391,1.413342,0.007391,7.365448,0
2026-07-02 15:50:22.541879,2.297739,7.375811,1.415299,0.007391,1.413342,0.007391,7.375811,0
2026-07-02 15:50:22.543391,2.300316,7.370630,1.415299,0.007391,1.418524,0.007391,7.370630,0
2026-07-02 15:50:22.546444,2.302963,7.370630,1.415299,0.007391,1.413342,0.007391,7.370630,0
2026-07-02 15:50:22.548466,2.305318,7.375811,1.415299,0.007391,1.413342,0.007391,7.375811,0
2026-07-02 15:50:22.551994,2.307718,7.370630,1.415299,0.007391,1.413342,0.007391,7.370630,0
2026-07-02 15:50:22.551994,2.310112,7.370630,1.415299,0.007391,1.418524,0.007391,7.370630,0
2026-07-02 15:50:22.555057,2.312390,7.365448,1.415299,0.007391,1.418524,0.007391,7.365448,0
2026-07-02 15:50:22.558828,2.314715,7.370630,1.415299,0.007391,1.413342,0.007391,7.370630,0
2026-07-02 15:50:22.560843,2.317277,7.375811,1.415299,0.007391,1.413342,0.007391,7.375811,0
2026-07-02 15:50:22.563905,2.319970,7.375811,1.415299,0.007391,1.418524,0.007391,7.375811,0
2026-07-02 15:50:22.566935,2.322432,7.365448,1.415299,0.007391,1.418524,0.007391,7.365448,0
2026-07-02 15:50:22.568949,2.325245,7.365448,1.415299,0.007391,1.413342,0.007391,7.365448,0
2026-07-02 15:50:22.570955,2.327709,7.370630,1.415299,0.007391,1.418524,0.007391,7.370630,0
2026-07-02 15:50:22.572973,2.330144,7.370630,1.415299,0.007391,1.413342,0.007391,7.370630,0
2026-07-02 15:50:22.574982,2.332461,7.370630,1.415299,0.007391,1.413342,0.007391,7.370630,0
2026-07-02 15:50:22.578722,2.334778,7.370630,1.415299,0.007391,1.413342,0.007391,7.370630,0
2026-07-02 15:50:22.580739,2.337662,7.365448,1.415299,0.007391,1.418524,0.007391,7.365448,0
2026-07-02 15:50:22.584116,2.340096,7.375811,1.415299,0.007391,1.418524,0.007391,7.375811,0
2026-07-02 15:50:22.586130,2.342529,7.365448,1.415299,0.007391,1.413342,0.007391,7.365448,0
2026-07-02 15:50:22.590185,2.344978,7.375811,1.415299,0.007391,1.418524,0.007391,7.375811,0
2026-07-02 15:50:22.592222,2.349234,7.370630,1.415299,0.007391,1.418524,0.007391,7.370630,0
2026-07-02 15:50:22.594238,2.351574,7.370630,1.415299,0.007391,1.413342,0.007391,7.370630,0
2026-07-02 15:50:22.598272,2.353985,7.375811,1.415299,0.007391,1.413342,0.007391,7.375811,0
2026-07-02 15:50:22.600280,2.356513,7.375811,1.415299,0.007391,1.413342,0.007391,7.375811,0
2026-07-02 15:50:22.602293,2.358914,7.375811,1.415299,0.007391,1.413342,0.007391,7.375811,0
2026-07-02 15:50:22.604611,2.361361,7.370630,1.415299,0.007391,1.413342,0.007391,7.370630,0
2026-07-02 15:50:22.610895,2.364592,7.370630,1.415299,0.007391,1.413342,0.007391,7.370630,0
2026-07-02 15:50:22.612913,2.369516,7.365448,1.415299,0.007391,1.418524,0.007391,7.365448,0
2026-07-02 15:50:22.614927,2.371936,7.375811,1.415299,0.007391,1.413342,0.007391,7.375811,0
2026-07-02 15:50:22.618953,2.374296,7.370630,1.415299,0.007391,1.418524,0.007391,7.370630,0
2026-07-02 15:50:22.621587,2.377228,7.370630,1.415299,0.007391,1.413342,0.007391,7.370630,0
2026-07-02 15:50:22.623599,2.380041,7.370630,1.415299,0.007391,1.413342,0.007391,7.370630,0
2026-07-02 15:50:22.625609,2.382445,7.370630,1.415299,0.002211,1.413342,0.002211,7.370630,0
2026-07-02 15:50:22.629375,2.385152,7.365448,1.415299,0.007391,1.418524,0.007391,7.365448,0
2026-07-02 15:50:22.631391,2.387597,7.375811,1.415299,0.007391,1.413342,0.007391,7.375811,0
2026-07-02 15:50:22.634915,2.390743,7.375811,1.415299,0.007391,1.413342,0.007391,7.375811,0
2026-07-02 15:50:22.637160,2.393062,7.375811,1.415299,0.007391,1.413342,0.007391,7.375811,0
2026-07-02 15:50:22.639990,2.395539,7.375811,1.415299,0.007391,1.413342,0.007391,7.375811,0
2026-07-02 15:50:22.641997,2.398130,7.370630,1.415299,0.007391,1.413342,0.007391,7.370630,0
2026-07-02 15:50:22.644011,2.400468,7.375811,1.415299,0.007391,1.413342,0.007391,7.375811,0
2026-07-02 15:50:22.646019,2.402845,7.365448,1.415299,0.007391,1.418524,0.007391,7.365448,0
2026-07-02 15:50:22.651048,2.405203,7.370630,1.415299,0.007391,1.418524,0.007391,7.370630,0
2026-07-02 15:50:22.653059,2.409567,7.370630,1.415299,0.007391,1.413342,0.007391,7.370630,0
2026-07-02 15:50:22.657086,2.412904,7.370630,1.415299,0.007391,1.418524,0.007391,7.370630,0
2026-07-02 15:50:22.659099,2.415676,7.375811,1.415299,0.007391,1.413342,0.007391,7.375811,0
2026-07-02 15:50:22.663128,2.418813,7.365448,1.415299,0.007391,1.413342,0.007391,7.365448,0
2026-07-02 15:50:22.667149,2.422290,7.365448,1.415299,0.007391,1.413342,0.007391,7.365448,0
2026-07-02 15:50:22.669414,2.425254,7.370630,1.415299,0.007391,1.413342,0.007391,7.370630,0
2026-07-02 15:50:22.672309,2.428990,7.370630,1.415299,0.007391,1.413342,0.007391,7.370630,0
2026-07-02 15:50:22.674318,2.431524,7.370630,1.415299,0.007391,1.413342,0.007391,7.370630,0
2026-07-02 15:50:22.676945,2.433936,7.375811,1.415299,0.007391,1.413342,0.007391,7.375811,0
2026-07-02 15:50:22.679571,2.436242,7.375811,1.415299,0.007391,1.418524,0.007391,7.375811,0
2026-07-02 15:50:22.683588,2.438836,7.370630,1.415299,0.007391,1.418524,0.007391,7.370630,0
2026-07-02 15:50:22.684525,2.441608,7.365448,1.415299,0.007391,1.413342,0.007391,7.365448,0
2026-07-02 15:50:22.686533,2.443822,7.375811,1.415299,0.007391,1.418524,0.007391,7.375811,0
2026-07-02 15:50:22.690554,2.446132,7.370630,1.415299,0.007391,1.418524,0.007391,7.370630,0
2026-07-02 15:50:22.692562,2.448536,7.370630,1.415299,0.007391,1.413342,0.007391,7.370630,0
2026-07-02 15:50:22.693507,2.450999,7.365448,1.415299,0.007391,1.413342,0.007391,7.365448,0
2026-07-02 15:50:22.697523,2.453327,7.365448,1.415299,0.007391,1.413342,0.007391,7.365448,0
2026-07-02 15:50:22.699031,2.455692,7.375811,1.415299,0.007391,1.418524,0.007391,7.375811,0
2026-07-02 15:50:22.701038,2.458042,7.370630,1.415299,0.007391,1.413342,0.007391,7.370630,0
2026-07-02 15:50:22.702918,2.460453,7.375811,1.415299,0.007391,1.413342,0.007391,7.375811,0
2026-07-02 15:50:22.705723,2.462806,7.370630,1.415299,0.007391,1.418524,0.007391,7.370630,0
2026-07-02 15:50:22.709484,2.465112,7.375811,1.415299,0.007391,1.413342,0.007391,7.375811,0
2026-07-02 15:50:22.710624,2.467811,7.365448,1.415299,0.007391,1.418524,0.007391,7.365448,0
2026-07-02 15:50:22.712635,2.470125,7.370630,1.415299,0.007391,1.413342,0.007391,7.370630,0
2026-07-02 15:50:22.716665,2.472520,7.370630,1.415299,0.007391,1.418524,0.007391,7.370630,0
2026-07-02 15:50:22.718671,2.475106,7.375811,1.415299,0.007391,1.413342,0.007391,7.375811,0
2026-07-02 15:50:22.720527,2.477571,7.375811,1.415299,0.007391,1.413342,0.007391,7.375811,0
2026-07-02 15:50:22.723264,2.479946,7.375811,1.415299,0.007391,1.418524,0.007391,7.375811,0
2026-07-02 15:50:22.725271,2.482328,7.370630,1.415299,0.002211,1.413342,0.002211,7.370630,0
2026-07-02 15:50:22.725271,2.484828,7.370630,1.415299,0.007391,1.418524,0.007391,7.370630,0
2026-07-02 15:50:22.730402,2.487326,7.365448,1.415299,0.007391,1.418524,0.007391,7.365448,0
2026-07-02 15:50:22.730402,2.489755,7.375811,1.415299,0.007391,1.413342,0.007391,7.375811,0
2026-07-02 15:50:22.735235,2.492063,7.365448,1.415299,0.007391,1.413342,0.007391,7.365448,0
2026-07-02 15:50:22.735235,2.494510,7.370630,1.415299,0.007391,1.413342,0.007391,7.370630,0
2026-07-02 15:50:22.740502,2.496884,7.370630,1.415299,0.007391,1.413342,0.007391,7.370630,0
2026-07-02 15:50:22.742515,2.499241,7.370630,1.415299,0.007391,1.413342,0.007391,7.370630,0
2026-07-02 15:50:22.744533,2.501636,7.365448,1.415299,0.007391,1.413342,0.007391,7.365448,0
2026-07-02 15:50:22.746544,2.504130,7.375811,1.415299,0.007391,1.413342,0.007391,7.375811,0
2026-07-02 15:50:22.746544,2.506481,7.365448,1.415299,0.007391,1.418524,0.007391,7.365448,0
2026-07-02 15:50:22.750999,2.508809,7.370630,1.415299,0.007391,1.418524,0.007391,7.370630,0
2026-07-02 15:50:22.750999,2.511237,7.370630,1.415299,0.007391,1.413342,0.007391,7.370630,0
2026-07-02 15:50:22.750999,2.513577,7.370630,1.415299,0.007391,1.418524,0.007391,7.370630,0
2026-07-02 15:50:22.750999,2.515885,7.375811,1.415299,0.007391,1.418524,0.007391,7.375811,0
2026-07-02 15:50:22.761134,2.518285,7.375811,1.415299,0.007391,1.413342,0.007391,7.375811,0
2026-07-02 15:50:22.763148,2.520652,7.370630,1.415299,0.007391,1.413342,0.007391,7.370630,0
2026-07-02 15:50:22.767169,2.523105,7.375811,1.415299,0.007391,1.413342,0.007391,7.375811,0
2026-07-02 15:50:22.769181,2.525517,7.370630,1.415299,0.007391,1.418524,0.007391,7.370630,0
2026-07-02 15:50:22.771192,2.527888,7.370630,1.415299,0.007391,1.413342,0.007391,7.370630,0
2026-07-02 15:50:22.773317,2.530380,7.370630,1.415299,0.007391,1.413342,0.007391,7.370630,0
2026-07-02 15:50:22.775653,2.532703,7.370630,1.415299,0.007391,1.413342,0.007391,7.370630,0
2026-07-02 15:50:22.778459,2.535076,7.370630,1.415299,0.007391,1.418524,0.007391,7.370630,0
2026-07-02 15:50:22.781752,2.537492,7.370630,1.420479,0.007391,1.418524,0.007391,7.370630,0
2026-07-02 15:50:22.782580,2.539840,7.370630,1.415299,0.007391,1.413342,0.007391,7.370630,0
2026-07-02 15:50:22.784592,2.542179,7.370630,1.415299,0.007391,1.418524,0.007391,7.370630,0
2026-07-02 15:50:22.788617,2.544573,7.370630,1.415299,0.007391,1.418524,0.007391,7.370630,0
2026-07-02 15:50:22.790626,2.546985,7.370630,1.415299,0.007391,1.413342,0.007391,7.370630,0
2026-07-02 15:50:22.791634,2.549341,7.365448,1.415299,0.007391,1.413342,0.007391,7.365448,0
2026-07-02 15:50:22.791634,2.551690,7.375811,1.415299,0.007391,1.413342,0.007391,7.375811,0
2026-07-02 15:50:22.797409,2.553981,7.375811,1.415299,0.007391,1.413342,0.007391,7.375811,0
2026-07-02 15:50:22.799922,2.556307,7.375811,1.415299,0.007391,1.418524,0.007391,7.375811,0
2026-07-02 15:50:22.803134,2.558811,7.375811,1.415299,0.007391,1.413342,0.007391,7.375811,0
2026-07-02 15:50:22.805150,2.562153,7.375811,1.415299,0.007391,1.413342,0.007391,7.375811,0
2026-07-02 15:50:22.807162,2.564646,7.375811,1.415299,0.007391,1.418524,0.007391,7.375811,0
2026-07-02 15:50:22.811946,2.567248,7.375811,1.415299,0.007391,1.418524,0.007391,7.375811,0
2026-07-02 15:50:22.811946,2.570589,7.375811,1.415299,0.007391,1.418524,0.007391,7.375811,0
2026-07-02 15:50:22.811946,2.572992,7.370630,1.415299,0.007391,1.418524,0.007391,7.370630,0
2026-07-02 15:50:22.811946,2.575447,7.375811,1.415299,0.007391,1.413342,0.007391,7.375811,0
2026-07-02 15:50:22.811946,2.577834,7.370630,1.415299,0.007391,1.413342,0.007391,7.370630,0
2026-07-02 15:50:22.822342,2.580222,7.370630,1.415299,0.007391,1.418524,0.007391,7.370630,0
2026-07-02 15:50:22.822342,2.582650,7.375811,1.415299,0.007391,1.413342,0.007391,7.375811,0
2026-07-02 15:50:22.822342,2.585211,7.370630,1.415299,0.007391,1.413342,0.007391,7.370630,0
2026-07-02 15:50:22.822342,2.587510,7.370630,1.415299,0.007391,1.413342,0.007391,7.370630,0
2026-07-02 15:50:22.832515,2.589950,7.365448,1.415299,0.007391,1.413342,0.007391,7.365448,0
2026-07-02 15:50:22.835318,2.592357,7.370630,1.415299,0.007391,1.413342,0.007391,7.370630,0
2026-07-02 15:50:22.835318,2.594823,7.370630,1.415299,0.007391,1.418524,0.007391,7.370630,0
2026-07-02 15:50:22.835318,2.597246,7.365448,1.415299,0.007391,1.413342,0.007391,7.365448,0
2026-07-02 15:50:22.842773,2.599609,7.370630,1.415299,0.007391,1.418524,0.007391,7.370630,0
2026-07-02 15:50:22.842773,2.602036,7.375811,1.415299,0.007391,1.413342,0.007391,7.375811,0
2026-07-02 15:50:22.842773,2.604418,7.375811,1.415299,0.007391,1.418524,0.007391,7.375811,0
2026-07-02 15:50:22.842773,2.606860,7.370630,1.415299,0.007391,1.413342,0.007391,7.370630,0
2026-07-02 15:50:22.853282,2.609298,7.375811,1.415299,0.007391,1.418524,0.007391,7.375811,0
2026-07-02 15:50:22.855298,2.611732,7.365448,1.415299,0.007391,1.413342,0.007391,7.365448,0
2026-07-02 15:50:22.855298,2.614148,7.375811,1.415299,0.007391,1.413342,0.007391,7.375811,0
2026-07-02 15:50:22.855298,2.616541,7.370630,1.415299,0.007391,1.413342,0.007391,7.370630,0
2026-07-02 15:50:22.862965,2.618974,7.375811,1.415299,0.007391,1.413342,0.007391,7.375811,0
2026-07-02 15:50:22.862965,2.621362,7.370630,1.415299,0.007391,1.413342,0.007391,7.370630,0
2026-07-02 15:50:22.862965,2.623774,7.370630,1.415299,0.007391,1.413342,0.007391,7.370630,0
2026-07-02 15:50:22.862965,2.626253,7.365448,1.415299,0.007391,1.413342,0.007391,7.365448,0
2026-07-02 15:50:22.872303,2.628678,7.375811,1.415299,0.007391,1.413342,0.007391,7.375811,0
2026-07-02 15:50:22.876899,2.630983,7.375811,1.415299,0.007391,1.413342,0.007391,7.375811,0
2026-07-02 15:50:22.876899,2.635125,7.370630,1.415299,0.007391,1.413342,0.007391,7.370630,0
2026-07-02 15:50:22.876899,2.637464,7.370630,1.415299,0.007391,1.413342,0.007391,7.370630,0
2026-07-02 15:50:22.883597,2.639733,7.365448,1.415299,0.007391,1.418524,0.007391,7.365448,0
2026-07-02 15:50:22.883597,2.642058,7.375811,1.420479,0.007391,1.413342,0.007391,7.375811,0
2026-07-02 15:50:22.883597,2.644419,7.370630,1.415299,0.007391,1.418524,0.007391,7.370630,0
2026-07-02 15:50:22.883597,2.646884,7.370630,1.415299,0.007391,1.413342,0.007391,7.370630,0
2026-07-02 15:50:22.895634,2.649331,7.370630,1.410120,0.007391,1.413342,0.007391,7.370630,0
2026-07-02 15:50:22.895634,2.653723,7.375811,1.415299,0.007391,1.413342,0.007391,7.375811,0
2026-07-02 15:50:22.895634,2.656114,7.375811,1.415299,0.007391,1.413342,0.007391,7.375811,0
2026-07-02 15:50:22.900924,2.658488,7.375811,1.415299,0.007391,1.418524,0.007391,7.375811,0
2026-07-02 15:50:22.903254,2.660866,7.375811,1.415299,0.007391,1.413342,0.007391,7.375811,0
2026-07-02 15:50:22.903254,2.663289,7.370630,1.415299,0.007391,1.413342,0.007391,7.370630,0
2026-07-02 15:50:22.903254,2.666602,7.365448,1.415299,0.007391,1.418524,0.007391,7.365448,0
2026-07-02 15:50:22.913351,2.669047,7.365448,1.415299,0.007391,1.413342,0.007391,7.365448,0
2026-07-02 15:50:22.916775,2.671883,7.370630,1.415299,0.007391,1.413342,0.007391,7.370630,0
2026-07-02 15:50:22.917795,2.674829,7.375811,1.415299,0.007391,1.413342,0.007391,7.375811,0
2026-07-02 15:50:22.917795,2.677301,7.370630,1.415299,0.007391,1.418524,0.007391,7.370630,0
2026-07-02 15:50:22.923376,2.679654,7.370630,1.415299,0.007391,1.413342,0.007391,7.370630,0
2026-07-02 15:50:22.924897,2.681969,7.375811,1.415299,0.007391,1.418524,0.007391,7.375811,0
2026-07-02 15:50:22.924897,2.684423,7.375811,1.415299,0.007391,1.413342,0.007391,7.375811,0
2026-07-02 15:50:22.924897,2.686861,7.370630,1.415299,0.007391,1.418524,0.007391,7.370630,0
2026-07-02 15:50:22.933810,2.689389,7.365448,1.415299,0.007391,1.418524,0.007391,7.365448,0
2026-07-02 15:50:22.935323,2.691953,7.375811,1.415299,0.007391,1.413342,0.007391,7.375811,0
2026-07-02 15:50:22.935323,2.694318,7.370630,1.415299,0.007391,1.413342,0.007391,7.370630,0
2026-07-02 15:50:22.935323,2.697004,7.370630,1.415299,0.007391,1.413342,0.007391,7.370630,0
2026-07-02 15:50:22.935323,2.699453,7.375811,1.415299,0.007391,1.413342,0.007391,7.375811,0
2026-07-02 15:50:22.944935,2.701771,7.365448,1.415299,0.007391,1.413342,0.007391,7.365448,0
2026-07-02 15:50:22.947086,2.704278,7.375811,1.415299,0.007391,1.413342,0.007391,7.375811,0
2026-07-02 15:50:22.950865,2.706608,7.370630,1.415299,0.007391,1.413342,0.007391,7.370630,0
2026-07-02 15:50:22.951450,2.708954,7.365448,1.415299,0.007391,1.413342,0.007391,7.365448,0
2026-07-02 15:50:22.954475,2.711272,7.370630,1.415299,0.007391,1.413342,0.007391,7.370630,0
2026-07-02 15:50:22.954475,2.713752,7.370630,1.415299,0.007391,1.413342,0.007391,7.370630,0
2026-07-02 15:50:22.958579,2.716060,7.375811,1.415299,0.007391,1.418524,0.007391,7.375811,0
2026-07-02 15:50:22.961127,2.718316,7.375811,1.415299,0.007391,1.413342,0.007391,7.375811,0
2026-07-02 15:50:22.964666,2.720721,7.375811,1.415299,0.007391,1.413342,0.007391,7.375811,0
2026-07-02 15:50:22.966728,2.723081,7.375811,1.415299,0.002211,1.413342,0.002211,7.375811,0
2026-07-02 15:50:22.966728,2.725533,7.370630,1.415299,0.007391,1.413342,0.007391,7.370630,0
2026-07-02 15:50:22.966728,2.728057,7.370630,1.415299,0.007391,1.413342,0.007391,7.370630,0
2026-07-02 15:50:22.974897,2.730554,7.375811,1.415299,0.007391,1.418524,0.007391,7.375811,0
2026-07-02 15:50:22.975718,2.733504,7.365448,1.415299,0.007391,1.413342,0.007391,7.365448,0
2026-07-02 15:50:22.975718,2.735849,7.370630,1.415299,0.002211,1.418524,0.002211,7.370630,0
2026-07-02 15:50:22.975718,2.738317,7.375811,1.415299,0.007391,1.413342,0.007391,7.375811,0
2026-07-02 15:50:22.984935,2.740975,7.365448,1.415299,0.007391,1.418524,0.007391,7.365448,0
2026-07-02 15:50:22.985707,2.743233,7.370630,1.415299,0.007391,1.413342,0.007391,7.370630,0
2026-07-02 15:50:22.985707,2.745605,7.375811,1.415299,0.007391,1.413342,0.007391,7.375811,0
2026-07-02 15:50:22.985707,2.747994,7.370630,1.415299,0.007391,1.413342,0.007391,7.370630,0
2026-07-02 15:50:22.985707,2.750433,7.370630,1.415299,0.007391,1.413342,0.007391,7.370630,0
2026-07-02 15:50:22.994968,2.752986,7.370630,1.415299,0.007391,1.418524,0.007391,7.370630,0
2026-07-02 15:50:22.994968,2.755471,7.375811,1.415299,0.007391,1.418524,0.007391,7.375811,0
2026-07-02 15:50:23.001382,2.757818,7.375811,1.415299,0.007391,1.418524,0.007391,7.375811,0
2026-07-02 15:50:23.001382,2.760053,7.375811,1.415299,0.007391,1.413342,0.007391,7.375811,0
2026-07-02 15:50:23.005038,2.762487,7.370630,1.415299,0.007391,1.413342,0.007391,7.370630,0
2026-07-02 15:50:23.005038,2.764815,7.370630,1.415299,0.007391,1.413342,0.007391,7.370630,0
2026-07-02 15:50:23.005038,2.767182,7.365448,1.415299,0.007391,1.413342,0.007391,7.365448,0
2026-07-02 15:50:23.005038,2.769638,7.370630,1.415299,0.007391,1.418524,0.007391,7.370630,0
2026-07-02 15:50:23.015263,2.772043,7.365448,1.415299,0.007391,1.413342,0.007391,7.365448,0
2026-07-02 15:50:23.015263,2.774397,7.365448,1.415299,0.007391,1.418524,0.007391,7.365448,0
2026-07-02 15:50:23.015263,2.776789,7.370630,1.415299,0.007391,1.418524,0.007391,7.370630,0
2026-07-02 15:50:23.015263,2.779196,7.365448,1.415299,0.007391,1.413342,0.007391,7.365448,0
2026-07-02 15:50:23.025645,2.781572,7.370630,1.415299,0.007391,1.413342,0.007391,7.370630,0
2026-07-02 15:50:23.025645,2.784021,7.370630,1.415299,0.007391,1.413342,0.007391,7.370630,0
2026-07-02 15:50:23.025645,2.786439,7.370630,1.415299,0.007391,1.413342,0.007391,7.370630,0
2026-07-02 15:50:23.025645,2.788854,7.370630,1.420479,0.002211,1.413342,0.002211,7.370630,0
2026-07-02 15:50:23.036012,2.791109,7.375811,1.420479,0.007391,1.418524,0.007391,7.375811,0
2026-07-02 15:50:23.038021,2.795467,7.370630,1.415299,0.007391,1.418524,0.007391,7.370630,0
2026-07-02 15:50:23.038021,2.797723,7.375811,1.415299,0.007391,1.413342,0.007391,7.375811,0
2026-07-02 15:50:23.038021,2.800061,7.370630,1.415299,0.007391,1.413342,0.007391,7.370630,0
2026-07-02 15:50:23.046074,2.802321,7.365448,1.415299,0.007391,1.413342,0.007391,7.365448,0
2026-07-02 15:50:23.048089,2.804534,7.375811,1.415299,0.007391,1.413342,0.007391,7.375811,0
2026-07-02 15:50:23.050104,2.806785,7.370630,1.415299,0.007391,1.413342,0.007391,7.370630,0
2026-07-02 15:50:23.050104,2.809161,7.365448,1.415299,0.007391,1.413342,0.007391,7.365448,0
2026-07-02 15:50:23.055660,2.811616,7.365448,1.415299,0.007391,1.413342,0.007391,7.365448,0
2026-07-02 15:50:23.055660,2.814037,7.370630,1.415299,0.007391,1.418524,0.007391,7.370630,0
2026-07-02 15:50:23.058595,2.816358,7.365448,1.415299,0.007391,1.413342,0.007391,7.365448,0
2026-07-02 15:50:23.058595,2.818735,7.375811,1.415299,0.007391,1.418524,0.007391,7.375811,0
2026-07-02 15:50:23.065673,2.821247,7.365448,1.415299,0.007391,1.418524,0.007391,7.365448,0
2026-07-02 15:50:23.069707,2.823813,7.365448,1.415299,0.007391,1.413342,0.007391,7.365448,0
2026-07-02 15:50:23.071721,2.827834,7.365448,1.415299,0.007391,1.413342,0.007391,7.365448,0
2026-07-02 15:50:23.073737,2.830298,7.365448,1.415299,0.007391,1.418524,0.007391,7.365448,0
2026-07-02 15:50:23.075750,2.832622,7.370630,1.415299,0.007391,1.418524,0.007391,7.370630,0
2026-07-02 15:50:23.077067,2.835007,7.365448,1.415299,0.007391,1.418524,0.007391,7.365448,0
2026-07-02 15:50:23.077067,2.837468,7.370630,1.415299,0.007391,1.418524,0.007391,7.370630,0
2026-07-02 15:50:23.077067,2.839915,7.365448,1.415299,0.007391,1.413342,0.007391,7.365448,0
2026-07-02 15:50:23.086026,2.842346,7.365448,1.415299,0.007391,1.418524,0.007391,7.365448,0
2026-07-02 15:50:23.087331,2.844645,7.370630,1.415299,0.007391,1.413342,0.007391,7.370630,0
2026-07-02 15:50:23.091363,2.847134,7.370630,1.415299,0.007391,1.413342,0.007391,7.370630,0
2026-07-02 15:50:23.093377,2.849401,7.370630,1.415299,0.007391,1.413342,0.007391,7.370630,0
2026-07-02 15:50:23.095388,2.851863,7.375811,1.415299,0.007391,1.418524,0.007391,7.375811,0
2026-07-02 15:50:23.098424,2.854334,7.365448,1.415299,0.007391,1.418524,0.007391,7.365448,0
2026-07-02 15:50:23.100440,2.856901,7.375811,1.415299,0.007391,1.418524,0.007391,7.375811,0
2026-07-02 15:50:23.101957,2.859298,7.375811,1.415299,0.007391,1.413342,0.007391,7.375811,0
2026-07-02 15:50:23.104722,2.861772,7.370630,1.415299,0.007391,1.413342,0.007391,7.370630,0
2026-07-02 15:50:23.108343,2.864243,7.370630,1.415299,0.007391,1.413342,0.007391,7.370630,0
2026-07-02 15:50:23.110353,2.866603,7.375811,1.415299,0.007391,1.413342,0.007391,7.375811,0
2026-07-02 15:50:23.112368,2.869174,7.375811,1.415299,0.007391,1.413342,0.007391,7.375811,0
2026-07-02 15:50:23.112368,2.871510,7.365448,1.415299,0.007391,1.418524,0.007391,7.365448,0
2026-07-02 15:50:23.117258,2.874043,7.375811,1.415299,0.007391,1.413342,0.007391,7.375811,0
2026-07-02 15:50:23.117258,2.876552,7.375811,1.415299,0.007391,1.418524,0.007391,7.375811,0
2026-07-02 15:50:23.117258,2.878979,7.370630,1.415299,0.007391,1.413342,0.007391,7.370630,0
2026-07-02 15:50:23.125266,2.881537,7.375811,1.415299,0.007391,1.418524,0.007391,7.375811,0
2026-07-02 15:50:23.127810,2.884029,7.365448,1.415299,0.007391,1.413342,0.007391,7.365448,0
2026-07-02 15:50:23.129828,2.886497,7.375811,1.415299,0.007391,1.418524,0.007391,7.375811,0
2026-07-02 15:50:23.131843,2.888900,7.370630,1.415299,0.007391,1.413342,0.007391,7.370630,0
2026-07-02 15:50:23.135371,2.891363,7.375811,1.415299,0.007391,1.413342,0.007391,7.375811,0
2026-07-02 15:50:23.141759,2.893816,7.375811,1.415299,0.007391,1.413342,0.007391,7.375811,0
2026-07-02 15:50:23.142771,2.900013,7.370630,1.420479,0.007391,1.418524,0.007391,7.370630,0
2026-07-02 15:50:23.142771,2.902392,7.375811,1.415299,0.007391,1.413342,0.007391,7.375811,0
2026-07-02 15:50:23.147334,2.904792,7.370630,1.415299,0.007391,1.413342,0.007391,7.370630,0
2026-07-02 15:50:23.150352,2.907491,7.370630,1.415299,0.007391,1.413342,0.007391,7.370630,0
2026-07-02 15:50:23.152360,2.909741,7.370630,1.415299,0.007391,1.413342,0.007391,7.370630,0
2026-07-02 15:50:23.156380,2.912177,7.370630,1.415299,0.007391,1.418524,0.007391,7.370630,0
2026-07-02 15:50:23.157394,2.914643,7.365448,1.410120,0.007391,1.413342,0.007391,7.365448,0
2026-07-02 15:50:23.157394,2.917342,7.365448,1.415299,0.007391,1.418524,0.007391,7.365448,0
2026-07-02 15:50:23.157394,2.919790,7.375811,1.415299,0.007391,1.413342,0.007391,7.375811,0
2026-07-02 15:50:23.157394,2.922211,7.375811,1.415299,0.007391,1.418524,0.007391,7.375811,0
2026-07-02 15:50:23.167779,2.924701,7.375811,1.415299,0.007391,1.413342,0.007391,7.375811,0
2026-07-02 15:50:23.169794,2.927108,7.370630,1.415299,0.007391,1.418524,0.007391,7.370630,0
2026-07-02 15:50:23.173826,2.929617,7.375811,1.415299,0.007391,1.418524,0.007391,7.375811,0
2026-07-02 15:50:23.173826,2.932032,7.370630,1.415299,0.007391,1.413342,0.007391,7.370630,0
2026-07-02 15:50:23.177983,2.934538,7.375811,1.415299,0.007391,1.413342,0.007391,7.375811,0
2026-07-02 15:50:23.179999,2.937000,7.370630,1.415299,0.007391,1.413342,0.007391,7.370630,0
2026-07-02 15:50:23.184020,2.939539,7.375811,1.415299,0.007391,1.413342,0.007391,7.375811,0
2026-07-02 15:50:23.186036,2.942049,7.370630,1.415299,0.007391,1.418524,0.007391,7.370630,0
2026-07-02 15:50:23.188050,2.944609,7.370630,1.415299,0.007391,1.418524,0.007391,7.370630,0
2026-07-02 15:50:23.190065,2.947080,7.365448,1.415299,0.007391,1.413342,0.007391,7.365448,0
2026-07-02 15:50:23.192080,2.949349,7.375811,1.415299,0.007391,1.418524,0.007391,7.375811,0
2026-07-02 15:50:23.196110,2.951824,7.375811,1.415299,0.007391,1.413342,0.007391,7.375811,0
2026-07-02 15:50:23.198127,2.954202,7.370630,1.415299,0.007391,1.413342,0.007391,7.370630,0
2026-07-02 15:50:23.198127,2.956421,7.370630,1.415299,0.007391,1.418524,0.007391,7.370630,0
2026-07-02 15:50:23.202585,2.959464,7.370630,1.415299,0.007391,1.418524,0.007391,7.370630,0
2026-07-02 15:50:23.202585,2.961875,7.370630,1.415299,0.007391,1.413342,0.007391,7.370630,0
2026-07-02 15:50:23.208316,2.964205,7.375811,1.415299,0.007391,1.413342,0.007391,7.375811,0
2026-07-02 15:50:23.209475,2.966643,7.375811,1.415299,0.007391,1.413342,0.007391,7.375811,0
2026-07-02 15:50:23.209475,2.968945,7.370630,1.415299,0.007391,1.413342,0.007391,7.370630,0
2026-07-02 15:50:23.209475,2.971203,7.375811,1.415299,0.007391,1.413342,0.007391,7.375811,0
2026-07-02 15:50:23.209475,2.973420,7.365448,1.415299,0.007391,1.413342,0.007391,7.365448,0
2026-07-02 15:50:23.218465,2.975639,7.375811,1.415299,0.007391,1.418524,0.007391,7.375811,0
2026-07-02 15:50:23.218465,2.977871,7.370630,1.415299,0.007391,1.413342,0.007391,7.370630,0
2026-07-02 15:50:23.218465,2.980234,7.370630,1.415299,0.007391,1.413342,0.007391,7.370630,0
2026-07-02 15:50:23.218465,2.982666,7.375811,1.415299,0.007391,1.418524,0.007391,7.375811,0
2026-07-02 15:50:23.228538,2.985031,7.375811,1.415299,0.007391,1.418524,0.007391,7.375811,0
2026-07-02 15:50:23.229905,2.987361,7.365448,1.415299,0.007391,1.413342,0.007391,7.365448,0
2026-07-02 15:50:23.233775,2.989616,7.375811,1.415299,0.007391,1.418524,0.007391,7.375811,0
2026-07-02 15:50:23.235793,2.991850,7.370630,1.415299,0.012572,1.413342,0.012572,7.370630,0
2026-07-02 15:50:23.235793,2.994226,7.370630,1.415299,0.007391,1.418524,0.007391,7.370630,0
2026-07-02 15:50:23.239609,2.996677,7.375811,1.415299,0.007391,1.418524,0.007391,7.375811,0
2026-07-02 15:50:23.239609,2.999204,7.370630,1.415299,0.007391,1.413342,0.007391,7.370630,0
2026-07-02 15:50:23.239609,3.001527,7.375811,1.415299,0.002211,1.413342,0.002211,7.375811,0
2026-07-02 15:50:23.239609,3.003973,7.375811,1.415299,0.007391,1.418524,0.007391,7.375811,0
2026-07-02 15:50:23.250363,3.006279,7.370630,1.415299,0.007391,1.413342,0.007391,7.370630,0
2026-07-02 15:50:23.250363,3.008571,7.370630,1.415299,0.007391,1.413342,0.007391,7.370630,0
2026-07-02 15:50:23.250363,3.010953,7.370630,1.415299,0.007391,1.413342,0.007391,7.370630,0
2026-07-02 15:50:23.250363,3.013386,7.375811,1.415299,0.007391,1.418524,0.007391,7.375811,0
2026-07-02 15:50:23.258977,3.015775,7.370630,1.415299,0.007391,1.413342,0.007391,7.370630,0
2026-07-02 15:50:23.258977,3.018010,7.370630,1.415299,0.007391,1.413342,0.007391,7.370630,0
2026-07-02 15:50:23.258977,3.020346,7.375811,1.415299,0.007391,1.413342,0.007391,7.375811,0
2026-07-02 15:50:23.265585,3.022757,7.365448,1.415299,0.007391,1.413342,0.007391,7.365448,0
2026-07-02 15:50:23.269196,3.025080,7.365448,1.415299,0.007391,1.413342,0.007391,7.365448,0
2026-07-02 15:50:23.271923,3.027838,7.375811,1.415299,0.007391,1.413342,0.007391,7.375811,0
2026-07-02 15:50:23.273932,3.030318,7.375811,1.415299,0.007391,1.413342,0.007391,7.375811,0
2026-07-02 15:50:23.275935,3.033256,7.365448,1.415299,0.007391,1.418524,0.007391,7.365448,0
2026-07-02 15:50:23.279692,3.035525,7.375811,1.415299,0.007391,1.413342,0.007391,7.375811,0
2026-07-02 15:50:23.281701,3.039153,7.365448,1.415299,0.007391,1.413342,0.007391,7.365448,0
2026-07-02 15:50:23.283706,3.041489,7.365448,1.415299,0.007391,1.418524,0.007391,7.365448,0
2026-07-02 15:50:23.283706,3.043855,7.375811,1.415299,0.007391,1.418524,0.007391,7.375811,0
2026-07-02 15:50:23.293872,3.046298,7.370630,1.415299,0.007391,1.418524,0.007391,7.370630,0
2026-07-02 15:50:23.295888,3.051954,7.375811,1.415299,0.007391,1.418524,0.007391,7.375811,0
2026-07-02 15:50:23.297909,3.054268,7.375811,1.415299,0.007391,1.418524,0.007391,7.375811,0
2026-07-02 15:50:23.302959,3.056486,7.365448,1.415299,0.007391,1.413342,0.007391,7.365448,0
2026-07-02 15:50:23.304117,3.061783,7.370630,1.415299,0.007391,1.418524,0.007391,7.370630,0
2026-07-02 15:50:23.304117,3.064163,7.375811,1.415299,0.007391,1.413342,0.007391,7.375811,0
2026-07-02 15:50:23.310211,3.066402,7.370630,1.415299,0.007391,1.418524,0.007391,7.370630,0
2026-07-02 15:50:23.310211,3.068590,7.365448,1.415299,0.007391,1.413342,0.007391,7.365448,0
2026-07-02 15:50:23.315085,3.070831,7.370630,1.415299,0.007391,1.413342,0.007391,7.370630,0
2026-07-02 15:50:23.316559,3.073260,7.370630,1.415299,0.007391,1.413342,0.007391,7.370630,0
2026-07-02 15:50:23.316559,3.075636,7.375811,1.415299,0.007391,1.413342,0.007391,7.375811,0
2026-07-02 15:50:23.320618,3.078021,7.370630,1.415299,0.007391,1.413342,0.007391,7.370630,0
2026-07-02 15:50:23.324653,3.080403,7.370630,1.415299,0.007391,1.413342,0.007391,7.370630,0
2026-07-02 15:50:23.326671,3.082992,7.365448,1.415299,0.007391,1.418524,0.007391,7.365448,0
2026-07-02 15:50:23.328692,3.085381,7.375811,1.415299,0.007391,1.413342,0.007391,7.375811,0
2026-07-02 15:50:23.331449,3.087816,7.370630,1.415299,0.007391,1.413342,0.007391,7.370630,0
2026-07-02 15:50:23.333973,3.090219,7.375811,1.415299,0.007391,1.413342,0.007391,7.375811,0
2026-07-02 15:50:23.336158,3.092623,7.370630,1.415299,0.007391,1.418524,0.007391,7.370630,0
2026-07-02 15:50:23.338171,3.095018,7.370630,1.415299,0.007391,1.413342,0.007391,7.370630,0
2026-07-02 15:50:23.341791,3.097423,7.370630,1.415299,0.007391,1.413342,0.007391,7.370630,0
2026-07-02 15:50:23.343809,3.099956,7.365448,1.415299,0.007391,1.413342,0.007391,7.365448,0
2026-07-02 15:50:23.343809,3.102323,7.375811,1.415299,0.007391,1.413342,0.007391,7.375811,0
2026-07-02 15:50:23.343809,3.104695,7.370630,1.415299,0.007391,1.413342,0.007391,7.370630,0
2026-07-02 15:50:23.350653,3.107013,7.375811,1.415299,0.007391,1.413342,0.007391,7.375811,0
2026-07-02 15:50:23.356343,3.109340,7.370630,1.415299,0.007391,1.418524,0.007391,7.370630,0
2026-07-02 15:50:23.359734,3.115265,7.370630,1.415299,0.007391,1.413342,0.007391,7.370630,0
2026-07-02 15:50:23.362336,3.118774,7.365448,1.415299,0.007391,1.413342,0.007391,7.365448,0
2026-07-02 15:50:23.366061,3.121313,7.375811,1.415299,0.007391,1.413342,0.007391,7.375811,0
2026-07-02 15:50:23.366728,3.124465,7.375811,1.415299,0.007391,1.413342,0.007391,7.375811,0
2026-07-02 15:50:23.366728,3.126792,7.370630,1.415299,0.007391,1.418524,0.007391,7.370630,0
2026-07-02 15:50:23.371767,3.129144,7.365448,1.415299,0.007391,1.413342,0.007391,7.365448,0
2026-07-02 15:50:23.374576,3.131558,7.370630,1.415299,0.007391,1.413342,0.007391,7.370630,0
2026-07-02 15:50:23.377053,3.134012,7.375811,1.415299,0.007391,1.413342,0.007391,7.375811,0
2026-07-02 15:50:23.379574,3.136458,7.375811,1.415299,0.007391,1.418524,0.007391,7.375811,0
2026-07-02 15:50:23.382092,3.138932,7.370630,1.415299,0.007391,1.413342,0.007391,7.370630,0
2026-07-02 15:50:23.384106,3.141456,7.375811,1.415299,0.007391,1.418524,0.007391,7.375811,0
2026-07-02 15:50:23.388133,3.143853,7.375811,1.415299,0.007391,1.418524,0.007391,7.375811,0
2026-07-02 15:50:23.390144,3.146273,7.365448,1.415299,0.007391,1.413342,0.007391,7.365448,0
2026-07-02 15:50:23.392509,3.148675,7.375811,1.415299,0.007391,1.418524,0.007391,7.375811,0
2026-07-02 15:50:23.394525,3.151200,7.370630,1.415299,0.007391,1.418524,0.007391,7.370630,0
2026-07-02 15:50:23.396542,3.153626,7.365448,1.415299,0.007391,1.413342,0.007391,7.365448,0
2026-07-02 15:50:23.400569,3.156025,7.365448,1.415299,0.007391,1.413342,0.007391,7.365448,0
2026-07-02 15:50:23.402881,3.158568,7.375811,1.415299,0.007391,1.413342,0.007391,7.375811,0
2026-07-02 15:50:23.404212,3.160873,7.370630,1.415299,0.007391,1.413342,0.007391,7.370630,0
2026-07-02 15:50:23.406230,3.163141,7.370630,1.415299,0.007391,1.413342,0.007391,7.370630,0
2026-07-02 15:50:23.409931,3.165520,7.370630,1.415299,0.007391,1.413342,0.007391,7.370630,0
2026-07-02 15:50:23.413308,3.168356,7.375811,1.415299,0.007391,1.418524,0.007391,7.375811,0
2026-07-02 15:50:23.416335,3.172399,7.375811,1.415299,0.007391,1.418524,0.007391,7.375811,0
2026-07-02 15:50:23.418386,3.175051,7.375811,1.415299,0.007391,1.413342,0.007391,7.375811,0
2026-07-02 15:50:23.420655,3.177506,7.370630,1.415299,0.007391,1.413342,0.007391,7.370630,0
2026-07-02 15:50:23.423365,3.179868,7.375811,1.415299,0.007391,1.413342,0.007391,7.375811,0
2026-07-02 15:50:23.425384,3.182329,7.370630,1.415299,0.007391,1.413342,0.007391,7.370630,0
2026-07-02 15:50:23.427908,3.184720,7.375811,1.415299,0.007391,1.413342,0.007391,7.375811,0
2026-07-02 15:50:23.430737,3.187095,7.370630,1.415299,0.007391,1.418524,0.007391,7.370630,0
2026-07-02 15:50:23.432074,3.189360,7.370630,1.415299,0.007391,1.413342,0.007391,7.370630,0
2026-07-02 15:50:23.434466,3.191543,7.375811,1.415299,0.007391,1.418524,0.007391,7.375811,0
2026-07-02 15:50:23.437980,3.193823,7.375811,1.415299,0.007391,1.418524,0.007391,7.375811,0
2026-07-02 15:50:23.442795,3.197417,7.365448,1.415299,0.007391,1.418524,0.007391,7.365448,0
2026-07-02 15:50:23.446810,3.202718,7.370630,1.415299,0.007391,1.413342,0.007391,7.370630,0
2026-07-02 15:50:23.448819,3.205821,7.370630,1.415299,0.007391,1.413342,0.007391,7.370630,0
2026-07-02 15:50:23.450844,3.208271,7.370630,1.415299,0.007391,1.413342,0.007391,7.370630,0
2026-07-02 15:50:23.454868,3.210821,7.370630,1.415299,0.007391,1.418524,0.007391,7.370630,0
2026-07-02 15:50:23.456885,3.213281,7.365448,1.415299,0.007391,1.413342,0.007391,7.365448,0
2026-07-02 15:50:23.458901,3.215846,7.365448,1.415299,0.007391,1.413342,0.007391,7.365448,0
2026-07-02 15:50:23.460659,3.218277,7.365448,1.415299,0.007391,1.413342,0.007391,7.365448,0
2026-07-02 15:50:23.460659,3.220676,7.365448,1.415299,0.007391,1.413342,0.007391,7.365448,0
2026-07-02 15:50:23.467128,3.223034,7.375811,1.415299,0.007391,1.418524,0.007391,7.375811,0
2026-07-02 15:50:23.469145,3.225599,7.365448,1.415299,0.007391,1.418524,0.007391,7.365448,0
2026-07-02 15:50:23.471854,3.228045,7.370630,1.415299,0.007391,1.413342,0.007391,7.370630,0
2026-07-02 15:50:23.473029,3.230541,7.375811,1.415299,0.007391,1.413342,0.007391,7.375811,0
2026-07-02 15:50:23.477645,3.232969,7.375811,1.415299,0.007391,1.418524,0.007391,7.375811,0
2026-07-02 15:50:23.479658,3.235609,7.375811,1.415299,0.007391,1.413342,0.007391,7.375811,0
2026-07-02 15:50:23.481416,3.238057,7.370630,1.415299,0.007391,1.413342,0.007391,7.370630,0
2026-07-02 15:50:23.483432,3.240629,7.365448,1.415299,0.007391,1.413342,0.007391,7.365448,0
2026-07-02 15:50:23.487462,3.243064,7.370630,1.415299,0.007391,1.418524,0.007391,7.370630,0
2026-07-02 15:50:23.489480,3.245526,7.375811,1.415299,0.007391,1.418524,0.007391,7.375811,0
2026-07-02 15:50:23.491492,3.247919,7.365448,1.415299,0.007391,1.413342,0.007391,7.365448,0
2026-07-02 15:50:23.493511,3.250316,7.375811,1.415299,0.007391,1.418524,0.007391,7.375811,0
2026-07-02 15:50:23.496087,3.252766,7.365448,1.415299,0.007391,1.413342,0.007391,7.365448,0
2026-07-02 15:50:23.498731,3.255595,7.365448,1.415299,0.007391,1.413342,0.007391,7.365448,0
2026-07-02 15:50:23.501756,3.258012,7.370630,1.415299,0.007391,1.418524,0.007391,7.370630,0
2026-07-02 15:50:23.504695,3.260369,7.365448,1.415299,0.007391,1.413342,0.007391,7.365448,0
2026-07-02 15:50:23.506007,3.263079,7.375811,1.415299,0.007391,1.413342,0.007391,7.375811,0
2026-07-02 15:50:23.509075,3.265478,7.365448,1.415299,0.007391,1.413342,0.007391,7.365448,0
2026-07-02 15:50:23.511092,3.267919,7.365448,1.415299,0.007391,1.413342,0.007391,7.365448,0
2026-07-02 15:50:23.513111,3.270723,7.365448,1.415299,0.007391,1.413342,0.007391,7.365448,0
2026-07-02 15:50:23.513111,3.273037,7.375811,1.420479,0.007391,1.418524,0.007391,7.375811,0
2026-07-02 15:50:23.513111,3.275440,7.370630,1.415299,0.007391,1.413342,0.007391,7.370630,0
2026-07-02 15:50:23.522848,3.277756,7.375811,1.415299,0.007391,1.418524,0.007391,7.375811,0
2026-07-02 15:50:23.524865,3.281379,7.375811,1.415299,0.007391,1.418524,0.007391,7.375811,0
2026-07-02 15:50:23.524865,3.283770,7.370630,1.415299,0.002211,1.418524,0.002211,7.370630,0
2026-07-02 15:50:23.524865,3.286225,7.375811,1.415299,0.007391,1.418524,0.007391,7.375811,0
2026-07-02 15:50:23.532184,3.288552,7.375811,1.420479,0.007391,1.413342,0.007391,7.375811,0
2026-07-02 15:50:23.533650,3.291361,7.370630,1.415299,0.007391,1.418524,0.007391,7.370630,0
2026-07-02 15:50:23.536166,3.293687,7.375811,1.415299,0.007391,1.418524,0.007391,7.375811,0
2026-07-02 15:50:23.536166,3.295979,7.365448,1.410120,0.007391,1.413342,0.007391,7.365448,0
2026-07-02 15:50:23.545773,3.298324,7.370630,1.415299,0.007391,1.413342,0.007391,7.370630,0
2026-07-02 15:50:23.547790,3.303863,7.370630,1.415299,0.007391,1.413342,0.007391,7.370630,0
2026-07-02 15:50:23.549797,3.306414,7.365448,1.415299,0.007391,1.413342,0.007391,7.365448,0
2026-07-02 15:50:23.552566,3.308801,7.370630,1.415299,0.007391,1.413342,0.007391,7.370630,0
2026-07-02 15:50:23.553573,3.311029,7.370630,1.415299,0.012572,1.418524,0.012572,7.370630,0
2026-07-02 15:50:23.557599,3.313381,7.370630,1.415299,0.007391,1.413342,0.007391,7.370630,0
2026-07-02 15:50:23.557599,3.315939,7.375811,1.415299,0.007391,1.418524,0.007391,7.375811,0
2026-07-02 15:50:23.562684,3.318370,7.375811,1.415299,0.007391,1.413342,0.007391,7.375811,0
2026-07-02 15:50:23.564284,3.320825,7.375811,1.415299,0.007391,1.413342,0.007391,7.375811,0
2026-07-02 15:50:23.567111,3.323100,7.380993,1.420479,0.007391,1.413342,0.007391,7.380993,0
2026-07-02 15:50:23.569658,3.325449,7.370630,1.415299,0.007391,1.413342,0.007391,7.370630,0
2026-07-02 15:50:23.570811,3.327837,7.375811,1.415299,0.007391,1.413342,0.007391,7.375811,0
2026-07-02 15:50:23.573429,3.330195,7.375811,1.415299,0.007391,1.413342,0.007391,7.375811,0
2026-07-02 15:50:23.575525,3.332549,7.370630,1.415299,0.007391,1.418524,0.007391,7.370630,0
2026-07-02 15:50:23.578050,3.334986,7.365448,1.415299,0.007391,1.413342,0.007391,7.365448,0
2026-07-02 15:50:23.580453,3.337393,7.365448,1.415299,0.007391,1.413342,0.007391,7.365448,0
2026-07-02 15:50:23.584093,3.339814,7.365448,1.415299,0.007391,1.418524,0.007391,7.365448,0
2026-07-02 15:50:23.585145,3.342159,7.370630,1.415299,0.007391,1.418524,0.007391,7.370630,0
2026-07-02 15:50:23.588177,3.344517,7.375811,1.415299,0.007391,1.418524,0.007391,7.375811,0
2026-07-02 15:50:23.590192,3.346984,7.365448,1.415299,0.007391,1.413342,0.007391,7.365448,0
2026-07-02 15:50:23.592861,3.349343,7.370630,1.415299,0.007391,1.413342,0.007391,7.370630,0
2026-07-02 15:50:23.594869,3.351729,7.365448,1.415299,0.007391,1.413342,0.007391,7.365448,0
2026-07-02 15:50:23.596281,3.353961,7.365448,1.415299,0.007391,1.418524,0.007391,7.365448,0
2026-07-02 15:50:23.596281,3.356349,7.370630,1.415299,0.007391,1.413342,0.007391,7.370630,0
2026-07-02 15:50:23.602590,3.358553,7.375811,1.415299,0.007391,1.413342,0.007391,7.375811,0
2026-07-02 15:50:23.605121,3.361269,7.370630,1.415299,0.007391,1.418524,0.007391,7.370630,0
2026-07-02 15:50:23.606740,3.363599,7.370630,1.415299,0.007391,1.413342,0.007391,7.370630,0
2026-07-02 15:50:23.610816,3.366825,7.375811,1.415299,0.002211,1.418524,0.002211,7.375811,0
2026-07-02 15:50:23.612740,3.369224,7.370630,1.415299,0.012572,1.418524,0.012572,7.370630,0
2026-07-02 15:50:23.612740,3.371451,7.375811,1.420479,0.007391,1.418524,0.007391,7.375811,0
2026-07-02 15:50:23.612740,3.373687,7.370630,1.415299,0.007391,1.413342,0.007391,7.370630,0
2026-07-02 15:50:23.619216,3.375971,7.370630,1.415299,0.007391,1.413342,0.007391,7.370630,0
2026-07-02 15:50:23.619216,3.378373,7.370630,1.415299,0.007391,1.413342,0.007391,7.370630,0
2026-07-02 15:50:23.623683,3.380706,7.370630,1.415299,0.007391,1.418524,0.007391,7.370630,0
2026-07-02 15:50:23.623683,3.382976,7.380993,1.420479,0.007391,1.418524,0.007391,7.380993,0
2026-07-02 15:50:23.623683,3.385217,7.370630,1.415299,0.007391,1.413342,0.007391,7.370630,0
2026-07-02 15:50:23.623683,3.387577,7.365448,1.415299,0.007391,1.413342,0.007391,7.365448,0
2026-07-02 15:50:23.633717,3.389826,7.365448,1.415299,0.007391,1.413342,0.007391,7.365448,0
2026-07-02 15:50:23.636204,3.392141,7.375811,1.415299,0.007391,1.413342,0.007391,7.375811,0
2026-07-02 15:50:23.638221,3.394327,7.365448,1.415299,0.007391,1.413342,0.007391,7.365448,0
2026-07-02 15:50:23.639496,3.396597,7.375811,1.415299,0.007391,1.413342,0.007391,7.375811,0
2026-07-02 15:50:23.643114,3.399166,7.370630,1.415299,0.007391,1.413342,0.007391,7.370630,0
2026-07-02 15:50:23.643114,3.401414,7.370630,1.415299,0.007391,1.418524,0.007391,7.370630,0
2026-07-02 15:50:23.643114,3.403732,7.375811,1.415299,0.002211,1.418524,0.002211,7.375811,0
2026-07-02 15:50:23.643114,3.406065,7.375811,1.415299,0.002211,1.413342,0.002211,7.375811,0
2026-07-02 15:50:23.643114,3.408364,7.370630,1.415299,0.007391,1.413342,0.007391,7.370630,0
2026-07-02 15:50:23.655563,3.410721,7.375811,1.420479,0.007391,1.413342,0.007391,7.375811,0
2026-07-02 15:50:23.658128,3.414753,7.375811,1.415299,0.002211,1.413342,0.002211,7.375811,0
2026-07-02 15:50:23.658128,3.417028,7.375811,1.415299,0.007391,1.418524,0.007391,7.375811,0
2026-07-02 15:50:23.665385,3.419285,7.375811,1.415299,0.007391,1.413342,0.007391,7.375811,0
2026-07-02 15:50:23.665385,3.423761,7.370630,1.415299,0.007391,1.418524,0.007391,7.370630,0
2026-07-02 15:50:23.665385,3.426302,7.375811,1.415299,0.007391,1.413342,0.007391,7.375811,0
2026-07-02 15:50:23.665385,3.428636,7.375811,1.415299,0.007391,1.413342,0.007391,7.375811,0
2026-07-02 15:50:23.673667,3.431116,7.370630,1.415299,0.007391,1.413342,0.007391,7.370630,0
2026-07-02 15:50:23.673667,3.433394,7.370630,1.415299,0.007391,1.418524,0.007391,7.370630,0
2026-07-02 15:50:23.673667,3.435647,7.375811,1.415299,0.007391,1.418524,0.007391,7.375811,0
2026-07-02 15:50:23.673667,3.437883,7.375811,1.420479,0.007391,1.413342,0.007391,7.375811,0
2026-07-02 15:50:23.684185,3.440130,7.365448,1.415299,0.007391,1.418524,0.007391,7.365448,0
2026-07-02 15:50:23.684185,3.442483,7.370630,1.415299,0.007391,1.413342,0.007391,7.370630,0
2026-07-02 15:50:23.684185,3.444807,7.365448,1.415299,0.007391,1.413342,0.007391,7.365448,0
2026-07-02 15:50:23.684185,3.447042,7.370630,1.415299,0.007391,1.413342,0.007391,7.370630,0
2026-07-02 15:50:23.684185,3.449311,7.370630,1.415299,0.007391,1.413342,0.007391,7.370630,0
2026-07-02 15:50:23.694229,3.451659,7.370630,1.415299,0.007391,1.413342,0.007391,7.370630,0
2026-07-02 15:50:23.698263,3.453952,7.370630,1.415299,0.007391,1.413342,0.007391,7.370630,0
2026-07-02 15:50:23.698263,3.456349,7.375811,1.415299,0.007391,1.413342,0.007391,7.375811,0
2026-07-02 15:50:23.698263,3.458717,7.365448,1.415299,0.007391,1.418524,0.007391,7.365448,0
2026-07-02 15:50:23.704646,3.461087,7.365448,1.415299,0.007391,1.413342,0.007391,7.365448,0
2026-07-02 15:50:23.709130,3.463465,7.375811,1.415299,0.007391,1.413342,0.007391,7.375811,0
2026-07-02 15:50:23.709847,3.467140,7.365448,1.415299,0.007391,1.413342,0.007391,7.365448,0
2026-07-02 15:50:23.709847,3.469448,7.370630,1.415299,0.007391,1.418524,0.007391,7.370630,0
2026-07-02 15:50:23.714750,3.471739,7.375811,1.415299,0.007391,1.418524,0.007391,7.375811,0
2026-07-02 15:50:23.714750,3.474015,7.365448,1.415299,0.007391,1.413342,0.007391,7.365448,0
2026-07-02 15:50:23.719773,3.476279,7.375811,1.415299,0.007391,1.413342,0.007391,7.375811,0
2026-07-02 15:50:23.722811,3.478510,7.365448,1.415299,0.007391,1.418524,0.007391,7.365448,0
2026-07-02 15:50:23.722811,3.480744,7.365448,1.415299,0.007391,1.413342,0.007391,7.365448,0
2026-07-02 15:50:23.725186,3.482950,7.375811,1.415299,0.007391,1.413342,0.007391,7.375811,0
2026-07-02 15:50:23.727747,3.485243,7.370630,1.410120,0.007391,1.413342,0.007391,7.370630,0
2026-07-02 15:50:23.730430,3.487562,7.365448,1.415299,0.007391,1.413342,0.007391,7.365448,0
2026-07-02 15:50:23.732443,3.489863,7.370630,1.415299,0.007391,1.413342,0.007391,7.370630,0
2026-07-02 15:50:23.736317,3.492160,7.375811,1.415299,0.007391,1.413342,0.007391,7.375811,0
2026-07-02 15:50:23.736317,3.494410,7.365448,1.415299,0.007391,1.413342,0.007391,7.365448,0
2026-07-02 15:50:23.736317,3.496665,7.375811,1.415299,0.007391,1.413342,0.007391,7.375811,0
2026-07-02 15:50:23.736317,3.498988,7.375811,1.415299,0.007391,1.413342,0.007391,7.375811,0
2026-07-02 15:50:23.736317,3.501323,7.375811,1.415299,0.007391,1.418524,0.007391,7.375811,0
2026-07-02 15:50:23.746399,3.503521,7.375811,1.415299,0.007391,1.413342,0.007391,7.375811,0
2026-07-02 15:50:23.748920,3.505979,7.370630,1.415299,0.007391,1.413342,0.007391,7.370630,0
2026-07-02 15:50:23.750774,3.508282,7.375811,1.415299,0.007391,1.413342,0.007391,7.375811,0
2026-07-02 15:50:23.752782,3.510586,7.370630,1.415299,0.007391,1.418524,0.007391,7.370630,0
2026-07-02 15:50:23.758176,3.512906,7.370630,1.420479,0.007391,1.418524,0.007391,7.370630,0
2026-07-02 15:50:23.759674,3.516586,7.365448,1.415299,0.007391,1.418524,0.007391,7.365448,0
2026-07-02 15:50:23.762259,3.519338,7.370630,1.415299,0.007391,1.418524,0.007391,7.370630,0
2026-07-02 15:50:23.766810,3.521716,7.370630,1.415299,0.007391,1.413342,0.007391,7.370630,0
2026-07-02 15:50:23.767551,3.524822,7.370630,1.415299,0.007391,1.413342,0.007391,7.370630,0
2026-07-02 15:50:23.769559,3.527203,7.375811,1.415299,0.007391,1.418524,0.007391,7.375811,0
2026-07-02 15:50:23.769559,3.529547,7.365448,1.415299,0.007391,1.413342,0.007391,7.365448,0
2026-07-02 15:50:23.776206,3.531888,7.370630,1.415299,0.002211,1.418524,0.002211,7.370630,0
2026-07-02 15:50:23.778738,3.534368,7.370630,1.415299,0.007391,1.413342,0.007391,7.370630,0
2026-07-02 15:50:23.778738,3.536734,7.370630,1.415299,0.007391,1.413342,0.007391,7.370630,0
2026-07-02 15:50:23.783290,3.539109,7.370630,1.415299,0.007391,1.418524,0.007391,7.370630,0
2026-07-02 15:50:23.785886,3.541486,7.375811,1.415299,0.002211,1.413342,0.002211,7.375811,0
2026-07-02 15:50:23.790605,3.543981,7.375811,1.415299,0.002211,1.418524,0.002211,7.375811,0
2026-07-02 15:50:23.792154,3.548665,7.375811,1.415299,0.007391,1.413342,0.007391,7.375811,0
2026-07-02 15:50:23.793533,3.551177,7.375811,1.415299,0.007391,1.413342,0.007391,7.375811,0
2026-07-02 15:50:23.796121,3.553455,7.375811,1.415299,0.007391,1.418524,0.007391,7.375811,0
2026-07-02 15:50:23.796121,3.555785,7.370630,1.415299,0.007391,1.413342,0.007391,7.370630,0
2026-07-02 15:50:23.800609,3.558080,7.370630,1.415299,0.002211,1.413342,0.002211,7.370630,0
2026-07-02 15:50:23.802621,3.560314,7.370630,1.415299,0.007391,1.413342,0.007391,7.370630,0
2026-07-02 15:50:23.808802,3.562551,7.375811,1.415299,0.007391,1.418524,0.007391,7.375811,0
2026-07-02 15:50:23.809927,3.567050,7.370630,1.415299,0.007391,1.418524,0.007391,7.370630,0
2026-07-02 15:50:23.811937,3.569452,7.375811,1.415299,0.007391,1.418524,0.007391,7.375811,0
2026-07-02 15:50:23.811937,3.571847,7.375811,1.415299,0.007391,1.413342,0.007391,7.375811,0
2026-07-02 15:50:23.819485,3.574510,7.370630,1.415299,0.007391,1.418524,0.007391,7.370630,0
2026-07-02 15:50:23.820374,3.577585,7.365448,1.415299,0.007391,1.418524,0.007391,7.365448,0
2026-07-02 15:50:23.822892,3.579857,7.375811,1.415299,0.007391,1.413342,0.007391,7.375811,0
2026-07-02 15:50:23.825306,3.582428,7.375811,1.415299,0.007391,1.418524,0.007391,7.375811,0
2026-07-02 15:50:23.827057,3.584759,7.375811,1.415299,0.007391,1.413342,0.007391,7.375811,0
2026-07-02 15:50:23.829847,3.587034,7.370630,1.415299,0.007391,1.413342,0.007391,7.370630,0
2026-07-02 15:50:23.829847,3.589275,7.365448,1.415299,0.007391,1.418524,0.007391,7.365448,0
2026-07-02 15:50:23.834004,3.591467,7.365448,1.415299,0.007391,1.413342,0.007391,7.365448,0
2026-07-02 15:50:23.837538,3.593692,7.370630,1.415299,0.007391,1.413342,0.007391,7.370630,0
2026-07-02 15:50:23.838316,3.595964,7.370630,1.420479,0.007391,1.413342,0.007391,7.370630,0
2026-07-02 15:50:23.840321,3.598222,7.370630,1.415299,0.007391,1.413342,0.007391,7.370630,0
2026-07-02 15:50:23.843249,3.600441,7.375811,1.415299,0.007391,1.418524,0.007391,7.375811,0
2026-07-02 15:50:23.843249,3.602686,7.375811,1.415299,0.007391,1.413342,0.007391,7.375811,0
2026-07-02 15:50:23.848652,3.604947,7.375811,1.415299,0.007391,1.418524,0.007391,7.375811,0
2026-07-02 15:50:23.852221,3.607305,7.375811,1.415299,0.007391,1.418524,0.007391,7.375811,0
2026-07-02 15:50:23.853219,3.610357,7.375811,1.415299,0.007391,1.418524,0.007391,7.375811,0
2026-07-02 15:50:23.855436,3.612610,7.370630,1.415299,0.007391,1.413342,0.007391,7.370630,0
2026-07-02 15:50:23.857960,3.614978,7.370630,1.415299,0.007391,1.413342,0.007391,7.370630,0
2026-07-02 15:50:23.857960,3.617218,7.370630,1.415299,0.007391,1.413342,0.007391,7.370630,0
2026-07-02 15:50:23.857960,3.619582,7.370630,1.415299,0.007391,1.418524,0.007391,7.370630,0
2026-07-02 15:50:23.857960,3.621882,7.365448,1.415299,0.007391,1.413342,0.007391,7.365448,0
2026-07-02 15:50:23.869226,3.624636,7.375811,1.415299,0.007391,1.418524,0.007391,7.375811,0
2026-07-02 15:50:23.871236,3.628227,7.375811,1.415299,0.007391,1.418524,0.007391,7.375811,0
2026-07-02 15:50:23.871236,3.630474,7.365448,1.415299,0.007391,1.413342,0.007391,7.365448,0
2026-07-02 15:50:23.871236,3.632839,7.370630,1.415299,0.007391,1.413342,0.007391,7.370630,0
2026-07-02 15:50:23.878607,3.635161,7.370630,1.415299,0.007391,1.413342,0.007391,7.370630,0
2026-07-02 15:50:23.878607,3.637446,7.370630,1.415299,0.002211,1.413342,0.002211,7.370630,0
2026-07-02 15:50:23.878607,3.639750,7.375811,1.415299,0.007391,1.418524,0.007391,7.375811,0
2026-07-02 15:50:23.878607,3.642036,7.365448,1.415299,0.007391,1.413342,0.007391,7.365448,0
2026-07-02 15:50:23.888354,3.644269,7.365448,1.415299,0.007391,1.413342,0.007391,7.365448,0
2026-07-02 15:50:23.892405,3.647677,7.365448,1.415299,0.007391,1.413342,0.007391,7.365448,0
2026-07-02 15:50:23.892982,3.650485,7.370630,1.415299,0.007391,1.413342,0.007391,7.370630,0
2026-07-02 15:50:23.896575,3.652827,7.370630,1.415299,0.007391,1.413342,0.007391,7.370630,0
2026-07-02 15:50:23.897884,3.655064,7.365448,1.415299,0.007391,1.413342,0.007391,7.365448,0
2026-07-02 15:50:23.900413,3.657898,7.370630,1.415299,0.007391,1.413342,0.007391,7.370630,0
2026-07-02 15:50:23.902428,3.660173,7.370630,1.415299,0.007391,1.413342,0.007391,7.370630,0
2026-07-02 15:50:23.902428,3.662469,7.365448,1.415299,0.007391,1.413342,0.007391,7.365448,0
2026-07-02 15:50:23.908636,3.664811,7.370630,1.415299,0.007391,1.413342,0.007391,7.370630,0
2026-07-02 15:50:23.908636,3.667099,7.370630,1.415299,0.002211,1.418524,0.002211,7.370630,0
2026-07-02 15:50:23.908636,3.669397,7.365448,1.415299,0.007391,1.413342,0.007391,7.365448,0
2026-07-02 15:50:23.908636,3.671610,7.370630,1.415299,0.007391,1.413342,0.007391,7.370630,0
2026-07-02 15:50:23.918102,3.673853,7.375811,1.415299,0.007391,1.413342,0.007391,7.375811,0
2026-07-02 15:50:23.919166,3.676617,7.370630,1.415299,0.002211,1.413342,0.002211,7.370630,0
2026-07-02 15:50:23.921692,3.678885,7.370630,1.415299,0.007391,1.413342,0.007391,7.370630,0
2026-07-02 15:50:23.923917,3.681118,7.365448,1.415299,0.007391,1.413342,0.007391,7.365448,0
2026-07-02 15:50:23.923917,3.683447,7.370630,1.415299,0.007391,1.413342,0.007391,7.370630,0
2026-07-02 15:50:23.930088,3.685720,7.370630,1.415299,0.007391,1.418524,0.007391,7.370630,0
2026-07-02 15:50:23.933103,3.688346,7.370630,1.415299,0.007391,1.418524,0.007391,7.370630,0
2026-07-02 15:50:23.933103,3.691198,7.375811,1.415299,0.007391,1.418524,0.007391,7.375811,0
2026-07-02 15:50:23.936542,3.693512,7.365448,1.415299,0.007391,1.413342,0.007391,7.365448,0
2026-07-02 15:50:23.936542,3.695942,7.365448,1.415299,0.007391,1.413342,0.007391,7.365448,0
2026-07-02 15:50:23.941149,3.698190,7.370630,1.415299,0.007391,1.418524,0.007391,7.370630,0
2026-07-02 15:50:23.941149,3.700454,7.375811,1.415299,0.007391,1.418524,0.007391,7.375811,0
2026-07-02 15:50:23.947941,3.702778,7.365448,1.415299,0.007391,1.418524,0.007391,7.365448,0
2026-07-02 15:50:23.947941,3.705924,7.375811,1.415299,0.007391,1.413342,0.007391,7.375811,0
2026-07-02 15:50:23.947941,3.708197,7.365448,1.415299,0.007391,1.413342,0.007391,7.365448,0
2026-07-02 15:50:23.947941,3.710562,7.375811,1.415299,0.007391,1.418524,0.007391,7.375811,0
2026-07-02 15:50:23.957041,3.712928,7.370630,1.415299,0.002211,1.413342,0.002211,7.370630,0
2026-07-02 15:50:23.957041,3.715311,7.375811,1.415299,0.007391,1.413342,0.007391,7.375811,0
2026-07-02 15:50:23.957041,3.717928,7.370630,1.415299,0.007391,1.418524,0.007391,7.370630,0
2026-07-02 15:50:23.957041,3.720318,7.365448,1.415299,0.007391,1.418524,0.007391,7.365448,0
2026-07-02 15:50:23.957041,3.722634,7.370630,1.415299,0.007391,1.413342,0.007391,7.370630,0
2026-07-02 15:50:23.967159,3.724897,7.370630,1.415299,0.007391,1.413342,0.007391,7.370630,0
2026-07-02 15:50:23.967159,3.727175,7.375811,1.415299,0.007391,1.418524,0.007391,7.375811,0
2026-07-02 15:50:23.967159,3.729427,7.365448,1.415299,0.007391,1.413342,0.007391,7.365448,0
2026-07-02 15:50:23.967159,3.731695,7.370630,1.415299,0.007391,1.413342,0.007391,7.370630,0
2026-07-02 15:50:23.978810,3.733985,7.365448,1.415299,0.007391,1.418524,0.007391,7.365448,0
2026-07-02 15:50:23.979730,3.736867,7.375811,1.415299,0.007391,1.413342,0.007391,7.375811,0
2026-07-02 15:50:23.982251,3.739165,7.365448,1.415299,0.007391,1.418524,0.007391,7.365448,0
2026-07-02 15:50:23.982251,3.741410,7.375811,1.415299,0.007391,1.413342,0.007391,7.375811,0
2026-07-02 15:50:23.987404,3.743700,7.375811,1.415299,0.007391,1.413342,0.007391,7.375811,0
2026-07-02 15:50:23.987404,3.745937,7.370630,1.415299,0.007391,1.418524,0.007391,7.370630,0
2026-07-02 15:50:23.987404,3.748187,7.365448,1.415299,0.007391,1.413342,0.007391,7.365448,0
2026-07-02 15:50:23.987404,3.750410,7.365448,1.415299,0.007391,1.413342,0.007391,7.365448,0
2026-07-02 15:50:23.987404,3.752658,7.375811,1.415299,0.007391,1.418524,0.007391,7.375811,0
2026-07-02 15:50:23.997518,3.754880,7.375811,1.415299,0.007391,1.418524,0.007391,7.375811,0
2026-07-02 15:50:24.000974,3.757104,7.370630,1.415299,0.007391,1.413342,0.007391,7.370630,0
2026-07-02 15:50:24.000974,3.760544,7.370630,1.415299,0.007391,1.418524,0.007391,7.370630,0
2026-07-02 15:50:24.000974,3.762812,7.375811,1.415299,0.007391,1.413342,0.007391,7.375811,0
2026-07-02 15:50:24.007292,3.765066,7.375811,1.415299,0.007391,1.418524,0.007391,7.375811,0
2026-07-02 15:50:24.007292,3.767333,7.365448,1.415299,0.007391,1.413342,0.007391,7.365448,0
2026-07-02 15:50:24.007292,3.769613,7.375811,1.415299,0.007391,1.413342,0.007391,7.375811,0
2026-07-02 15:50:24.007292,3.771862,7.370630,1.415299,0.002211,1.418524,0.002211,7.370630,0
2026-07-02 15:50:24.017497,3.774167,7.370630,1.415299,0.007391,1.413342,0.007391,7.370630,0
2026-07-02 15:50:24.019511,3.776398,7.370630,1.415299,0.007391,1.418524,0.007391,7.370630,0
2026-07-02 15:50:24.021527,3.778626,7.365448,1.415299,0.007391,1.413342,0.007391,7.365448,0
2026-07-02 15:50:24.021527,3.780886,7.375811,1.415299,0.007391,1.413342,0.007391,7.375811,0
2026-07-02 15:50:24.021527,3.783088,7.370630,1.415299,0.007391,1.413342,0.007391,7.370630,0
2026-07-02 15:50:24.027649,3.785390,7.370630,1.415299,0.007391,1.413342,0.007391,7.370630,0
2026-07-02 15:50:24.027649,3.787648,7.365448,1.415299,0.007391,1.418524,0.007391,7.365448,0
2026-07-02 15:50:24.027649,3.789877,7.370630,1.415299,0.007391,1.418524,0.007391,7.370630,0
2026-07-02 15:50:24.027649,3.792119,7.365448,1.415299,0.007391,1.418524,0.007391,7.365448,0
2026-07-02 15:50:24.037737,3.794439,7.370630,1.415299,0.007391,1.413342,0.007391,7.370630,0
2026-07-02 15:50:24.037737,3.796715,7.375811,1.415299,0.007391,1.413342,0.007391,7.375811,0
2026-07-02 15:50:24.043710,3.799360,7.375811,1.415299,0.007391,1.418524,0.007391,7.375811,0
2026-07-02 15:50:24.043710,3.801656,7.370630,1.415299,0.007391,1.413342,0.007391,7.370630,0
2026-07-02 15:50:24.048085,3.803918,7.365448,1.415299,0.007391,1.413342,0.007391,7.365448,0
2026-07-02 15:50:24.049793,3.806442,7.375811,1.415299,0.007391,1.413342,0.007391,7.375811,0
2026-07-02 15:50:24.051181,3.809108,7.375811,1.415299,0.007391,1.418524,0.007391,7.375811,0
2026-07-02 15:50:24.054713,3.811342,7.370630,1.415299,0.007391,1.413342,0.007391,7.370630,0
2026-07-02 15:50:24.057224,3.813537,7.375811,1.415299,0.007391,1.418524,0.007391,7.375811,0
2026-07-02 15:50:24.058230,3.815743,7.375811,1.415299,0.007391,1.413342,0.007391,7.375811,0
2026-07-02 15:50:24.058230,3.818012,7.375811,1.415299,0.007391,1.418524,0.007391,7.375811,0
2026-07-02 15:50:24.058230,3.820261,7.375811,1.415299,0.007391,1.413342,0.007391,7.375811,0
2026-07-02 15:50:24.058230,3.822481,7.375811,1.415299,0.007391,1.418524,0.007391,7.375811,0
2026-07-02 15:50:24.068279,3.824665,7.370630,1.415299,0.007391,1.413342,0.007391,7.370630,0
2026-07-02 15:50:24.071468,3.827163,7.370630,1.415299,0.007391,1.418524,0.007391,7.370630,0
2026-07-02 15:50:24.073484,3.829604,7.375811,1.415299,0.007391,1.418524,0.007391,7.375811,0
2026-07-02 15:50:24.073484,3.832035,7.375811,1.415299,0.007391,1.413342,0.007391,7.375811,0
2026-07-02 15:50:24.078725,3.834499,7.375811,1.415299,0.007391,1.418524,0.007391,7.375811,0
2026-07-02 15:50:24.078725,3.837000,7.370630,1.415299,0.007391,1.413342,0.007391,7.370630,0
2026-07-02 15:50:24.078725,3.839433,7.365448,1.415299,0.007391,1.413342,0.007391,7.365448,0
2026-07-02 15:50:24.084525,3.842038,7.370630,1.415299,0.007391,1.413342,0.007391,7.370630,0
2026-07-02 15:50:24.084525,3.844501,7.370630,1.415299,0.007391,1.418524,0.007391,7.370630,0
2026-07-02 15:50:24.089080,3.846934,7.375811,1.415299,0.002211,1.418524,0.002211,7.375811,0
2026-07-02 15:50:24.089080,3.849670,7.375811,1.415299,0.007391,1.418524,0.007391,7.375811,0
2026-07-02 15:50:24.089080,3.852117,7.365448,1.415299,0.007391,1.418524,0.007391,7.365448,0
2026-07-02 15:50:24.089080,3.854528,7.370630,1.415299,0.007391,1.418524,0.007391,7.370630,0
2026-07-02 15:50:24.102305,3.856925,7.365448,1.415299,0.007391,1.413342,0.007391,7.365448,0
2026-07-02 15:50:24.102305,3.861462,7.365448,1.415299,0.007391,1.413342,0.007391,7.365448,0
2026-07-02 15:50:24.108054,3.863928,7.370630,1.415299,0.007391,1.418524,0.007391,7.370630,0
2026-07-02 15:50:24.109606,3.866374,7.375811,1.415299,0.007391,1.413342,0.007391,7.375811,0
2026-07-02 15:50:24.109606,3.868722,7.370630,1.415299,0.007391,1.413342,0.007391,7.370630,0
2026-07-02 15:50:24.109606,3.871199,7.375811,1.415299,0.007391,1.413342,0.007391,7.375811,0
2026-07-02 15:50:24.109606,3.873462,7.365448,1.415299,0.007391,1.413342,0.007391,7.365448,0
2026-07-02 15:50:24.119642,3.875820,7.375811,1.415299,0.007391,1.418524,0.007391,7.375811,0
2026-07-02 15:50:24.122193,3.878051,7.375811,1.415299,0.007391,1.418524,0.007391,7.375811,0
2026-07-02 15:50:24.123665,3.880327,7.370630,1.415299,0.007391,1.418524,0.007391,7.370630,0
2026-07-02 15:50:24.123665,3.882506,7.370630,1.415299,0.007391,1.413342,0.007391,7.370630,0
2026-07-02 15:50:24.123665,3.884867,7.365448,1.415299,0.007391,1.418524,0.007391,7.365448,0
2026-07-02 15:50:24.129950,3.887281,7.375811,1.415299,0.007391,1.413342,0.007391,7.375811,0
2026-07-02 15:50:24.131972,3.889623,7.370630,1.415299,0.007391,1.413342,0.007391,7.370630,0
2026-07-02 15:50:24.131972,3.892069,7.370630,1.415299,0.007391,1.418524,0.007391,7.370630,0
2026-07-02 15:50:24.136880,3.894453,7.375811,1.415299,0.007391,1.413342,0.007391,7.375811,0
2026-07-02 15:50:24.140278,3.896797,7.370630,1.415299,0.007391,1.413342,0.007391,7.370630,0
2026-07-02 15:50:24.140278,3.899212,7.375811,1.415299,0.007391,1.418524,0.007391,7.375811,0
2026-07-02 15:50:24.140278,3.901467,7.370630,1.415299,0.007391,1.413342,0.007391,7.370630,0
2026-07-02 15:50:24.140278,3.903963,7.370630,1.415299,0.007391,1.418524,0.007391,7.370630,0
2026-07-02 15:50:24.150566,3.906386,7.370630,1.415299,0.007391,1.413342,0.007391,7.370630,0
2026-07-02 15:50:24.151748,3.908772,7.370630,1.415299,0.007391,1.413342,0.007391,7.370630,0
2026-07-02 15:50:24.153756,3.911363,7.370630,1.415299,0.002211,1.413342,0.002211,7.370630,0
2026-07-02 15:50:24.158360,3.913612,7.365448,1.415299,0.007391,1.413342,0.007391,7.365448,0
2026-07-02 15:50:24.163594,3.916370,7.375811,1.415299,0.007391,1.413342,0.007391,7.375811,0
2026-07-02 15:50:24.173140,3.921712,7.375811,1.415299,0.007391,1.413342,0.007391,7.375811,0
2026-07-02 15:50:24.179176,3.931174,7.375811,1.415299,0.007391,1.418524,0.007391,7.375811,0
2026-07-02 15:50:24.181184,3.937509,7.375811,1.415299,0.007391,1.418524,0.007391,7.375811,0
2026-07-02 15:50:24.184017,3.940618,7.375811,1.415299,0.007391,1.413342,0.007391,7.375811,0
2026-07-02 15:50:24.184017,3.943142,7.370630,1.415299,0.007391,1.413342,0.007391,7.370630,0
2026-07-02 15:50:24.184017,3.945570,7.375811,1.415299,0.007391,1.413342,0.007391,7.375811,0
2026-07-02 15:50:24.192166,3.947900,7.375811,1.415299,0.007391,1.418524,0.007391,7.375811,0
2026-07-02 15:50:24.192166,3.950438,7.365448,1.415299,0.007391,1.413342,0.007391,7.365448,0
2026-07-02 15:50:24.192166,3.952866,7.375811,1.415299,0.007391,1.418524,0.007391,7.375811,0
2026-07-02 15:50:24.192166,3.955261,7.370630,1.415299,0.007391,1.418524,0.007391,7.370630,0
2026-07-02 15:50:24.201854,3.957688,7.370630,1.415299,0.007391,1.418524,0.007391,7.370630,0
2026-07-02 15:50:24.201854,3.960237,7.370630,1.415299,0.007391,1.413342,0.007391,7.370630,0
2026-07-02 15:50:24.206105,3.962680,7.370630,1.415299,0.007391,1.413342,0.007391,7.370630,0
2026-07-02 15:50:24.208618,3.965193,7.365448,1.415299,0.007391,1.413342,0.007391,7.365448,0
2026-07-02 15:50:24.210633,3.967599,7.370630,1.415299,0.007391,1.418524,0.007391,7.370630,0
2026-07-02 15:50:24.214159,3.970156,7.370630,1.415299,0.007391,1.418524,0.007391,7.370630,0
2026-07-02 15:50:24.216176,3.972595,7.365448,1.415299,0.007391,1.413342,0.007391,7.365448,0
2026-07-02 15:50:24.217495,3.974980,7.375811,1.415299,0.007391,1.413342,0.007391,7.375811,0
2026-07-02 15:50:24.219508,3.977376,7.375811,1.415299,0.007391,1.413342,0.007391,7.375811,0
2026-07-02 15:50:24.222282,3.979773,7.370630,1.415299,0.007391,1.413342,0.007391,7.370630,0
2026-07-02 15:50:24.222282,3.982257,7.370630,1.415299,0.007391,1.418524,0.007391,7.370630,0
2026-07-02 15:50:24.222282,3.984807,7.375811,1.415299,0.007391,1.413342,0.007391,7.375811,0
2026-07-02 15:50:24.222282,3.987189,7.370630,1.415299,0.007391,1.413342,0.007391,7.370630,0
2026-07-02 15:50:24.232739,3.989574,7.370630,1.415299,0.007391,1.413342,0.007391,7.370630,0
2026-07-02 15:50:24.232739,3.992069,7.375811,1.415299,0.007391,1.418524,0.007391,7.375811,0
2026-07-02 15:50:24.237063,3.994480,7.370630,1.415299,0.007391,1.418524,0.007391,7.370630,0
2026-07-02 15:50:24.237063,3.996866,7.365448,1.415299,0.007391,1.413342,0.007391,7.365448,0
2026-07-02 15:50:24.243673,3.999213,7.370630,1.415299,0.007391,1.418524,0.007391,7.370630,0
2026-07-02 15:50:24.245935,4.001743,7.370630,1.415299,0.007391,1.418524,0.007391,7.370630,0
2026-07-02 15:50:24.248416,4.004147,7.375811,1.415299,0.007391,1.418524,0.007391,7.375811,0
2026-07-02 15:50:24.250087,4.006584,7.375811,1.415299,0.007391,1.413342,0.007391,7.375811,0
2026-07-02 15:50:24.252958,4.008918,7.365448,1.415299,0.007391,1.413342,0.007391,7.365448,0
2026-07-02 15:50:24.252958,4.011348,7.370630,1.415299,0.007391,1.418524,0.007391,7.370630,0
2026-07-02 15:50:24.252958,4.013586,7.370630,1.415299,0.007391,1.413342,0.007391,7.370630,0
2026-07-02 15:50:24.252958,4.016125,7.370630,1.415299,0.007391,1.413342,0.007391,7.370630,0
2026-07-02 15:50:24.252958,4.018388,7.370630,1.415299,0.007391,1.413342,0.007391,7.370630,0
2026-07-02 15:50:24.264899,4.020614,7.375811,1.415299,0.007391,1.413342,0.007391,7.375811,0
2026-07-02 15:50:24.266951,4.022979,7.375811,1.415299,0.007391,1.413342,0.007391,7.375811,0
2026-07-02 15:50:24.266951,4.025277,7.370630,1.415299,0.007391,1.418524,0.007391,7.370630,0
2026-07-02 15:50:24.266951,4.027511,7.370630,1.415299,0.007391,1.413342,0.007391,7.370630,0
2026-07-02 15:50:24.273354,4.029733,7.375811,1.415299,0.007391,1.413342,0.007391,7.375811,0
2026-07-02 15:50:24.274472,4.031924,7.370630,1.415299,0.007391,1.418524,0.007391,7.370630,0
2026-07-02 15:50:24.274472,4.034304,7.370630,1.415299,0.007391,1.418524,0.007391,7.370630,0
2026-07-02 15:50:24.274472,4.036725,7.370630,1.415299,0.007391,1.418524,0.007391,7.370630,0
2026-07-02 15:50:24.274472,4.039173,7.370630,1.415299,0.007391,1.413342,0.007391,7.370630,0
2026-07-02 15:50:24.283745,4.041464,7.365448,1.415299,0.007391,1.413342,0.007391,7.365448,0
2026-07-02 15:50:24.283745,4.043829,7.370630,1.415299,0.007391,1.418524,0.007391,7.370630,0
2026-07-02 15:50:24.283745,4.046257,7.365448,1.415299,0.007391,1.413342,0.007391,7.365448,0
2026-07-02 15:50:24.291980,4.048676,7.375811,1.415299,0.007391,1.418524,0.007391,7.375811,0
2026-07-02 15:50:24.293994,4.051214,7.375811,1.415299,0.007391,1.413342,0.007391,7.375811,0
2026-07-02 15:50:24.293994,4.053580,7.375811,1.415299,0.007391,1.413342,0.007391,7.375811,0
2026-07-02 15:50:24.293994,4.056009,7.375811,1.415299,0.007391,1.418524,0.007391,7.375811,0
2026-07-02 15:50:24.293994,4.058408,7.370630,1.415299,0.007391,1.413342,0.007391,7.370630,0
2026-07-02 15:50:24.305721,4.060858,7.375811,1.415299,0.007391,1.418524,0.007391,7.375811,0
2026-07-02 15:50:24.306661,4.063806,7.375811,1.415299,0.007391,1.418524,0.007391,7.375811,0
2026-07-02 15:50:24.309177,4.066395,7.375811,1.415299,0.007391,1.418524,0.007391,7.375811,0
2026-07-02 15:50:24.309177,4.068853,7.380993,1.415299,0.007391,1.418524,0.007391,7.380993,0
2026-07-02 15:50:24.314907,4.071273,7.370630,1.415299,0.007391,1.413342,0.007391,7.370630,0
2026-07-02 15:50:24.316685,4.073674,7.365448,1.415299,0.007391,1.418524,0.007391,7.365448,0
2026-07-02 15:50:24.316685,4.076052,7.375811,1.415299,0.007391,1.413342,0.007391,7.375811,0
2026-07-02 15:50:24.316685,4.078314,7.375811,1.415299,0.007391,1.418524,0.007391,7.375811,0
2026-07-02 15:50:24.316685,4.080530,7.365448,1.415299,0.007391,1.413342,0.007391,7.365448,0
2026-07-02 15:50:24.325402,4.082794,7.375811,1.415299,0.007391,1.413342,0.007391,7.375811,0
2026-07-02 15:50:24.327470,4.085049,7.370630,1.415299,0.007391,1.413342,0.007391,7.370630,0
2026-07-02 15:50:24.331491,4.087443,7.365448,1.415299,0.007391,1.413342,0.007391,7.365448,0
2026-07-02 15:50:24.333500,4.089816,7.365448,1.415299,0.007391,1.418524,0.007391,7.365448,0
2026-07-02 15:50:24.337524,4.092201,7.375811,1.415299,0.007391,1.418524,0.007391,7.375811,0
2026-07-02 15:50:24.341537,4.097153,7.365448,1.415299,0.007391,1.418524,0.007391,7.365448,0
2026-07-02 15:50:24.343543,4.099836,7.375811,1.415299,0.007391,1.413342,0.007391,7.375811,0
2026-07-02 15:50:24.345551,4.102222,7.375811,1.415299,0.007391,1.418524,0.007391,7.375811,0
2026-07-02 15:50:24.347565,4.104557,7.375811,1.415299,0.007391,1.418524,0.007391,7.375811,0
2026-07-02 15:50:24.349571,4.106982,7.365448,1.415299,0.007391,1.413342,0.007391,7.365448,0
2026-07-02 15:50:24.353588,4.109466,7.365448,1.415299,0.007391,1.413342,0.007391,7.365448,0
2026-07-02 15:50:24.355596,4.111895,7.365448,1.415299,0.007391,1.413342,0.007391,7.365448,0
2026-07-02 15:50:24.357605,4.114158,7.375811,1.415299,0.007391,1.418524,0.007391,7.375811,0
2026-07-02 15:50:24.359613,4.116822,7.375811,1.415299,0.007391,1.413342,0.007391,7.375811,0
2026-07-02 15:50:24.363627,4.119241,7.370630,1.415299,0.007391,1.418524,0.007391,7.370630,0
2026-07-02 15:50:24.368305,4.121710,7.370630,1.415299,0.007391,1.413342,0.007391,7.370630,0
2026-07-02 15:50:24.370321,4.126930,7.370630,1.415299,0.007391,1.413342,0.007391,7.370630,0
2026-07-02 15:50:24.370321,4.129267,7.365448,1.415299,0.007391,1.413342,0.007391,7.365448,0
2026-07-02 15:50:24.375844,4.131770,7.370630,1.415299,0.007391,1.418524,0.007391,7.370630,0
2026-07-02 15:50:24.377301,4.134297,7.370630,1.415299,0.007391,1.418524,0.007391,7.370630,0
2026-07-02 15:50:24.377301,4.136724,7.375811,1.415299,0.007391,1.418524,0.007391,7.375811,0
2026-07-02 15:50:24.377301,4.139115,7.375811,1.415299,0.007391,1.418524,0.007391,7.375811,0
2026-07-02 15:50:24.377301,4.141431,7.370630,1.415299,0.007391,1.413342,0.007391,7.370630,0
2026-07-02 15:50:24.385975,4.143883,7.375811,1.415299,0.007391,1.413342,0.007391,7.375811,0
2026-07-02 15:50:24.385975,4.146497,7.375811,1.415299,0.007391,1.418524,0.007391,7.375811,0
2026-07-02 15:50:24.392354,4.148972,7.370630,1.415299,0.007391,1.413342,0.007391,7.370630,0
2026-07-02 15:50:24.392354,4.151491,7.370630,1.415299,0.007391,1.413342,0.007391,7.370630,0
2026-07-02 15:50:24.397500,4.153913,7.370630,1.415299,0.007391,1.413342,0.007391,7.370630,0
2026-07-02 15:50:24.399518,4.156606,7.375811,1.415299,0.007391,1.413342,0.007391,7.375811,0
2026-07-02 15:50:24.401531,4.159060,7.365448,1.415299,0.007391,1.413342,0.007391,7.365448,0
2026-07-02 15:50:24.403544,4.161487,7.365448,1.415299,0.007391,1.413342,0.007391,7.365448,0
2026-07-02 15:50:24.406772,4.163883,7.370630,1.415299,0.007391,1.413342,0.007391,7.370630,0
2026-07-02 15:50:24.409991,4.166134,7.375811,1.415299,0.007391,1.413342,0.007391,7.375811,0
2026-07-02 15:50:24.409991,4.168406,7.375811,1.415299,0.007391,1.413342,0.007391,7.375811,0
2026-07-02 15:50:24.409991,4.170794,7.375811,1.415299,0.007391,1.418524,0.007391,7.375811,0
2026-07-02 15:50:24.416334,4.173232,7.370630,1.415299,0.007391,1.418524,0.007391,7.370630,0
2026-07-02 15:50:24.416334,4.175636,7.375811,1.415299,0.007391,1.413342,0.007391,7.375811,0
2026-07-02 15:50:24.416334,4.178044,7.370630,1.415299,0.007391,1.413342,0.007391,7.370630,0
2026-07-02 15:50:24.416334,4.180486,7.370630,1.415299,0.007391,1.413342,0.007391,7.370630,0
2026-07-02 15:50:24.426516,4.182902,7.370630,1.415299,0.007391,1.418524,0.007391,7.370630,0
2026-07-02 15:50:24.428217,4.185428,7.375811,1.415299,0.007391,1.413342,0.007391,7.375811,0
2026-07-02 15:50:24.430748,4.187781,7.365448,1.415299,0.007391,1.418524,0.007391,7.365448,0
2026-07-02 15:50:24.433301,4.190030,7.370630,1.415299,0.007391,1.413342,0.007391,7.370630,0
2026-07-02 15:50:24.433301,4.192324,7.375811,1.415299,0.007391,1.413342,0.007391,7.375811,0
2026-07-02 15:50:24.437384,4.194559,7.370630,1.415299,0.007391,1.413342,0.007391,7.370630,0
2026-07-02 15:50:24.437384,4.196944,7.365448,1.415299,0.007391,1.413342,0.007391,7.365448,0
2026-07-02 15:50:24.437384,4.199141,7.370630,1.415299,0.007391,1.413342,0.007391,7.370630,0
2026-07-02 15:50:24.437384,4.201531,7.370630,1.415299,0.007391,1.418524,0.007391,7.370630,0
2026-07-02 15:50:24.447117,4.203960,7.370630,1.415299,0.007391,1.413342,0.007391,7.370630,0
2026-07-02 15:50:24.447117,4.206232,7.375811,1.415299,0.007391,1.413342,0.007391,7.375811,0
2026-07-02 15:50:24.447117,4.208486,7.375811,1.415299,0.007391,1.413342,0.007391,7.375811,0
2026-07-02 15:50:24.447117,4.210735,7.370630,1.415299,0.007391,1.413342,0.007391,7.370630,0
2026-07-02 15:50:24.447117,4.213049,7.370630,1.415299,0.007391,1.413342,0.007391,7.370630,0
2026-07-02 15:50:24.460671,4.215274,7.375811,1.415299,0.007391,1.413342,0.007391,7.375811,0
2026-07-02 15:50:24.462680,4.219310,7.370630,1.415299,0.007391,1.413342,0.007391,7.370630,0
2026-07-02 15:50:24.462680,4.221676,7.370630,1.415299,0.007391,1.418524,0.007391,7.370630,0
2026-07-02 15:50:24.468767,4.224728,7.370630,1.415299,0.007391,1.418524,0.007391,7.370630,0
2026-07-02 15:50:24.469650,4.227349,7.370630,1.415299,0.007391,1.418524,0.007391,7.370630,0
2026-07-02 15:50:24.473745,4.229598,7.370630,1.415299,0.007391,1.413342,0.007391,7.370630,0
2026-07-02 15:50:24.475872,4.231932,7.375811,1.415299,0.007391,1.418524,0.007391,7.375811,0
2026-07-02 15:50:24.475872,4.234285,7.375811,1.415299,0.007391,1.413342,0.007391,7.375811,0
2026-07-02 15:50:24.475872,4.236542,7.375811,1.415299,0.007391,1.418524,0.007391,7.375811,0
2026-07-02 15:50:24.482924,4.238753,7.365448,1.415299,0.007391,1.413342,0.007391,7.365448,0
2026-07-02 15:50:24.485956,4.241760,7.365448,1.415299,0.007391,1.413342,0.007391,7.365448,0
2026-07-02 15:50:24.485956,4.244259,7.370630,1.415299,0.007391,1.418524,0.007391,7.370630,0
2026-07-02 15:50:24.485956,4.246671,7.365448,1.415299,0.007391,1.413342,0.007391,7.365448,0
2026-07-02 15:50:24.485956,4.249182,7.375811,1.415299,0.007391,1.413342,0.007391,7.375811,0
2026-07-02 15:50:24.485956,4.251570,7.375811,1.415299,0.007391,1.413342,0.007391,7.375811,0
2026-07-02 15:50:24.496833,4.253964,7.370630,1.415299,0.007391,1.418524,0.007391,7.370630,0
2026-07-02 15:50:24.500326,4.256379,7.375811,1.415299,0.007391,1.418524,0.007391,7.375811,0
2026-07-02 15:50:24.501710,4.258760,7.370630,1.415299,0.007391,1.413342,0.007391,7.370630,0
2026-07-02 15:50:24.501710,4.261162,7.370630,1.415299,0.007391,1.413342,0.007391,7.370630,0
2026-07-02 15:50:24.506234,4.263592,7.375811,1.415299,0.007391,1.413342,0.007391,7.375811,0
2026-07-02 15:50:24.510267,4.265909,7.375811,1.415299,0.007391,1.413342,0.007391,7.375811,0
2026-07-02 15:50:24.510267,4.268372,7.365448,1.415299,0.007391,1.413342,0.007391,7.365448,0
2026-07-02 15:50:24.510267,4.270817,7.375811,1.415299,0.007391,1.413342,0.007391,7.375811,0
2026-07-02 15:50:24.516353,4.273219,7.375811,1.420479,0.007391,1.413342,0.007391,7.375811,0
2026-07-02 15:50:24.516353,4.275630,7.365448,1.415299,0.007391,1.418524,0.007391,7.365448,0
2026-07-02 15:50:24.516353,4.278068,7.370630,1.415299,0.007391,1.413342,0.007391,7.370630,0
2026-07-02 15:50:24.516353,4.280397,7.365448,1.415299,0.007391,1.418524,0.007391,7.365448,0
2026-07-02 15:50:24.526471,4.282730,7.375811,1.415299,0.007391,1.413342,0.007391,7.375811,0
2026-07-02 15:50:24.527201,4.284965,7.365448,1.415299,0.007391,1.418524,0.007391,7.365448,0
2026-07-02 15:50:24.527201,4.287330,7.365448,1.415299,0.007391,1.413342,0.007391,7.365448,0
2026-07-02 15:50:24.532586,4.289747,7.370630,1.415299,0.007391,1.418524,0.007391,7.370630,0
2026-07-02 15:50:24.532586,4.292087,7.365448,1.415299,0.007391,1.418524,0.007391,7.365448,0
2026-07-02 15:50:24.537726,4.294517,7.375811,1.415299,0.007391,1.413342,0.007391,7.375811,0
2026-07-02 15:50:24.541778,4.296824,7.375811,1.415299,0.007391,1.413342,0.007391,7.375811,0
2026-07-02 15:50:24.543344,4.299970,7.365448,1.415299,0.007391,1.418524,0.007391,7.365448,0
2026-07-02 15:50:24.546785,4.302478,7.375811,1.415299,0.007391,1.413342,0.007391,7.375811,0
2026-07-02 15:50:24.548011,4.305111,7.375811,1.415299,0.007391,1.413342,0.007391,7.375811,0
2026-07-02 15:50:24.550024,4.307683,7.375811,1.415299,0.007391,1.418524,0.007391,7.375811,0
2026-07-02 15:50:24.550024,4.309955,7.370630,1.415299,0.007391,1.413342,0.007391,7.370630,0
2026-07-02 15:50:24.550024,4.312216,7.375811,1.415299,0.007391,1.418524,0.007391,7.375811,0
2026-07-02 15:50:24.558169,4.314556,7.375811,1.415299,0.007391,1.413342,0.007391,7.375811,0
2026-07-02 15:50:24.560182,4.316866,7.370630,1.415299,0.007391,1.413342,0.007391,7.370630,0
2026-07-02 15:50:24.562268,4.319260,7.375811,1.415299,0.007391,1.418524,0.007391,7.375811,0
2026-07-02 15:50:24.562268,4.321752,7.370630,1.415299,0.007391,1.418524,0.007391,7.370630,0
2026-07-02 15:50:24.567317,4.324209,7.375811,1.415299,0.007391,1.413342,0.007391,7.375811,0
2026-07-02 15:50:24.567317,4.326545,7.370630,1.415299,0.007391,1.413342,0.007391,7.370630,0
2026-07-02 15:50:24.567317,4.328871,7.375811,1.415299,0.007391,1.413342,0.007391,7.375811,0
2026-07-02 15:50:24.567317,4.331112,7.370630,1.415299,0.007391,1.418524,0.007391,7.370630,0
2026-07-02 15:50:24.577296,4.333354,7.375811,1.415299,0.007391,1.413342,0.007391,7.375811,0
2026-07-02 15:50:24.578406,4.335622,7.370630,1.415299,0.007391,1.413342,0.007391,7.370630,0
2026-07-02 15:50:24.578406,4.337918,7.370630,1.415299,0.007391,1.418524,0.007391,7.370630,0
2026-07-02 15:50:24.578406,4.340166,7.375811,1.415299,0.007391,1.413342,0.007391,7.375811,0
2026-07-02 15:50:24.578406,4.342421,7.370630,1.415299,0.007391,1.413342,0.007391,7.370630,0
2026-07-02 15:50:24.587800,4.344657,7.370630,1.415299,0.007391,1.418524,0.007391,7.370630,0
2026-07-02 15:50:24.589814,4.346945,7.365448,1.415299,0.007391,1.413342,0.007391,7.365448,0
2026-07-02 15:50:24.589814,4.349578,7.375811,1.415299,0.007391,1.418524,0.007391,7.375811,0
2026-07-02 15:50:24.589814,4.352043,7.370630,1.415299,0.007391,1.413342,0.007391,7.370630,0
2026-07-02 15:50:24.598063,4.354402,7.365448,1.415299,0.007391,1.413342,0.007391,7.365448,0
2026-07-02 15:50:24.598063,4.356587,7.375811,1.415299,0.007391,1.413342,0.007391,7.375811,0
2026-07-02 15:50:24.598063,4.359046,7.375811,1.415299,0.007391,1.418524,0.007391,7.375811,0
2026-07-02 15:50:24.598063,4.361499,7.370630,1.415299,0.007391,1.413342,0.007391,7.370630,0
2026-07-02 15:50:24.608466,4.363906,7.375811,1.415299,0.007391,1.418524,0.007391,7.375811,0
2026-07-02 15:50:24.610697,4.366505,7.375811,1.415299,0.007391,1.413342,0.007391,7.375811,0
2026-07-02 15:50:24.610697,4.369018,7.370630,1.415299,0.007391,1.413342,0.007391,7.370630,0
2026-07-02 15:50:24.615132,4.371502,7.370630,1.415299,0.007391,1.413342,0.007391,7.370630,0
2026-07-02 15:50:24.616476,4.373918,7.375811,1.415299,0.007391,1.413342,0.007391,7.375811,0
2026-07-02 15:50:24.619633,4.376202,7.375811,1.415299,0.007391,1.418524,0.007391,7.375811,0
2026-07-02 15:50:24.621665,4.378464,7.365448,1.415299,0.007391,1.413342,0.007391,7.365448,0
2026-07-02 15:50:24.625203,4.380923,7.365448,1.415299,0.007391,1.413342,0.007391,7.365448,0
2026-07-02 15:50:24.625737,4.383299,7.370630,1.415299,0.007391,1.418524,0.007391,7.370630,0
2026-07-02 15:50:24.628992,4.385681,7.370630,1.415299,0.007391,1.413342,0.007391,7.370630,0
2026-07-02 15:50:24.628992,4.387896,7.365448,1.415299,0.007391,1.413342,0.007391,7.365448,0
2026-07-02 15:50:24.628992,4.390135,7.370630,1.415299,0.007391,1.413342,0.007391,7.370630,0
2026-07-02 15:50:24.636496,4.392484,7.370630,1.415299,0.007391,1.418524,0.007391,7.370630,0
2026-07-02 15:50:24.639100,4.394872,7.370630,1.415299,0.007391,1.418524,0.007391,7.370630,0
2026-07-02 15:50:24.639100,4.397283,7.375811,1.415299,0.007391,1.418524,0.007391,7.375811,0
2026-07-02 15:50:24.639100,4.399746,7.375811,1.415299,0.007391,1.418524,0.007391,7.375811,0
2026-07-02 15:50:24.639100,4.402219,7.375811,1.415299,0.007391,1.418524,0.007391,7.375811,0
2026-07-02 15:50:24.639100,4.404536,7.370630,1.415299,0.007391,1.413342,0.007391,7.370630,0
2026-07-02 15:50:24.649501,4.406826,7.370630,1.415299,0.007391,1.413342,0.007391,7.370630,0
2026-07-02 15:50:24.649501,4.409226,7.365448,1.415299,0.007391,1.413342,0.007391,7.365448,0
2026-07-02 15:50:24.655833,4.411670,7.370630,1.415299,0.007391,1.418524,0.007391,7.370630,0
2026-07-02 15:50:24.656991,4.414062,7.370630,1.415299,0.007391,1.418524,0.007391,7.370630,0
2026-07-02 15:50:24.659888,4.416350,7.370630,1.415299,0.007391,1.413342,0.007391,7.370630,0
2026-07-02 15:50:24.659888,4.418587,7.365448,1.415299,0.007391,1.413342,0.007391,7.365448,0
2026-07-02 15:50:24.659888,4.420912,7.365448,1.415299,0.007391,1.413342,0.007391,7.365448,0
2026-07-02 15:50:24.667257,4.423241,7.375811,1.415299,0.007391,1.418524,0.007391,7.375811,0
2026-07-02 15:50:24.667257,4.425569,7.375811,1.415299,0.007391,1.418524,0.007391,7.375811,0
2026-07-02 15:50:24.670120,4.427818,7.375811,1.415299,0.007391,1.413342,0.007391,7.375811,0
2026-07-02 15:50:24.670120,4.430142,7.370630,1.420479,0.007391,1.418524,0.007391,7.370630,0
2026-07-02 15:50:24.670120,4.432583,7.365448,1.415299,0.007391,1.413342,0.007391,7.365448,0
2026-07-02 15:50:24.670120,4.435099,7.375811,1.415299,0.007391,1.418524,0.007391,7.375811,0
2026-07-02 15:50:24.680580,4.437488,7.365448,1.415299,0.007391,1.413342,0.007391,7.365448,0
2026-07-02 15:50:24.682702,4.439793,7.375811,1.415299,0.007391,1.413342,0.007391,7.375811,0
2026-07-02 15:50:24.682702,4.442197,7.370630,1.415299,0.007391,1.413342,0.007391,7.370630,0
2026-07-02 15:50:24.682702,4.444621,7.365448,1.415299,0.007391,1.418524,0.007391,7.365448,0
2026-07-02 15:50:24.690618,4.446963,7.370630,1.415299,0.007391,1.413342,0.007391,7.370630,0
2026-07-02 15:50:24.690618,4.449211,7.375811,1.415299,0.007391,1.418524,0.007391,7.375811,0
2026-07-02 15:50:24.690618,4.451590,7.370630,1.415299,0.007391,1.418524,0.007391,7.370630,0
2026-07-02 15:50:24.690618,4.454115,7.370630,1.415299,0.007391,1.418524,0.007391,7.370630,0
2026-07-02 15:50:24.690618,4.456447,7.375811,1.415299,0.007391,1.413342,0.007391,7.375811,0
2026-07-02 15:50:24.701004,4.458683,7.365448,1.415299,0.007391,1.418524,0.007391,7.365448,0
2026-07-02 15:50:24.701004,4.460962,7.370630,1.415299,0.007391,1.418524,0.007391,7.370630,0
2026-07-02 15:50:24.701004,4.463186,7.365448,1.415299,0.007391,1.413342,0.007391,7.365448,0
2026-07-02 15:50:24.701004,4.465404,7.370630,1.415299,0.007391,1.418524,0.007391,7.370630,0
2026-07-02 15:50:24.711937,4.467628,7.370630,1.415299,0.007391,1.418524,0.007391,7.370630,0
2026-07-02 15:50:24.712905,4.469929,7.375811,1.415299,0.007391,1.418524,0.007391,7.375811,0
2026-07-02 15:50:24.716499,4.472288,7.375811,1.415299,0.007391,1.413342,0.007391,7.375811,0
2026-07-02 15:50:24.717075,4.474562,7.370630,1.415299,0.007391,1.413342,0.007391,7.370630,0
2026-07-02 15:50:24.721200,4.476832,7.370630,1.415299,0.007391,1.413342,0.007391,7.370630,0
2026-07-02 15:50:24.721200,4.479325,7.375811,1.415299,0.007391,1.413342,0.007391,7.375811,0
2026-07-02 15:50:24.721200,4.481667,7.370630,1.415299,0.007391,1.418524,0.007391,7.370630,0
2026-07-02 15:50:24.721200,4.484100,7.375811,1.415299,0.007391,1.418524,0.007391,7.375811,0
2026-07-02 15:50:24.721200,4.486516,7.370630,1.415299,0.007391,1.413342,0.007391,7.370630,0
2026-07-02 15:50:24.731812,4.488872,7.365448,1.415299,0.007391,1.418524,0.007391,7.365448,0
2026-07-02 15:50:24.733824,4.491181,7.375811,1.415299,0.007391,1.413342,0.007391,7.375811,0
2026-07-02 15:50:24.733824,4.493520,7.370630,1.415299,0.007391,1.413342,0.007391,7.370630,0
2026-07-02 15:50:24.738141,4.495758,7.365448,1.415299,0.007391,1.413342,0.007391,7.365448,0
2026-07-02 15:50:24.741687,4.497980,7.375811,1.415299,0.007391,1.413342,0.007391,7.375811,0
2026-07-02 15:50:24.742557,4.500463,7.370630,1.415299,0.007391,1.413342,0.007391,7.370630,0
2026-07-02 15:50:24.742557,4.502912,7.380993,1.415299,0.007391,1.413342,0.007391,7.380993,0
2026-07-02 15:50:24.742557,4.505348,7.375811,1.415299,0.002211,1.413342,0.002211,7.375811,0
2026-07-02 15:50:24.751733,4.507660,7.365448,1.415299,0.007391,1.413342,0.007391,7.365448,0
2026-07-02 15:50:24.751733,4.510003,7.375811,1.415299,0.007391,1.418524,0.007391,7.375811,0
2026-07-02 15:50:24.751733,4.512255,7.375811,1.415299,0.007391,1.413342,0.007391,7.375811,0
2026-07-02 15:50:24.751733,4.514478,7.375811,1.415299,0.007391,1.413342,0.007391,7.375811,0
2026-07-02 15:50:24.751733,4.516672,7.375811,1.415299,0.007391,1.418524,0.007391,7.375811,0
2026-07-02 15:50:24.762056,4.518932,7.365448,1.415299,0.007391,1.418524,0.007391,7.365448,0
2026-07-02 15:50:24.762056,4.521154,7.365448,1.415299,0.007391,1.418524,0.007391,7.365448,0
2026-07-02 15:50:24.762056,4.523380,7.370630,1.415299,0.007391,1.418524,0.007391,7.370630,0
2026-07-02 15:50:24.762056,4.525629,7.370630,1.415299,0.007391,1.413342,0.007391,7.370630,0
2026-07-02 15:50:24.762056,4.527862,7.375811,1.415299,0.007391,1.413342,0.007391,7.375811,0
2026-07-02 15:50:24.772211,4.530077,7.365448,1.415299,0.007391,1.418524,0.007391,7.365448,0
2026-07-02 15:50:24.772211,4.533070,7.370630,1.415299,0.007391,1.418524,0.007391,7.370630,0
2026-07-02 15:50:24.772211,4.535521,7.365448,1.415299,0.007391,1.413342,0.007391,7.365448,0
2026-07-02 15:50:24.772211,4.537947,7.365448,1.415299,0.007391,1.418524,0.007391,7.365448,0
2026-07-02 15:50:24.783100,4.540188,7.370630,1.415299,0.007391,1.413342,0.007391,7.370630,0
2026-07-02 15:50:24.783100,4.542427,7.370630,1.415299,0.007391,1.413342,0.007391,7.370630,0
2026-07-02 15:50:24.783100,4.544659,7.370630,1.415299,0.007391,1.413342,0.007391,7.370630,0
2026-07-02 15:50:24.783100,4.546931,7.370630,1.415299,0.007391,1.418524,0.007391,7.370630,0
2026-07-02 15:50:24.792770,4.549131,7.375811,1.415299,0.007391,1.413342,0.007391,7.375811,0
2026-07-02 15:50:24.792770,4.551383,7.370630,1.415299,0.007391,1.413342,0.007391,7.370630,0
2026-07-02 15:50:24.792770,4.553734,7.370630,1.415299,0.007391,1.418524,0.007391,7.370630,0
2026-07-02 15:50:24.792770,4.556082,7.375811,1.415299,0.007391,1.418524,0.007391,7.375811,0
2026-07-02 15:50:24.792770,4.558435,7.375811,1.415299,0.007391,1.418524,0.007391,7.375811,0
2026-07-02 15:50:24.804016,4.560855,7.365448,1.415299,0.007391,1.413342,0.007391,7.365448,0
2026-07-02 15:50:24.806538,4.563459,7.370630,1.415299,0.007391,1.418524,0.007391,7.370630,0
2026-07-02 15:50:24.808553,4.566378,7.370630,1.415299,0.007391,1.413342,0.007391,7.370630,0
2026-07-02 15:50:24.811825,4.568722,7.375811,1.415299,0.007391,1.413342,0.007391,7.375811,0
2026-07-02 15:50:24.815355,4.571056,7.370630,1.415299,0.007391,1.413342,0.007391,7.370630,0
2026-07-02 15:50:24.816313,4.573391,7.365448,1.415299,0.007391,1.413342,0.007391,7.365448,0
2026-07-02 15:50:24.816313,4.575682,7.370630,1.415299,0.007391,1.418524,0.007391,7.370630,0
2026-07-02 15:50:24.816313,4.577937,7.370630,1.415299,0.007391,1.413342,0.007391,7.370630,0
2026-07-02 15:50:24.823799,4.580152,7.380993,1.415299,0.007391,1.418524,0.007391,7.380993,0
2026-07-02 15:50:24.823799,4.582482,7.375811,1.415299,0.007391,1.418524,0.007391,7.375811,0
2026-07-02 15:50:24.823799,4.584873,7.370630,1.415299,0.007391,1.413342,0.007391,7.370630,0
2026-07-02 15:50:24.823799,4.587204,7.370630,1.415299,0.007391,1.418524,0.007391,7.370630,0
2026-07-02 15:50:24.823799,4.589588,7.370630,1.415299,0.007391,1.413342,0.007391,7.370630,0
2026-07-02 15:50:24.834157,4.591901,7.375811,1.415299,0.007391,1.418524,0.007391,7.375811,0
2026-07-02 15:50:24.838465,4.594267,7.375811,1.415299,0.007391,1.418524,0.007391,7.375811,0
2026-07-02 15:50:24.838465,4.596563,7.375811,1.415299,0.002211,1.418524,0.002211,7.375811,0
2026-07-02 15:50:24.838465,4.598953,7.365448,1.415299,0.007391,1.413342,0.007391,7.365448,0
2026-07-02 15:50:24.845161,4.601294,7.370630,1.415299,0.007391,1.413342,0.007391,7.370630,0
2026-07-02 15:50:24.845161,4.603528,7.370630,1.415299,0.007391,1.418524,0.007391,7.370630,0
2026-07-02 15:50:24.845161,4.605758,7.375811,1.415299,0.007391,1.413342,0.007391,7.375811,0
2026-07-02 15:50:24.845161,4.607954,7.365448,1.415299,0.007391,1.413342,0.007391,7.365448,0
2026-07-02 15:50:24.845161,4.610180,7.365448,1.415299,0.007391,1.413342,0.007391,7.365448,0
2026-07-02 15:50:24.854539,4.612415,7.370630,1.415299,0.007391,1.413342,0.007391,7.370630,0
2026-07-02 15:50:24.854539,4.614840,7.370630,1.415299,0.007391,1.413342,0.007391,7.370630,0
2026-07-02 15:50:24.854539,4.617270,7.370630,1.415299,0.007391,1.413342,0.007391,7.370630,0
2026-07-02 15:50:24.854539,4.619812,7.375811,1.415299,0.007391,1.418524,0.007391,7.375811,0
2026-07-02 15:50:24.864682,4.622063,7.370630,1.415299,0.007391,1.413342,0.007391,7.370630,0
2026-07-02 15:50:24.864682,4.624419,7.370630,1.415299,0.007391,1.418524,0.007391,7.370630,0
2026-07-02 15:50:24.864682,4.626963,7.370630,1.415299,0.007391,1.413342,0.007391,7.370630,0
2026-07-02 15:50:24.864682,4.629295,7.370630,1.415299,0.007391,1.418524,0.007391,7.370630,0
2026-07-02 15:50:24.875509,4.631611,7.370630,1.415299,0.007391,1.418524,0.007391,7.370630,0
2026-07-02 15:50:24.875509,4.633943,7.375811,1.415299,0.007391,1.413342,0.007391,7.375811,0
2026-07-02 15:50:24.875509,4.636185,7.365448,1.415299,0.007391,1.413342,0.007391,7.365448,0
2026-07-02 15:50:24.875509,4.638390,7.375811,1.415299,0.007391,1.413342,0.007391,7.375811,0
2026-07-02 15:50:24.884916,4.640680,7.370630,1.415299,0.007391,1.413342,0.007391,7.370630,0
2026-07-02 15:50:24.885799,4.642990,7.370630,1.415299,0.007391,1.413342,0.007391,7.370630,0
2026-07-02 15:50:24.885799,4.645302,7.370630,1.415299,0.007391,1.413342,0.007391,7.370630,0
2026-07-02 15:50:24.885799,4.647752,7.370630,1.415299,0.007391,1.413342,0.007391,7.370630,0
2026-07-02 15:50:24.885799,4.650141,7.370630,1.415299,0.007391,1.413342,0.007391,7.370630,0
2026-07-02 15:50:24.895110,4.652502,7.375811,1.415299,0.007391,1.413342,0.007391,7.375811,0
2026-07-02 15:50:24.895110,4.654859,7.375811,1.415299,0.007391,1.413342,0.007391,7.375811,0
2026-07-02 15:50:24.900125,4.657327,7.375811,1.415299,0.007391,1.418524,0.007391,7.375811,0
2026-07-02 15:50:24.900125,4.659590,7.370630,1.415299,0.007391,1.418524,0.007391,7.370630,0
2026-07-02 15:50:24.905463,4.661837,7.375811,1.415299,0.007391,1.413342,0.007391,7.375811,0
2026-07-02 15:50:24.905463,4.664144,7.375811,1.415299,0.007391,1.413342,0.007391,7.375811,0
2026-07-02 15:50:24.905463,4.666361,7.375811,1.415299,0.007391,1.418524,0.007391,7.375811,0
2026-07-02 15:50:24.912227,4.668581,7.370630,1.415299,0.007391,1.418524,0.007391,7.370630,0
2026-07-02 15:50:24.912227,4.670894,7.375811,1.415299,0.007391,1.418524,0.007391,7.375811,0
2026-07-02 15:50:24.915743,4.673129,7.370630,1.415299,0.007391,1.413342,0.007391,7.370630,0
2026-07-02 15:50:24.915743,4.675505,7.375811,1.415299,0.007391,1.418524,0.007391,7.375811,0
2026-07-02 15:50:24.915743,4.677954,7.375811,1.415299,0.007391,1.413342,0.007391,7.375811,0
2026-07-02 15:50:24.915743,4.680382,7.375811,1.415299,0.007391,1.413342,0.007391,7.375811,0
2026-07-02 15:50:24.926014,4.682593,7.370630,1.415299,0.007391,1.413342,0.007391,7.370630,0
2026-07-02 15:50:24.927376,4.684823,7.370630,1.415299,0.007391,1.413342,0.007391,7.370630,0
2026-07-02 15:50:24.927376,4.687184,7.375811,1.415299,0.007391,1.418524,0.007391,7.375811,0
2026-07-02 15:50:24.927376,4.689512,7.365448,1.415299,0.007391,1.413342,0.007391,7.365448,0
2026-07-02 15:50:24.927376,4.691695,7.370630,1.415299,0.007391,1.413342,0.007391,7.370630,0
2026-07-02 15:50:24.938315,4.693935,7.370630,1.415299,0.007391,1.418524,0.007391,7.370630,0
2026-07-02 15:50:24.938315,4.696439,7.375811,1.415299,0.007391,1.413342,0.007391,7.375811,0
2026-07-02 15:50:24.938315,4.698683,7.370630,1.415299,0.007391,1.413342,0.007391,7.370630,0
2026-07-02 15:50:24.938315,4.700984,7.370630,1.415299,0.007391,1.413342,0.007391,7.370630,0
2026-07-02 15:50:24.946475,4.703338,7.375811,1.415299,0.007391,1.418524,0.007391,7.375811,0
2026-07-02 15:50:24.946475,4.705741,7.375811,1.415299,0.007391,1.418524,0.007391,7.375811,0
2026-07-02 15:50:24.946475,4.708118,7.365448,1.415299,0.007391,1.418524,0.007391,7.365448,0
2026-07-02 15:50:24.946475,4.710551,7.365448,1.415299,0.007391,1.418524,0.007391,7.365448,0
2026-07-02 15:50:24.956603,4.712878,7.375811,1.415299,0.007391,1.413342,0.007391,7.375811,0
2026-07-02 15:50:24.956603,4.715070,7.370630,1.415299,0.007391,1.413342,0.007391,7.370630,0
2026-07-02 15:50:24.956603,4.717374,7.370630,1.415299,0.007391,1.413342,0.007391,7.370630,0
2026-07-02 15:50:24.956603,4.719720,7.375811,1.415299,0.007391,1.413342,0.007391,7.375811,0
2026-07-02 15:50:24.956603,4.722025,7.365448,1.415299,0.007391,1.418524,0.007391,7.365448,0
2026-07-02 15:50:24.968014,4.724447,7.365448,1.415299,0.007391,1.418524,0.007391,7.365448,0
2026-07-02 15:50:24.969501,4.726961,7.375811,1.415299,0.007391,1.418524,0.007391,7.375811,0
2026-07-02 15:50:24.969501,4.729228,7.375811,1.415299,0.007391,1.413342,0.007391,7.375811,0
2026-07-02 15:50:24.969501,4.731562,7.370630,1.415299,0.007391,1.413342,0.007391,7.370630,0
2026-07-02 15:50:24.977315,4.733796,7.365448,1.415299,0.007391,1.413342,0.007391,7.365448,0
2026-07-02 15:50:24.978594,4.736105,7.370630,1.415299,0.007391,1.418524,0.007391,7.370630,0
2026-07-02 15:50:24.980605,4.738447,7.375811,1.415299,0.007391,1.418524,0.007391,7.375811,0
2026-07-02 15:50:24.980605,4.741175,7.370630,1.415299,0.007391,1.418524,0.007391,7.370630,0
2026-07-02 15:50:24.987592,4.743543,7.370630,1.415299,0.007391,1.413342,0.007391,7.370630,0
2026-07-02 15:50:24.988375,4.745920,7.375811,1.415299,0.007391,1.413342,0.007391,7.375811,0
2026-07-02 15:50:24.988375,4.748260,7.370630,1.415299,0.007391,1.413342,0.007391,7.370630,0
2026-07-02 15:50:24.988375,4.750617,7.370630,1.415299,0.007391,1.413342,0.007391,7.370630,0
2026-07-02 15:50:24.988375,4.752957,7.370630,1.415299,0.007391,1.418524,0.007391,7.370630,0
2026-07-02 15:50:25.000075,4.755258,7.370630,1.415299,0.007391,1.418524,0.007391,7.370630,0
2026-07-02 15:50:25.000075,4.758487,7.370630,1.415299,0.007391,1.418524,0.007391,7.370630,0
2026-07-02 15:50:25.000075,4.760874,7.365448,1.415299,0.007391,1.418524,0.007391,7.365448,0
2026-07-02 15:50:25.006257,4.763125,7.375811,1.415299,0.007391,1.418524,0.007391,7.375811,0
2026-07-02 15:50:25.006257,4.765448,7.370630,1.415299,0.007391,1.418524,0.007391,7.370630,0
2026-07-02 15:50:25.006257,4.767802,7.370630,1.415299,0.007391,1.413342,0.007391,7.370630,0
2026-07-02 15:50:25.012659,4.770031,7.375811,1.415299,0.007391,1.413342,0.007391,7.375811,0
2026-07-02 15:50:25.016691,4.772263,7.375811,1.415299,0.007391,1.413342,0.007391,7.375811,0
2026-07-02 15:50:25.016691,4.774671,7.375811,1.415299,0.007391,1.413342,0.007391,7.375811,0
2026-07-02 15:50:25.016691,4.777000,7.370630,1.415299,0.007391,1.413342,0.007391,7.370630,0
2026-07-02 15:50:25.022465,4.779375,7.370630,1.415299,0.007391,1.413342,0.007391,7.370630,0
2026-07-02 15:50:25.024753,4.781637,7.370630,1.415299,0.007391,1.413342,0.007391,7.370630,0
2026-07-02 15:50:25.024753,4.784037,7.365448,1.415299,0.007391,1.413342,0.007391,7.365448,0
2026-07-02 15:50:25.024753,4.786501,7.375811,1.415299,0.007391,1.418524,0.007391,7.375811,0
2026-07-02 15:50:25.033388,4.788886,7.370630,1.415299,0.007391,1.413342,0.007391,7.370630,0
2026-07-02 15:50:25.033388,4.791500,7.365448,1.415299,0.007391,1.413342,0.007391,7.365448,0
2026-07-02 15:50:25.033388,4.793822,7.375811,1.415299,0.007391,1.413342,0.007391,7.375811,0
2026-07-02 15:50:25.038384,4.796091,7.375811,1.415299,0.007391,1.418524,0.007391,7.375811,0
2026-07-02 15:50:25.042613,4.798496,7.365448,1.415299,0.007391,1.418524,0.007391,7.365448,0
2026-07-02 15:50:25.042613,4.800924,7.375811,1.415299,0.007391,1.418524,0.007391,7.375811,0
2026-07-02 15:50:25.042613,4.803259,7.375811,1.415299,0.007391,1.418524,0.007391,7.375811,0
2026-07-02 15:50:25.042613,4.805604,7.375811,1.415299,0.007391,1.413342,0.007391,7.375811,0
2026-07-02 15:50:25.050226,4.807862,7.375811,1.415299,0.007391,1.418524,0.007391,7.375811,0
2026-07-02 15:50:25.055470,4.810145,7.375811,1.415299,0.007391,1.413342,0.007391,7.375811,0
2026-07-02 15:50:25.058701,4.813954,7.375811,1.415299,0.007391,1.413342,0.007391,7.375811,0
2026-07-02 15:50:25.059503,4.816982,7.375811,1.415299,0.007391,1.413342,0.007391,7.375811,0
2026-07-02 15:50:25.063267,4.819412,7.370630,1.415299,0.007391,1.413342,0.007391,7.370630,0
2026-07-02 15:50:25.063267,4.821783,7.365448,1.415299,0.007391,1.413342,0.007391,7.365448,0
2026-07-02 15:50:25.067149,4.824247,7.375811,1.415299,0.007391,1.413342,0.007391,7.375811,0
2026-07-02 15:50:25.067149,4.826838,7.370630,1.415299,0.007391,1.413342,0.007391,7.370630,0
2026-07-02 15:50:25.073536,4.829359,7.365448,1.415299,0.007391,1.413342,0.007391,7.365448,0
2026-07-02 15:50:25.076075,4.831769,7.365448,1.415299,0.007391,1.413342,0.007391,7.365448,0
2026-07-02 15:50:25.076075,4.834292,7.370630,1.415299,0.007391,1.418524,0.007391,7.370630,0
2026-07-02 15:50:25.076075,4.836693,7.365448,1.415299,0.007391,1.418524,0.007391,7.365448,0
2026-07-02 15:50:25.076075,4.839119,7.375811,1.415299,0.007391,1.413342,0.007391,7.375811,0
2026-07-02 15:50:25.085726,4.841546,7.365448,1.415299,0.007391,1.418524,0.007391,7.365448,0
2026-07-02 15:50:25.087742,4.844022,7.370630,1.415299,0.007391,1.413342,0.007391,7.370630,0
2026-07-02 15:50:25.089759,4.846420,7.370630,1.415299,0.007391,1.418524,0.007391,7.370630,0
2026-07-02 15:50:25.091778,4.848889,7.375811,1.415299,0.007391,1.418524,0.007391,7.375811,0
2026-07-02 15:50:25.093786,4.851421,7.365448,1.415299,0.007391,1.413342,0.007391,7.365448,0
2026-07-02 15:50:25.093786,4.853813,7.375811,1.415299,0.007391,1.418524,0.007391,7.375811,0
2026-07-02 15:50:25.093786,4.856301,7.375811,1.415299,0.007391,1.418524,0.007391,7.375811,0
2026-07-02 15:50:25.093786,4.858688,7.375811,1.415299,0.007391,1.418524,0.007391,7.375811,0
2026-07-02 15:50:25.104225,4.861107,7.370630,1.415299,0.007391,1.413342,0.007391,7.370630,0
2026-07-02 15:50:25.104225,4.863629,7.370630,1.415299,0.007391,1.413342,0.007391,7.370630,0
2026-07-02 15:50:25.104225,4.866124,7.375811,1.415299,0.007391,1.418524,0.007391,7.375811,0
2026-07-02 15:50:25.104225,4.868702,7.370630,1.415299,0.007391,1.418524,0.007391,7.370630,0
2026-07-02 15:50:25.116351,4.871168,7.370630,1.415299,0.007391,1.413342,0.007391,7.370630,0
2026-07-02 15:50:25.120142,4.875184,7.375811,1.415299,0.007391,1.413342,0.007391,7.375811,0
2026-07-02 15:50:25.120142,4.878085,7.365448,1.415299,0.007391,1.413342,0.007391,7.365448,0
2026-07-02 15:50:25.124479,4.880448,7.365448,1.415299,0.007391,1.418524,0.007391,7.365448,0
2026-07-02 15:50:25.124479,4.883582,7.375811,1.415299,0.007391,1.418524,0.007391,7.375811,0
2026-07-02 15:50:25.130324,4.886109,7.370630,1.415299,0.007391,1.413342,0.007391,7.370630,0
2026-07-02 15:50:25.131281,4.888462,7.370630,1.415299,0.007391,1.413342,0.007391,7.370630,0
2026-07-02 15:50:25.134496,4.890697,7.375811,1.415299,0.007391,1.413342,0.007391,7.375811,0
2026-07-02 15:50:25.137139,4.892953,7.375811,1.415299,0.007391,1.418524,0.007391,7.375811,0
2026-07-02 15:50:25.138662,4.895359,7.375811,1.415299,0.007391,1.413342,0.007391,7.375811,0
2026-07-02 15:50:25.140688,4.897686,7.365448,1.415299,0.007391,1.413342,0.007391,7.365448,0
2026-07-02 15:50:25.142841,4.900002,7.370630,1.415299,0.007391,1.418524,0.007391,7.370630,0
2026-07-02 15:50:25.147116,4.902251,7.365448,1.415299,0.007391,1.418524,0.007391,7.365448,0
2026-07-02 15:50:25.149645,4.906626,7.375811,1.415299,0.007391,1.413342,0.007391,7.375811,0
2026-07-02 15:50:25.149645,4.909092,7.370630,1.415299,0.007391,1.418524,0.007391,7.370630,0
2026-07-02 15:50:25.154685,4.911511,7.375811,1.415299,0.007391,1.413342,0.007391,7.375811,0
2026-07-02 15:50:25.158725,4.913814,7.370630,1.415299,0.007391,1.413342,0.007391,7.370630,0
2026-07-02 15:50:25.160936,4.916802,7.375811,1.415299,0.007391,1.418524,0.007391,7.375811,0
2026-07-02 15:50:25.160936,4.919208,7.375811,1.415299,0.007391,1.418524,0.007391,7.375811,0
2026-07-02 15:50:25.164706,4.921647,7.370630,1.415299,0.007391,1.413342,0.007391,7.370630,0
2026-07-02 15:50:25.164706,4.924072,7.370630,1.415299,0.007391,1.413342,0.007391,7.370630,0
2026-07-02 15:50:25.164706,4.926566,7.370630,1.415299,0.007391,1.413342,0.007391,7.370630,0
2026-07-02 15:50:25.173218,4.929043,7.370630,1.415299,0.007391,1.418524,0.007391,7.370630,0
2026-07-02 15:50:25.177848,4.931453,7.365448,1.415299,0.007391,1.418524,0.007391,7.365448,0
2026-07-02 15:50:25.178856,4.935919,7.365448,1.415299,0.007391,1.413342,0.007391,7.365448,0
2026-07-02 15:50:25.180864,4.938637,7.370630,1.415299,0.007391,1.413342,0.007391,7.370630,0
2026-07-02 15:50:25.187083,4.941879,7.365448,1.415299,0.007391,1.413342,0.007391,7.365448,0
2026-07-02 15:50:25.191805,4.945649,7.370630,1.415299,0.007391,1.418524,0.007391,7.370630,0
2026-07-02 15:50:25.198091,4.950303,7.370630,1.415299,0.007391,1.413342,0.007391,7.370630,0
2026-07-02 15:50:25.204150,4.956074,7.370630,1.415299,0.007391,1.413342,0.007391,7.370630,0
2026-07-02 15:50:25.205919,4.962203,7.365448,1.415299,0.007391,1.413342,0.007391,7.365448,0
2026-07-02 15:50:25.208959,4.964640,7.365448,1.415299,0.007391,1.418524,0.007391,7.365448,0
2026-07-02 15:50:25.209622,4.967123,7.370630,1.415299,0.007391,1.413342,0.007391,7.370630,0
2026-07-02 15:50:25.213652,4.969552,7.370630,1.415299,0.007391,1.413342,0.007391,7.370630,0
2026-07-02 15:50:25.216589,4.972100,7.365448,1.415299,0.007391,1.413342,0.007391,7.365448,0
2026-07-02 15:50:25.217180,4.974661,7.370630,1.415299,0.007391,1.413342,0.007391,7.370630,0
2026-07-02 15:50:25.221204,4.977042,7.370630,1.415299,0.007391,1.413342,0.007391,7.370630,0
2026-07-02 15:50:25.223219,4.979491,7.375811,1.415299,0.007391,1.418524,0.007391,7.375811,0
2026-07-02 15:50:25.226157,4.981993,7.370630,1.415299,0.007391,1.418524,0.007391,7.370630,0
2026-07-02 15:50:25.229140,4.984667,7.375811,1.415299,0.007391,1.413342,0.007391,7.375811,0
2026-07-02 15:50:25.231152,4.987193,7.370630,1.415299,0.007391,1.418524,0.007391,7.370630,0
2026-07-02 15:50:25.233991,4.989621,7.370630,1.415299,0.007391,1.413342,0.007391,7.370630,0
2026-07-02 15:50:25.236269,4.992004,7.375811,1.415299,0.007391,1.413342,0.007391,7.375811,0
2026-07-02 15:50:25.238941,4.994428,7.370630,1.420479,0.007391,1.418524,0.007391,7.370630,0
2026-07-02 15:50:25.241494,4.996913,7.370630,1.415299,0.007391,1.418524,0.007391,7.370630,0
2026-07-02 15:50:25.244041,4.999759,7.370630,1.415299,0.007391,1.418524,0.007391,7.370630,0
