horodatage,temps_s,AIN0,AIN1,AIN2,AIN3,courant,position,trigger
2026-07-02 15:48:22.968648,0.000001,4.619168,1.415299,-0.002971,1.413342,-0.002971,4.619168,0
2026-07-02 15:48:22.972684,0.006127,4.624350,1.415299,-0.008152,1.418524,-0.008152,4.624350,0
2026-07-02 15:48:22.975201,0.008745,4.624350,1.415299,-0.002971,1.418524,-0.002971,4.624350,0
2026-07-02 15:48:22.978131,0.011274,4.624350,1.415299,-0.008152,1.413342,-0.008152,4.624350,0
2026-07-02 15:48:22.979148,0.013868,4.629532,1.415299,-0.002971,1.413342,-0.002971,4.629532,0
2026-07-02 15:48:22.983742,0.016374,4.619168,1.415299,-0.008152,1.418524,-0.008152,4.619168,0
2026-07-02 15:48:22.985102,0.019793,4.629532,1.415299,-0.002971,1.413342,-0.002971,4.629532,0
2026-07-02 15:48:22.988657,0.022303,4.619168,1.415299,-0.002971,1.413342,-0.002971,4.619168,0
2026-07-02 15:48:22.991704,0.024678,4.629532,1.415299,-0.002971,1.418524,-0.002971,4.629532,0
2026-07-02 15:48:22.993918,0.027660,4.629532,1.415299,-0.002971,1.413342,-0.002971,4.629532,0
2026-07-02 15:48:22.996552,0.030488,4.629532,1.415299,-0.002971,1.413342,-0.002971,4.629532,0
2026-07-02 15:48:22.999832,0.032922,4.634713,1.415299,-0.008152,1.413342,-0.008152,4.634713,0
2026-07-02 15:48:23.001901,0.035807,4.619168,1.415299,-0.002971,1.418524,-0.002971,4.619168,0
2026-07-02 15:48:23.003776,0.038503,4.624350,1.415299,-0.002971,1.413342,-0.002971,4.624350,0
2026-07-02 15:48:23.008867,0.041108,4.629532,1.415299,-0.002971,1.413342,-0.002971,4.629532,0
2026-07-02 15:48:23.010889,0.045104,4.624350,1.415299,-0.008152,1.413342,-0.008152,4.624350,0
2026-07-02 15:48:23.013928,0.047735,4.629532,1.415299,-0.008152,1.413342,-0.008152,4.629532,0
2026-07-02 15:48:23.015331,0.050017,4.629532,1.415299,-0.002971,1.413342,-0.002971,4.629532,0
2026-07-02 15:48:23.017342,0.052312,4.624350,1.415299,-0.002971,1.413342,-0.002971,4.624350,0
2026-07-02 15:48:23.019355,0.054770,4.629532,1.415299,-0.002971,1.418524,-0.002971,4.629532,0
2026-07-02 15:48:23.022068,0.057088,4.629532,1.415299,-0.002971,1.413342,-0.002971,4.629532,0
2026-07-02 15:48:23.025189,0.059411,4.629532,1.415299,-0.008152,1.418524,-0.008152,4.629532,0
2026-07-02 15:48:23.026510,0.061725,4.619168,1.415299,-0.002971,1.413342,-0.002971,4.619168,0
2026-07-02 15:48:23.028520,0.063976,4.629532,1.415299,-0.002971,1.418524,-0.002971,4.629532,0
2026-07-02 15:48:23.032044,0.066175,4.619168,1.415299,-0.002971,1.413342,-0.002971,4.619168,0
2026-07-02 15:48:23.036059,0.068426,4.619168,1.415299,-0.002971,1.413342,-0.002971,4.619168,0
2026-07-02 15:48:23.050257,0.072316,4.629532,1.415299,-0.002971,1.413342,-0.002971,4.629532,0
2026-07-02 15:48:23.052909,0.086258,4.624350,1.415299,-0.008152,1.413342,-0.008152,4.624350,0
2026-07-02 15:48:23.055434,0.088806,4.619168,1.410120,-0.002971,1.413342,-0.002971,4.619168,0
2026-07-02 15:48:23.058145,0.091422,4.619168,1.415299,-0.002971,1.413342,-0.002971,4.619168,0
2026-07-02 15:48:23.059271,0.093864,4.624350,1.415299,-0.002971,1.413342,-0.002971,4.624350,0
2026-07-02 15:48:23.062289,0.096407,4.619168,1.415299,-0.002971,1.413342,-0.002971,4.619168,0
2026-07-02 15:48:23.064304,0.098740,4.624350,1.415299,-0.008152,1.418524,-0.008152,4.624350,0
2026-07-02 15:48:23.066318,0.101075,4.619168,1.415299,-0.002971,1.413342,-0.002971,4.619168,0
2026-07-02 15:48:23.068331,0.103414,4.613987,1.410120,-0.002971,1.413342,-0.002971,4.613987,0
2026-07-02 15:48:23.070522,0.105718,4.629532,1.415299,-0.002971,1.413342,-0.002971,4.629532,0
2026-07-02 15:48:23.073341,0.108002,4.624350,1.415299,-0.008152,1.413342,-0.008152,4.624350,0
2026-07-02 15:48:23.075354,0.110321,4.619168,1.415299,-0.002971,1.413342,-0.002971,4.619168,0
2026-07-02 15:48:23.077365,0.112624,4.629532,1.415299,-0.002971,1.413342,-0.002971,4.629532,0
2026-07-02 15:48:23.081390,0.114854,4.629532,1.415299,-0.002971,1.418524,-0.002971,4.629532,0
2026-07-02 15:48:23.082906,0.117078,4.619168,1.415299,-0.002971,1.413342,-0.002971,4.619168,0
2026-07-02 15:48:23.084115,0.119370,4.624350,1.415299,-0.008152,1.413342,-0.008152,4.624350,0
2026-07-02 15:48:23.088146,0.121706,4.629532,1.415299,-0.008152,1.418524,-0.008152,4.629532,0
2026-07-02 15:48:23.090163,0.124083,4.613987,1.415299,-0.008152,1.418524,-0.008152,4.613987,0
2026-07-02 15:48:23.092179,0.126312,4.624350,1.415299,-0.002971,1.413342,-0.002971,4.624350,0
2026-07-02 15:48:23.094711,0.128641,4.619168,1.410120,-0.002971,1.413342,-0.002971,4.619168,0
2026-07-02 15:48:23.096722,0.131025,4.624350,1.415299,-0.008152,1.413342,-0.008152,4.624350,0
2026-07-02 15:48:23.098736,0.133266,4.629532,1.415299,-0.002971,1.413342,-0.002971,4.629532,0
2026-07-02 15:48:23.100908,0.135746,4.629532,1.415299,-0.002971,1.413342,-0.002971,4.629532,0
2026-07-02 15:48:23.103592,0.137982,4.629532,1.415299,-0.008152,1.418524,-0.008152,4.629532,0
2026-07-02 15:48:23.105604,0.140196,4.634713,1.415299,-0.008152,1.413342,-0.008152,4.634713,0
2026-07-02 15:48:23.107620,0.142424,4.624350,1.415299,-0.002971,1.418524,-0.002971,4.624350,0
2026-07-02 15:48:23.109635,0.144685,4.619168,1.415299,-0.002971,1.413342,-0.002971,4.619168,0
2026-07-02 15:48:23.113408,0.147067,4.629532,1.415299,-0.002971,1.413342,-0.002971,4.629532,0
2026-07-02 15:48:23.115431,0.149460,4.629532,1.415299,-0.002971,1.413342,-0.002971,4.629532,0
2026-07-02 15:48:23.118237,0.151913,4.629532,1.415299,-0.008152,1.413342,-0.008152,4.629532,0
2026-07-02 15:48:23.120252,0.154305,4.629532,1.415299,-0.002971,1.413342,-0.002971,4.629532,0
2026-07-02 15:48:23.123322,0.156706,4.619168,1.415299,-0.002971,1.418524,-0.002971,4.619168,0
2026-07-02 15:48:23.125748,0.159199,4.629532,1.415299,-0.002971,1.413342,-0.002971,4.629532,0
2026-07-02 15:48:23.127680,0.162276,4.619168,1.415299,-0.002971,1.413342,-0.002971,4.619168,0
2026-07-02 15:48:23.129701,0.164721,4.624350,1.415299,-0.002971,1.413342,-0.002971,4.624350,0
2026-07-02 15:48:23.133419,0.167058,4.629532,1.415299,-0.002971,1.418524,-0.002971,4.629532,0
2026-07-02 15:48:23.135432,0.169423,4.629532,1.415299,-0.002971,1.413342,-0.002971,4.629532,0
2026-07-02 15:48:23.137444,0.171820,4.629532,1.415299,-0.002971,1.413342,-0.002971,4.629532,0
2026-07-02 15:48:23.139458,0.174251,4.624350,1.415299,-0.002971,1.413342,-0.002971,4.624350,0
2026-07-02 15:48:23.143599,0.176664,4.624350,1.415299,-0.008152,1.413342,-0.008152,4.624350,0
2026-07-02 15:48:23.146174,0.179645,4.629532,1.415299,-0.002971,1.413342,-0.002971,4.629532,0
2026-07-02 15:48:23.148188,0.182365,4.624350,1.415299,-0.002971,1.418524,-0.002971,4.624350,0
2026-07-02 15:48:23.150197,0.184761,4.629532,1.415299,-0.002971,1.413342,-0.002971,4.629532,0
2026-07-02 15:48:23.153632,0.187310,4.629532,1.415299,-0.002971,1.413342,-0.002971,4.629532,0
2026-07-02 15:48:23.154398,0.189598,4.624350,1.415299,-0.002971,1.413342,-0.002971,4.624350,0
2026-07-02 15:48:23.156408,0.191982,4.619168,1.415299,-0.002971,1.418524,-0.002971,4.619168,0
2026-07-02 15:48:23.160450,0.194456,4.619168,1.415299,-0.002971,1.413342,-0.002971,4.619168,0
2026-07-02 15:48:23.162464,0.196950,4.629532,1.415299,-0.008152,1.418524,-0.008152,4.629532,0
2026-07-02 15:48:23.165983,0.199364,4.629532,1.415299,-0.002971,1.413342,-0.002971,4.629532,0
2026-07-02 15:48:23.167979,0.201705,4.624350,1.415299,-0.002971,1.413342,-0.002971,4.624350,0
2026-07-02 15:48:23.167979,0.204064,4.624350,1.415299,-0.002971,1.413342,-0.002971,4.624350,0
2026-07-02 15:48:23.172700,0.206315,4.624350,1.415299,-0.002971,1.418524,-0.002971,4.624350,0
2026-07-02 15:48:23.174441,0.208772,4.613987,1.415299,-0.002971,1.413342,-0.002971,4.613987,0
2026-07-02 15:48:23.175579,0.210964,4.624350,1.415299,-0.002971,1.413342,-0.002971,4.624350,0
2026-07-02 15:48:23.175579,0.213164,4.629532,1.415299,-0.002971,1.413342,-0.002971,4.629532,0
2026-07-02 15:48:23.175579,0.215407,4.619168,1.415299,-0.002971,1.413342,-0.002971,4.619168,0
2026-07-02 15:48:23.175579,0.217652,4.624350,1.415299,-0.002971,1.418524,-0.002971,4.624350,0
2026-07-02 15:48:23.184542,0.219862,4.619168,1.415299,-0.002971,1.413342,-0.002971,4.619168,0
2026-07-02 15:48:23.184542,0.222123,4.624350,1.415299,-0.002971,1.418524,-0.002971,4.624350,0
2026-07-02 15:48:23.184542,0.224384,4.629532,1.415299,-0.008152,1.418524,-0.008152,4.629532,0
2026-07-02 15:48:23.192518,0.226647,4.629532,1.415299,-0.008152,1.418524,-0.008152,4.629532,0
2026-07-02 15:48:23.194561,0.228966,4.624350,1.415299,-0.002971,1.413342,-0.002971,4.624350,0
2026-07-02 15:48:23.194561,0.231356,4.619168,1.415299,-0.002971,1.413342,-0.002971,4.619168,0
2026-07-02 15:48:23.194561,0.233650,4.629532,1.415299,-0.002971,1.418524,-0.002971,4.629532,0
2026-07-02 15:48:23.194561,0.236013,4.619168,1.415299,-0.002971,1.413342,-0.002971,4.619168,0
2026-07-02 15:48:23.204784,0.238503,4.624350,1.415299,-0.008152,1.418524,-0.008152,4.624350,0
2026-07-02 15:48:23.204784,0.241011,4.619168,1.415299,-0.002971,1.413342,-0.002971,4.619168,0
2026-07-02 15:48:23.204784,0.243299,4.619168,1.415299,-0.002971,1.418524,-0.002971,4.619168,0
2026-07-02 15:48:23.204784,0.245669,4.629532,1.415299,-0.002971,1.413342,-0.002971,4.629532,0
2026-07-02 15:48:23.204784,0.247947,4.629532,1.415299,-0.002971,1.418524,-0.002971,4.629532,0
2026-07-02 15:48:23.217139,0.250197,4.624350,1.415299,-0.002971,1.418524,-0.002971,4.624350,0
2026-07-02 15:48:23.219155,0.253814,4.629532,1.415299,-0.002971,1.418524,-0.002971,4.629532,0
2026-07-02 15:48:23.219155,0.256282,4.629532,1.415299,-0.002971,1.413342,-0.002971,4.629532,0
2026-07-02 15:48:23.225295,0.258700,4.629532,1.415299,-0.002971,1.413342,-0.002971,4.629532,0
2026-07-02 15:48:23.225808,0.261314,4.624350,1.415299,-0.002971,1.418524,-0.002971,4.624350,0
2026-07-02 15:48:23.225808,0.263744,4.624350,1.415299,-0.002971,1.413342,-0.002971,4.624350,0
2026-07-02 15:48:23.232875,0.266236,4.624350,1.415299,-0.002971,1.418524,-0.002971,4.624350,0
2026-07-02 15:48:23.237528,0.268975,4.624350,1.415299,-0.008152,1.413342,-0.008152,4.624350,0
2026-07-02 15:48:23.239546,0.273378,4.629532,1.415299,-0.008152,1.418524,-0.008152,4.629532,0
2026-07-02 15:48:23.239546,0.275901,4.629532,1.415299,-0.002971,1.418524,-0.002971,4.629532,0
2026-07-02 15:48:23.239546,0.278339,4.624350,1.415299,-0.002971,1.418524,-0.002971,4.624350,0
2026-07-02 15:48:23.245758,0.280748,4.624350,1.415299,-0.002971,1.413342,-0.002971,4.624350,0
2026-07-02 15:48:23.247770,0.283198,4.624350,1.415299,-0.002971,1.418524,-0.002971,4.624350,0
2026-07-02 15:48:23.250338,0.286038,4.624350,1.415299,-0.008152,1.418524,-0.008152,4.624350,0
2026-07-02 15:48:23.254359,0.288510,4.624350,1.415299,-0.002971,1.413342,-0.002971,4.624350,0
2026-07-02 15:48:23.256117,0.290992,4.624350,1.415299,-0.002971,1.418524,-0.002971,4.624350,0
2026-07-02 15:48:23.260140,0.293381,4.619168,1.415299,-0.002971,1.418524,-0.002971,4.619168,0
2026-07-02 15:48:23.260140,0.297217,4.619168,1.415299,-0.002971,1.413342,-0.002971,4.619168,0
2026-07-02 15:48:23.266992,0.299685,4.624350,1.415299,-0.002971,1.418524,-0.002971,4.624350,0
2026-07-02 15:48:23.272040,0.303264,4.629532,1.415299,-0.008152,1.413342,-0.008152,4.629532,0
2026-07-02 15:48:23.273012,0.307807,4.629532,1.415299,-0.008152,1.413342,-0.008152,4.629532,0
2026-07-02 15:48:23.279951,0.311327,4.619168,1.415299,-0.002971,1.418524,-0.002971,4.619168,0
2026-07-02 15:48:23.282197,0.315806,4.629532,1.415299,-0.002971,1.418524,-0.002971,4.629532,0
2026-07-02 15:48:23.283070,0.318284,4.619168,1.415299,-0.002971,1.418524,-0.002971,4.619168,0
2026-07-02 15:48:23.286014,0.320912,4.619168,1.415299,-0.002971,1.413342,-0.002971,4.619168,0
2026-07-02 15:48:23.288036,0.323398,4.624350,1.415299,-0.002971,1.413342,-0.002971,4.624350,0
2026-07-02 15:48:23.288036,0.325802,4.624350,1.415299,-0.008152,1.413342,-0.008152,4.624350,0
2026-07-02 15:48:23.294728,0.328237,4.613987,1.415299,-0.002971,1.413342,-0.002971,4.613987,0
2026-07-02 15:48:23.296483,0.330621,4.624350,1.415299,-0.002971,1.413342,-0.002971,4.624350,0
2026-07-02 15:48:23.300522,0.333108,4.634713,1.415299,-0.008152,1.418524,-0.008152,4.634713,0
2026-07-02 15:48:23.301234,0.336258,4.619168,1.415299,-0.002971,1.413342,-0.002971,4.619168,0
2026-07-02 15:48:23.301234,0.338682,4.634713,1.415299,-0.008152,1.413342,-0.008152,4.634713,0
2026-07-02 15:48:23.309797,0.341075,4.619168,1.415299,-0.002971,1.418524,-0.002971,4.619168,0
2026-07-02 15:48:23.311815,0.346102,4.629532,1.415299,-0.002971,1.418524,-0.002971,4.629532,0
2026-07-02 15:48:23.314544,0.348752,4.624350,1.415299,-0.008152,1.418524,-0.008152,4.624350,0
2026-07-02 15:48:23.317210,0.351457,4.619168,1.415299,-0.002971,1.418524,-0.002971,4.619168,0
2026-07-02 15:48:23.317210,0.353948,4.619168,1.415299,-0.002971,1.413342,-0.002971,4.619168,0
2026-07-02 15:48:23.321728,0.356814,4.624350,1.415299,-0.002971,1.418524,-0.002971,4.624350,0
2026-07-02 15:48:23.326632,0.359629,4.624350,1.415299,-0.002971,1.413342,-0.002971,4.624350,0
2026-07-02 15:48:23.328344,0.362584,4.613987,1.415299,-0.002971,1.418524,-0.002971,4.613987,0
2026-07-02 15:48:23.330362,0.364964,4.619168,1.415299,-0.002971,1.413342,-0.002971,4.619168,0
2026-07-02 15:48:23.333402,0.367216,4.629532,1.415299,-0.002971,1.413342,-0.002971,4.629532,0
2026-07-02 15:48:23.334284,0.369511,4.624350,1.415299,-0.008152,1.418524,-0.008152,4.624350,0
2026-07-02 15:48:23.338194,0.371763,4.624350,1.415299,-0.002971,1.413342,-0.002971,4.624350,0
2026-07-02 15:48:23.338194,0.374185,4.634713,1.415299,-0.002971,1.418524,-0.002971,4.634713,0
2026-07-02 15:48:23.342447,0.376484,4.624350,1.415299,-0.002971,1.413342,-0.002971,4.624350,0
2026-07-02 15:48:23.342447,0.378888,4.624350,1.415299,-0.002971,1.418524,-0.002971,4.624350,0
2026-07-02 15:48:23.348689,0.381356,4.624350,1.415299,-0.008152,1.413342,-0.008152,4.624350,0
2026-07-02 15:48:23.352717,0.384403,4.624350,1.415299,-0.002971,1.413342,-0.002971,4.624350,0
2026-07-02 15:48:23.354734,0.388993,4.619168,1.415299,-0.002971,1.413342,-0.002971,4.619168,0
2026-07-02 15:48:23.356751,0.391377,4.629532,1.415299,-0.008152,1.413342,-0.008152,4.629532,0
2026-07-02 15:48:23.359270,0.393761,4.624350,1.415299,-0.002971,1.413342,-0.002971,4.624350,0
2026-07-02 15:48:23.361283,0.396187,4.624350,1.410120,-0.002971,1.413342,-0.002971,4.624350,0
2026-07-02 15:48:23.361283,0.398542,4.629532,1.415299,-0.008152,1.413342,-0.008152,4.629532,0
2026-07-02 15:48:23.366788,0.400906,4.634713,1.415299,-0.008152,1.413342,-0.008152,4.634713,0
2026-07-02 15:48:23.366788,0.403260,4.624350,1.415299,-0.002971,1.413342,-0.002971,4.624350,0
2026-07-02 15:48:23.366788,0.405640,4.629532,1.415299,-0.008152,1.418524,-0.008152,4.629532,0
2026-07-02 15:48:23.366788,0.407982,4.629532,1.415299,-0.002971,1.418524,-0.002971,4.629532,0
2026-07-02 15:48:23.366788,0.410356,4.619168,1.415299,-0.002971,1.418524,-0.002971,4.619168,0
2026-07-02 15:48:23.379360,0.412755,4.624350,1.415299,-0.008152,1.418524,-0.008152,4.624350,0
2026-07-02 15:48:23.380603,0.415169,4.624350,1.415299,-0.002971,1.418524,-0.002971,4.624350,0
2026-07-02 15:48:23.382613,0.417832,4.629532,1.415299,-0.002971,1.413342,-0.002971,4.629532,0
2026-07-02 15:48:23.386632,0.420255,4.629532,1.415299,-0.008152,1.413342,-0.008152,4.629532,0
2026-07-02 15:48:23.388317,0.422663,4.619168,1.415299,-0.002971,1.413342,-0.002971,4.619168,0
2026-07-02 15:48:23.390332,0.425057,4.613987,1.415299,-0.002971,1.418524,-0.002971,4.613987,0
2026-07-02 15:48:23.392343,0.427394,4.624350,1.415299,-0.002971,1.418524,-0.002971,4.624350,0
2026-07-02 15:48:23.394869,0.429844,4.613987,1.415299,-0.002971,1.413342,-0.002971,4.613987,0
2026-07-02 15:48:23.397901,0.432259,4.619168,1.410120,-0.002971,1.413342,-0.002971,4.619168,0
2026-07-02 15:48:23.400425,0.434673,4.624350,1.415299,-0.002971,1.418524,-0.002971,4.624350,0
2026-07-02 15:48:23.402441,0.437101,4.619168,1.415299,-0.008152,1.413342,-0.008152,4.619168,0
2026-07-02 15:48:23.404455,0.439545,4.624350,1.415299,-0.008152,1.413342,-0.008152,4.624350,0
2026-07-02 15:48:23.408226,0.441951,4.629532,1.415299,-0.002971,1.418524,-0.002971,4.629532,0
2026-07-02 15:48:23.410874,0.444459,4.624350,1.415299,-0.002971,1.413342,-0.002971,4.624350,0
2026-07-02 15:48:23.412886,0.446851,4.624350,1.415299,-0.002971,1.413342,-0.002971,4.624350,0
2026-07-02 15:48:23.414897,0.449257,4.624350,1.415299,-0.002971,1.413342,-0.002971,4.624350,0
2026-07-02 15:48:23.416910,0.451662,4.624350,1.415299,-0.002971,1.413342,-0.002971,4.624350,0
2026-07-02 15:48:23.418666,0.454441,4.629532,1.415299,-0.002971,1.413342,-0.002971,4.629532,0
2026-07-02 15:48:23.422715,0.456799,4.629532,1.415299,-0.002971,1.413342,-0.002971,4.629532,0
2026-07-02 15:48:23.424727,0.459204,4.629532,1.415299,-0.002971,1.413342,-0.002971,4.629532,0
2026-07-02 15:48:23.426741,0.461596,4.624350,1.415299,-0.002971,1.418524,-0.002971,4.624350,0
2026-07-02 15:48:23.430215,0.463988,4.624350,1.415299,-0.002971,1.418524,-0.002971,4.624350,0
2026-07-02 15:48:23.434096,0.466774,4.619168,1.415299,-0.002971,1.418524,-0.002971,4.619168,0
2026-07-02 15:48:23.434096,0.470341,4.624350,1.415299,-0.002971,1.418524,-0.002971,4.624350,0
2026-07-02 15:48:23.438907,0.473339,4.629532,1.415299,-0.002971,1.418524,-0.002971,4.629532,0
2026-07-02 15:48:23.440922,0.475805,4.619168,1.415299,-0.002971,1.413342,-0.002971,4.619168,0
2026-07-02 15:48:23.442934,0.478268,4.624350,1.415299,-0.002971,1.413342,-0.002971,4.624350,0
2026-07-02 15:48:23.442934,0.480609,4.624350,1.415299,-0.002971,1.418524,-0.002971,4.624350,0
2026-07-02 15:48:23.449027,0.483156,4.629532,1.415299,-0.008152,1.418524,-0.008152,4.629532,0
2026-07-02 15:48:23.451044,0.485845,4.629532,1.415299,-0.002971,1.413342,-0.002971,4.629532,0
2026-07-02 15:48:23.453060,0.488283,4.629532,1.415299,-0.002971,1.418524,-0.002971,4.629532,0
2026-07-02 15:48:23.455075,0.490702,4.619168,1.415299,-0.002971,1.413342,-0.002971,4.619168,0
2026-07-02 15:48:23.459305,0.493155,4.629532,1.415299,-0.008152,1.413342,-0.008152,4.629532,0
2026-07-02 15:48:23.462033,0.495582,4.624350,1.415299,-0.008152,1.418524,-0.008152,4.624350,0
2026-07-02 15:48:23.464044,0.498017,4.629532,1.415299,-0.002971,1.413342,-0.002971,4.629532,0
2026-07-02 15:48:23.466060,0.500430,4.629532,1.415299,-0.002971,1.413342,-0.002971,4.629532,0
2026-07-02 15:48:23.469370,0.502894,4.624350,1.415299,-0.002971,1.413342,-0.002971,4.624350,0
2026-07-02 15:48:23.470507,0.505430,4.613987,1.415299,-0.002971,1.413342,-0.002971,4.613987,0
2026-07-02 15:48:23.470507,0.507864,4.624350,1.415299,-0.002971,1.413342,-0.002971,4.624350,0
2026-07-02 15:48:23.476280,0.510303,4.613987,1.415299,-0.002971,1.413342,-0.002971,4.613987,0
2026-07-02 15:48:23.478291,0.512764,4.629532,1.415299,-0.008152,1.413342,-0.008152,4.629532,0
2026-07-02 15:48:23.480672,0.515242,4.619168,1.415299,-0.002971,1.413342,-0.002971,4.619168,0
2026-07-02 15:48:23.482690,0.517681,4.619168,1.415299,-0.002971,1.413342,-0.002971,4.619168,0
2026-07-02 15:48:23.486722,0.520094,4.629532,1.415299,-0.002971,1.413342,-0.002971,4.629532,0
2026-07-02 15:48:23.486722,0.522542,4.624350,1.415299,-0.002971,1.418524,-0.002971,4.624350,0
2026-07-02 15:48:23.489820,0.524978,4.629532,1.415299,-0.002971,1.418524,-0.002971,4.629532,0
2026-07-02 15:48:23.489820,0.527338,4.624350,1.415299,-0.002971,1.418524,-0.002971,4.624350,0
2026-07-02 15:48:23.495276,0.529803,4.624350,1.415299,-0.002971,1.413342,-0.002971,4.624350,0
2026-07-02 15:48:23.495276,0.532138,4.619168,1.415299,-0.002971,1.418524,-0.002971,4.619168,0
2026-07-02 15:48:23.499880,0.534480,4.624350,1.415299,-0.008152,1.413342,-0.008152,4.624350,0
2026-07-02 15:48:23.499880,0.536831,4.624350,1.415299,-0.008152,1.418524,-0.008152,4.624350,0
2026-07-02 15:48:23.499880,0.539167,4.629532,1.415299,-0.008152,1.418524,-0.008152,4.629532,0
2026-07-02 15:48:23.499880,0.541468,4.624350,1.415299,-0.002971,1.413342,-0.002971,4.624350,0
2026-07-02 15:48:23.510288,0.543755,4.629532,1.415299,-0.008152,1.413342,-0.008152,4.629532,0
2026-07-02 15:48:23.510967,0.546403,4.624350,1.415299,-0.002971,1.413342,-0.002971,4.624350,0
2026-07-02 15:48:23.510967,0.548887,4.624350,1.415299,-0.002971,1.413342,-0.002971,4.624350,0
2026-07-02 15:48:23.510967,0.551320,4.619168,1.415299,-0.002971,1.413342,-0.002971,4.619168,0
2026-07-02 15:48:23.510967,0.553723,4.624350,1.415299,-0.002971,1.418524,-0.002971,4.624350,0
2026-07-02 15:48:23.520495,0.556281,4.629532,1.415299,-0.002971,1.413342,-0.002971,4.629532,0
2026-07-02 15:48:23.525455,0.558674,4.624350,1.415299,-0.008152,1.413342,-0.008152,4.624350,0
2026-07-02 15:48:23.525455,0.561238,4.624350,1.415299,-0.002971,1.418524,-0.002971,4.624350,0
2026-07-02 15:48:23.525455,0.563630,4.619168,1.415299,-0.002971,1.418524,-0.002971,4.619168,0
2026-07-02 15:48:23.530879,0.565974,4.624350,1.415299,-0.008152,1.413342,-0.008152,4.624350,0
2026-07-02 15:48:23.534556,0.568334,4.624350,1.415299,-0.002971,1.413342,-0.002971,4.624350,0
2026-07-02 15:48:23.534556,0.571019,4.619168,1.415299,-0.002971,1.413342,-0.002971,4.619168,0
2026-07-02 15:48:23.534556,0.573511,4.629532,1.415299,-0.002971,1.413342,-0.002971,4.629532,0
2026-07-02 15:48:23.541257,0.575921,4.624350,1.415299,-0.002971,1.418524,-0.002971,4.624350,0
2026-07-02 15:48:23.543673,0.578284,4.629532,1.415299,-0.002971,1.418524,-0.002971,4.629532,0
2026-07-02 15:48:23.543673,0.580724,4.624350,1.415299,-0.008152,1.413342,-0.008152,4.624350,0
2026-07-02 15:48:23.543673,0.583148,4.624350,1.415299,-0.002971,1.413342,-0.002971,4.624350,0
2026-07-02 15:48:23.554122,0.585456,4.624350,1.415299,-0.002971,1.413342,-0.002971,4.624350,0
2026-07-02 15:48:23.560126,0.590153,4.624350,1.415299,-0.002971,1.413342,-0.002971,4.624350,0
2026-07-02 15:48:23.572542,0.596183,4.629532,1.415299,-0.002971,1.418524,-0.002971,4.629532,0
2026-07-02 15:48:23.583985,0.609348,4.624350,1.415299,-0.008152,1.413342,-0.008152,4.624350,0
2026-07-02 15:48:23.588611,0.621982,4.624350,1.415299,-0.002971,1.418524,-0.002971,4.624350,0
2026-07-02 15:48:23.590736,0.625163,4.624350,1.415299,-0.002971,1.413342,-0.002971,4.624350,0
2026-07-02 15:48:23.594256,0.627956,4.629532,1.415299,-0.008152,1.413342,-0.008152,4.629532,0
2026-07-02 15:48:23.597286,0.630418,4.613987,1.415299,-0.002971,1.418524,-0.002971,4.613987,0
2026-07-02 15:48:23.612388,0.634560,4.629532,1.415299,-0.002971,1.413342,-0.002971,4.629532,0
2026-07-02 15:48:23.616788,0.649514,4.624350,1.415299,-0.002971,1.418524,-0.002971,4.624350,0
2026-07-02 15:48:23.619361,0.652666,4.619168,1.415299,-0.002971,1.418524,-0.002971,4.619168,0
2026-07-02 15:48:23.622112,0.655712,4.629532,1.415299,-0.002971,1.418524,-0.002971,4.629532,0
2026-07-02 15:48:23.628607,0.658151,4.624350,1.415299,-0.002971,1.413342,-0.002971,4.624350,0
2026-07-02 15:48:23.634041,0.665282,4.624350,1.415299,-0.008152,1.413342,-0.008152,4.624350,0
2026-07-02 15:48:23.636330,0.671108,4.629532,1.415299,-0.008152,1.413342,-0.008152,4.629532,0
2026-07-02 15:48:23.640351,0.673504,4.624350,1.415299,-0.002971,1.413342,-0.002971,4.624350,0
2026-07-02 15:48:23.644570,0.676379,4.624350,1.415299,-0.002971,1.418524,-0.002971,4.624350,0
2026-07-02 15:48:23.644570,0.681074,4.613987,1.415299,-0.002971,1.413342,-0.002971,4.613987,0
2026-07-02 15:48:23.655798,0.684155,4.629532,1.420479,-0.002971,1.413342,-0.002971,4.629532,0
2026-07-02 15:48:23.659438,0.691719,4.634713,1.415299,-0.002971,1.413342,-0.002971,4.634713,0
2026-07-02 15:48:23.662476,0.697245,4.629532,1.415299,-0.002971,1.413342,-0.002971,4.629532,0
2026-07-02 15:48:23.665311,0.699831,4.619168,1.415299,-0.002971,1.413342,-0.002971,4.619168,0
2026-07-02 15:48:23.669294,0.702660,4.624350,1.415299,-0.002971,1.413342,-0.002971,4.624350,0
2026-07-02 15:48:23.671185,0.705157,4.619168,1.410120,-0.002971,1.413342,-0.002971,4.619168,0
2026-07-02 15:48:23.673199,0.707550,4.624350,1.415299,-0.002971,1.418524,-0.002971,4.624350,0
2026-07-02 15:48:23.675650,0.710157,4.624350,1.415299,-0.008152,1.413342,-0.008152,4.624350,0
2026-07-02 15:48:23.678224,0.712847,4.619168,1.415299,-0.002971,1.413342,-0.002971,4.619168,0
2026-07-02 15:48:23.680236,0.715248,4.619168,1.415299,-0.002971,1.413342,-0.002971,4.619168,0
2026-07-02 15:48:23.685831,0.717551,4.629532,1.415299,-0.008152,1.413342,-0.008152,4.629532,0
2026-07-02 15:48:23.687847,0.721694,4.624350,1.415299,-0.002971,1.413342,-0.002971,4.624350,0
2026-07-02 15:48:23.689862,0.724106,4.624350,1.415299,-0.002971,1.413342,-0.002971,4.624350,0
2026-07-02 15:48:23.692351,0.726380,4.624350,1.415299,-0.002971,1.413342,-0.002971,4.624350,0
2026-07-02 15:48:23.696476,0.729848,4.624350,1.415299,-0.008152,1.413342,-0.008152,4.624350,0
2026-07-02 15:48:23.697071,0.732382,4.634713,1.415299,-0.002971,1.413342,-0.002971,4.634713,0
2026-07-02 15:48:23.700374,0.734730,4.624350,1.415299,-0.002971,1.418524,-0.002971,4.624350,0
2026-07-02 15:48:23.703339,0.737054,4.624350,1.415299,-0.002971,1.418524,-0.002971,4.624350,0
2026-07-02 15:48:23.703339,0.739489,4.629532,1.415299,-0.002971,1.413342,-0.002971,4.629532,0
2026-07-02 15:48:23.708692,0.741832,4.619168,1.410120,-0.002971,1.413342,-0.002971,4.619168,0
2026-07-02 15:48:23.709859,0.744931,4.629532,1.415299,-0.002971,1.413342,-0.002971,4.629532,0
2026-07-02 15:48:23.713204,0.747645,4.619168,1.415299,-0.002971,1.413342,-0.002971,4.619168,0
2026-07-02 15:48:23.718270,0.749976,4.613987,1.415299,-0.002971,1.418524,-0.002971,4.613987,0
2026-07-02 15:48:23.720849,0.754144,4.624350,1.415299,-0.008152,1.413342,-0.008152,4.624350,0
2026-07-02 15:48:23.720849,0.756681,4.619168,1.415299,-0.002971,1.413342,-0.002971,4.619168,0
2026-07-02 15:48:23.726459,0.758982,4.624350,1.415299,-0.002971,1.413342,-0.002971,4.624350,0
2026-07-02 15:48:23.730380,0.763764,4.629532,1.415299,-0.002971,1.413342,-0.002971,4.629532,0
2026-07-02 15:48:23.732394,0.766088,4.624350,1.415299,-0.002971,1.418524,-0.002971,4.624350,0
2026-07-02 15:48:23.734787,0.768359,4.629532,1.415299,-0.002971,1.413342,-0.002971,4.629532,0
2026-07-02 15:48:23.737819,0.771311,4.619168,1.415299,-0.002971,1.413342,-0.002971,4.619168,0
2026-07-02 15:48:23.737819,0.773670,4.629532,1.415299,-0.002971,1.413342,-0.002971,4.629532,0
2026-07-02 15:48:23.741211,0.776110,4.619168,1.415299,-0.002971,1.413342,-0.002971,4.619168,0
2026-07-02 15:48:23.743038,0.778646,4.634713,1.415299,-0.002971,1.413342,-0.002971,4.634713,0
2026-07-02 15:48:23.743038,0.780967,4.613987,1.415299,-0.002971,1.413342,-0.002971,4.613987,0
2026-07-02 15:48:23.751537,0.783273,4.613987,1.415299,-0.002971,1.413342,-0.002971,4.613987,0
2026-07-02 15:48:23.794854,0.787730,4.629532,1.415299,-0.002971,1.413342,-0.002971,4.629532,0
2026-07-02 15:48:23.828871,0.830732,4.629532,1.415299,-0.002971,1.413342,-0.002971,4.629532,0
2026-07-02 15:48:23.832686,0.865888,4.629532,1.415299,-0.008152,1.413342,-0.008152,4.629532,0
2026-07-02 15:48:23.833260,0.868611,4.624350,1.415299,-0.008152,1.418524,-0.008152,4.624350,0
2026-07-02 15:48:23.835944,0.870979,4.629532,1.415299,-0.002971,1.413342,-0.002971,4.629532,0
2026-07-02 15:48:23.837986,0.873309,4.629532,1.415299,-0.002971,1.413342,-0.002971,4.629532,0
2026-07-02 15:48:23.841352,0.875638,4.624350,1.415299,-0.008152,1.418524,-0.008152,4.624350,0
2026-07-02 15:48:23.864884,0.883275,4.624350,1.415299,-0.002971,1.413342,-0.002971,4.624350,0
2026-07-02 15:48:23.871141,0.901055,4.624350,1.415299,-0.008152,1.413342,-0.008152,4.624350,0
2026-07-02 15:48:23.874721,0.907692,4.619168,1.415299,-0.002971,1.413342,-0.002971,4.619168,0
2026-07-02 15:48:23.874721,0.911320,4.624350,1.415299,-0.008152,1.413342,-0.008152,4.624350,0
2026-07-02 15:48:23.880354,0.913992,4.624350,1.415299,-0.002971,1.413342,-0.002971,4.624350,0
2026-07-02 15:48:23.898174,0.916394,4.624350,1.415299,-0.008152,1.418524,-0.008152,4.624350,0
2026-07-02 15:48:23.905762,0.934151,4.624350,1.415299,-0.008152,1.413342,-0.008152,4.624350,0
2026-07-02 15:48:23.909793,0.942940,4.624350,1.415299,-0.002971,1.413342,-0.002971,4.624350,0
2026-07-02 15:48:23.911811,0.945780,4.629532,1.415299,-0.002971,1.413342,-0.002971,4.629532,0
2026-07-02 15:48:23.913823,0.948151,4.624350,1.415299,-0.002971,1.418524,-0.002971,4.624350,0
2026-07-02 15:48:23.915839,0.950384,4.624350,1.415299,-0.008152,1.418524,-0.008152,4.624350,0
2026-07-02 15:48:23.915839,0.952673,4.613987,1.415299,-0.002971,1.413342,-0.002971,4.613987,0
2026-07-02 15:48:23.919938,0.955084,4.629532,1.415299,-0.008152,1.413342,-0.008152,4.629532,0
2026-07-02 15:48:23.919938,0.957325,4.619168,1.415299,-0.002971,1.413342,-0.002971,4.619168,0
2026-07-02 15:48:23.919938,0.959525,4.624350,1.415299,-0.002971,1.418524,-0.002971,4.624350,0
2026-07-02 15:48:23.919938,0.961754,4.624350,1.415299,-0.002971,1.413342,-0.002971,4.624350,0
2026-07-02 15:48:23.929974,0.963971,4.629532,1.415299,-0.008152,1.413342,-0.008152,4.629532,0
2026-07-02 15:48:23.931993,0.966204,4.629532,1.415299,-0.002971,1.413342,-0.002971,4.629532,0
2026-07-02 15:48:23.934007,0.968449,4.629532,1.415299,-0.008152,1.413342,-0.008152,4.629532,0
2026-07-02 15:48:23.936523,0.970713,4.619168,1.415299,-0.008152,1.418524,-0.008152,4.619168,0
2026-07-02 15:48:23.938540,0.972957,4.629532,1.415299,-0.008152,1.418524,-0.008152,4.629532,0
2026-07-02 15:48:23.941439,0.975269,4.629532,1.415299,-0.002971,1.418524,-0.002971,4.629532,0
2026-07-02 15:48:23.943822,0.977635,4.624350,1.415299,-0.008152,1.413342,-0.008152,4.624350,0
2026-07-02 15:48:23.945836,0.979932,4.629532,1.415299,-0.008152,1.418524,-0.008152,4.629532,0
2026-07-02 15:48:23.947850,0.982254,4.629532,1.415299,-0.002971,1.418524,-0.002971,4.629532,0
2026-07-02 15:48:23.950312,0.984528,4.624350,1.415299,-0.008152,1.413342,-0.008152,4.624350,0
2026-07-02 15:48:23.952325,0.986846,4.619168,1.415299,-0.002971,1.418524,-0.002971,4.619168,0
2026-07-02 15:48:23.954336,0.989155,4.624350,1.415299,-0.002971,1.413342,-0.002971,4.624350,0
2026-07-02 15:48:23.954336,0.991432,4.624350,1.415299,-0.002971,1.413342,-0.002971,4.624350,0
2026-07-02 15:48:23.960294,0.993857,4.629532,1.415299,-0.008152,1.418524,-0.008152,4.629532,0
2026-07-02 15:48:23.962307,0.996225,4.619168,1.415299,-0.002971,1.413342,-0.002971,4.619168,0
2026-07-02 15:48:23.964321,0.998481,4.629532,1.415299,-0.002971,1.413342,-0.002971,4.629532,0
2026-07-02 15:48:23.966911,1.000745,4.619168,1.415299,-0.002971,1.418524,-0.002971,4.619168,0
2026-07-02 15:48:23.968928,1.003010,4.624350,1.415299,-0.002971,1.418524,-0.002971,4.624350,0
2026-07-02 15:48:23.970685,1.005215,4.624350,1.415299,-0.002971,1.413342,-0.002971,4.624350,0
2026-07-02 15:48:23.972700,1.007398,4.624350,1.415299,-0.002971,1.418524,-0.002971,4.624350,0
2026-07-02 15:48:23.974713,1.009590,4.619168,1.415299,-0.002971,1.418524,-0.002971,4.619168,0
2026-07-02 15:48:23.976723,1.011841,4.629532,1.415299,-0.008152,1.413342,-0.008152,4.629532,0
2026-07-02 15:48:23.980394,1.014121,4.629532,1.415299,-0.002971,1.413342,-0.002971,4.629532,0
2026-07-02 15:48:23.980394,1.016443,4.624350,1.415299,-0.008152,1.413342,-0.008152,4.624350,0
2026-07-02 15:48:23.980394,1.018664,4.629532,1.415299,-0.008152,1.413342,-0.008152,4.629532,0
2026-07-02 15:48:23.980394,1.020977,4.619168,1.410120,-0.002971,1.418524,-0.002971,4.619168,0
2026-07-02 15:48:23.989795,1.023418,4.629532,1.415299,-0.008152,1.413342,-0.008152,4.629532,0
2026-07-02 15:48:23.994835,1.025799,4.629532,1.415299,-0.008152,1.413342,-0.008152,4.629532,0
2026-07-02 15:48:23.996173,1.031312,4.619168,1.410120,-0.002971,1.413342,-0.002971,4.619168,0
2026-07-02 15:48:23.998189,1.033660,4.624350,1.415299,-0.002971,1.418524,-0.002971,4.624350,0
2026-07-02 15:48:24.001197,1.035989,4.619168,1.415299,-0.002971,1.413342,-0.002971,4.619168,0
2026-07-02 15:48:24.001197,1.038316,4.619168,1.415299,-0.002971,1.413342,-0.002971,4.619168,0
2026-07-02 15:48:24.001197,1.040601,4.634713,1.415299,-0.002971,1.418524,-0.002971,4.634713,0
2026-07-02 15:48:24.001197,1.042881,4.624350,1.415299,-0.002971,1.413342,-0.002971,4.624350,0
2026-07-02 15:48:24.011546,1.045170,4.619168,1.415299,-0.002971,1.413342,-0.002971,4.619168,0
2026-07-02 15:48:24.013561,1.048214,4.629532,1.415299,-0.002971,1.418524,-0.002971,4.629532,0
2026-07-02 15:48:24.013561,1.050526,4.629532,1.415299,-0.002971,1.418524,-0.002971,4.629532,0
2026-07-02 15:48:24.013561,1.052785,4.629532,1.415299,-0.002971,1.418524,-0.002971,4.629532,0
2026-07-02 15:48:24.020213,1.055188,4.619168,1.415299,-0.002971,1.418524,-0.002971,4.619168,0
2026-07-02 15:48:24.022874,1.057480,4.624350,1.415299,-0.002971,1.413342,-0.002971,4.624350,0
2026-07-02 15:48:24.024888,1.059767,4.624350,1.415299,-0.008152,1.418524,-0.008152,4.624350,0
2026-07-02 15:48:24.026903,1.062026,4.619168,1.415299,-0.002971,1.413342,-0.002971,4.619168,0
2026-07-02 15:48:24.028920,1.064327,4.629532,1.415299,-0.002971,1.413342,-0.002971,4.629532,0
2026-07-02 15:48:24.032389,1.066732,4.619168,1.415299,-0.002971,1.413342,-0.002971,4.619168,0
2026-07-02 15:48:24.032389,1.069164,4.613987,1.415299,-0.002971,1.413342,-0.002971,4.613987,0
2026-07-02 15:48:24.038990,1.071459,4.629532,1.415299,-0.002971,1.418524,-0.002971,4.629532,0
2026-07-02 15:48:24.038990,1.075476,4.629532,1.415299,-0.002971,1.413342,-0.002971,4.629532,0
2026-07-02 15:48:24.042849,1.078293,4.624350,1.415299,-0.002971,1.418524,-0.002971,4.624350,0
2026-07-02 15:48:24.050534,1.080655,4.624350,1.415299,-0.002971,1.418524,-0.002971,4.624350,0
2026-07-02 15:48:24.062648,1.087906,4.634713,1.415299,-0.002971,1.413342,-0.002971,4.634713,0
2026-07-02 15:48:24.063661,1.098591,4.624350,1.415299,-0.002971,1.413342,-0.002971,4.624350,0
2026-07-02 15:48:24.063661,1.101225,4.624350,1.410120,-0.002971,1.418524,-0.002971,4.624350,0
2026-07-02 15:48:24.063661,1.103585,4.619168,1.415299,-0.002971,1.413342,-0.002971,4.619168,0
2026-07-02 15:48:24.063661,1.105892,4.629532,1.415299,-0.002971,1.413342,-0.002971,4.629532,0
2026-07-02 15:48:24.073768,1.108194,4.619168,1.410120,-0.002971,1.413342,-0.002971,4.619168,0
2026-07-02 15:48:24.073768,1.110548,4.624350,1.415299,-0.002971,1.413342,-0.002971,4.624350,0
2026-07-02 15:48:24.078939,1.112854,4.629532,1.415299,-0.002971,1.418524,-0.002971,4.629532,0
2026-07-02 15:48:24.080950,1.115120,4.619168,1.415299,-0.002971,1.418524,-0.002971,4.619168,0
2026-07-02 15:48:24.080950,1.117323,4.624350,1.415299,-0.002971,1.413342,-0.002971,4.624350,0
2026-07-02 15:48:24.084176,1.119644,4.629532,1.415299,-0.002971,1.413342,-0.002971,4.629532,0
2026-07-02 15:48:24.089437,1.122166,4.629532,1.415299,-0.002971,1.413342,-0.002971,4.629532,0
2026-07-02 15:48:24.091365,1.125209,4.624350,1.415299,-0.002971,1.413342,-0.002971,4.624350,0
2026-07-02 15:48:24.092378,1.127709,4.629532,1.415299,-0.002971,1.413342,-0.002971,4.629532,0
2026-07-02 15:48:24.096418,1.129973,4.613987,1.415299,-0.002971,1.413342,-0.002971,4.613987,0
2026-07-02 15:48:24.099778,1.132208,4.629532,1.415299,-0.008152,1.413342,-0.008152,4.629532,0
2026-07-02 15:48:24.100789,1.136108,4.629532,1.415299,-0.002971,1.413342,-0.002971,4.629532,0
2026-07-02 15:48:24.105610,1.138506,4.624350,1.415299,-0.002971,1.413342,-0.002971,4.624350,0
2026-07-02 15:48:24.108586,1.141494,4.629532,1.415299,-0.002971,1.413342,-0.002971,4.629532,0
2026-07-02 15:48:24.115898,1.144554,4.629532,1.415299,-0.002971,1.418524,-0.002971,4.629532,0
2026-07-02 15:48:24.132126,1.152812,4.629532,1.415299,-0.008152,1.418524,-0.008152,4.629532,0
2026-07-02 15:48:24.135058,1.168258,4.624350,1.415299,-0.002971,1.413342,-0.002971,4.624350,0
2026-07-02 15:48:24.137186,1.171687,4.629532,1.415299,-0.002971,1.413342,-0.002971,4.629532,0
2026-07-02 15:48:24.140680,1.174019,4.634713,1.415299,-0.002971,1.418524,-0.002971,4.634713,0
2026-07-02 15:48:24.143695,1.177019,4.624350,1.410120,-0.002971,1.413342,-0.002971,4.624350,0
2026-07-02 15:48:24.155436,1.179472,4.629532,1.415299,-0.002971,1.413342,-0.002971,4.629532,0
2026-07-02 15:48:24.158369,1.192844,4.624350,1.415299,-0.008152,1.418524,-0.008152,4.624350,0
2026-07-02 15:48:24.161352,1.195293,4.629532,1.415299,-0.008152,1.413342,-0.008152,4.629532,0
2026-07-02 15:48:24.163364,1.198002,4.619168,1.410120,-0.002971,1.418524,-0.002971,4.619168,0
2026-07-02 15:48:24.166964,1.200439,4.624350,1.415299,-0.002971,1.413342,-0.002971,4.624350,0
2026-07-02 15:48:24.169046,1.202958,4.624350,1.415299,-0.002971,1.413342,-0.002971,4.624350,0
2026-07-02 15:48:24.177815,1.205359,4.613987,1.415299,-0.002971,1.413342,-0.002971,4.613987,0
2026-07-02 15:48:24.182774,1.214829,4.624350,1.415299,-0.002971,1.413342,-0.002971,4.624350,0
2026-07-02 15:48:24.186360,1.219700,4.634713,1.415299,-0.008152,1.413342,-0.008152,4.634713,0
2026-07-02 15:48:24.190755,1.223633,4.619168,1.415299,-0.002971,1.413342,-0.002971,4.619168,0
2026-07-02 15:48:24.196027,1.227822,4.629532,1.415299,-0.002971,1.413342,-0.002971,4.629532,0
2026-07-02 15:48:24.199130,1.231921,4.624350,1.415299,-0.002971,1.413342,-0.002971,4.624350,0
2026-07-02 15:48:24.202817,1.235984,4.629532,1.415299,-0.002971,1.418524,-0.002971,4.629532,0
2026-07-02 15:48:24.203921,1.238722,4.624350,1.415299,-0.002971,1.413342,-0.002971,4.624350,0
2026-07-02 15:48:24.205934,1.241055,4.619168,1.415299,-0.002971,1.413342,-0.002971,4.619168,0
2026-07-02 15:48:24.209935,1.243315,4.624350,1.415299,-0.002971,1.413342,-0.002971,4.624350,0
2026-07-02 15:48:24.211951,1.245695,4.624350,1.415299,-0.008152,1.413342,-0.008152,4.624350,0
2026-07-02 15:48:24.213966,1.248022,4.619168,1.415299,-0.002971,1.413342,-0.002971,4.619168,0
2026-07-02 15:48:24.216365,1.250248,4.624350,1.415299,-0.002971,1.413342,-0.002971,4.624350,0
2026-07-02 15:48:24.219150,1.252529,4.624350,1.415299,-0.002971,1.413342,-0.002971,4.624350,0
2026-07-02 15:48:24.221165,1.255198,4.619168,1.415299,-0.002971,1.413342,-0.002971,4.619168,0
2026-07-02 15:48:24.223869,1.257619,4.613987,1.415299,-0.002971,1.418524,-0.002971,4.613987,0
2026-07-02 15:48:24.228331,1.261402,4.629532,1.415299,-0.002971,1.413342,-0.002971,4.629532,0
2026-07-02 15:48:24.229188,1.264528,4.624350,1.415299,-0.002971,1.418524,-0.002971,4.624350,0
2026-07-02 15:48:24.233284,1.266844,4.624350,1.415299,-0.002971,1.413342,-0.002971,4.624350,0
2026-07-02 15:48:24.236703,1.270218,4.629532,1.415299,-0.002971,1.418524,-0.002971,4.629532,0
2026-07-02 15:48:24.237714,1.272601,4.629532,1.415299,-0.008152,1.413342,-0.008152,4.629532,0
2026-07-02 15:48:24.242031,1.275001,4.624350,1.415299,-0.002971,1.418524,-0.002971,4.624350,0
2026-07-02 15:48:24.244671,1.278859,4.629532,1.415299,-0.002971,1.413342,-0.002971,4.629532,0
2026-07-02 15:48:24.246685,1.281137,4.624350,1.415299,-0.008152,1.418524,-0.008152,4.624350,0
2026-07-02 15:48:24.251638,1.283462,4.619168,1.415299,-0.002971,1.413342,-0.002971,4.619168,0
2026-07-02 15:48:24.254535,1.287740,4.624350,1.415299,-0.002971,1.413342,-0.002971,4.624350,0
2026-07-02 15:48:24.258804,1.291982,4.624350,1.415299,-0.002971,1.418524,-0.002971,4.624350,0
2026-07-02 15:48:24.261444,1.294684,4.619168,1.415299,-0.002971,1.413342,-0.002971,4.619168,0
2026-07-02 15:48:24.264049,1.297694,4.624350,1.415299,-0.002971,1.413342,-0.002971,4.624350,0
2026-07-02 15:48:24.266848,1.300155,4.629532,1.415299,-0.008152,1.413342,-0.008152,4.629532,0
2026-07-02 15:48:24.268448,1.302792,4.629532,1.415299,-0.002971,1.418524,-0.002971,4.629532,0
2026-07-02 15:48:24.270463,1.305110,4.629532,1.415299,-0.008152,1.413342,-0.008152,4.629532,0
2026-07-02 15:48:24.272479,1.307450,4.624350,1.415299,-0.002971,1.413342,-0.002971,4.624350,0
2026-07-02 15:48:24.276206,1.309773,4.624350,1.415299,-0.002971,1.413342,-0.002971,4.624350,0
2026-07-02 15:48:24.277316,1.312465,4.624350,1.415299,-0.008152,1.413342,-0.008152,4.624350,0
2026-07-02 15:48:24.281343,1.314795,4.624350,1.415299,-0.008152,1.413342,-0.008152,4.624350,0
2026-07-02 15:48:24.283353,1.317100,4.619168,1.415299,-0.002971,1.413342,-0.002971,4.619168,0
2026-07-02 15:48:24.287530,1.320764,4.619168,1.415299,-0.002971,1.413342,-0.002971,4.619168,0
2026-07-02 15:48:24.288271,1.323416,4.624350,1.415299,-0.008152,1.418524,-0.008152,4.624350,0
2026-07-02 15:48:24.293632,1.325947,4.629532,1.415299,-0.002971,1.413342,-0.002971,4.629532,0
2026-07-02 15:48:24.295812,1.329992,4.613987,1.415299,-0.002971,1.413342,-0.002971,4.613987,0
2026-07-02 15:48:24.298837,1.332524,4.634713,1.415299,-0.008152,1.418524,-0.008152,4.634713,0
2026-07-02 15:48:24.300416,1.334821,4.619168,1.415299,-0.002971,1.413342,-0.002971,4.619168,0
2026-07-02 15:48:24.305948,1.337358,4.619168,1.415299,-0.002971,1.413342,-0.002971,4.619168,0
2026-07-02 15:48:24.309883,1.342283,4.629532,1.415299,-0.002971,1.413342,-0.002971,4.629532,0
2026-07-02 15:48:24.312704,1.346383,4.613987,1.415299,-0.002971,1.413342,-0.002971,4.613987,0
2026-07-02 15:48:24.314719,1.348760,4.624350,1.415299,-0.002971,1.418524,-0.002971,4.624350,0
2026-07-02 15:48:24.318110,1.351195,4.629532,1.415299,-0.002971,1.418524,-0.002971,4.629532,0
2026-07-02 15:48:24.319421,1.354680,4.629532,1.415299,-0.002971,1.418524,-0.002971,4.629532,0
2026-07-02 15:48:24.323442,1.357213,4.619168,1.415299,-0.002971,1.418524,-0.002971,4.619168,0
2026-07-02 15:48:24.326985,1.359459,4.624350,1.415299,-0.008152,1.418524,-0.008152,4.624350,0
2026-07-02 15:48:24.328374,1.363069,4.629532,1.420479,-0.002971,1.413342,-0.002971,4.629532,0
2026-07-02 15:48:24.330384,1.365386,4.629532,1.415299,-0.008152,1.413342,-0.008152,4.629532,0
2026-07-02 15:48:24.333514,1.367809,4.624350,1.415299,-0.002971,1.413342,-0.002971,4.624350,0
2026-07-02 15:48:24.335720,1.370634,4.624350,1.415299,-0.002971,1.413342,-0.002971,4.624350,0
2026-07-02 15:48:24.338234,1.372953,4.629532,1.415299,-0.002971,1.413342,-0.002971,4.629532,0
2026-07-02 15:48:24.340250,1.375402,4.624350,1.415299,-0.008152,1.418524,-0.008152,4.624350,0
2026-07-02 15:48:24.344434,1.377886,4.629532,1.415299,-0.002971,1.418524,-0.002971,4.629532,0
2026-07-02 15:48:24.346447,1.380314,4.629532,1.415299,-0.002971,1.418524,-0.002971,4.629532,0
2026-07-02 15:48:24.348457,1.382662,4.624350,1.415299,-0.008152,1.413342,-0.008152,4.624350,0
2026-07-02 15:48:24.351011,1.385035,4.624350,1.415299,-0.008152,1.418524,-0.008152,4.624350,0
2026-07-02 15:48:24.353331,1.387470,4.619168,1.415299,-0.002971,1.418524,-0.002971,4.619168,0
2026-07-02 15:48:24.356684,1.389975,4.624350,1.415299,-0.008152,1.413342,-0.008152,4.624350,0
2026-07-02 15:48:24.358534,1.392384,4.619168,1.410120,-0.002971,1.418524,-0.002971,4.619168,0
2026-07-02 15:48:24.359556,1.394694,4.624350,1.415299,-0.002971,1.413342,-0.002971,4.624350,0
2026-07-02 15:48:24.363583,1.397051,4.629532,1.415299,-0.002971,1.413342,-0.002971,4.629532,0
2026-07-02 15:48:24.364114,1.399333,4.624350,1.415299,-0.002971,1.418524,-0.002971,4.624350,0
2026-07-02 15:48:24.369493,1.401641,4.629532,1.415299,-0.008152,1.413342,-0.008152,4.629532,0
2026-07-02 15:48:24.371446,1.406046,4.624350,1.415299,-0.008152,1.418524,-0.008152,4.624350,0
2026-07-02 15:48:24.375158,1.408625,4.629532,1.415299,-0.002971,1.418524,-0.002971,4.629532,0
2026-07-02 15:48:24.377174,1.411281,4.613987,1.415299,-0.002971,1.413342,-0.002971,4.613987,0
2026-07-02 15:48:24.379192,1.413526,4.629532,1.415299,-0.002971,1.413342,-0.002971,4.629532,0
2026-07-02 15:48:24.381209,1.415872,4.619168,1.415299,-0.008152,1.413342,-0.008152,4.619168,0
2026-07-02 15:48:24.383911,1.418142,4.624350,1.415299,-0.002971,1.413342,-0.002971,4.624350,0
2026-07-02 15:48:24.385985,1.420450,4.634713,1.415299,-0.008152,1.413342,-0.008152,4.634713,0
2026-07-02 15:48:24.387998,1.422723,4.629532,1.415299,-0.008152,1.413342,-0.008152,4.629532,0
2026-07-02 15:48:24.392020,1.424984,4.619168,1.415299,-0.002971,1.413342,-0.002971,4.619168,0
2026-07-02 15:48:24.393747,1.427836,4.624350,1.415299,-0.002971,1.413342,-0.002971,4.624350,0
2026-07-02 15:48:24.396693,1.430126,4.613987,1.415299,-0.002971,1.418524,-0.002971,4.613987,0
2026-07-02 15:48:24.398709,1.432373,4.619168,1.415299,-0.002971,1.413342,-0.002971,4.619168,0
2026-07-02 15:48:24.400749,1.434585,4.624350,1.415299,-0.002971,1.418524,-0.002971,4.624350,0
2026-07-02 15:48:24.403377,1.437375,4.619168,1.415299,-0.002971,1.413342,-0.002971,4.619168,0
2026-07-02 15:48:24.405512,1.439815,4.629532,1.415299,-0.008152,1.418524,-0.008152,4.629532,0
2026-07-02 15:48:24.410424,1.442243,4.624350,1.415299,-0.002971,1.413342,-0.002971,4.624350,0
2026-07-02 15:48:24.411289,1.446354,4.629532,1.415299,-0.002971,1.418524,-0.002971,4.629532,0
2026-07-02 15:48:24.415317,1.448812,4.624350,1.415299,-0.002971,1.413342,-0.002971,4.624350,0
2026-07-02 15:48:24.417508,1.451182,4.629532,1.415299,-0.002971,1.418524,-0.002971,4.629532,0
2026-07-02 15:48:24.420298,1.453550,4.629532,1.415299,-0.008152,1.413342,-0.008152,4.629532,0
2026-07-02 15:48:24.422313,1.456029,4.619168,1.415299,-0.002971,1.413342,-0.002971,4.619168,0
2026-07-02 15:48:24.424805,1.458338,4.619168,1.415299,-0.002971,1.418524,-0.002971,4.619168,0
2026-07-02 15:48:24.427259,1.461271,4.629532,1.415299,-0.008152,1.413342,-0.008152,4.629532,0
2026-07-02 15:48:24.429274,1.463637,4.624350,1.415299,-0.002971,1.418524,-0.002971,4.624350,0
2026-07-02 15:48:24.430784,1.465981,4.624350,1.415299,-0.002971,1.413342,-0.002971,4.624350,0
2026-07-02 15:48:24.434809,1.468247,4.629532,1.415299,-0.002971,1.413342,-0.002971,4.629532,0
2026-07-02 15:48:24.436821,1.470624,4.624350,1.415299,-0.002971,1.418524,-0.002971,4.624350,0
2026-07-02 15:48:24.438836,1.473023,4.629532,1.415299,-0.008152,1.413342,-0.008152,4.629532,0
2026-07-02 15:48:24.440851,1.475266,4.624350,1.415299,-0.002971,1.413342,-0.002971,4.624350,0
2026-07-02 15:48:24.444063,1.477876,4.624350,1.415299,-0.002971,1.418524,-0.002971,4.624350,0
2026-07-02 15:48:24.446079,1.480206,4.619168,1.415299,-0.002971,1.413342,-0.002971,4.619168,0
2026-07-02 15:48:24.448093,1.482455,4.624350,1.415299,-0.002971,1.418524,-0.002971,4.624350,0
2026-07-02 15:48:24.451115,1.484637,4.624350,1.415299,-0.002971,1.418524,-0.002971,4.624350,0
2026-07-02 15:48:24.452226,1.487219,4.613987,1.415299,-0.002971,1.413342,-0.002971,4.613987,0
2026-07-02 15:48:24.456252,1.489704,4.629532,1.415299,-0.002971,1.418524,-0.002971,4.629532,0
2026-07-02 15:48:24.458260,1.491996,4.624350,1.415299,-0.008152,1.413342,-0.008152,4.624350,0
2026-07-02 15:48:24.461283,1.494816,4.629532,1.415299,-0.002971,1.413342,-0.002971,4.629532,0
2026-07-02 15:48:24.463298,1.497186,4.619168,1.415299,-0.002971,1.413342,-0.002971,4.619168,0
2026-07-02 15:48:24.465313,1.499538,4.629532,1.415299,-0.002971,1.413342,-0.002971,4.629532,0
2026-07-02 15:48:24.468068,1.501764,4.629532,1.415299,-0.008152,1.413342,-0.008152,4.629532,0
2026-07-02 15:48:24.470081,1.504456,4.624350,1.415299,-0.008152,1.418524,-0.008152,4.624350,0
2026-07-02 15:48:24.471596,1.506842,4.624350,1.415299,-0.008152,1.418524,-0.008152,4.624350,0
2026-07-02 15:48:24.475621,1.509082,4.619168,1.415299,-0.008152,1.413342,-0.008152,4.619168,0
2026-07-02 15:48:24.476127,1.511353,4.619168,1.415299,-0.002971,1.418524,-0.002971,4.619168,0
2026-07-02 15:48:24.480153,1.513682,4.624350,1.415299,-0.002971,1.418524,-0.002971,4.624350,0
2026-07-02 15:48:24.481914,1.515982,4.629532,1.415299,-0.002971,1.413342,-0.002971,4.629532,0
2026-07-02 15:48:24.484431,1.518184,4.629532,1.415299,-0.002971,1.413342,-0.002971,4.629532,0
2026-07-02 15:48:24.486962,1.520505,4.619168,1.415299,-0.008152,1.418524,-0.008152,4.619168,0
2026-07-02 15:48:24.488974,1.523020,4.613987,1.415299,-0.002971,1.413342,-0.002971,4.613987,0
2026-07-02 15:48:24.491585,1.525237,4.613987,1.415299,-0.002971,1.413342,-0.002971,4.613987,0
2026-07-02 15:48:24.492923,1.527583,4.629532,1.415299,-0.008152,1.418524,-0.008152,4.629532,0
2026-07-02 15:48:24.494938,1.530162,4.619168,1.415299,-0.002971,1.418524,-0.002971,4.619168,0
2026-07-02 15:48:24.498966,1.532605,4.619168,1.415299,-0.002971,1.418524,-0.002971,4.619168,0
2026-07-02 15:48:24.501864,1.535009,4.629532,1.415299,-0.008152,1.413342,-0.008152,4.629532,0
2026-07-02 15:48:24.503880,1.537923,4.629532,1.415299,-0.008152,1.413342,-0.008152,4.629532,0
2026-07-02 15:48:24.505129,1.540360,4.629532,1.415299,-0.002971,1.413342,-0.002971,4.629532,0
2026-07-02 15:48:24.509237,1.542721,4.624350,1.415299,-0.002971,1.413342,-0.002971,4.624350,0
2026-07-02 15:48:24.510378,1.545338,4.624350,1.415299,-0.002971,1.413342,-0.002971,4.624350,0
2026-07-02 15:48:24.512792,1.547729,4.629532,1.415299,-0.008152,1.418524,-0.008152,4.629532,0
2026-07-02 15:48:24.518201,1.550260,4.619168,1.415299,-0.002971,1.413342,-0.002971,4.619168,0
2026-07-02 15:48:24.519004,1.553963,4.629532,1.415299,-0.002971,1.413342,-0.002971,4.629532,0
2026-07-02 15:48:24.522531,1.556480,4.619168,1.415299,-0.002971,1.418524,-0.002971,4.619168,0
2026-07-02 15:48:24.524548,1.558926,4.624350,1.415299,-0.002971,1.418524,-0.002971,4.624350,0
2026-07-02 15:48:24.527154,1.561430,4.629532,1.415299,-0.002971,1.413342,-0.002971,4.629532,0
2026-07-02 15:48:24.531186,1.564699,4.619168,1.415299,-0.002971,1.413342,-0.002971,4.619168,0
2026-07-02 15:48:24.532941,1.567252,4.619168,1.415299,-0.002971,1.413342,-0.002971,4.619168,0
2026-07-02 15:48:24.535647,1.569624,4.624350,1.415299,-0.002971,1.413342,-0.002971,4.624350,0
2026-07-02 15:48:24.537665,1.572145,4.619168,1.415299,-0.002971,1.413342,-0.002971,4.619168,0
2026-07-02 15:48:24.541227,1.574599,4.629532,1.415299,-0.002971,1.418524,-0.002971,4.629532,0
2026-07-02 15:48:24.543739,1.577406,4.634713,1.415299,-0.008152,1.418524,-0.008152,4.634713,0
2026-07-02 15:48:24.546483,1.579829,4.629532,1.415299,-0.002971,1.413342,-0.002971,4.629532,0
2026-07-02 15:48:24.547024,1.582259,4.624350,1.415299,-0.002971,1.413342,-0.002971,4.624350,0
2026-07-02 15:48:24.551045,1.584626,4.629532,1.415299,-0.002971,1.418524,-0.002971,4.629532,0
2026-07-02 15:48:24.553953,1.587611,4.624350,1.415299,-0.002971,1.413342,-0.002971,4.624350,0
2026-07-02 15:48:24.554891,1.589994,4.619168,1.415299,-0.002971,1.413342,-0.002971,4.619168,0
2026-07-02 15:48:24.554891,1.592405,4.629532,1.415299,-0.008152,1.413342,-0.008152,4.629532,0
2026-07-02 15:48:24.560413,1.594710,4.619168,1.415299,-0.002971,1.413342,-0.002971,4.619168,0
2026-07-02 15:48:24.562427,1.597236,4.619168,1.415299,-0.002971,1.413342,-0.002971,4.619168,0
2026-07-02 15:48:24.564183,1.599738,4.629532,1.415299,-0.008152,1.413342,-0.008152,4.629532,0
2026-07-02 15:48:24.566648,1.602121,4.624350,1.415299,-0.002971,1.418524,-0.002971,4.624350,0
2026-07-02 15:48:24.566648,1.604528,4.619168,1.415299,-0.002971,1.413342,-0.002971,4.619168,0
2026-07-02 15:48:24.566648,1.606968,4.624350,1.415299,-0.002971,1.418524,-0.002971,4.624350,0
2026-07-02 15:48:24.575905,1.609374,4.624350,1.415299,-0.002971,1.418524,-0.002971,4.624350,0
2026-07-02 15:48:24.577921,1.611832,4.629532,1.415299,-0.002971,1.418524,-0.002971,4.629532,0
2026-07-02 15:48:24.579937,1.614256,4.629532,1.415299,-0.008152,1.418524,-0.008152,4.629532,0
2026-07-02 15:48:24.581953,1.616697,4.629532,1.415299,-0.002971,1.413342,-0.002971,4.629532,0
2026-07-02 15:48:24.585077,1.619041,4.624350,1.415299,-0.002971,1.413342,-0.002971,4.624350,0
2026-07-02 15:48:24.587091,1.621512,4.629532,1.415299,-0.008152,1.413342,-0.008152,4.629532,0
2026-07-02 15:48:24.589106,1.624048,4.619168,1.415299,-0.002971,1.413342,-0.002971,4.619168,0
2026-07-02 15:48:24.591118,1.626560,4.624350,1.415299,-0.002971,1.413342,-0.002971,4.624350,0
2026-07-02 15:48:24.594436,1.628993,4.619168,1.415299,-0.002971,1.413342,-0.002971,4.619168,0
2026-07-02 15:48:24.597321,1.631433,4.619168,1.415299,-0.002971,1.413342,-0.002971,4.619168,0
2026-07-02 15:48:24.597321,1.633954,4.624350,1.415299,-0.008152,1.413342,-0.008152,4.624350,0
2026-07-02 15:48:24.597321,1.636231,4.624350,1.415299,-0.008152,1.413342,-0.008152,4.624350,0
2026-07-02 15:48:24.604609,1.638621,4.624350,1.415299,-0.002971,1.413342,-0.002971,4.624350,0
2026-07-02 15:48:24.605752,1.641073,4.624350,1.415299,-0.002971,1.413342,-0.002971,4.624350,0
2026-07-02 15:48:24.605752,1.643631,4.629532,1.415299,-0.002971,1.413342,-0.002971,4.629532,0
2026-07-02 15:48:24.605752,1.646061,4.619168,1.410120,-0.002971,1.413342,-0.002971,4.619168,0
2026-07-02 15:48:24.614915,1.648649,4.629532,1.415299,-0.002971,1.413342,-0.002971,4.629532,0
2026-07-02 15:48:24.617667,1.651073,4.619168,1.415299,-0.002971,1.413342,-0.002971,4.619168,0
2026-07-02 15:48:24.619072,1.653464,4.629532,1.415299,-0.002971,1.418524,-0.002971,4.629532,0
2026-07-02 15:48:24.619072,1.656046,4.619168,1.415299,-0.002971,1.418524,-0.002971,4.619168,0
2026-07-02 15:48:24.624937,1.658600,4.629532,1.415299,-0.002971,1.413342,-0.002971,4.629532,0
2026-07-02 15:48:24.625639,1.660916,4.629532,1.415299,-0.002971,1.418524,-0.002971,4.629532,0
2026-07-02 15:48:24.625639,1.663394,4.624350,1.415299,-0.002971,1.413342,-0.002971,4.624350,0
2026-07-02 15:48:24.625639,1.665970,4.624350,1.415299,-0.002971,1.413342,-0.002971,4.624350,0
2026-07-02 15:48:24.635136,1.668524,4.634713,1.415299,-0.008152,1.413342,-0.008152,4.634713,0
2026-07-02 15:48:24.635136,1.671013,4.624350,1.415299,-0.002971,1.413342,-0.002971,4.624350,0
2026-07-02 15:48:24.639936,1.673490,4.624350,1.415299,-0.002971,1.418524,-0.002971,4.624350,0
2026-07-02 15:48:24.639936,1.675812,4.624350,1.415299,-0.008152,1.418524,-0.008152,4.624350,0
2026-07-02 15:48:24.639936,1.678110,4.629532,1.415299,-0.002971,1.413342,-0.002971,4.629532,0
2026-07-02 15:48:24.645472,1.680536,4.629532,1.415299,-0.002971,1.413342,-0.002971,4.629532,0
2026-07-02 15:48:24.645472,1.682915,4.629532,1.415299,-0.008152,1.413342,-0.008152,4.629532,0
2026-07-02 15:48:24.645472,1.685528,4.619168,1.415299,-0.002971,1.418524,-0.002971,4.619168,0
2026-07-02 15:48:24.645472,1.687956,4.619168,1.415299,-0.002971,1.413342,-0.002971,4.619168,0
2026-07-02 15:48:24.655915,1.690485,4.624350,1.415299,-0.002971,1.413342,-0.002971,4.624350,0
2026-07-02 15:48:24.655915,1.692909,4.619168,1.415299,-0.002971,1.413342,-0.002971,4.619168,0
2026-07-02 15:48:24.655915,1.695586,4.629532,1.415299,-0.002971,1.413342,-0.002971,4.629532,0
2026-07-02 15:48:24.664738,1.698273,4.629532,1.415299,-0.002971,1.413342,-0.002971,4.629532,0
2026-07-02 15:48:24.666878,1.700845,4.619168,1.415299,-0.002971,1.418524,-0.002971,4.619168,0
2026-07-02 15:48:24.666878,1.703433,4.624350,1.415299,-0.002971,1.413342,-0.002971,4.624350,0
2026-07-02 15:48:24.666878,1.706262,4.624350,1.415299,-0.002971,1.413342,-0.002971,4.624350,0
2026-07-02 15:48:24.666878,1.708699,4.619168,1.415299,-0.002971,1.418524,-0.002971,4.619168,0
2026-07-02 15:48:24.676603,1.711172,4.629532,1.415299,-0.002971,1.413342,-0.002971,4.629532,0
2026-07-02 15:48:24.676603,1.713611,4.634713,1.415299,-0.008152,1.413342,-0.008152,4.634713,0
2026-07-02 15:48:24.676603,1.716036,4.619168,1.415299,-0.002971,1.418524,-0.002971,4.619168,0
2026-07-02 15:48:24.676603,1.718463,4.624350,1.410120,-0.002971,1.413342,-0.002971,4.624350,0
2026-07-02 15:48:24.686655,1.720985,4.629532,1.415299,-0.002971,1.413342,-0.002971,4.629532,0
2026-07-02 15:48:24.686655,1.723458,4.629532,1.415299,-0.008152,1.418524,-0.008152,4.629532,0
2026-07-02 15:48:24.686655,1.725856,4.619168,1.415299,-0.008152,1.418524,-0.008152,4.619168,0
2026-07-02 15:48:24.686655,1.728148,4.629532,1.415299,-0.002971,1.413342,-0.002971,4.629532,0
2026-07-02 15:48:24.696970,1.730621,4.624350,1.415299,-0.002971,1.413342,-0.002971,4.624350,0
2026-07-02 15:48:24.697479,1.733128,4.629532,1.415299,-0.002971,1.413342,-0.002971,4.629532,0
2026-07-02 15:48:24.701323,1.735492,4.624350,1.415299,-0.008152,1.413342,-0.008152,4.624350,0
2026-07-02 15:48:24.702620,1.738129,4.619168,1.415299,-0.002971,1.413342,-0.002971,4.619168,0
2026-07-02 15:48:24.706887,1.740704,4.619168,1.415299,-0.002971,1.413342,-0.002971,4.619168,0
2026-07-02 15:48:24.706887,1.743244,4.624350,1.415299,-0.002971,1.418524,-0.002971,4.624350,0
2026-07-02 15:48:24.706887,1.745870,4.629532,1.415299,-0.008152,1.413342,-0.008152,4.629532,0
2026-07-02 15:48:24.706887,1.748280,4.619168,1.415299,-0.002971,1.413342,-0.002971,4.619168,0
2026-07-02 15:48:24.715659,1.750784,4.619168,1.415299,-0.002971,1.413342,-0.002971,4.619168,0
2026-07-02 15:48:24.717985,1.753324,4.624350,1.415299,-0.002971,1.413342,-0.002971,4.624350,0
2026-07-02 15:48:24.717985,1.755933,4.624350,1.415299,-0.002971,1.413342,-0.002971,4.624350,0
2026-07-02 15:48:24.717985,1.758356,4.619168,1.415299,-0.002971,1.413342,-0.002971,4.619168,0
2026-07-02 15:48:24.725672,1.760614,4.629532,1.415299,-0.002971,1.418524,-0.002971,4.629532,0
2026-07-02 15:48:24.725672,1.763118,4.619168,1.415299,-0.002971,1.418524,-0.002971,4.619168,0
2026-07-02 15:48:24.725672,1.765557,4.619168,1.415299,-0.002971,1.413342,-0.002971,4.619168,0
2026-07-02 15:48:24.733505,1.767919,4.634713,1.415299,-0.002971,1.413342,-0.002971,4.634713,0
2026-07-02 15:48:24.735935,1.770297,4.624350,1.415299,-0.002971,1.413342,-0.002971,4.624350,0
2026-07-02 15:48:24.735935,1.772743,4.624350,1.415299,-0.002971,1.418524,-0.002971,4.624350,0
2026-07-02 15:48:24.742501,1.775142,4.624350,1.415299,-0.002971,1.413342,-0.002971,4.624350,0
2026-07-02 15:48:24.742501,1.778199,4.624350,1.415299,-0.008152,1.413342,-0.008152,4.624350,0
2026-07-02 15:48:24.746159,1.780587,4.624350,1.415299,-0.002971,1.418524,-0.002971,4.624350,0
2026-07-02 15:48:24.746159,1.783091,4.613987,1.415299,-0.002971,1.413342,-0.002971,4.613987,0
2026-07-02 15:48:24.746159,1.785494,4.624350,1.415299,-0.002971,1.418524,-0.002971,4.624350,0
2026-07-02 15:48:24.746159,1.787841,4.624350,1.415299,-0.002971,1.413342,-0.002971,4.624350,0
2026-07-02 15:48:24.756357,1.790344,4.624350,1.415299,-0.002971,1.413342,-0.002971,4.624350,0
2026-07-02 15:48:24.756357,1.792754,4.619168,1.415299,-0.002971,1.413342,-0.002971,4.619168,0
2026-07-02 15:48:24.756357,1.795150,4.629532,1.415299,-0.002971,1.413342,-0.002971,4.629532,0
2026-07-02 15:48:24.756357,1.797714,4.624350,1.415299,-0.002971,1.413342,-0.002971,4.624350,0
2026-07-02 15:48:24.766641,1.800228,4.624350,1.415299,-0.002971,1.413342,-0.002971,4.624350,0
2026-07-02 15:48:24.766641,1.802630,4.624350,1.415299,-0.002971,1.413342,-0.002971,4.624350,0
2026-07-02 15:48:24.766641,1.805160,4.613987,1.415299,-0.002971,1.413342,-0.002971,4.613987,0
2026-07-02 15:48:24.766641,1.807684,4.619168,1.415299,-0.002971,1.413342,-0.002971,4.619168,0
2026-07-02 15:48:24.766641,1.810251,4.619168,1.415299,-0.002971,1.418524,-0.002971,4.619168,0
2026-07-02 15:48:24.777139,1.812776,4.634713,1.415299,-0.008152,1.413342,-0.008152,4.634713,0
2026-07-02 15:48:24.777139,1.815274,4.624350,1.415299,-0.002971,1.413342,-0.002971,4.624350,0
2026-07-02 15:48:24.777139,1.817682,4.624350,1.415299,-0.008152,1.418524,-0.008152,4.624350,0
2026-07-02 15:48:24.777139,1.820294,4.624350,1.415299,-0.002971,1.418524,-0.002971,4.624350,0
2026-07-02 15:48:24.787373,1.822845,4.613987,1.415299,-0.002971,1.413342,-0.002971,4.613987,0
2026-07-02 15:48:24.787373,1.825514,4.624350,1.415299,-0.002971,1.413342,-0.002971,4.624350,0
2026-07-02 15:48:24.794383,1.827927,4.619168,1.415299,-0.002971,1.413342,-0.002971,4.619168,0
2026-07-02 15:48:24.794383,1.830505,4.624350,1.415299,-0.008152,1.413342,-0.008152,4.624350,0
2026-07-02 15:48:24.801343,1.833248,4.624350,1.415299,-0.008152,1.413342,-0.008152,4.624350,0
2026-07-02 15:48:24.801343,1.837306,4.629532,1.415299,-0.002971,1.418524,-0.002971,4.629532,0
2026-07-02 15:48:24.801343,1.839749,4.629532,1.415299,-0.002971,1.418524,-0.002971,4.629532,0
2026-07-02 15:48:24.807583,1.842285,4.629532,1.415299,-0.002971,1.413342,-0.002971,4.629532,0
2026-07-02 15:48:24.807583,1.845279,4.629532,1.415299,-0.002971,1.418524,-0.002971,4.629532,0
2026-07-02 15:48:24.807583,1.847800,4.624350,1.415299,-0.002971,1.418524,-0.002971,4.624350,0
2026-07-02 15:48:24.807583,1.850429,4.624350,1.415299,-0.008152,1.418524,-0.008152,4.624350,0
2026-07-02 15:48:24.817732,1.853002,4.629532,1.415299,-0.002971,1.413342,-0.002971,4.629532,0
2026-07-02 15:48:24.817732,1.855445,4.624350,1.415299,-0.002971,1.413342,-0.002971,4.624350,0
2026-07-02 15:48:24.817732,1.857971,4.629532,1.415299,-0.008152,1.413342,-0.008152,4.629532,0
2026-07-02 15:48:24.817732,1.860500,4.629532,1.415299,-0.008152,1.413342,-0.008152,4.629532,0
2026-07-02 15:48:24.827803,1.862969,4.629532,1.415299,-0.002971,1.418524,-0.002971,4.629532,0
2026-07-02 15:48:24.827803,1.865424,4.624350,1.415299,-0.002971,1.418524,-0.002971,4.624350,0
2026-07-02 15:48:24.827803,1.867962,4.624350,1.415299,-0.002971,1.413342,-0.002971,4.624350,0
2026-07-02 15:48:24.827803,1.870387,4.624350,1.415299,-0.002971,1.418524,-0.002971,4.624350,0
2026-07-02 15:48:24.838215,1.872749,4.629532,1.415299,-0.002971,1.413342,-0.002971,4.629532,0
2026-07-02 15:48:24.840934,1.875293,4.629532,1.415299,-0.008152,1.418524,-0.008152,4.629532,0
2026-07-02 15:48:24.844946,1.878674,4.629532,1.415299,-0.008152,1.413342,-0.008152,4.629532,0
2026-07-02 15:48:24.846952,1.881279,4.634713,1.415299,-0.002971,1.413342,-0.002971,4.634713,0
2026-07-02 15:48:24.850702,1.883809,4.619168,1.415299,-0.002971,1.418524,-0.002971,4.619168,0
2026-07-02 15:48:24.852706,1.886515,4.624350,1.415299,-0.002971,1.413342,-0.002971,4.624350,0
2026-07-02 15:48:24.852706,1.889076,4.629532,1.415299,-0.008152,1.413342,-0.008152,4.629532,0
2026-07-02 15:48:24.858741,1.891454,4.629532,1.415299,-0.002971,1.413342,-0.002971,4.629532,0
2026-07-02 15:48:24.860750,1.896215,4.619168,1.415299,-0.002971,1.413342,-0.002971,4.619168,0
2026-07-02 15:48:24.860750,1.898767,4.624350,1.415299,-0.002971,1.413342,-0.002971,4.624350,0
2026-07-02 15:48:24.860750,1.901344,4.629532,1.415299,-0.008152,1.413342,-0.008152,4.629532,0
2026-07-02 15:48:24.869092,1.903631,4.619168,1.415299,-0.002971,1.418524,-0.002971,4.619168,0
2026-07-02 15:48:24.869092,1.906159,4.613987,1.415299,-0.002971,1.413342,-0.002971,4.613987,0
2026-07-02 15:48:24.876278,1.908559,4.619168,1.415299,-0.002971,1.413342,-0.002971,4.619168,0
2026-07-02 15:48:24.876278,1.912177,4.624350,1.415299,-0.002971,1.418524,-0.002971,4.624350,0
2026-07-02 15:48:24.879620,1.914606,4.629532,1.415299,-0.002971,1.413342,-0.002971,4.629532,0
2026-07-02 15:48:24.879620,1.917083,4.624350,1.415299,-0.002971,1.413342,-0.002971,4.624350,0
2026-07-02 15:48:24.884683,1.920257,4.634713,1.415299,-0.008152,1.418524,-0.008152,4.634713,0
2026-07-02 15:48:24.884683,1.922619,4.624350,1.415299,-0.008152,1.413342,-0.008152,4.624350,0
2026-07-02 15:48:24.889924,1.924972,4.624350,1.415299,-0.002971,1.413342,-0.002971,4.624350,0
2026-07-02 15:48:24.892980,1.927335,4.629532,1.415299,-0.008152,1.413342,-0.008152,4.629532,0
2026-07-02 15:48:24.892980,1.929708,4.624350,1.415299,-0.002971,1.413342,-0.002971,4.624350,0
2026-07-02 15:48:24.897578,1.932327,4.629532,1.415299,-0.002971,1.418524,-0.002971,4.629532,0
2026-07-02 15:48:24.900537,1.934850,4.619168,1.415299,-0.002971,1.418524,-0.002971,4.619168,0
2026-07-02 15:48:24.900537,1.937330,4.629532,1.415299,-0.002971,1.413342,-0.002971,4.629532,0
2026-07-02 15:48:24.900537,1.939820,4.619168,1.410120,-0.002971,1.413342,-0.002971,4.619168,0
2026-07-02 15:48:24.909204,1.942237,4.619168,1.415299,-0.002971,1.413342,-0.002971,4.619168,0
2026-07-02 15:48:24.910066,1.945067,4.624350,1.415299,-0.002971,1.413342,-0.002971,4.624350,0
2026-07-02 15:48:24.910066,1.947517,4.634713,1.415299,-0.002971,1.413342,-0.002971,4.634713,0
2026-07-02 15:48:24.910066,1.949968,4.624350,1.415299,-0.002971,1.418524,-0.002971,4.624350,0
2026-07-02 15:48:24.917160,1.952314,4.629532,1.415299,-0.002971,1.413342,-0.002971,4.629532,0
2026-07-02 15:48:24.917160,1.954872,4.634713,1.415299,-0.002971,1.418524,-0.002971,4.634713,0
2026-07-02 15:48:24.917160,1.957339,4.624350,1.415299,-0.002971,1.413342,-0.002971,4.624350,0
2026-07-02 15:48:24.925156,1.959821,4.619168,1.415299,-0.002971,1.418524,-0.002971,4.619168,0
2026-07-02 15:48:24.927192,1.962143,4.619168,1.415299,-0.002971,1.413342,-0.002971,4.619168,0
2026-07-02 15:48:24.930744,1.964739,4.629532,1.415299,-0.002971,1.413342,-0.002971,4.629532,0
2026-07-02 15:48:24.933687,1.967134,4.624350,1.415299,-0.002971,1.413342,-0.002971,4.624350,0
2026-07-02 15:48:24.934128,1.969875,4.629532,1.415299,-0.008152,1.413342,-0.008152,4.629532,0
2026-07-02 15:48:24.934128,1.972460,4.629532,1.415299,-0.002971,1.418524,-0.002971,4.629532,0
2026-07-02 15:48:24.941458,1.974887,4.619168,1.415299,-0.002971,1.413342,-0.002971,4.619168,0
2026-07-02 15:48:24.941458,1.977625,4.629532,1.415299,-0.002971,1.418524,-0.002971,4.629532,0
2026-07-02 15:48:24.941458,1.980045,4.634713,1.415299,-0.002971,1.413342,-0.002971,4.634713,0
2026-07-02 15:48:24.941458,1.982539,4.629532,1.415299,-0.008152,1.418524,-0.008152,4.629532,0
2026-07-02 15:48:24.950052,1.985154,4.624350,1.415299,-0.002971,1.418524,-0.002971,4.624350,0
2026-07-02 15:48:24.950052,1.987576,4.619168,1.415299,-0.002971,1.413342,-0.002971,4.619168,0
2026-07-02 15:48:24.950052,1.989977,4.629532,1.415299,-0.002971,1.413342,-0.002971,4.629532,0
2026-07-02 15:48:24.957833,1.992378,4.634713,1.415299,-0.008152,1.413342,-0.008152,4.634713,0
2026-07-02 15:48:24.957833,1.994759,4.624350,1.415299,-0.008152,1.418524,-0.008152,4.624350,0
2026-07-02 15:48:24.957833,1.997246,4.624350,1.415299,-0.008152,1.413342,-0.008152,4.624350,0
2026-07-02 15:48:24.966080,1.999644,4.624350,1.415299,-0.002971,1.413342,-0.002971,4.624350,0
2026-07-02 15:48:24.966080,2.002177,4.624350,1.415299,-0.002971,1.413342,-0.002971,4.624350,0
2026-07-02 15:48:24.966080,2.004693,4.624350,1.415299,-0.002971,1.418524,-0.002971,4.624350,0
2026-07-02 15:48:24.966080,2.007322,4.624350,1.415299,-0.002971,1.413342,-0.002971,4.624350,0
2026-07-02 15:48:24.976504,2.009740,4.619168,1.415299,-0.008152,1.418524,-0.008152,4.619168,0
2026-07-02 15:48:24.976504,2.012339,4.624350,1.415299,-0.002971,1.418524,-0.002971,4.624350,0
2026-07-02 15:48:24.976504,2.014835,4.624350,1.415299,-0.008152,1.413342,-0.008152,4.624350,0
2026-07-02 15:48:24.976504,2.017362,4.629532,1.415299,-0.008152,1.413342,-0.008152,4.629532,0
2026-07-02 15:48:24.976504,2.019783,4.624350,1.415299,-0.008152,1.413342,-0.008152,4.624350,0
2026-07-02 15:48:24.987010,2.022122,4.629532,1.415299,-0.002971,1.413342,-0.002971,4.629532,0
2026-07-02 15:48:24.987010,2.024410,4.619168,1.415299,-0.002971,1.413342,-0.002971,4.619168,0
2026-07-02 15:48:24.987010,2.026841,4.629532,1.415299,-0.008152,1.418524,-0.008152,4.629532,0
2026-07-02 15:48:24.987010,2.029309,4.624350,1.415299,-0.002971,1.418524,-0.002971,4.624350,0
2026-07-02 15:48:24.997730,2.031835,4.624350,1.415299,-0.002971,1.413342,-0.002971,4.624350,0
2026-07-02 15:48:24.997730,2.034268,4.624350,1.415299,-0.002971,1.413342,-0.002971,4.624350,0
2026-07-02 15:48:24.997730,2.036695,4.619168,1.410120,-0.002971,1.413342,-0.002971,4.619168,0
2026-07-02 15:48:24.997730,2.039234,4.619168,1.415299,-0.002971,1.413342,-0.002971,4.619168,0
2026-07-02 15:48:25.008094,2.041741,4.629532,1.415299,-0.002971,1.418524,-0.002971,4.629532,0
2026-07-02 15:48:25.008094,2.044108,4.619168,1.415299,-0.002971,1.413342,-0.002971,4.619168,0
2026-07-02 15:48:25.008094,2.046568,4.624350,1.415299,-0.002971,1.413342,-0.002971,4.624350,0
2026-07-02 15:48:25.008094,2.049072,4.613987,1.415299,-0.002971,1.413342,-0.002971,4.613987,0
2026-07-02 15:48:25.018184,2.051584,4.624350,1.415299,-0.002971,1.413342,-0.002971,4.624350,0
2026-07-02 15:48:25.018184,2.054113,4.629532,1.415299,-0.002971,1.418524,-0.002971,4.629532,0
2026-07-02 15:48:25.018184,2.056510,4.619168,1.415299,-0.002971,1.418524,-0.002971,4.619168,0
2026-07-02 15:48:25.018184,2.058896,4.629532,1.415299,-0.002971,1.413342,-0.002971,4.629532,0
2026-07-02 15:48:25.018184,2.061389,4.634713,1.415299,-0.002971,1.418524,-0.002971,4.634713,0
2026-07-02 15:48:25.028258,2.063895,4.629532,1.415299,-0.002971,1.418524,-0.002971,4.629532,0
2026-07-02 15:48:25.028258,2.066460,4.624350,1.415299,-0.002971,1.413342,-0.002971,4.624350,0
2026-07-02 15:48:25.028258,2.068711,4.624350,1.415299,-0.002971,1.413342,-0.002971,4.624350,0
2026-07-02 15:48:25.028258,2.071197,4.624350,1.415299,-0.002971,1.413342,-0.002971,4.624350,0
2026-07-02 15:48:25.038373,2.073723,4.624350,1.415299,-0.002971,1.418524,-0.002971,4.624350,0
2026-07-02 15:48:25.041960,2.076104,4.624350,1.415299,-0.002971,1.418524,-0.002971,4.624350,0
2026-07-02 15:48:25.041960,2.078424,4.629532,1.415299,-0.008152,1.418524,-0.008152,4.629532,0
2026-07-02 15:48:25.041960,2.080678,4.624350,1.415299,-0.002971,1.418524,-0.002971,4.624350,0
2026-07-02 15:48:25.048547,2.083022,4.624350,1.415299,-0.002971,1.418524,-0.002971,4.624350,0
2026-07-02 15:48:25.048547,2.086168,4.624350,1.415299,-0.008152,1.418524,-0.008152,4.624350,0
2026-07-02 15:48:25.048547,2.088549,4.624350,1.415299,-0.002971,1.413342,-0.002971,4.624350,0
2026-07-02 15:48:25.048547,2.090992,4.624350,1.415299,-0.008152,1.413342,-0.008152,4.624350,0
2026-07-02 15:48:25.058608,2.093575,4.619168,1.415299,-0.002971,1.418524,-0.002971,4.619168,0
2026-07-02 15:48:25.058608,2.096032,4.624350,1.415299,-0.002971,1.418524,-0.002971,4.624350,0
2026-07-02 15:48:25.058608,2.098422,4.619168,1.415299,-0.002971,1.413342,-0.002971,4.619168,0
2026-07-02 15:48:25.058608,2.100842,4.629532,1.415299,-0.002971,1.413342,-0.002971,4.629532,0
2026-07-02 15:48:25.068737,2.103244,4.619168,1.415299,-0.002971,1.413342,-0.002971,4.619168,0
2026-07-02 15:48:25.068737,2.105591,4.624350,1.415299,-0.002971,1.413342,-0.002971,4.624350,0
2026-07-02 15:48:25.068737,2.107976,4.629532,1.415299,-0.008152,1.413342,-0.008152,4.629532,0
2026-07-02 15:48:25.068737,2.110875,4.619168,1.415299,-0.002971,1.413342,-0.002971,4.619168,0
2026-07-02 15:48:25.078857,2.113119,4.629532,1.415299,-0.008152,1.418524,-0.008152,4.629532,0
2026-07-02 15:48:25.078857,2.116609,4.629532,1.415299,-0.008152,1.413342,-0.008152,4.629532,0
2026-07-02 15:48:25.078857,2.119493,4.624350,1.415299,-0.002971,1.413342,-0.002971,4.624350,0
2026-07-02 15:48:25.078857,2.121832,4.624350,1.415299,-0.008152,1.413342,-0.008152,4.624350,0
2026-07-02 15:48:25.088932,2.124374,4.624350,1.415299,-0.002971,1.413342,-0.002971,4.624350,0
2026-07-02 15:48:25.098067,2.131928,4.624350,1.415299,-0.008152,1.418524,-0.008152,4.624350,0
2026-07-02 15:48:25.099110,2.134345,4.624350,1.415299,-0.002971,1.413342,-0.002971,4.624350,0
2026-07-02 15:48:25.099110,2.136778,4.629532,1.415299,-0.002971,1.413342,-0.002971,4.629532,0
2026-07-02 15:48:25.099110,2.139027,4.624350,1.415299,-0.008152,1.413342,-0.008152,4.624350,0
2026-07-02 15:48:25.099110,2.141256,4.624350,1.415299,-0.002971,1.418524,-0.002971,4.624350,0
2026-07-02 15:48:25.112270,2.143488,4.624350,1.415299,-0.008152,1.418524,-0.008152,4.624350,0
2026-07-02 15:48:25.112270,2.151467,4.624350,1.415299,-0.002971,1.418524,-0.002971,4.624350,0
2026-07-02 15:48:25.119380,2.154099,4.629532,1.415299,-0.002971,1.413342,-0.002971,4.629532,0
2026-07-02 15:48:25.119380,2.156459,4.634713,1.415299,-0.002971,1.413342,-0.002971,4.634713,0
2026-07-02 15:48:25.119380,2.158803,4.619168,1.415299,-0.002971,1.413342,-0.002971,4.619168,0
2026-07-02 15:48:25.119380,2.161154,4.624350,1.415299,-0.008152,1.413342,-0.008152,4.624350,0
2026-07-02 15:48:25.129446,2.163545,4.624350,1.415299,-0.008152,1.418524,-0.008152,4.624350,0
2026-07-02 15:48:25.129446,2.165887,4.629532,1.415299,-0.002971,1.418524,-0.002971,4.629532,0
2026-07-02 15:48:25.129446,2.168233,4.624350,1.415299,-0.008152,1.418524,-0.008152,4.624350,0
2026-07-02 15:48:25.129446,2.170484,4.624350,1.415299,-0.008152,1.418524,-0.008152,4.624350,0
2026-07-02 15:48:25.139511,2.172866,4.634713,1.415299,-0.002971,1.413342,-0.002971,4.634713,0
2026-07-02 15:48:25.142586,2.175268,4.634713,1.415299,-0.002971,1.418524,-0.002971,4.634713,0
2026-07-02 15:48:25.151587,2.184827,4.629532,1.415299,-0.002971,1.413342,-0.002971,4.629532,0
2026-07-02 15:48:25.158265,2.188321,4.624350,1.415299,-0.002971,1.418524,-0.002971,4.624350,0
2026-07-02 15:48:25.158265,2.196126,4.629532,1.415299,-0.008152,1.413342,-0.008152,4.629532,0
2026-07-02 15:48:25.158265,2.198478,4.629532,1.415299,-0.008152,1.413342,-0.008152,4.629532,0
2026-07-02 15:48:25.166338,2.200926,4.619168,1.415299,-0.002971,1.413342,-0.002971,4.619168,0
2026-07-02 15:48:25.166338,2.206479,4.619168,1.415299,-0.002971,1.418524,-0.002971,4.619168,0
2026-07-02 15:48:25.166338,2.208853,4.624350,1.415299,-0.002971,1.413342,-0.002971,4.624350,0
2026-07-02 15:48:25.176628,2.211174,4.624350,1.415299,-0.008152,1.413342,-0.008152,4.624350,0
2026-07-02 15:48:25.176628,2.214027,4.629532,1.415299,-0.002971,1.413342,-0.002971,4.629532,0
2026-07-02 15:48:25.176628,2.216380,4.629532,1.415299,-0.002971,1.418524,-0.002971,4.629532,0
2026-07-02 15:48:25.176628,2.218867,4.634713,1.415299,-0.008152,1.413342,-0.008152,4.634713,0
2026-07-02 15:48:25.186801,2.221220,4.624350,1.415299,-0.008152,1.413342,-0.008152,4.624350,0
2026-07-02 15:48:25.186801,2.223630,4.624350,1.415299,-0.008152,1.418524,-0.008152,4.624350,0
2026-07-02 15:48:25.186801,2.225924,4.629532,1.415299,-0.002971,1.418524,-0.002971,4.629532,0
2026-07-02 15:48:25.186801,2.228228,4.629532,1.415299,-0.008152,1.413342,-0.008152,4.629532,0
2026-07-02 15:48:25.196917,2.230513,4.624350,1.415299,-0.008152,1.413342,-0.008152,4.624350,0
2026-07-02 15:48:25.197931,2.232884,4.624350,1.415299,-0.002971,1.418524,-0.002971,4.624350,0
2026-07-02 15:48:25.197931,2.235180,4.629532,1.415299,-0.002971,1.413342,-0.002971,4.629532,0
2026-07-02 15:48:25.197931,2.239189,4.624350,1.415299,-0.002971,1.413342,-0.002971,4.624350,0
2026-07-02 15:48:25.206973,2.241428,4.629532,1.415299,-0.002971,1.413342,-0.002971,4.629532,0
2026-07-02 15:48:25.206973,2.243736,4.613987,1.415299,-0.002971,1.413342,-0.002971,4.613987,0
2026-07-02 15:48:25.206973,2.246121,4.624350,1.415299,-0.002971,1.418524,-0.002971,4.624350,0
2026-07-02 15:48:25.206973,2.248403,4.629532,1.415299,-0.002971,1.413342,-0.002971,4.629532,0
2026-07-02 15:48:25.217071,2.250645,4.613987,1.415299,-0.002971,1.418524,-0.002971,4.613987,0
2026-07-02 15:48:25.217071,2.253006,4.629532,1.415299,-0.002971,1.413342,-0.002971,4.629532,0
2026-07-02 15:48:25.217071,2.255304,4.619168,1.415299,-0.002971,1.413342,-0.002971,4.619168,0
2026-07-02 15:48:25.217071,2.257630,4.624350,1.415299,-0.008152,1.413342,-0.008152,4.624350,0
2026-07-02 15:48:25.217071,2.259921,4.624350,1.415299,-0.002971,1.413342,-0.002971,4.624350,0
2026-07-02 15:48:25.227361,2.262179,4.624350,1.415299,-0.002971,1.418524,-0.002971,4.624350,0
2026-07-02 15:48:25.227361,2.264559,4.629532,1.415299,-0.002971,1.418524,-0.002971,4.629532,0
2026-07-02 15:48:25.227361,2.266871,4.619168,1.415299,-0.002971,1.413342,-0.002971,4.619168,0
2026-07-02 15:48:25.227361,2.269111,4.629532,1.415299,-0.002971,1.418524,-0.002971,4.629532,0
2026-07-02 15:48:25.237827,2.271416,4.629532,1.415299,-0.002971,1.418524,-0.002971,4.629532,0
2026-07-02 15:48:25.237827,2.274087,4.634713,1.415299,-0.002971,1.413342,-0.002971,4.634713,0
2026-07-02 15:48:25.242961,2.276447,4.629532,1.415299,-0.002971,1.418524,-0.002971,4.629532,0
2026-07-02 15:48:25.242961,2.279098,4.619168,1.415299,-0.002971,1.418524,-0.002971,4.619168,0
2026-07-02 15:48:25.247942,2.281418,4.629532,1.415299,-0.002971,1.413342,-0.002971,4.629532,0
2026-07-02 15:48:25.247942,2.286518,4.629532,1.415299,-0.002971,1.418524,-0.002971,4.629532,0
2026-07-02 15:48:25.247942,2.289312,4.624350,1.415299,-0.002971,1.413342,-0.002971,4.624350,0
2026-07-02 15:48:25.258076,2.291606,4.629532,1.415299,-0.008152,1.413342,-0.008152,4.629532,0
2026-07-02 15:48:25.258076,2.294602,4.624350,1.415299,-0.002971,1.418524,-0.002971,4.624350,0
2026-07-02 15:48:25.258076,2.297074,4.624350,1.415299,-0.002971,1.413342,-0.002971,4.624350,0
2026-07-02 15:48:25.258076,2.299355,4.624350,1.415299,-0.002971,1.413342,-0.002971,4.624350,0
2026-07-02 15:48:25.268521,2.301671,4.624350,1.415299,-0.002971,1.418524,-0.002971,4.624350,0
2026-07-02 15:48:25.268521,2.309374,4.624350,1.415299,-0.002971,1.413342,-0.002971,4.624350,0
2026-07-02 15:48:25.268521,2.311890,4.629532,1.415299,-0.002971,1.418524,-0.002971,4.629532,0
2026-07-02 15:48:25.278700,2.314243,4.619168,1.415299,-0.002971,1.413342,-0.002971,4.619168,0
2026-07-02 15:48:25.278700,2.316656,4.619168,1.410120,-0.002971,1.418524,-0.002971,4.619168,0
2026-07-02 15:48:25.278700,2.319395,4.619168,1.415299,-0.002971,1.413342,-0.002971,4.619168,0
2026-07-02 15:48:25.278700,2.321656,4.624350,1.415299,-0.008152,1.418524,-0.008152,4.624350,0
2026-07-02 15:48:25.288795,2.323872,4.629532,1.415299,-0.002971,1.413342,-0.002971,4.629532,0
2026-07-02 15:48:25.288795,2.326157,4.629532,1.415299,-0.008152,1.413342,-0.008152,4.629532,0
2026-07-02 15:48:25.298929,2.330978,4.624350,1.415299,-0.002971,1.413342,-0.002971,4.624350,0
2026-07-02 15:48:25.298929,2.335378,4.629532,1.415299,-0.002971,1.413342,-0.002971,4.629532,0
2026-07-02 15:48:25.298929,2.337642,4.619168,1.415299,-0.002971,1.413342,-0.002971,4.619168,0
2026-07-02 15:48:25.298929,2.339866,4.624350,1.415299,-0.002971,1.413342,-0.002971,4.624350,0
2026-07-02 15:48:25.298929,2.342153,4.629532,1.415299,-0.002971,1.413342,-0.002971,4.629532,0
2026-07-02 15:48:25.309031,2.344502,4.619168,1.415299,-0.002971,1.418524,-0.002971,4.619168,0
2026-07-02 15:48:25.319147,2.353075,4.629532,1.415299,-0.002971,1.413342,-0.002971,4.629532,0
2026-07-02 15:48:25.319147,2.355974,4.619168,1.410120,-0.002971,1.413342,-0.002971,4.619168,0
2026-07-02 15:48:25.329297,2.359125,4.624350,1.415299,-0.002971,1.413342,-0.002971,4.624350,0
2026-07-02 15:48:25.329297,2.367745,4.634713,1.415299,-0.002971,1.418524,-0.002971,4.634713,0
2026-07-02 15:48:25.343567,2.371510,4.624350,1.415299,-0.002971,1.418524,-0.002971,4.624350,0
2026-07-02 15:48:25.349688,2.380079,4.634713,1.415299,-0.002971,1.418524,-0.002971,4.634713,0
2026-07-02 15:48:25.349688,2.389362,4.629532,1.415299,-0.008152,1.413342,-0.008152,4.629532,0
2026-07-02 15:48:25.359816,2.394552,4.624350,1.415299,-0.008152,1.418524,-0.008152,4.624350,0
2026-07-02 15:48:25.369995,2.400603,4.629532,1.415299,-0.002971,1.413342,-0.002971,4.629532,0
2026-07-02 15:48:25.369995,2.406025,4.624350,1.415299,-0.002971,1.413342,-0.002971,4.624350,0
2026-07-02 15:48:25.380115,2.414883,4.629532,1.415299,-0.002971,1.418524,-0.002971,4.629532,0
2026-07-02 15:48:25.390224,2.420134,4.629532,1.415299,-0.002971,1.413342,-0.002971,4.629532,0
2026-07-02 15:48:25.390224,2.426078,4.619168,1.410120,-0.008152,1.413342,-0.008152,4.619168,0
2026-07-02 15:48:25.397879,2.430007,4.629532,1.415299,-0.002971,1.418524,-0.002971,4.629532,0
2026-07-02 15:48:25.400437,2.434070,4.624350,1.415299,-0.008152,1.413342,-0.008152,4.624350,0
2026-07-02 15:48:25.400437,2.436738,4.629532,1.415299,-0.002971,1.418524,-0.002971,4.629532,0
2026-07-02 15:48:25.400437,2.439283,4.619168,1.415299,-0.002971,1.413342,-0.002971,4.619168,0
2026-07-02 15:48:25.410553,2.443357,4.624350,1.415299,-0.002971,1.418524,-0.002971,4.624350,0
2026-07-02 15:48:25.410553,2.448838,4.619168,1.415299,-0.002971,1.413342,-0.002971,4.619168,0
2026-07-02 15:48:25.420641,2.454890,4.629532,1.415299,-0.002971,1.418524,-0.002971,4.629532,0
2026-07-02 15:48:25.430781,2.463796,4.624350,1.415299,-0.002971,1.413342,-0.002971,4.624350,0
2026-07-02 15:48:25.430781,2.467555,4.624350,1.415299,-0.002971,1.418524,-0.002971,4.624350,0
2026-07-02 15:48:25.430781,2.471865,4.634713,1.415299,-0.002971,1.413342,-0.002971,4.634713,0
2026-07-02 15:48:25.443976,2.474728,4.619168,1.415299,-0.002971,1.413342,-0.002971,4.619168,0
2026-07-02 15:48:25.443976,2.480071,4.619168,1.415299,-0.002971,1.418524,-0.002971,4.619168,0
2026-07-02 15:48:25.443976,2.482638,4.613987,1.415299,-0.002971,1.418524,-0.002971,4.613987,0
2026-07-02 15:48:25.451068,2.484937,4.629532,1.415299,-0.002971,1.418524,-0.002971,4.629532,0
2026-07-02 15:48:25.451068,2.487125,4.629532,1.415299,-0.002971,1.418524,-0.002971,4.629532,0
2026-07-02 15:48:25.451068,2.489374,4.613987,1.415299,-0.002971,1.413342,-0.002971,4.613987,0
2026-07-02 15:48:25.451068,2.491634,4.624350,1.415299,-0.002971,1.413342,-0.002971,4.624350,0
2026-07-02 15:48:25.451068,2.494259,4.624350,1.415299,-0.008152,1.413342,-0.008152,4.624350,0
2026-07-02 15:48:25.461142,2.496524,4.624350,1.415299,-0.008152,1.413342,-0.008152,4.624350,0
2026-07-02 15:48:25.461142,2.498808,4.619168,1.415299,-0.002971,1.413342,-0.002971,4.619168,0
2026-07-02 15:48:25.461142,2.501160,4.624350,1.415299,-0.008152,1.418524,-0.008152,4.624350,0
2026-07-02 15:48:25.461142,2.503404,4.624350,1.415299,-0.002971,1.413342,-0.002971,4.624350,0
2026-07-02 15:48:25.471220,2.505683,4.629532,1.415299,-0.002971,1.413342,-0.002971,4.629532,0
2026-07-02 15:48:25.471220,2.509978,4.624350,1.415299,-0.002971,1.413342,-0.002971,4.624350,0
2026-07-02 15:48:25.471220,2.513250,4.629532,1.415299,-0.002971,1.418524,-0.002971,4.629532,0
2026-07-02 15:48:25.481306,2.515614,4.619168,1.415299,-0.008152,1.418524,-0.008152,4.619168,0
2026-07-02 15:48:25.481306,2.517952,4.624350,1.415299,-0.002971,1.413342,-0.002971,4.624350,0
2026-07-02 15:48:25.481306,2.520312,4.629532,1.415299,-0.002971,1.413342,-0.002971,4.629532,0
2026-07-02 15:48:25.481306,2.522660,4.629532,1.415299,-0.008152,1.418524,-0.008152,4.629532,0
2026-07-02 15:48:25.491465,2.524904,4.613987,1.415299,-0.002971,1.418524,-0.002971,4.613987,0
2026-07-02 15:48:25.491465,2.527493,4.619168,1.415299,-0.002971,1.413342,-0.002971,4.619168,0
2026-07-02 15:48:25.491465,2.529821,4.619168,1.415299,-0.008152,1.413342,-0.008152,4.619168,0
2026-07-02 15:48:25.498061,2.532151,4.624350,1.415299,-0.008152,1.418524,-0.008152,4.624350,0
2026-07-02 15:48:25.498061,2.534481,4.613987,1.415299,-0.002971,1.413342,-0.002971,4.613987,0
2026-07-02 15:48:25.501601,2.536822,4.624350,1.415299,-0.002971,1.418524,-0.002971,4.624350,0
2026-07-02 15:48:25.501601,2.539183,4.629532,1.415299,-0.008152,1.413342,-0.008152,4.629532,0
2026-07-02 15:48:25.501601,2.541695,4.619168,1.415299,-0.002971,1.413342,-0.002971,4.619168,0
2026-07-02 15:48:25.501601,2.543993,4.613987,1.415299,-0.002971,1.413342,-0.002971,4.613987,0
2026-07-02 15:48:25.511691,2.546275,4.629532,1.415299,-0.002971,1.418524,-0.002971,4.629532,0
2026-07-02 15:48:25.511691,2.548599,4.629532,1.415299,-0.002971,1.413342,-0.002971,4.629532,0
2026-07-02 15:48:25.511691,2.550930,4.624350,1.415299,-0.008152,1.413342,-0.008152,4.624350,0
2026-07-02 15:48:25.511691,2.553265,4.629532,1.415299,-0.002971,1.413342,-0.002971,4.629532,0
2026-07-02 15:48:25.521801,2.555590,4.624350,1.415299,-0.008152,1.413342,-0.008152,4.624350,0
2026-07-02 15:48:25.521801,2.557830,4.629532,1.415299,-0.002971,1.418524,-0.002971,4.629532,0
2026-07-02 15:48:25.521801,2.560785,4.634713,1.415299,-0.002971,1.413342,-0.002971,4.634713,0
2026-07-02 15:48:25.521801,2.563162,4.619168,1.415299,-0.002971,1.418524,-0.002971,4.619168,0
2026-07-02 15:48:25.531891,2.565475,4.629532,1.415299,-0.008152,1.418524,-0.008152,4.629532,0
2026-07-02 15:48:25.531891,2.567902,4.624350,1.415299,-0.008152,1.418524,-0.008152,4.624350,0
2026-07-02 15:48:25.531891,2.570218,4.624350,1.415299,-0.008152,1.413342,-0.008152,4.624350,0
2026-07-02 15:48:25.531891,2.572555,4.629532,1.415299,-0.008152,1.418524,-0.008152,4.629532,0
2026-07-02 15:48:25.531891,2.574874,4.629532,1.415299,-0.008152,1.413342,-0.008152,4.629532,0
2026-07-02 15:48:25.543511,2.577103,4.619168,1.415299,-0.002971,1.413342,-0.002971,4.619168,0
2026-07-02 15:48:25.544569,2.579448,4.619168,1.415299,-0.008152,1.418524,-0.008152,4.619168,0
2026-07-02 15:48:25.544569,2.581710,4.629532,1.415299,-0.008152,1.418524,-0.008152,4.629532,0
2026-07-02 15:48:25.549620,2.584063,4.624350,1.415299,-0.002971,1.418524,-0.002971,4.624350,0
2026-07-02 15:48:25.552165,2.586329,4.619168,1.415299,-0.002971,1.418524,-0.002971,4.619168,0
2026-07-02 15:48:25.552165,2.588674,4.624350,1.415299,-0.002971,1.413342,-0.002971,4.624350,0
2026-07-02 15:48:25.552165,2.590968,4.629532,1.415299,-0.002971,1.413342,-0.002971,4.629532,0
2026-07-02 15:48:25.558788,2.594418,4.613987,1.415299,-0.002971,1.413342,-0.002971,4.613987,0
2026-07-02 15:48:25.562338,2.596887,4.619168,1.415299,-0.008152,1.418524,-0.008152,4.619168,0
2026-07-02 15:48:25.562338,2.599317,4.619168,1.410120,-0.002971,1.413342,-0.002971,4.619168,0
2026-07-02 15:48:25.562338,2.601774,4.619168,1.410120,-0.002971,1.418524,-0.002971,4.619168,0
2026-07-02 15:48:25.570579,2.604118,4.613987,1.415299,-0.002971,1.413342,-0.002971,4.613987,0
2026-07-02 15:48:25.572619,2.606482,4.629532,1.415299,-0.008152,1.418524,-0.008152,4.629532,0
2026-07-02 15:48:25.573635,2.608816,4.613987,1.410120,-0.002971,1.413342,-0.002971,4.613987,0
2026-07-02 15:48:25.573635,2.611187,4.624350,1.415299,-0.008152,1.413342,-0.008152,4.624350,0
2026-07-02 15:48:25.573635,2.613743,4.629532,1.415299,-0.008152,1.413342,-0.008152,4.629532,0
2026-07-02 15:48:25.573635,2.616249,4.629532,1.415299,-0.002971,1.418524,-0.002971,4.629532,0
2026-07-02 15:48:25.583030,2.618591,4.629532,1.415299,-0.002971,1.418524,-0.002971,4.629532,0
2026-07-02 15:48:25.583030,2.621497,4.629532,1.415299,-0.002971,1.418524,-0.002971,4.629532,0
2026-07-02 15:48:25.583030,2.623816,4.624350,1.415299,-0.002971,1.413342,-0.002971,4.624350,0
2026-07-02 15:48:25.593100,2.626377,4.624350,1.415299,-0.008152,1.413342,-0.008152,4.624350,0
2026-07-02 15:48:25.593100,2.628992,4.624350,1.415299,-0.002971,1.413342,-0.002971,4.624350,0
2026-07-02 15:48:25.593100,2.631380,4.629532,1.415299,-0.002971,1.413342,-0.002971,4.629532,0
2026-07-02 15:48:25.598258,2.633858,4.629532,1.415299,-0.008152,1.413342,-0.008152,4.629532,0
2026-07-02 15:48:25.598258,2.636280,4.624350,1.415299,-0.008152,1.418524,-0.008152,4.624350,0
2026-07-02 15:48:25.603292,2.638698,4.624350,1.415299,-0.008152,1.418524,-0.008152,4.624350,0
2026-07-02 15:48:25.603292,2.640986,4.629532,1.415299,-0.002971,1.413342,-0.002971,4.629532,0
2026-07-02 15:48:25.603292,2.643476,4.613987,1.415299,-0.002971,1.413342,-0.002971,4.613987,0
2026-07-02 15:48:25.603292,2.645922,4.624350,1.415299,-0.002971,1.418524,-0.002971,4.624350,0
2026-07-02 15:48:25.613362,2.648385,4.629532,1.415299,-0.002971,1.413342,-0.002971,4.629532,0
2026-07-02 15:48:25.613362,2.650902,4.613987,1.415299,-0.002971,1.413342,-0.002971,4.613987,0
2026-07-02 15:48:25.620591,2.653349,4.619168,1.415299,-0.002971,1.413342,-0.002971,4.619168,0
2026-07-02 15:48:25.622558,2.656389,4.629532,1.415299,-0.002971,1.418524,-0.002971,4.629532,0
2026-07-02 15:48:25.623583,2.658901,4.624350,1.415299,-0.002971,1.418524,-0.002971,4.624350,0
2026-07-02 15:48:25.623583,2.661477,4.619168,1.415299,-0.002971,1.413342,-0.002971,4.619168,0
2026-07-02 15:48:25.623583,2.663842,4.624350,1.415299,-0.002971,1.418524,-0.002971,4.624350,0
2026-07-02 15:48:25.623583,2.666232,4.629532,1.415299,-0.002971,1.413342,-0.002971,4.629532,0
2026-07-02 15:48:25.633647,2.668606,4.619168,1.415299,-0.002971,1.413342,-0.002971,4.619168,0
2026-07-02 15:48:25.633647,2.671009,4.624350,1.415299,-0.002971,1.413342,-0.002971,4.624350,0
2026-07-02 15:48:25.633647,2.673415,4.629532,1.415299,-0.008152,1.418524,-0.008152,4.629532,0
2026-07-02 15:48:25.633647,2.675799,4.619168,1.415299,-0.002971,1.418524,-0.002971,4.619168,0
2026-07-02 15:48:25.644741,2.678127,4.624350,1.415299,-0.002971,1.418524,-0.002971,4.624350,0
2026-07-02 15:48:25.644741,2.680753,4.619168,1.410120,-0.002971,1.413342,-0.002971,4.619168,0
2026-07-02 15:48:25.644741,2.683136,4.613987,1.415299,-0.002971,1.418524,-0.002971,4.613987,0
2026-07-02 15:48:25.644741,2.685730,4.619168,1.415299,-0.002971,1.413342,-0.002971,4.619168,0
2026-07-02 15:48:25.653782,2.688247,4.629532,1.415299,-0.002971,1.418524,-0.002971,4.629532,0
2026-07-02 15:48:25.653782,2.690604,4.619168,1.415299,-0.002971,1.413342,-0.002971,4.619168,0
2026-07-02 15:48:25.653782,2.692863,4.629532,1.415299,-0.008152,1.413342,-0.008152,4.629532,0
2026-07-02 15:48:25.653782,2.695220,4.629532,1.415299,-0.008152,1.418524,-0.008152,4.629532,0
2026-07-02 15:48:25.663896,2.697623,4.613987,1.415299,-0.008152,1.413342,-0.008152,4.613987,0
2026-07-02 15:48:25.663896,2.701217,4.619168,1.415299,-0.002971,1.413342,-0.002971,4.619168,0
2026-07-02 15:48:25.663896,2.703696,4.619168,1.415299,-0.002971,1.413342,-0.002971,4.619168,0
2026-07-02 15:48:25.663896,2.706105,4.624350,1.415299,-0.002971,1.413342,-0.002971,4.624350,0
2026-07-02 15:48:25.673985,2.708475,4.624350,1.415299,-0.008152,1.413342,-0.008152,4.624350,0
2026-07-02 15:48:25.676215,2.710882,4.619168,1.415299,-0.002971,1.418524,-0.002971,4.619168,0
2026-07-02 15:48:25.676215,2.713229,4.629532,1.415299,-0.002971,1.413342,-0.002971,4.629532,0
2026-07-02 15:48:25.676215,2.715746,4.624350,1.415299,-0.008152,1.413342,-0.008152,4.624350,0
2026-07-02 15:48:25.683177,2.718265,4.624350,1.415299,-0.002971,1.413342,-0.002971,4.624350,0
2026-07-02 15:48:25.683177,2.720550,4.629532,1.415299,-0.008152,1.413342,-0.008152,4.629532,0
2026-07-02 15:48:25.683177,2.722959,4.613987,1.415299,-0.002971,1.413342,-0.002971,4.613987,0
2026-07-02 15:48:25.691297,2.725253,4.629532,1.415299,-0.002971,1.413342,-0.002971,4.629532,0
2026-07-02 15:48:25.691297,2.727570,4.629532,1.415299,-0.008152,1.413342,-0.008152,4.629532,0
2026-07-02 15:48:25.691297,2.729837,4.619168,1.415299,-0.002971,1.418524,-0.002971,4.619168,0
2026-07-02 15:48:25.698210,2.732218,4.629532,1.415299,-0.002971,1.418524,-0.002971,4.629532,0
2026-07-02 15:48:25.698210,2.734556,4.619168,1.415299,-0.002971,1.413342,-0.002971,4.619168,0
2026-07-02 15:48:25.701741,2.736937,4.629532,1.415299,-0.008152,1.418524,-0.008152,4.629532,0
2026-07-02 15:48:25.701741,2.739391,4.624350,1.415299,-0.002971,1.418524,-0.002971,4.624350,0
2026-07-02 15:48:25.701741,2.741796,4.619168,1.410120,-0.002971,1.413342,-0.002971,4.619168,0
2026-07-02 15:48:25.701741,2.744266,4.624350,1.415299,-0.002971,1.418524,-0.002971,4.624350,0
2026-07-02 15:48:25.711837,2.746601,4.629532,1.415299,-0.002971,1.418524,-0.002971,4.629532,0
2026-07-02 15:48:25.711837,2.748983,4.624350,1.415299,-0.002971,1.413342,-0.002971,4.624350,0
2026-07-02 15:48:25.711837,2.751643,4.624350,1.415299,-0.008152,1.413342,-0.008152,4.624350,0
2026-07-02 15:48:25.711837,2.754009,4.634713,1.415299,-0.002971,1.413342,-0.002971,4.634713,0
2026-07-02 15:48:25.721901,2.756345,4.629532,1.415299,-0.002971,1.413342,-0.002971,4.629532,0
2026-07-02 15:48:25.721901,2.759637,4.629532,1.415299,-0.002971,1.413342,-0.002971,4.629532,0
2026-07-02 15:48:25.721901,2.763802,4.624350,1.415299,-0.002971,1.418524,-0.002971,4.624350,0
2026-07-02 15:48:25.732063,2.766187,4.624350,1.415299,-0.002971,1.413342,-0.002971,4.624350,0
2026-07-02 15:48:25.732063,2.768404,4.629532,1.415299,-0.008152,1.413342,-0.008152,4.629532,0
2026-07-02 15:48:25.732063,2.770947,4.624350,1.415299,-0.002971,1.413342,-0.002971,4.624350,0
2026-07-02 15:48:25.732063,2.773306,4.619168,1.415299,-0.002971,1.418524,-0.002971,4.619168,0
2026-07-02 15:48:25.742124,2.775691,4.624350,1.415299,-0.002971,1.413342,-0.002971,4.624350,0
2026-07-02 15:48:25.745206,2.780649,4.619168,1.415299,-0.002971,1.413342,-0.002971,4.619168,0
2026-07-02 15:48:25.745206,2.783121,4.624350,1.415299,-0.002971,1.413342,-0.002971,4.624350,0
2026-07-02 15:48:25.752299,2.786178,4.629532,1.415299,-0.002971,1.413342,-0.002971,4.629532,0
2026-07-02 15:48:25.752299,2.788619,4.629532,1.415299,-0.002971,1.413342,-0.002971,4.629532,0
2026-07-02 15:48:25.752299,2.790966,4.613987,1.415299,-0.002971,1.413342,-0.002971,4.613987,0
2026-07-02 15:48:25.752299,2.793446,4.624350,1.415299,-0.002971,1.418524,-0.002971,4.624350,0
2026-07-02 15:48:25.762361,2.795807,4.624350,1.415299,-0.002971,1.418524,-0.002971,4.624350,0
2026-07-02 15:48:25.762361,2.798757,4.629532,1.415299,-0.008152,1.418524,-0.008152,4.629532,0
2026-07-02 15:48:25.762361,2.801078,4.624350,1.415299,-0.002971,1.418524,-0.002971,4.624350,0
2026-07-02 15:48:25.762361,2.803433,4.624350,1.415299,-0.002971,1.413342,-0.002971,4.624350,0
2026-07-02 15:48:25.772432,2.805886,4.613987,1.415299,-0.002971,1.418524,-0.002971,4.613987,0
2026-07-02 15:48:25.772432,2.808452,4.634713,1.415299,-0.002971,1.418524,-0.002971,4.634713,0
2026-07-02 15:48:25.772432,2.810658,4.624350,1.415299,-0.002971,1.413342,-0.002971,4.624350,0
2026-07-02 15:48:25.772432,2.813062,4.629532,1.415299,-0.002971,1.413342,-0.002971,4.629532,0
2026-07-02 15:48:25.772432,2.815334,4.624350,1.415299,-0.008152,1.413342,-0.008152,4.624350,0
2026-07-02 15:48:25.782582,2.817699,4.619168,1.415299,-0.002971,1.418524,-0.002971,4.619168,0
2026-07-02 15:48:25.782582,2.820005,4.624350,1.415299,-0.002971,1.418524,-0.002971,4.624350,0
2026-07-02 15:48:25.782582,2.822441,4.624350,1.415299,-0.002971,1.418524,-0.002971,4.624350,0
2026-07-02 15:48:25.782582,2.824825,4.629532,1.415299,-0.002971,1.413342,-0.002971,4.629532,0
2026-07-02 15:48:25.792689,2.827129,4.629532,1.415299,-0.002971,1.418524,-0.002971,4.629532,0
2026-07-02 15:48:25.792689,2.829431,4.624350,1.415299,-0.002971,1.418524,-0.002971,4.624350,0
2026-07-02 15:48:25.792689,2.831653,4.629532,1.415299,-0.002971,1.418524,-0.002971,4.629532,0
2026-07-02 15:48:25.798267,2.833918,4.629532,1.415299,-0.008152,1.413342,-0.008152,4.629532,0
2026-07-02 15:48:25.802802,2.836236,4.624350,1.415299,-0.008152,1.418524,-0.008152,4.624350,0
2026-07-02 15:48:25.802802,2.838791,4.613987,1.415299,-0.002971,1.413342,-0.002971,4.613987,0
2026-07-02 15:48:25.802802,2.841244,4.629532,1.415299,-0.008152,1.413342,-0.008152,4.629532,0
2026-07-02 15:48:25.802802,2.843622,4.624350,1.415299,-0.002971,1.413342,-0.002971,4.624350,0
2026-07-02 15:48:25.802802,2.845946,4.619168,1.415299,-0.002971,1.413342,-0.002971,4.619168,0
2026-07-02 15:48:25.812906,2.848319,4.619168,1.415299,-0.002971,1.413342,-0.002971,4.619168,0
2026-07-02 15:48:25.812906,2.850620,4.624350,1.415299,-0.002971,1.413342,-0.002971,4.624350,0
2026-07-02 15:48:25.812906,2.852962,4.629532,1.415299,-0.002971,1.413342,-0.002971,4.629532,0
2026-07-02 15:48:25.812906,2.855322,4.624350,1.415299,-0.002971,1.418524,-0.002971,4.624350,0
2026-07-02 15:48:25.822992,2.857755,4.624350,1.415299,-0.002971,1.418524,-0.002971,4.624350,0
2026-07-02 15:48:25.822992,2.861054,4.629532,1.415299,-0.002971,1.418524,-0.002971,4.629532,0
2026-07-02 15:48:25.829570,2.863946,4.619168,1.415299,-0.002971,1.413342,-0.002971,4.619168,0
2026-07-02 15:48:25.833155,2.866400,4.629532,1.415299,-0.002971,1.418524,-0.002971,4.629532,0
2026-07-02 15:48:25.833155,2.869430,4.629532,1.415299,-0.002971,1.413342,-0.002971,4.629532,0
2026-07-02 15:48:25.833155,2.871762,4.619168,1.415299,-0.002971,1.413342,-0.002971,4.619168,0
2026-07-02 15:48:25.833155,2.874254,4.624350,1.415299,-0.002971,1.418524,-0.002971,4.624350,0
2026-07-02 15:48:25.843260,2.876708,4.629532,1.415299,-0.002971,1.418524,-0.002971,4.629532,0
2026-07-02 15:48:25.845778,2.879507,4.624350,1.415299,-0.002971,1.418524,-0.002971,4.624350,0
2026-07-02 15:48:25.845778,2.881800,4.624350,1.415299,-0.002971,1.413342,-0.002971,4.624350,0
2026-07-02 15:48:25.845778,2.884402,4.613987,1.415299,-0.002971,1.413342,-0.002971,4.613987,0
2026-07-02 15:48:25.853331,2.886790,4.629532,1.415299,-0.002971,1.413342,-0.002971,4.629532,0
2026-07-02 15:48:25.853331,2.890430,4.624350,1.415299,-0.002971,1.413342,-0.002971,4.624350,0
2026-07-02 15:48:25.853331,2.892795,4.634713,1.415299,-0.002971,1.418524,-0.002971,4.634713,0
2026-07-02 15:48:25.853331,2.895713,4.629532,1.415299,-0.002971,1.413342,-0.002971,4.629532,0
2026-07-02 15:48:25.863424,2.898703,4.624350,1.415299,-0.008152,1.418524,-0.008152,4.624350,0
2026-07-02 15:48:25.863424,2.901119,4.634713,1.415299,-0.002971,1.413342,-0.002971,4.634713,0
2026-07-02 15:48:25.863424,2.903786,4.619168,1.415299,-0.002971,1.418524,-0.002971,4.619168,0
2026-07-02 15:48:25.873563,2.906673,4.624350,1.415299,-0.002971,1.413342,-0.002971,4.624350,0
2026-07-02 15:48:25.873563,2.909600,4.624350,1.415299,-0.002971,1.418524,-0.002971,4.624350,0
2026-07-02 15:48:25.873563,2.912478,4.629532,1.415299,-0.002971,1.418524,-0.002971,4.629532,0
2026-07-02 15:48:25.873563,2.915115,4.624350,1.415299,-0.008152,1.418524,-0.008152,4.624350,0
2026-07-02 15:48:25.883692,2.917419,4.619168,1.415299,-0.002971,1.413342,-0.002971,4.619168,0
2026-07-02 15:48:25.883692,2.921335,4.629532,1.415299,-0.002971,1.413342,-0.002971,4.629532,0
2026-07-02 15:48:25.883692,2.924489,4.613987,1.415299,-0.002971,1.413342,-0.002971,4.613987,0
2026-07-02 15:48:25.893783,2.927971,4.619168,1.415299,-0.002971,1.418524,-0.002971,4.619168,0
2026-07-02 15:48:25.893783,2.930409,4.624350,1.415299,-0.002971,1.413342,-0.002971,4.624350,0
2026-07-02 15:48:25.903996,2.933060,4.629532,1.415299,-0.008152,1.418524,-0.008152,4.629532,0
2026-07-02 15:48:25.924161,2.947338,4.613987,1.415299,-0.002971,1.413342,-0.002971,4.613987,0
2026-07-02 15:48:25.924161,2.962081,4.624350,1.415299,-0.002971,1.413342,-0.002971,4.624350,0
2026-07-02 15:48:25.944506,2.968312,4.619168,1.410120,-0.002971,1.413342,-0.002971,4.619168,0
2026-07-02 15:48:25.954615,2.981023,4.624350,1.415299,-0.002971,1.413342,-0.002971,4.624350,0
2026-07-02 15:48:25.954615,2.994050,4.629532,1.415299,-0.008152,1.413342,-0.008152,4.629532,0
2026-07-02 15:48:25.954615,2.997626,4.619168,1.415299,-0.002971,1.413342,-0.002971,4.619168,0
2026-07-02 15:48:25.964790,3.000122,4.619168,1.415299,-0.002971,1.413342,-0.002971,4.619168,0
2026-07-02 15:48:25.964790,3.003198,4.624350,1.415299,-0.002971,1.418524,-0.002971,4.624350,0
2026-07-02 15:48:25.964790,3.005704,4.619168,1.415299,-0.002971,1.413342,-0.002971,4.619168,0
2026-07-02 15:48:25.964790,3.008029,4.624350,1.415299,-0.002971,1.413342,-0.002971,4.624350,0
2026-07-02 15:48:25.974886,3.010458,4.613987,1.410120,-0.002971,1.413342,-0.002971,4.613987,0
2026-07-02 15:48:25.974886,3.013113,4.624350,1.415299,-0.002971,1.418524,-0.002971,4.624350,0
2026-07-02 15:48:25.974886,3.015458,4.624350,1.415299,-0.008152,1.413342,-0.008152,4.624350,0
2026-07-02 15:48:25.974886,3.017816,4.634713,1.415299,-0.008152,1.418524,-0.008152,4.634713,0
2026-07-02 15:48:25.984944,3.020132,4.624350,1.415299,-0.008152,1.413342,-0.008152,4.624350,0
2026-07-02 15:48:25.987610,3.022456,4.624350,1.415299,-0.002971,1.413342,-0.002971,4.624350,0
2026-07-02 15:48:25.987610,3.024927,4.629532,1.415299,-0.002971,1.418524,-0.002971,4.629532,0
2026-07-02 15:48:25.987610,3.027633,4.624350,1.415299,-0.002971,1.413342,-0.002971,4.624350,0
2026-07-02 15:48:25.995164,3.029867,4.624350,1.415299,-0.002971,1.413342,-0.002971,4.624350,0
2026-07-02 15:48:25.998737,3.032198,4.629532,1.415299,-0.008152,1.413342,-0.008152,4.629532,0
2026-07-02 15:48:25.998737,3.034489,4.629532,1.415299,-0.002971,1.413342,-0.002971,4.629532,0
2026-07-02 15:48:25.998737,3.036804,4.624350,1.415299,-0.002971,1.418524,-0.002971,4.624350,0
2026-07-02 15:48:26.005276,3.039170,4.624350,1.410120,-0.002971,1.413342,-0.002971,4.624350,0
2026-07-02 15:48:26.005276,3.041444,4.619168,1.415299,-0.002971,1.413342,-0.002971,4.619168,0
2026-07-02 15:48:26.005276,3.043646,4.624350,1.415299,-0.002971,1.418524,-0.002971,4.624350,0
2026-07-02 15:48:26.005276,3.045890,4.619168,1.415299,-0.002971,1.413342,-0.002971,4.619168,0
2026-07-02 15:48:26.005276,3.048184,4.629532,1.415299,-0.002971,1.413342,-0.002971,4.629532,0
2026-07-02 15:48:26.015355,3.050418,4.619168,1.415299,-0.002971,1.418524,-0.002971,4.619168,0
2026-07-02 15:48:26.015355,3.052979,4.629532,1.415299,-0.002971,1.418524,-0.002971,4.629532,0
2026-07-02 15:48:26.015355,3.055863,4.624350,1.415299,-0.002971,1.413342,-0.002971,4.624350,0
2026-07-02 15:48:26.025490,3.058336,4.619168,1.415299,-0.002971,1.413342,-0.002971,4.619168,0
2026-07-02 15:48:26.025490,3.061298,4.624350,1.415299,-0.002971,1.413342,-0.002971,4.624350,0
2026-07-02 15:48:26.025490,3.063741,4.613987,1.415299,-0.002971,1.413342,-0.002971,4.613987,0
2026-07-02 15:48:26.025490,3.066218,4.619168,1.415299,-0.002971,1.413342,-0.002971,4.619168,0
2026-07-02 15:48:26.035600,3.069738,4.624350,1.415299,-0.008152,1.413342,-0.008152,4.624350,0
2026-07-02 15:48:26.035600,3.072668,4.629532,1.415299,-0.002971,1.413342,-0.002971,4.629532,0
2026-07-02 15:48:26.035600,3.076652,4.629532,1.415299,-0.002971,1.418524,-0.002971,4.629532,0
2026-07-02 15:48:26.046725,3.079641,4.629532,1.415299,-0.002971,1.418524,-0.002971,4.629532,0
2026-07-02 15:48:26.046725,3.088283,4.624350,1.415299,-0.002971,1.413342,-0.002971,4.624350,0
2026-07-02 15:48:26.055783,3.090935,4.629532,1.415299,-0.002971,1.418524,-0.002971,4.629532,0
2026-07-02 15:48:26.055783,3.093439,4.624350,1.415299,-0.002971,1.413342,-0.002971,4.624350,0
2026-07-02 15:48:26.055783,3.095953,4.619168,1.415299,-0.002971,1.413342,-0.002971,4.619168,0
2026-07-02 15:48:26.055783,3.098338,4.624350,1.415299,-0.008152,1.418524,-0.008152,4.624350,0
2026-07-02 15:48:26.065887,3.100785,4.629532,1.415299,-0.008152,1.413342,-0.008152,4.629532,0
2026-07-02 15:48:26.067910,3.103124,4.619168,1.415299,-0.002971,1.418524,-0.002971,4.619168,0
2026-07-02 15:48:26.067910,3.105503,4.619168,1.415299,-0.002971,1.418524,-0.002971,4.619168,0
2026-07-02 15:48:26.067910,3.107841,4.624350,1.415299,-0.008152,1.418524,-0.008152,4.624350,0
2026-07-02 15:48:26.075953,3.110306,4.619168,1.415299,-0.002971,1.418524,-0.002971,4.619168,0
2026-07-02 15:48:26.075953,3.112796,4.619168,1.415299,-0.002971,1.413342,-0.002971,4.619168,0
2026-07-02 15:48:26.075953,3.115234,4.629532,1.415299,-0.002971,1.413342,-0.002971,4.629532,0
2026-07-02 15:48:26.075953,3.117667,4.629532,1.415299,-0.002971,1.418524,-0.002971,4.629532,0
2026-07-02 15:48:26.086106,3.120156,4.619168,1.415299,-0.002971,1.413342,-0.002971,4.619168,0
2026-07-02 15:48:26.086106,3.122632,4.629532,1.415299,-0.008152,1.418524,-0.008152,4.629532,0
2026-07-02 15:48:26.086106,3.125071,4.624350,1.415299,-0.008152,1.413342,-0.008152,4.624350,0
2026-07-02 15:48:26.086106,3.127466,4.629532,1.415299,-0.002971,1.413342,-0.002971,4.629532,0
2026-07-02 15:48:26.098771,3.129807,4.619168,1.415299,-0.002971,1.413342,-0.002971,4.619168,0
2026-07-02 15:48:26.098771,3.137374,4.629532,1.415299,-0.008152,1.413342,-0.008152,4.629532,0
2026-07-02 15:48:26.106305,3.140264,4.629532,1.415299,-0.008152,1.413342,-0.008152,4.629532,0
2026-07-02 15:48:26.106305,3.142912,4.624350,1.415299,-0.002971,1.413342,-0.002971,4.624350,0
2026-07-02 15:48:26.106305,3.145211,4.619168,1.415299,-0.002971,1.413342,-0.002971,4.619168,0
2026-07-02 15:48:26.106305,3.147508,4.619168,1.415299,-0.002971,1.418524,-0.002971,4.619168,0
2026-07-02 15:48:26.116442,3.149931,4.624350,1.415299,-0.002971,1.418524,-0.002971,4.624350,0
2026-07-02 15:48:26.116442,3.152447,4.619168,1.415299,-0.002971,1.418524,-0.002971,4.619168,0
2026-07-02 15:48:26.116442,3.154879,4.629532,1.415299,-0.002971,1.418524,-0.002971,4.629532,0
2026-07-02 15:48:26.116442,3.157321,4.619168,1.415299,-0.002971,1.413342,-0.002971,4.619168,0
2026-07-02 15:48:26.126523,3.159792,4.619168,1.415299,-0.002971,1.413342,-0.002971,4.619168,0
2026-07-02 15:48:26.126523,3.162337,4.619168,1.415299,-0.002971,1.418524,-0.002971,4.619168,0
2026-07-02 15:48:26.126523,3.164718,4.629532,1.415299,-0.008152,1.413342,-0.008152,4.629532,0
2026-07-02 15:48:26.126523,3.167177,4.619168,1.415299,-0.002971,1.413342,-0.002971,4.619168,0
2026-07-02 15:48:26.126523,3.169618,4.624350,1.415299,-0.002971,1.413342,-0.002971,4.624350,0
2026-07-02 15:48:26.136605,3.172108,4.619168,1.410120,-0.002971,1.413342,-0.002971,4.619168,0
2026-07-02 15:48:26.136605,3.174506,4.629532,1.415299,-0.002971,1.413342,-0.002971,4.629532,0
2026-07-02 15:48:26.136605,3.176916,4.629532,1.415299,-0.002971,1.418524,-0.002971,4.629532,0
2026-07-02 15:48:26.136605,3.179316,4.629532,1.415299,-0.002971,1.413342,-0.002971,4.629532,0
2026-07-02 15:48:26.146758,3.181791,4.619168,1.415299,-0.002971,1.413342,-0.002971,4.619168,0
2026-07-02 15:48:26.146758,3.184229,4.619168,1.415299,-0.008152,1.418524,-0.008152,4.619168,0
2026-07-02 15:48:26.152843,3.186576,4.629532,1.415299,-0.002971,1.418524,-0.002971,4.629532,0
2026-07-02 15:48:26.152843,3.188883,4.613987,1.415299,-0.002971,1.413342,-0.002971,4.613987,0
2026-07-02 15:48:26.156893,3.191367,4.624350,1.415299,-0.002971,1.418524,-0.002971,4.624350,0
2026-07-02 15:48:26.156893,3.193665,4.629532,1.415299,-0.008152,1.413342,-0.008152,4.629532,0
2026-07-02 15:48:26.161981,3.196053,4.624350,1.415299,-0.008152,1.418524,-0.008152,4.624350,0
2026-07-02 15:48:26.161981,3.198461,4.629532,1.415299,-0.002971,1.413342,-0.002971,4.629532,0
2026-07-02 15:48:26.167022,3.200858,4.629532,1.415299,-0.002971,1.413342,-0.002971,4.629532,0
2026-07-02 15:48:26.167022,3.203213,4.624350,1.415299,-0.002971,1.413342,-0.002971,4.624350,0
2026-07-02 15:48:26.167022,3.205569,4.624350,1.415299,-0.002971,1.418524,-0.002971,4.624350,0
2026-07-02 15:48:26.167022,3.208146,4.624350,1.415299,-0.008152,1.418524,-0.008152,4.624350,0
2026-07-02 15:48:26.177225,3.210555,4.624350,1.415299,-0.002971,1.413342,-0.002971,4.624350,0
2026-07-02 15:48:26.177225,3.213115,4.629532,1.415299,-0.002971,1.418524,-0.002971,4.629532,0
2026-07-02 15:48:26.177225,3.215372,4.619168,1.415299,-0.002971,1.413342,-0.002971,4.619168,0
2026-07-02 15:48:26.177225,3.217705,4.619168,1.415299,-0.008152,1.413342,-0.008152,4.619168,0
2026-07-02 15:48:26.177225,3.219899,4.629532,1.415299,-0.002971,1.413342,-0.002971,4.629532,0
2026-07-02 15:48:26.187348,3.222110,4.629532,1.415299,-0.002971,1.413342,-0.002971,4.629532,0
2026-07-02 15:48:26.187348,3.224405,4.624350,1.415299,-0.002971,1.418524,-0.002971,4.624350,0
2026-07-02 15:48:26.187348,3.226737,4.624350,1.415299,-0.008152,1.413342,-0.008152,4.624350,0
2026-07-02 15:48:26.194438,3.229020,4.629532,1.415299,-0.002971,1.413342,-0.002971,4.629532,0
2026-07-02 15:48:26.197544,3.231455,4.624350,1.415299,-0.002971,1.413342,-0.002971,4.624350,0
2026-07-02 15:48:26.199063,3.233777,4.629532,1.415299,-0.008152,1.413342,-0.008152,4.629532,0
2026-07-02 15:48:26.199063,3.236230,4.624350,1.415299,-0.002971,1.413342,-0.002971,4.624350,0
2026-07-02 15:48:26.199063,3.238782,4.619168,1.415299,-0.002971,1.418524,-0.002971,4.619168,0
2026-07-02 15:48:26.207602,3.241364,4.629532,1.415299,-0.002971,1.418524,-0.002971,4.629532,0
2026-07-02 15:48:26.210024,3.243929,4.619168,1.415299,-0.002971,1.418524,-0.002971,4.619168,0
2026-07-02 15:48:26.210024,3.246495,4.624350,1.415299,-0.008152,1.413342,-0.008152,4.624350,0
2026-07-02 15:48:26.210024,3.249031,4.629532,1.415299,-0.002971,1.418524,-0.002971,4.629532,0
2026-07-02 15:48:26.216561,3.251457,4.619168,1.415299,-0.002971,1.418524,-0.002971,4.619168,0
2026-07-02 15:48:26.216561,3.253844,4.629532,1.415299,-0.002971,1.418524,-0.002971,4.629532,0
2026-07-02 15:48:26.216561,3.256235,4.619168,1.410120,-0.002971,1.413342,-0.002971,4.619168,0
2026-07-02 15:48:26.224632,3.258680,4.619168,1.415299,-0.002971,1.413342,-0.002971,4.619168,0
2026-07-02 15:48:26.224632,3.261021,4.629532,1.415299,-0.008152,1.413342,-0.008152,4.629532,0
2026-07-02 15:48:26.224632,3.263450,4.624350,1.415299,-0.002971,1.418524,-0.002971,4.624350,0
2026-07-02 15:48:26.224632,3.265862,4.619168,1.415299,-0.002971,1.418524,-0.002971,4.619168,0
2026-07-02 15:48:26.234882,3.268273,4.624350,1.415299,-0.002971,1.418524,-0.002971,4.624350,0
2026-07-02 15:48:26.234882,3.270950,4.629532,1.415299,-0.002971,1.413342,-0.002971,4.629532,0
2026-07-02 15:48:26.234882,3.273430,4.629532,1.415299,-0.002971,1.413342,-0.002971,4.629532,0
2026-07-02 15:48:26.234882,3.275843,4.629532,1.415299,-0.002971,1.413342,-0.002971,4.629532,0
2026-07-02 15:48:26.245093,3.278327,4.619168,1.415299,-0.008152,1.413342,-0.008152,4.619168,0
2026-07-02 15:48:26.245093,3.280912,4.624350,1.415299,-0.002971,1.413342,-0.002971,4.624350,0
2026-07-02 15:48:26.245093,3.283298,4.613987,1.415299,-0.002971,1.418524,-0.002971,4.613987,0
2026-07-02 15:48:26.245093,3.285891,4.624350,1.415299,-0.002971,1.418524,-0.002971,4.624350,0
2026-07-02 15:48:26.253669,3.288337,4.624350,1.415299,-0.002971,1.413342,-0.002971,4.624350,0
2026-07-02 15:48:26.255431,3.290705,4.619168,1.415299,-0.002971,1.413342,-0.002971,4.619168,0
2026-07-02 15:48:26.255431,3.293056,4.629532,1.415299,-0.002971,1.413342,-0.002971,4.629532,0
2026-07-02 15:48:26.255431,3.295294,4.619168,1.415299,-0.002971,1.413342,-0.002971,4.619168,0
2026-07-02 15:48:26.255431,3.297657,4.619168,1.415299,-0.002971,1.418524,-0.002971,4.619168,0
2026-07-02 15:48:26.265500,3.299877,4.629532,1.415299,-0.002971,1.418524,-0.002971,4.629532,0
2026-07-02 15:48:26.265500,3.302059,4.629532,1.415299,-0.002971,1.418524,-0.002971,4.629532,0
2026-07-02 15:48:26.265500,3.304420,4.624350,1.415299,-0.002971,1.418524,-0.002971,4.624350,0
2026-07-02 15:48:26.265500,3.306907,4.629532,1.420479,-0.008152,1.418524,-0.008152,4.629532,0
2026-07-02 15:48:26.275581,3.309338,4.619168,1.410120,-0.002971,1.413342,-0.002971,4.619168,0
2026-07-02 15:48:26.275581,3.311689,4.624350,1.415299,-0.002971,1.418524,-0.002971,4.624350,0
2026-07-02 15:48:26.275581,3.314047,4.624350,1.415299,-0.008152,1.418524,-0.008152,4.624350,0
2026-07-02 15:48:26.275581,3.316306,4.624350,1.415299,-0.002971,1.413342,-0.002971,4.624350,0
2026-07-02 15:48:26.275581,3.318761,4.629532,1.415299,-0.008152,1.413342,-0.008152,4.629532,0
2026-07-02 15:48:26.285642,3.321178,4.629532,1.415299,-0.002971,1.418524,-0.002971,4.629532,0
2026-07-02 15:48:26.285642,3.323519,4.619168,1.415299,-0.002971,1.413342,-0.002971,4.619168,0
2026-07-02 15:48:26.285642,3.326057,4.624350,1.415299,-0.002971,1.413342,-0.002971,4.624350,0
2026-07-02 15:48:26.285642,3.328353,4.624350,1.415299,-0.002971,1.413342,-0.002971,4.624350,0
2026-07-02 15:48:26.295753,3.330780,4.624350,1.415299,-0.008152,1.413342,-0.008152,4.624350,0
2026-07-02 15:48:26.299339,3.333021,4.629532,1.415299,-0.008152,1.413342,-0.008152,4.629532,0
2026-07-02 15:48:26.299339,3.335236,4.624350,1.415299,-0.002971,1.418524,-0.002971,4.624350,0
2026-07-02 15:48:26.302885,3.337641,4.624350,1.415299,-0.002971,1.418524,-0.002971,4.624350,0
2026-07-02 15:48:26.305917,3.339984,4.634713,1.415299,-0.008152,1.413342,-0.008152,4.634713,0
2026-07-02 15:48:26.305917,3.342263,4.624350,1.415299,-0.002971,1.413342,-0.002971,4.624350,0
2026-07-02 15:48:26.305917,3.344632,4.624350,1.415299,-0.008152,1.418524,-0.008152,4.624350,0
2026-07-02 15:48:26.305917,3.347077,4.629532,1.415299,-0.002971,1.413342,-0.002971,4.629532,0
2026-07-02 15:48:26.316007,3.349515,4.629532,1.415299,-0.008152,1.413342,-0.008152,4.629532,0
2026-07-02 15:48:26.316007,3.352146,4.624350,1.415299,-0.002971,1.413342,-0.002971,4.624350,0
2026-07-02 15:48:26.316007,3.354569,4.629532,1.415299,-0.002971,1.418524,-0.002971,4.629532,0
2026-07-02 15:48:26.316007,3.357107,4.619168,1.415299,-0.002971,1.418524,-0.002971,4.619168,0
2026-07-02 15:48:26.326107,3.359689,4.619168,1.415299,-0.002971,1.418524,-0.002971,4.619168,0
2026-07-02 15:48:26.326107,3.362174,4.619168,1.410120,-0.002971,1.418524,-0.002971,4.619168,0
2026-07-02 15:48:26.326107,3.364588,4.624350,1.415299,-0.002971,1.413342,-0.002971,4.624350,0
2026-07-02 15:48:26.326107,3.367066,4.624350,1.415299,-0.002971,1.418524,-0.002971,4.624350,0
2026-07-02 15:48:26.336243,3.369585,4.624350,1.415299,-0.002971,1.413342,-0.002971,4.624350,0
2026-07-02 15:48:26.336243,3.372263,4.629532,1.415299,-0.008152,1.418524,-0.008152,4.629532,0
2026-07-02 15:48:26.336243,3.374638,4.629532,1.415299,-0.002971,1.418524,-0.002971,4.629532,0
2026-07-02 15:48:26.336243,3.377527,4.619168,1.415299,-0.002971,1.418524,-0.002971,4.619168,0
2026-07-02 15:48:26.346313,3.380078,4.624350,1.415299,-0.002971,1.418524,-0.002971,4.624350,0
2026-07-02 15:48:26.346313,3.382315,4.619168,1.415299,-0.002971,1.413342,-0.002971,4.619168,0
2026-07-02 15:48:26.346313,3.384808,4.619168,1.415299,-0.002971,1.413342,-0.002971,4.619168,0
2026-07-02 15:48:26.346313,3.387224,4.624350,1.415299,-0.002971,1.418524,-0.002971,4.624350,0
2026-07-02 15:48:26.354135,3.389770,4.624350,1.415299,-0.002971,1.413342,-0.002971,4.624350,0
2026-07-02 15:48:26.357470,3.392226,4.634713,1.415299,-0.008152,1.413342,-0.008152,4.634713,0
2026-07-02 15:48:26.359380,3.394568,4.624350,1.415299,-0.002971,1.418524,-0.002971,4.624350,0
2026-07-02 15:48:26.363402,3.396964,4.624350,1.415299,-0.008152,1.418524,-0.008152,4.624350,0
2026-07-02 15:48:26.363402,3.399339,4.629532,1.415299,-0.002971,1.418524,-0.002971,4.629532,0
2026-07-02 15:48:26.367794,3.401732,4.629532,1.415299,-0.002971,1.413342,-0.002971,4.629532,0
2026-07-02 15:48:26.369966,3.404163,4.624350,1.415299,-0.008152,1.413342,-0.008152,4.624350,0
2026-07-02 15:48:26.369966,3.406581,4.624350,1.415299,-0.002971,1.413342,-0.002971,4.624350,0
2026-07-02 15:48:26.369966,3.408984,4.629532,1.415299,-0.008152,1.413342,-0.008152,4.629532,0
2026-07-02 15:48:26.377520,3.411331,4.624350,1.415299,-0.002971,1.418524,-0.002971,4.624350,0
2026-07-02 15:48:26.377520,3.413735,4.634713,1.415299,-0.002971,1.413342,-0.002971,4.634713,0
2026-07-02 15:48:26.377520,3.416165,4.619168,1.415299,-0.002971,1.418524,-0.002971,4.619168,0
2026-07-02 15:48:26.377520,3.418611,4.624350,1.415299,-0.008152,1.413342,-0.008152,4.624350,0
2026-07-02 15:48:26.386797,3.421077,4.629532,1.415299,-0.008152,1.413342,-0.008152,4.629532,0
2026-07-02 15:48:26.388895,3.423409,4.619168,1.415299,-0.002971,1.418524,-0.002971,4.619168,0
2026-07-02 15:48:26.388895,3.425959,4.629532,1.415299,-0.002971,1.413342,-0.002971,4.629532,0
2026-07-02 15:48:26.388895,3.428497,4.624350,1.415299,-0.002971,1.418524,-0.002971,4.624350,0
2026-07-02 15:48:26.395938,3.430876,4.624350,1.415299,-0.002971,1.418524,-0.002971,4.624350,0
2026-07-02 15:48:26.400079,3.433370,4.624350,1.415299,-0.008152,1.418524,-0.008152,4.624350,0
2026-07-02 15:48:26.400079,3.435919,4.629532,1.415299,-0.008152,1.413342,-0.008152,4.629532,0
2026-07-02 15:48:26.400079,3.438341,4.619168,1.415299,-0.002971,1.418524,-0.002971,4.619168,0
2026-07-02 15:48:26.400079,3.440811,4.629532,1.415299,-0.002971,1.413342,-0.002971,4.629532,0
2026-07-02 15:48:26.408987,3.443293,4.624350,1.415299,-0.002971,1.413342,-0.002971,4.624350,0
2026-07-02 15:48:26.408987,3.445991,4.619168,1.415299,-0.002971,1.413342,-0.002971,4.619168,0
2026-07-02 15:48:26.408987,3.448492,4.624350,1.415299,-0.002971,1.418524,-0.002971,4.624350,0
2026-07-02 15:48:26.408987,3.450989,4.629532,1.415299,-0.002971,1.413342,-0.002971,4.629532,0
2026-07-02 15:48:26.418389,3.453501,4.624350,1.415299,-0.002971,1.418524,-0.002971,4.624350,0
2026-07-02 15:48:26.418389,3.455970,4.624350,1.415299,-0.002971,1.413342,-0.002971,4.624350,0
2026-07-02 15:48:26.418389,3.458533,4.629532,1.415299,-0.008152,1.418524,-0.008152,4.629532,0
2026-07-02 15:48:26.425771,3.461005,4.634713,1.415299,-0.002971,1.413342,-0.002971,4.634713,0
2026-07-02 15:48:26.430113,3.463425,4.613987,1.415299,-0.002971,1.413342,-0.002971,4.613987,0
2026-07-02 15:48:26.432128,3.465821,4.624350,1.415299,-0.008152,1.413342,-0.008152,4.624350,0
2026-07-02 15:48:26.433450,3.468243,4.624350,1.415299,-0.002971,1.413342,-0.002971,4.624350,0
2026-07-02 15:48:26.433450,3.470720,4.629532,1.415299,-0.008152,1.413342,-0.008152,4.629532,0
2026-07-02 15:48:26.439140,3.473303,4.634713,1.415299,-0.008152,1.413342,-0.008152,4.634713,0
2026-07-02 15:48:26.441936,3.475749,4.629532,1.415299,-0.002971,1.413342,-0.002971,4.629532,0
2026-07-02 15:48:26.441936,3.478233,4.624350,1.415299,-0.002971,1.418524,-0.002971,4.624350,0
2026-07-02 15:48:26.441936,3.480715,4.619168,1.415299,-0.002971,1.418524,-0.002971,4.619168,0
2026-07-02 15:48:26.449449,3.483159,4.624350,1.415299,-0.002971,1.418524,-0.002971,4.624350,0
2026-07-02 15:48:26.449449,3.485523,4.624350,1.415299,-0.002971,1.418524,-0.002971,4.624350,0
2026-07-02 15:48:26.453327,3.488009,4.624350,1.415299,-0.002971,1.418524,-0.002971,4.624350,0
2026-07-02 15:48:26.456877,3.490450,4.629532,1.415299,-0.002971,1.413342,-0.002971,4.629532,0
2026-07-02 15:48:26.458963,3.492874,4.624350,1.415299,-0.002971,1.418524,-0.002971,4.624350,0
2026-07-02 15:48:26.460586,3.495280,4.619168,1.415299,-0.002971,1.413342,-0.002971,4.619168,0
2026-07-02 15:48:26.460586,3.497757,4.619168,1.415299,-0.002971,1.413342,-0.002971,4.619168,0
2026-07-02 15:48:26.460586,3.500236,4.624350,1.415299,-0.008152,1.413342,-0.008152,4.624350,0
2026-07-02 15:48:26.469115,3.502803,4.629532,1.415299,-0.008152,1.413342,-0.008152,4.629532,0
2026-07-02 15:48:26.469115,3.505178,4.629532,1.415299,-0.008152,1.413342,-0.008152,4.629532,0
2026-07-02 15:48:26.469115,3.507632,4.624350,1.415299,-0.002971,1.418524,-0.002971,4.624350,0
2026-07-02 15:48:26.469115,3.510129,4.624350,1.415299,-0.002971,1.418524,-0.002971,4.624350,0
2026-07-02 15:48:26.479156,3.512568,4.629532,1.415299,-0.008152,1.418524,-0.008152,4.629532,0
2026-07-02 15:48:26.480296,3.515056,4.619168,1.415299,-0.002971,1.418524,-0.002971,4.619168,0
2026-07-02 15:48:26.480296,3.517482,4.624350,1.415299,-0.002971,1.413342,-0.002971,4.624350,0
2026-07-02 15:48:26.480296,3.519919,4.629532,1.415299,-0.002971,1.413342,-0.002971,4.629532,0
2026-07-02 15:48:26.488797,3.522353,4.613987,1.415299,-0.002971,1.418524,-0.002971,4.613987,0
2026-07-02 15:48:26.488797,3.524915,4.624350,1.415299,-0.002971,1.418524,-0.002971,4.624350,0
2026-07-02 15:48:26.488797,3.527507,4.624350,1.415299,-0.008152,1.418524,-0.008152,4.624350,0
2026-07-02 15:48:26.488797,3.529986,4.629532,1.415299,-0.008152,1.413342,-0.008152,4.629532,0
2026-07-02 15:48:26.500842,3.532421,4.629532,1.415299,-0.008152,1.413342,-0.008152,4.629532,0
2026-07-02 15:48:26.504869,3.537764,4.624350,1.415299,-0.002971,1.413342,-0.002971,4.624350,0
2026-07-02 15:48:26.508933,3.542220,4.619168,1.410120,-0.002971,1.413342,-0.002971,4.619168,0
2026-07-02 15:48:26.510265,3.544837,4.624350,1.415299,-0.002971,1.418524,-0.002971,4.624350,0
2026-07-02 15:48:26.512785,3.547443,4.629532,1.415299,-0.002971,1.418524,-0.002971,4.629532,0
2026-07-02 15:48:26.517339,3.549863,4.629532,1.415299,-0.002971,1.413342,-0.002971,4.629532,0
2026-07-02 15:48:26.519850,3.553237,4.629532,1.415299,-0.008152,1.418524,-0.008152,4.629532,0
2026-07-02 15:48:26.519850,3.555665,4.624350,1.415299,-0.002971,1.418524,-0.002971,4.624350,0
2026-07-02 15:48:26.519850,3.558000,4.619168,1.415299,-0.002971,1.418524,-0.002971,4.619168,0
2026-07-02 15:48:26.527520,3.560330,4.629532,1.415299,-0.002971,1.413342,-0.002971,4.629532,0
2026-07-02 15:48:26.530724,3.563487,4.619168,1.415299,-0.002971,1.418524,-0.002971,4.619168,0
2026-07-02 15:48:26.534409,3.567880,4.624350,1.415299,-0.002971,1.413342,-0.002971,4.624350,0
2026-07-02 15:48:26.535030,3.570680,4.624350,1.415299,-0.002971,1.413342,-0.002971,4.624350,0
2026-07-02 15:48:26.539520,3.573083,4.629532,1.415299,-0.008152,1.413342,-0.008152,4.629532,0
2026-07-02 15:48:26.543832,3.575794,4.629532,1.415299,-0.002971,1.418524,-0.002971,4.629532,0
2026-07-02 15:48:26.546023,3.580836,4.624350,1.415299,-0.002971,1.418524,-0.002971,4.624350,0
2026-07-02 15:48:26.550820,3.583200,4.629532,1.415299,-0.002971,1.418524,-0.002971,4.629532,0
2026-07-02 15:48:26.552418,3.586786,4.624350,1.415299,-0.002971,1.413342,-0.002971,4.624350,0
2026-07-02 15:48:26.555363,3.589195,4.629532,1.415299,-0.002971,1.413342,-0.002971,4.629532,0
2026-07-02 15:48:26.557195,3.591674,4.629532,1.415299,-0.008152,1.418524,-0.008152,4.629532,0
2026-07-02 15:48:26.561484,3.594807,4.629532,1.415299,-0.008152,1.413342,-0.008152,4.629532,0
2026-07-02 15:48:26.563707,3.597975,4.624350,1.415299,-0.008152,1.418524,-0.008152,4.624350,0
2026-07-02 15:48:26.567034,3.600366,4.629532,1.415299,-0.008152,1.413342,-0.008152,4.629532,0
2026-07-02 15:48:26.570277,3.603084,4.624350,1.415299,-0.002971,1.413342,-0.002971,4.624350,0
2026-07-02 15:48:26.574905,3.606122,4.624350,1.415299,-0.002971,1.418524,-0.002971,4.624350,0
2026-07-02 15:48:26.577326,3.610734,4.624350,1.415299,-0.002971,1.413342,-0.002971,4.624350,0
2026-07-02 15:48:26.579502,3.613138,4.629532,1.415299,-0.002971,1.413342,-0.002971,4.629532,0
2026-07-02 15:48:26.580250,3.615514,4.624350,1.415299,-0.002971,1.413342,-0.002971,4.624350,0
2026-07-02 15:48:26.584614,3.617848,4.624350,1.415299,-0.002971,1.413342,-0.002971,4.624350,0
2026-07-02 15:48:26.584614,3.620489,4.619168,1.415299,-0.002971,1.413342,-0.002971,4.619168,0
2026-07-02 15:48:26.584614,3.622850,4.624350,1.415299,-0.002971,1.413342,-0.002971,4.624350,0
2026-07-02 15:48:26.591761,3.625287,4.624350,1.415299,-0.002971,1.413342,-0.002971,4.624350,0
2026-07-02 15:48:26.591761,3.628313,4.634713,1.415299,-0.008152,1.413342,-0.008152,4.634713,0
2026-07-02 15:48:26.591761,3.630650,4.624350,1.415299,-0.008152,1.413342,-0.008152,4.624350,0
2026-07-02 15:48:26.602950,3.632945,4.619168,1.415299,-0.002971,1.413342,-0.002971,4.619168,0
2026-07-02 15:48:26.605958,3.638854,4.629532,1.415299,-0.002971,1.413342,-0.002971,4.629532,0
2026-07-02 15:48:26.607995,3.642648,4.629532,1.415299,-0.002971,1.418524,-0.002971,4.629532,0
2026-07-02 15:48:26.611138,3.645071,4.624350,1.415299,-0.002971,1.413342,-0.002971,4.624350,0
2026-07-02 15:48:26.613362,3.647487,4.624350,1.415299,-0.002971,1.418524,-0.002971,4.624350,0
2026-07-02 15:48:26.617143,3.649974,4.629532,1.415299,-0.002971,1.413342,-0.002971,4.629532,0
2026-07-02 15:48:26.619223,3.653124,4.629532,1.415299,-0.002971,1.418524,-0.002971,4.629532,0
2026-07-02 15:48:26.621051,3.655616,4.624350,1.415299,-0.002971,1.418524,-0.002971,4.624350,0
2026-07-02 15:48:26.621051,3.658003,4.629532,1.415299,-0.008152,1.413342,-0.008152,4.629532,0
2026-07-02 15:48:26.621051,3.661311,4.619168,1.415299,-0.002971,1.418524,-0.002971,4.619168,0
2026-07-02 15:48:26.632268,3.663689,4.624350,1.415299,-0.002971,1.413342,-0.002971,4.624350,0
2026-07-02 15:48:26.636872,3.669618,4.629532,1.415299,-0.002971,1.413342,-0.002971,4.629532,0
2026-07-02 15:48:26.636872,3.672609,4.629532,1.415299,-0.008152,1.413342,-0.008152,4.629532,0
2026-07-02 15:48:26.640396,3.674978,4.624350,1.415299,-0.002971,1.413342,-0.002971,4.624350,0
2026-07-02 15:48:26.640396,3.678108,4.624350,1.415299,-0.002971,1.418524,-0.002971,4.624350,0
2026-07-02 15:48:26.640396,3.680503,4.634713,1.415299,-0.002971,1.413342,-0.002971,4.634713,0
2026-07-02 15:48:26.640396,3.682838,4.619168,1.415299,-0.002971,1.418524,-0.002971,4.619168,0
2026-07-02 15:48:26.651831,3.685153,4.619168,1.415299,-0.002971,1.418524,-0.002971,4.619168,0
2026-07-02 15:48:26.653450,3.688206,4.624350,1.415299,-0.002971,1.418524,-0.002971,4.624350,0
2026-07-02 15:48:26.655963,3.690580,4.624350,1.415299,-0.002971,1.413342,-0.002971,4.624350,0
2026-07-02 15:48:26.655963,3.692914,4.634713,1.415299,-0.008152,1.418524,-0.008152,4.634713,0
2026-07-02 15:48:26.661276,3.695305,4.624350,1.415299,-0.002971,1.413342,-0.002971,4.624350,0
2026-07-02 15:48:26.662414,3.697724,4.619168,1.415299,-0.002971,1.413342,-0.002971,4.619168,0
2026-07-02 15:48:26.667153,3.700047,4.629532,1.415299,-0.002971,1.418524,-0.002971,4.629532,0
2026-07-02 15:48:26.669371,3.702978,4.613987,1.415299,-0.002971,1.418524,-0.002971,4.613987,0
2026-07-02 15:48:26.675445,3.705325,4.624350,1.415299,-0.002971,1.413342,-0.002971,4.624350,0
2026-07-02 15:48:26.677227,3.711315,4.624350,1.415299,-0.002971,1.413342,-0.002971,4.624350,0
2026-07-02 15:48:26.677227,3.713732,4.629532,1.415299,-0.008152,1.413342,-0.008152,4.629532,0
2026-07-02 15:48:26.683029,3.716129,4.624350,1.415299,-0.002971,1.413342,-0.002971,4.624350,0
2026-07-02 15:48:26.684547,3.719178,4.629532,1.415299,-0.008152,1.413342,-0.008152,4.629532,0
2026-07-02 15:48:26.684547,3.721751,4.624350,1.415299,-0.008152,1.418524,-0.008152,4.624350,0
2026-07-02 15:48:26.684547,3.724160,4.624350,1.415299,-0.008152,1.413342,-0.008152,4.624350,0
2026-07-02 15:48:26.692122,3.726491,4.629532,1.415299,-0.002971,1.413342,-0.002971,4.629532,0
2026-07-02 15:48:26.692122,3.728853,4.624350,1.415299,-0.002971,1.418524,-0.002971,4.624350,0
2026-07-02 15:48:26.692122,3.731202,4.619168,1.415299,-0.002971,1.418524,-0.002971,4.619168,0
2026-07-02 15:48:26.699455,3.733534,4.629532,1.415299,-0.002971,1.413342,-0.002971,4.629532,0
2026-07-02 15:48:26.702346,3.736265,4.619168,1.415299,-0.002971,1.413342,-0.002971,4.619168,0
2026-07-02 15:48:26.702346,3.738653,4.619168,1.415299,-0.002971,1.418524,-0.002971,4.619168,0
2026-07-02 15:48:26.702346,3.740997,4.629532,1.415299,-0.002971,1.413342,-0.002971,4.629532,0
2026-07-02 15:48:26.709169,3.743298,4.624350,1.415299,-0.002971,1.413342,-0.002971,4.624350,0
2026-07-02 15:48:26.712165,3.745630,4.629532,1.415299,-0.002971,1.418524,-0.002971,4.629532,0
2026-07-02 15:48:26.717662,3.749708,4.629532,1.415299,-0.002971,1.413342,-0.002971,4.629532,0
2026-07-02 15:48:26.717662,3.754503,4.629532,1.415299,-0.008152,1.413342,-0.008152,4.629532,0
2026-07-02 15:48:26.724217,3.756955,4.624350,1.415299,-0.002971,1.418524,-0.002971,4.624350,0
2026-07-02 15:48:26.727097,3.761828,4.629532,1.415299,-0.008152,1.413342,-0.008152,4.629532,0
2026-07-02 15:48:26.729703,3.764609,4.624350,1.415299,-0.008152,1.413342,-0.008152,4.624350,0
2026-07-02 15:48:26.732224,3.766980,4.624350,1.415299,-0.002971,1.413342,-0.002971,4.624350,0
2026-07-02 15:48:26.736136,3.769693,4.629532,1.415299,-0.002971,1.418524,-0.002971,4.629532,0
2026-07-02 15:48:26.736136,3.772089,4.619168,1.415299,-0.002971,1.413342,-0.002971,4.619168,0
2026-07-02 15:48:26.736136,3.774487,4.624350,1.415299,-0.002971,1.413342,-0.002971,4.624350,0
2026-07-02 15:48:26.745206,3.776795,4.624350,1.415299,-0.002971,1.413342,-0.002971,4.624350,0
2026-07-02 15:48:26.746148,3.780956,4.634713,1.415299,-0.008152,1.413342,-0.008152,4.634713,0
2026-07-02 15:48:26.750962,3.783350,4.624350,1.415299,-0.008152,1.413342,-0.008152,4.624350,0
2026-07-02 15:48:26.755276,3.788125,4.619168,1.415299,-0.002971,1.418524,-0.002971,4.619168,0
2026-07-02 15:48:26.763351,3.791622,4.624350,1.415299,-0.008152,1.418524,-0.008152,4.624350,0
2026-07-02 15:48:26.766738,3.799834,4.634713,1.415299,-0.008152,1.418524,-0.008152,4.634713,0
2026-07-02 15:48:26.768875,3.802926,4.629532,1.415299,-0.002971,1.413342,-0.002971,4.629532,0
2026-07-02 15:48:26.768875,3.805284,4.629532,1.415299,-0.002971,1.413342,-0.002971,4.629532,0
2026-07-02 15:48:26.768875,3.807618,4.629532,1.415299,-0.002971,1.413342,-0.002971,4.629532,0
2026-07-02 15:48:26.775093,3.809910,4.629532,1.415299,-0.002971,1.413342,-0.002971,4.629532,0
2026-07-02 15:48:26.777903,3.812253,4.629532,1.415299,-0.002971,1.418524,-0.002971,4.629532,0
2026-07-02 15:48:26.778909,3.814525,4.624350,1.415299,-0.008152,1.418524,-0.008152,4.624350,0
2026-07-02 15:48:26.778909,3.817004,4.619168,1.415299,-0.002971,1.413342,-0.002971,4.619168,0
2026-07-02 15:48:26.785669,3.819336,4.624350,1.415299,-0.002971,1.418524,-0.002971,4.624350,0
2026-07-02 15:48:26.785669,3.821658,4.624350,1.415299,-0.002971,1.413342,-0.002971,4.624350,0
2026-07-02 15:48:26.791680,3.823956,4.619168,1.415299,-0.002971,1.418524,-0.002971,4.619168,0
2026-07-02 15:48:26.791680,3.827685,4.629532,1.415299,-0.002971,1.418524,-0.002971,4.629532,0
2026-07-02 15:48:26.791680,3.830055,4.619168,1.415299,-0.002971,1.418524,-0.002971,4.619168,0
2026-07-02 15:48:26.791680,3.832374,4.624350,1.415299,-0.008152,1.413342,-0.008152,4.624350,0
2026-07-02 15:48:26.799589,3.834681,4.629532,1.415299,-0.008152,1.413342,-0.008152,4.629532,0
2026-07-02 15:48:26.799589,3.837025,4.629532,1.415299,-0.002971,1.418524,-0.002971,4.629532,0
2026-07-02 15:48:26.799589,3.839340,4.613987,1.415299,-0.002971,1.413342,-0.002971,4.613987,0
2026-07-02 15:48:26.799589,3.841648,4.634713,1.415299,-0.008152,1.413342,-0.008152,4.634713,0
2026-07-02 15:48:26.809610,3.844010,4.624350,1.415299,-0.002971,1.413342,-0.002971,4.624350,0
2026-07-02 15:48:26.811432,3.846302,4.624350,1.415299,-0.002971,1.418524,-0.002971,4.624350,0
2026-07-02 15:48:26.813951,3.848540,4.629532,1.415299,-0.002971,1.418524,-0.002971,4.629532,0
2026-07-02 15:48:26.817122,3.850890,4.624350,1.415299,-0.008152,1.413342,-0.008152,4.624350,0
2026-07-02 15:48:26.819671,3.853100,4.629532,1.415299,-0.002971,1.418524,-0.002971,4.629532,0
2026-07-02 15:48:26.820263,3.855390,4.629532,1.415299,-0.002971,1.418524,-0.002971,4.629532,0
2026-07-02 15:48:26.822271,3.857660,4.629532,1.415299,-0.002971,1.413342,-0.002971,4.629532,0
2026-07-02 15:48:26.826387,3.859959,4.624350,1.415299,-0.002971,1.418524,-0.002971,4.624350,0
2026-07-02 15:48:26.829803,3.863195,4.629532,1.415299,-0.002971,1.413342,-0.002971,4.629532,0
2026-07-02 15:48:26.830808,3.865611,4.619168,1.410120,-0.002971,1.413342,-0.002971,4.619168,0
2026-07-02 15:48:26.830808,3.868031,4.624350,1.415299,-0.002971,1.413342,-0.002971,4.624350,0
2026-07-02 15:48:26.830808,3.870340,4.624350,1.415299,-0.002971,1.413342,-0.002971,4.624350,0
2026-07-02 15:48:26.830808,3.872597,4.629532,1.415299,-0.002971,1.418524,-0.002971,4.629532,0
2026-07-02 15:48:26.840229,3.874815,4.619168,1.415299,-0.002971,1.413342,-0.002971,4.619168,0
2026-07-02 15:48:26.840229,3.877071,4.634713,1.415299,-0.008152,1.413342,-0.008152,4.634713,0
2026-07-02 15:48:26.840229,3.879363,4.629532,1.415299,-0.002971,1.418524,-0.002971,4.629532,0
2026-07-02 15:48:26.840229,3.881593,4.624350,1.415299,-0.002971,1.418524,-0.002971,4.624350,0
2026-07-02 15:48:26.840229,3.883816,4.619168,1.415299,-0.002971,1.418524,-0.002971,4.619168,0
2026-07-02 15:48:26.850399,3.886011,4.629532,1.415299,-0.002971,1.418524,-0.002971,4.629532,0
2026-07-02 15:48:26.850399,3.888380,4.624350,1.415299,-0.002971,1.413342,-0.002971,4.624350,0
2026-07-02 15:48:26.856797,3.890702,4.624350,1.415299,-0.002971,1.413342,-0.002971,4.624350,0
2026-07-02 15:48:26.856797,3.893073,4.629532,1.415299,-0.002971,1.413342,-0.002971,4.629532,0
2026-07-02 15:48:26.860446,3.895410,4.629532,1.415299,-0.002971,1.413342,-0.002971,4.629532,0
2026-07-02 15:48:26.860446,3.897661,4.629532,1.415299,-0.002971,1.413342,-0.002971,4.629532,0
2026-07-02 15:48:26.860446,3.899899,4.629532,1.415299,-0.008152,1.413342,-0.008152,4.629532,0
2026-07-02 15:48:26.867914,3.902082,4.629532,1.415299,-0.002971,1.413342,-0.002971,4.629532,0
2026-07-02 15:48:26.870664,3.904327,4.624350,1.415299,-0.008152,1.418524,-0.008152,4.624350,0
2026-07-02 15:48:26.871746,3.906584,4.629532,1.415299,-0.002971,1.413342,-0.002971,4.629532,0
2026-07-02 15:48:26.874267,3.908981,4.624350,1.415299,-0.002971,1.418524,-0.002971,4.624350,0
2026-07-02 15:48:26.877751,3.911357,4.613987,1.415299,-0.002971,1.418524,-0.002971,4.613987,0
2026-07-02 15:48:26.877751,3.913861,4.619168,1.415299,-0.002971,1.413342,-0.002971,4.619168,0
2026-07-02 15:48:26.883546,3.916252,4.624350,1.415299,-0.002971,1.413342,-0.002971,4.624350,0
2026-07-02 15:48:26.883546,3.919413,4.624350,1.415299,-0.002971,1.413342,-0.002971,4.624350,0
2026-07-02 15:48:26.883546,3.921759,4.619168,1.415299,-0.002971,1.418524,-0.002971,4.619168,0
2026-07-02 15:48:26.889400,3.924059,4.619168,1.415299,-0.002971,1.413342,-0.002971,4.619168,0
2026-07-02 15:48:26.891435,3.926485,4.624350,1.415299,-0.002971,1.413342,-0.002971,4.624350,0
2026-07-02 15:48:26.891435,3.928854,4.629532,1.415299,-0.002971,1.413342,-0.002971,4.629532,0
2026-07-02 15:48:26.891435,3.931200,4.629532,1.415299,-0.008152,1.418524,-0.008152,4.629532,0
2026-07-02 15:48:26.899903,3.933525,4.634713,1.415299,-0.008152,1.418524,-0.008152,4.634713,0
2026-07-02 15:48:26.901662,3.935832,4.624350,1.415299,-0.002971,1.418524,-0.002971,4.624350,0
2026-07-02 15:48:26.904186,3.938187,4.624350,1.415299,-0.002971,1.418524,-0.002971,4.624350,0
2026-07-02 15:48:26.906200,3.940440,4.619168,1.415299,-0.002971,1.418524,-0.002971,4.619168,0
2026-07-02 15:48:26.908213,3.942781,4.624350,1.415299,-0.002971,1.413342,-0.002971,4.624350,0
2026-07-02 15:48:26.911676,3.945090,4.619168,1.415299,-0.002971,1.413342,-0.002971,4.619168,0
2026-07-02 15:48:26.912489,3.947667,4.629532,1.415299,-0.002971,1.413342,-0.002971,4.629532,0
2026-07-02 15:48:26.912489,3.950039,4.619168,1.410120,-0.002971,1.418524,-0.002971,4.619168,0
2026-07-02 15:48:26.912489,3.952220,4.619168,1.415299,-0.002971,1.418524,-0.002971,4.619168,0
2026-07-02 15:48:26.920935,3.954508,4.634713,1.415299,-0.008152,1.418524,-0.008152,4.634713,0
2026-07-02 15:48:26.921952,3.956840,4.619168,1.410120,-0.002971,1.413342,-0.002971,4.619168,0
2026-07-02 15:48:26.921952,3.959167,4.613987,1.415299,-0.002971,1.418524,-0.002971,4.613987,0
2026-07-02 15:48:26.921952,3.961465,4.619168,1.415299,-0.002971,1.418524,-0.002971,4.619168,0
2026-07-02 15:48:26.921952,3.963713,4.629532,1.415299,-0.002971,1.413342,-0.002971,4.629532,0
2026-07-02 15:48:26.932329,3.965923,4.624350,1.415299,-0.002971,1.418524,-0.002971,4.624350,0
2026-07-02 15:48:26.933338,3.968593,4.624350,1.415299,-0.002971,1.418524,-0.002971,4.624350,0
2026-07-02 15:48:26.935966,3.970862,4.624350,1.415299,-0.002971,1.413342,-0.002971,4.624350,0
2026-07-02 15:48:26.935966,3.973135,4.634713,1.415299,-0.008152,1.413342,-0.008152,4.634713,0
2026-07-02 15:48:26.935966,3.975423,4.629532,1.415299,-0.002971,1.418524,-0.002971,4.629532,0
2026-07-02 15:48:26.942729,3.977772,4.629532,1.415299,-0.002971,1.413342,-0.002971,4.629532,0
2026-07-02 15:48:26.942729,3.980114,4.629532,1.415299,-0.002971,1.413342,-0.002971,4.629532,0
2026-07-02 15:48:26.942729,3.982371,4.619168,1.415299,-0.002971,1.413342,-0.002971,4.619168,0
2026-07-02 15:48:26.949991,3.984701,4.629532,1.415299,-0.002971,1.413342,-0.002971,4.629532,0
2026-07-02 15:48:26.953534,3.987112,4.619168,1.415299,-0.002971,1.418524,-0.002971,4.619168,0
2026-07-02 15:48:26.959167,3.989314,4.629532,1.415299,-0.002971,1.413342,-0.002971,4.629532,0
2026-07-02 15:48:26.966956,3.994932,4.624350,1.415299,-0.002971,1.413342,-0.002971,4.624350,0
2026-07-02 15:48:26.987447,4.004854,4.629532,1.415299,-0.002971,1.418524,-0.002971,4.629532,0
2026-07-02 15:48:26.997531,4.024462,4.624350,1.415299,-0.002971,1.413342,-0.002971,4.624350,0
2026-07-02 15:48:27.000041,4.035365,4.629532,1.415299,-0.002971,1.413342,-0.002971,4.629532,0
2026-07-02 15:48:27.003811,4.037698,4.629532,1.415299,-0.008152,1.413342,-0.008152,4.629532,0
2026-07-02 15:48:27.004894,4.040118,4.619168,1.415299,-0.002971,1.418524,-0.002971,4.619168,0
2026-07-02 15:48:27.008923,4.042509,4.629532,1.415299,-0.002971,1.413342,-0.002971,4.629532,0
2026-07-02 15:48:27.010937,4.044904,4.624350,1.415299,-0.002971,1.418524,-0.002971,4.624350,0
2026-07-02 15:48:27.013960,4.047297,4.624350,1.415299,-0.002971,1.418524,-0.002971,4.624350,0
2026-07-02 15:48:27.014927,4.049840,4.629532,1.415299,-0.002971,1.413342,-0.002971,4.629532,0
2026-07-02 15:48:27.017847,4.052557,4.624350,1.415299,-0.002971,1.413342,-0.002971,4.624350,0
2026-07-02 15:48:27.019857,4.054943,4.629532,1.415299,-0.008152,1.413342,-0.008152,4.629532,0
2026-07-02 15:48:27.022518,4.057256,4.629532,1.415299,-0.002971,1.413342,-0.002971,4.629532,0
2026-07-02 15:48:27.025617,4.059654,4.629532,1.415299,-0.002971,1.413342,-0.002971,4.629532,0
2026-07-02 15:48:27.027262,4.062002,4.619168,1.415299,-0.002971,1.413342,-0.002971,4.619168,0
2026-07-02 15:48:27.031284,4.064529,4.629532,1.415299,-0.008152,1.418524,-0.008152,4.629532,0
2026-07-02 15:48:27.033296,4.067007,4.624350,1.415299,-0.002971,1.418524,-0.002971,4.624350,0
2026-07-02 15:48:27.049315,4.069423,4.624350,1.415299,-0.002971,1.418524,-0.002971,4.624350,0
2026-07-02 15:48:27.062410,4.086275,4.629532,1.415299,-0.002971,1.418524,-0.002971,4.629532,0
2026-07-02 15:48:27.084943,4.099436,4.634713,1.415299,-0.008152,1.418524,-0.008152,4.634713,0
2026-07-02 15:48:27.088954,4.121124,4.629532,1.415299,-0.002971,1.413342,-0.002971,4.629532,0
2026-07-02 15:48:27.091545,4.125326,4.624350,1.415299,-0.002971,1.413342,-0.002971,4.624350,0
2026-07-02 15:48:27.092828,4.127606,4.624350,1.415299,-0.002971,1.413342,-0.002971,4.624350,0
2026-07-02 15:48:27.097035,4.129951,4.624350,1.415299,-0.002971,1.418524,-0.002971,4.624350,0
2026-07-02 15:48:27.111653,4.133745,4.619168,1.415299,-0.002971,1.413342,-0.002971,4.619168,0
2026-07-02 15:48:27.117866,4.147740,4.629532,1.415299,-0.002971,1.413342,-0.002971,4.629532,0
2026-07-02 15:48:27.125960,4.155088,4.629532,1.415299,-0.002971,1.413342,-0.002971,4.629532,0
2026-07-02 15:48:27.133170,4.162030,4.629532,1.415299,-0.002971,1.413342,-0.002971,4.629532,0
2026-07-02 15:48:27.149348,4.169864,4.629532,1.415299,-0.002971,1.418524,-0.002971,4.629532,0
2026-07-02 15:48:27.151359,4.186480,4.613987,1.415299,-0.002971,1.413342,-0.002971,4.613987,0
2026-07-02 15:48:27.155533,4.189013,4.624350,1.415299,-0.002971,1.418524,-0.002971,4.624350,0
2026-07-02 15:48:27.157829,4.191428,4.629532,1.410120,-0.002971,1.418524,-0.002971,4.629532,0
2026-07-02 15:48:27.160033,4.193831,4.634713,1.415299,-0.002971,1.413342,-0.002971,4.634713,0
2026-07-02 15:48:27.160905,4.196208,4.629532,1.415299,-0.002971,1.418524,-0.002971,4.629532,0
2026-07-02 15:48:27.164934,4.198589,4.629532,1.415299,-0.008152,1.418524,-0.008152,4.629532,0
2026-07-02 15:48:27.166947,4.200918,4.624350,1.415299,-0.002971,1.418524,-0.002971,4.624350,0
2026-07-02 15:48:27.169289,4.203203,4.613987,1.415299,-0.002971,1.413342,-0.002971,4.613987,0
2026-07-02 15:48:27.170790,4.205562,4.624350,1.415299,-0.002971,1.418524,-0.002971,4.624350,0
2026-07-02 15:48:27.170790,4.207905,4.629532,1.415299,-0.002971,1.418524,-0.002971,4.629532,0
2026-07-02 15:48:27.177245,4.210882,4.613987,1.415299,-0.002971,1.418524,-0.002971,4.613987,0
2026-07-02 15:48:27.177926,4.213318,4.619168,1.415299,-0.002971,1.413342,-0.002971,4.619168,0
2026-07-02 15:48:27.181025,4.215647,4.634713,1.415299,-0.002971,1.413342,-0.002971,4.634713,0
2026-07-02 15:48:27.181025,4.218001,4.624350,1.415299,-0.008152,1.413342,-0.008152,4.624350,0
2026-07-02 15:48:27.185498,4.220333,4.629532,1.415299,-0.002971,1.418524,-0.002971,4.629532,0
2026-07-02 15:48:27.187423,4.222652,4.624350,1.415299,-0.002971,1.413342,-0.002971,4.624350,0
2026-07-02 15:48:27.191449,4.225072,4.619168,1.415299,-0.002971,1.413342,-0.002971,4.619168,0
2026-07-02 15:48:27.191449,4.227387,4.629532,1.415299,-0.008152,1.418524,-0.008152,4.629532,0
2026-07-02 15:48:27.191449,4.229782,4.619168,1.415299,-0.002971,1.418524,-0.002971,4.619168,0
2026-07-02 15:48:27.197507,4.232221,4.629532,1.415299,-0.008152,1.413342,-0.008152,4.629532,0
2026-07-02 15:48:27.200033,4.234544,4.629532,1.415299,-0.002971,1.413342,-0.002971,4.629532,0
2026-07-02 15:48:27.202042,4.236891,4.624350,1.415299,-0.008152,1.418524,-0.008152,4.624350,0
2026-07-02 15:48:27.204055,4.239227,4.624350,1.415299,-0.008152,1.413342,-0.008152,4.624350,0
2026-07-02 15:48:27.207607,4.241606,4.634713,1.415299,-0.002971,1.418524,-0.002971,4.634713,0
2026-07-02 15:48:27.209189,4.243927,4.629532,1.415299,-0.002971,1.413342,-0.002971,4.629532,0
2026-07-02 15:48:27.209189,4.246351,4.629532,1.415299,-0.002971,1.418524,-0.002971,4.629532,0
2026-07-02 15:48:27.209189,4.248755,4.619168,1.415299,-0.002971,1.413342,-0.002971,4.619168,0
2026-07-02 15:48:27.209189,4.251223,4.624350,1.415299,-0.002971,1.413342,-0.002971,4.624350,0
2026-07-02 15:48:27.218010,4.253631,4.624350,1.415299,-0.002971,1.413342,-0.002971,4.624350,0
2026-07-02 15:48:27.222077,4.256212,4.624350,1.415299,-0.002971,1.418524,-0.002971,4.624350,0
2026-07-02 15:48:27.224091,4.258621,4.629532,1.415299,-0.002971,1.413342,-0.002971,4.629532,0
2026-07-02 15:48:27.224091,4.260956,4.624350,1.415299,-0.002971,1.418524,-0.002971,4.624350,0
2026-07-02 15:48:27.228265,4.263360,4.624350,1.415299,-0.002971,1.413342,-0.002971,4.624350,0
2026-07-02 15:48:27.232295,4.265775,4.629532,1.415299,-0.008152,1.413342,-0.008152,4.629532,0
2026-07-02 15:48:27.233349,4.268216,4.629532,1.415299,-0.002971,1.418524,-0.002971,4.629532,0
2026-07-02 15:48:27.235364,4.270625,4.624350,1.415299,-0.002971,1.418524,-0.002971,4.624350,0
2026-07-02 15:48:27.238539,4.273041,4.629532,1.415299,-0.002971,1.413342,-0.002971,4.629532,0
2026-07-02 15:48:27.238539,4.275435,4.629532,1.415299,-0.002971,1.413342,-0.002971,4.629532,0
2026-07-02 15:48:27.238539,4.277937,4.629532,1.415299,-0.002971,1.418524,-0.002971,4.629532,0
2026-07-02 15:48:27.238539,4.280402,4.619168,1.415299,-0.008152,1.413342,-0.008152,4.619168,0
2026-07-02 15:48:27.248681,4.282844,4.624350,1.415299,-0.002971,1.413342,-0.002971,4.624350,0
2026-07-02 15:48:27.248681,4.285283,4.629532,1.415299,-0.008152,1.413342,-0.008152,4.629532,0
2026-07-02 15:48:27.248681,4.287690,4.624350,1.415299,-0.002971,1.418524,-0.002971,4.624350,0
2026-07-02 15:48:27.248681,4.290049,4.619168,1.415299,-0.002971,1.413342,-0.002971,4.619168,0
2026-07-02 15:48:27.258758,4.292332,4.619168,1.415299,-0.002971,1.413342,-0.002971,4.619168,0
2026-07-02 15:48:27.260422,4.294714,4.629532,1.415299,-0.002971,1.413342,-0.002971,4.629532,0
2026-07-02 15:48:27.260422,4.297082,4.619168,1.415299,-0.002971,1.413342,-0.002971,4.619168,0
2026-07-02 15:48:27.265824,4.299446,4.629532,1.415299,-0.008152,1.418524,-0.008152,4.629532,0
2026-07-02 15:48:27.265824,4.301812,4.619168,1.415299,-0.002971,1.413342,-0.002971,4.619168,0
2026-07-02 15:48:27.270453,4.304300,4.613987,1.415299,-0.002971,1.418524,-0.002971,4.613987,0
2026-07-02 15:48:27.271670,4.306657,4.624350,1.415299,-0.002971,1.418524,-0.002971,4.624350,0
2026-07-02 15:48:27.274996,4.309020,4.624350,1.415299,-0.002971,1.413342,-0.002971,4.624350,0
2026-07-02 15:48:27.277015,4.311378,4.624350,1.415299,-0.002971,1.413342,-0.002971,4.624350,0
2026-07-02 15:48:27.277015,4.313808,4.629532,1.415299,-0.008152,1.418524,-0.008152,4.629532,0
2026-07-02 15:48:27.283112,4.316241,4.629532,1.415299,-0.002971,1.418524,-0.002971,4.629532,0
2026-07-02 15:48:27.283112,4.319414,4.624350,1.415299,-0.002971,1.418524,-0.002971,4.624350,0
2026-07-02 15:48:27.287249,4.321872,4.624350,1.415299,-0.002971,1.418524,-0.002971,4.624350,0
2026-07-02 15:48:27.287249,4.324203,4.624350,1.415299,-0.002971,1.413342,-0.002971,4.624350,0
2026-07-02 15:48:27.287249,4.326550,4.624350,1.415299,-0.008152,1.413342,-0.008152,4.624350,0
2026-07-02 15:48:27.287249,4.328900,4.629532,1.415299,-0.002971,1.413342,-0.002971,4.629532,0
2026-07-02 15:48:27.297303,4.331392,4.624350,1.415299,-0.002971,1.413342,-0.002971,4.624350,0
2026-07-02 15:48:27.300142,4.333747,4.629532,1.415299,-0.008152,1.413342,-0.008152,4.629532,0
2026-07-02 15:48:27.300142,4.336158,4.629532,1.415299,-0.002971,1.413342,-0.002971,4.629532,0
2026-07-02 15:48:27.300142,4.338569,4.624350,1.415299,-0.002971,1.418524,-0.002971,4.624350,0
2026-07-02 15:48:27.307387,4.340955,4.629532,1.415299,-0.008152,1.413342,-0.008152,4.629532,0
2026-07-02 15:48:27.307387,4.343402,4.613987,1.415299,-0.002971,1.418524,-0.002971,4.613987,0
2026-07-02 15:48:27.307387,4.345881,4.624350,1.415299,-0.008152,1.413342,-0.008152,4.624350,0
2026-07-02 15:48:27.307387,4.348295,4.619168,1.415299,-0.002971,1.418524,-0.002971,4.619168,0
2026-07-02 15:48:27.307387,4.350646,4.629532,1.415299,-0.002971,1.413342,-0.002971,4.629532,0
2026-07-02 15:48:27.318402,4.353027,4.634713,1.415299,-0.008152,1.413342,-0.008152,4.634713,0
2026-07-02 15:48:27.320722,4.355639,4.629532,1.415299,-0.002971,1.413342,-0.002971,4.629532,0
2026-07-02 15:48:27.325182,4.358070,4.624350,1.415299,-0.002971,1.418524,-0.002971,4.624350,0
2026-07-02 15:48:27.327678,4.361063,4.629532,1.415299,-0.002971,1.418524,-0.002971,4.629532,0
2026-07-02 15:48:27.327678,4.363711,4.624350,1.415299,-0.002971,1.413342,-0.002971,4.624350,0
2026-07-02 15:48:27.327678,4.366204,4.629532,1.415299,-0.002971,1.413342,-0.002971,4.629532,0
2026-07-02 15:48:27.327678,4.368736,4.619168,1.415299,-0.002971,1.413342,-0.002971,4.619168,0
2026-07-02 15:48:27.337804,4.371217,4.619168,1.415299,-0.002971,1.418524,-0.002971,4.619168,0
2026-07-02 15:48:27.337804,4.373749,4.634713,1.415299,-0.002971,1.418524,-0.002971,4.634713,0
2026-07-02 15:48:27.337804,4.376331,4.629532,1.415299,-0.002971,1.413342,-0.002971,4.629532,0
2026-07-02 15:48:27.337804,4.378766,4.619168,1.415299,-0.002971,1.418524,-0.002971,4.619168,0
2026-07-02 15:48:27.347833,4.381253,4.634713,1.415299,-0.008152,1.413342,-0.008152,4.634713,0
2026-07-02 15:48:27.349081,4.383884,4.624350,1.415299,-0.002971,1.418524,-0.002971,4.624350,0
2026-07-02 15:48:27.351654,4.386336,4.624350,1.415299,-0.002971,1.413342,-0.002971,4.624350,0
2026-07-02 15:48:27.351654,4.388767,4.624350,1.415299,-0.002971,1.413342,-0.002971,4.624350,0
2026-07-02 15:48:27.357877,4.391207,4.619168,1.415299,-0.002971,1.413342,-0.002971,4.619168,0
2026-07-02 15:48:27.357877,4.394169,4.624350,1.415299,-0.002971,1.418524,-0.002971,4.624350,0
2026-07-02 15:48:27.361331,4.396614,4.619168,1.415299,-0.002971,1.413342,-0.002971,4.619168,0
2026-07-02 15:48:27.365523,4.399032,4.634713,1.415299,-0.008152,1.413342,-0.008152,4.634713,0
2026-07-02 15:48:27.368291,4.401515,4.634713,1.415299,-0.002971,1.413342,-0.002971,4.634713,0
2026-07-02 15:48:27.368291,4.404147,4.624350,1.415299,-0.002971,1.413342,-0.002971,4.624350,0
2026-07-02 15:48:27.373025,4.406584,4.624350,1.415299,-0.008152,1.413342,-0.008152,4.624350,0
2026-07-02 15:48:27.373025,4.408985,4.629532,1.415299,-0.002971,1.413342,-0.002971,4.629532,0
2026-07-02 15:48:27.373025,4.411406,4.619168,1.415299,-0.002971,1.413342,-0.002971,4.619168,0
2026-07-02 15:48:27.379882,4.413858,4.624350,1.415299,-0.002971,1.418524,-0.002971,4.624350,0
2026-07-02 15:48:27.383393,4.416217,4.619168,1.415299,-0.002971,1.418524,-0.002971,4.619168,0
2026-07-02 15:48:27.383393,4.419359,4.624350,1.415299,-0.002971,1.413342,-0.002971,4.624350,0
2026-07-02 15:48:27.383393,4.421861,4.619168,1.415299,-0.002971,1.413342,-0.002971,4.619168,0
2026-07-02 15:48:27.389165,4.424360,4.619168,1.415299,-0.002971,1.418524,-0.002971,4.619168,0
2026-07-02 15:48:27.389165,4.426854,4.624350,1.415299,-0.002971,1.413342,-0.002971,4.624350,0
2026-07-02 15:48:27.389165,4.429437,4.624350,1.415299,-0.008152,1.413342,-0.008152,4.624350,0
2026-07-02 15:48:27.389165,4.431898,4.629532,1.415299,-0.002971,1.418524,-0.002971,4.629532,0
2026-07-02 15:48:27.400358,4.434400,4.629532,1.415299,-0.002971,1.418524,-0.002971,4.629532,0
2026-07-02 15:48:27.400358,4.436893,4.624350,1.415299,-0.002971,1.418524,-0.002971,4.624350,0
2026-07-02 15:48:27.400358,4.439382,4.629532,1.415299,-0.002971,1.413342,-0.002971,4.629532,0
2026-07-02 15:48:27.400358,4.441854,4.629532,1.415299,-0.008152,1.418524,-0.008152,4.629532,0
2026-07-02 15:48:27.410588,4.444348,4.624350,1.415299,-0.002971,1.413342,-0.002971,4.624350,0
2026-07-02 15:48:27.413110,4.446744,4.624350,1.415299,-0.002971,1.413342,-0.002971,4.624350,0
2026-07-02 15:48:27.415126,4.449270,4.624350,1.415299,-0.002971,1.413342,-0.002971,4.624350,0
2026-07-02 15:48:27.415126,4.451645,4.624350,1.415299,-0.002971,1.413342,-0.002971,4.624350,0
2026-07-02 15:48:27.420021,4.454209,4.629532,1.415299,-0.002971,1.418524,-0.002971,4.629532,0
2026-07-02 15:48:27.420021,4.456577,4.624350,1.415299,-0.002971,1.413342,-0.002971,4.624350,0
2026-07-02 15:48:27.420021,4.458972,4.624350,1.415299,-0.002971,1.413342,-0.002971,4.624350,0
2026-07-02 15:48:27.426144,4.461379,4.624350,1.415299,-0.002971,1.413342,-0.002971,4.624350,0
2026-07-02 15:48:27.430077,4.463788,4.624350,1.415299,-0.008152,1.413342,-0.008152,4.624350,0
2026-07-02 15:48:27.430077,4.466260,4.619168,1.415299,-0.002971,1.413342,-0.002971,4.619168,0
2026-07-02 15:48:27.430077,4.468773,4.619168,1.415299,-0.002971,1.413342,-0.002971,4.619168,0
2026-07-02 15:48:27.430077,4.471294,4.624350,1.415299,-0.002971,1.418524,-0.002971,4.624350,0
2026-07-02 15:48:27.440110,4.473794,4.619168,1.410120,-0.002971,1.413342,-0.002971,4.619168,0
2026-07-02 15:48:27.440110,4.476157,4.634713,1.415299,-0.008152,1.418524,-0.008152,4.634713,0
2026-07-02 15:48:27.444329,4.478617,4.619168,1.415299,-0.002971,1.413342,-0.002971,4.619168,0
2026-07-02 15:48:27.444329,4.481055,4.624350,1.415299,-0.008152,1.413342,-0.008152,4.624350,0
2026-07-02 15:48:27.450255,4.483487,4.619168,1.415299,-0.002971,1.413342,-0.002971,4.619168,0
2026-07-02 15:48:27.450255,4.486154,4.629532,1.415299,-0.002971,1.418524,-0.002971,4.629532,0
2026-07-02 15:48:27.450255,4.488695,4.624350,1.415299,-0.002971,1.413342,-0.002971,4.624350,0
2026-07-02 15:48:27.450255,4.491219,4.624350,1.415299,-0.008152,1.413342,-0.008152,4.624350,0
2026-07-02 15:48:27.460402,4.493655,4.634713,1.415299,-0.002971,1.413342,-0.002971,4.634713,0
2026-07-02 15:48:27.461677,4.496238,4.619168,1.415299,-0.002971,1.418524,-0.002971,4.619168,0
2026-07-02 15:48:27.461677,4.498634,4.624350,1.415299,-0.002971,1.413342,-0.002971,4.624350,0
2026-07-02 15:48:27.461677,4.501147,4.634713,1.415299,-0.002971,1.418524,-0.002971,4.634713,0
2026-07-02 15:48:27.469942,4.503536,4.624350,1.415299,-0.002971,1.418524,-0.002971,4.624350,0
2026-07-02 15:48:27.469942,4.505987,4.629532,1.415299,-0.002971,1.413342,-0.002971,4.629532,0
2026-07-02 15:48:27.469942,4.508474,4.629532,1.415299,-0.008152,1.418524,-0.008152,4.629532,0
2026-07-02 15:48:27.469942,4.510901,4.624350,1.415299,-0.008152,1.413342,-0.008152,4.624350,0
2026-07-02 15:48:27.480002,4.513418,4.624350,1.415299,-0.002971,1.413342,-0.002971,4.624350,0
2026-07-02 15:48:27.482528,4.516440,4.624350,1.415299,-0.008152,1.418524,-0.008152,4.624350,0
2026-07-02 15:48:27.482528,4.519438,4.629532,1.415299,-0.008152,1.418524,-0.008152,4.629532,0
2026-07-02 15:48:27.482528,4.521880,4.619168,1.415299,-0.008152,1.418524,-0.008152,4.619168,0
2026-07-02 15:48:27.490175,4.524294,4.619168,1.415299,-0.002971,1.418524,-0.002971,4.619168,0
2026-07-02 15:48:27.490175,4.526850,4.624350,1.415299,-0.002971,1.413342,-0.002971,4.624350,0
2026-07-02 15:48:27.495879,4.529464,4.624350,1.415299,-0.002971,1.413342,-0.002971,4.624350,0
2026-07-02 15:48:27.495879,4.531849,4.624350,1.415299,-0.002971,1.413342,-0.002971,4.624350,0
2026-07-02 15:48:27.500597,4.534204,4.624350,1.415299,-0.002971,1.413342,-0.002971,4.624350,0
2026-07-02 15:48:27.503148,4.536693,4.624350,1.415299,-0.002971,1.413342,-0.002971,4.624350,0
2026-07-02 15:48:27.503148,4.539118,4.629532,1.415299,-0.008152,1.413342,-0.008152,4.629532,0
2026-07-02 15:48:27.507892,4.541498,4.629532,1.415299,-0.002971,1.413342,-0.002971,4.629532,0
2026-07-02 15:48:27.507892,4.543870,4.624350,1.415299,-0.002971,1.418524,-0.002971,4.624350,0
2026-07-02 15:48:27.510847,4.546394,4.624350,1.415299,-0.002971,1.413342,-0.002971,4.624350,0
2026-07-02 15:48:27.510847,4.548944,4.624350,1.415299,-0.002971,1.413342,-0.002971,4.624350,0
2026-07-02 15:48:27.517814,4.551308,4.613987,1.410120,-0.002971,1.413342,-0.002971,4.613987,0
2026-07-02 15:48:27.518774,4.553757,4.629532,1.415299,-0.002971,1.418524,-0.002971,4.629532,0
2026-07-02 15:48:27.521956,4.556191,4.629532,1.415299,-0.002971,1.418524,-0.002971,4.629532,0
2026-07-02 15:48:27.523973,4.558679,4.624350,1.415299,-0.002971,1.413342,-0.002971,4.624350,0
2026-07-02 15:48:27.525997,4.561416,4.629532,1.415299,-0.002971,1.413342,-0.002971,4.629532,0
2026-07-02 15:48:27.525997,4.563853,4.619168,1.415299,-0.002971,1.413342,-0.002971,4.619168,0
2026-07-02 15:48:27.532905,4.566286,4.624350,1.415299,-0.002971,1.418524,-0.002971,4.624350,0
2026-07-02 15:48:27.532905,4.568771,4.629532,1.415299,-0.002971,1.418524,-0.002971,4.629532,0
2026-07-02 15:48:27.532905,4.571279,4.619168,1.415299,-0.002971,1.413342,-0.002971,4.619168,0
2026-07-02 15:48:27.532905,4.573768,4.624350,1.415299,-0.002971,1.413342,-0.002971,4.624350,0
2026-07-02 15:48:27.542936,4.576200,4.624350,1.415299,-0.002971,1.413342,-0.002971,4.624350,0
2026-07-02 15:48:27.543456,4.578656,4.629532,1.415299,-0.008152,1.418524,-0.008152,4.629532,0
2026-07-02 15:48:27.543456,4.581183,4.629532,1.415299,-0.008152,1.418524,-0.008152,4.629532,0
2026-07-02 15:48:27.543456,4.583607,4.629532,1.415299,-0.002971,1.413342,-0.002971,4.629532,0
2026-07-02 15:48:27.552225,4.585967,4.624350,1.415299,-0.008152,1.413342,-0.008152,4.624350,0
2026-07-02 15:48:27.554238,4.588476,4.624350,1.415299,-0.008152,1.413342,-0.008152,4.624350,0
2026-07-02 15:48:27.555645,4.590877,4.629532,1.415299,-0.002971,1.413342,-0.002971,4.629532,0
2026-07-02 15:48:27.559448,4.593305,4.624350,1.415299,-0.002971,1.413342,-0.002971,4.624350,0
2026-07-02 15:48:27.561990,4.595764,4.629532,1.415299,-0.008152,1.413342,-0.008152,4.629532,0
2026-07-02 15:48:27.562921,4.598146,4.624350,1.415299,-0.008152,1.418524,-0.008152,4.624350,0
2026-07-02 15:48:27.566856,4.600542,4.619168,1.415299,-0.002971,1.413342,-0.002971,4.619168,0
2026-07-02 15:48:27.566856,4.602928,4.624350,1.415299,-0.002971,1.413342,-0.002971,4.624350,0
2026-07-02 15:48:27.571742,4.605379,4.624350,1.415299,-0.008152,1.418524,-0.008152,4.624350,0
2026-07-02 15:48:27.574451,4.607858,4.619168,1.415299,-0.002971,1.413342,-0.002971,4.619168,0
2026-07-02 15:48:27.574451,4.610301,4.624350,1.415299,-0.008152,1.413342,-0.008152,4.624350,0
2026-07-02 15:48:27.574451,4.612735,4.619168,1.410120,-0.002971,1.413342,-0.002971,4.619168,0
2026-07-02 15:48:27.574451,4.615138,4.629532,1.415299,-0.008152,1.413342,-0.008152,4.629532,0
2026-07-02 15:48:27.583945,4.617524,4.629532,1.415299,-0.002971,1.413342,-0.002971,4.629532,0
2026-07-02 15:48:27.585869,4.620033,4.629532,1.415299,-0.002971,1.413342,-0.002971,4.629532,0
2026-07-02 15:48:27.587221,4.622459,4.619168,1.415299,-0.002971,1.413342,-0.002971,4.619168,0
2026-07-02 15:48:27.589233,4.624869,4.624350,1.415299,-0.002971,1.413342,-0.002971,4.624350,0
2026-07-02 15:48:27.592085,4.627218,4.619168,1.415299,-0.002971,1.418524,-0.002971,4.619168,0
2026-07-02 15:48:27.594104,4.629635,4.624350,1.415299,-0.002971,1.413342,-0.002971,4.624350,0
2026-07-02 15:48:27.598531,4.632111,4.619168,1.415299,-0.002971,1.413342,-0.002971,4.619168,0
2026-07-02 15:48:27.600544,4.634524,4.619168,1.415299,-0.002971,1.413342,-0.002971,4.619168,0
2026-07-02 15:48:27.602582,4.636867,4.624350,1.415299,-0.008152,1.418524,-0.008152,4.624350,0
2026-07-02 15:48:27.602582,4.639273,4.624350,1.415299,-0.002971,1.418524,-0.002971,4.624350,0
2026-07-02 15:48:27.602582,4.641764,4.629532,1.415299,-0.008152,1.413342,-0.008152,4.629532,0
2026-07-02 15:48:27.609662,4.644277,4.624350,1.415299,-0.002971,1.413342,-0.002971,4.624350,0
2026-07-02 15:48:27.612950,4.646712,4.624350,1.415299,-0.002971,1.418524,-0.002971,4.624350,0
2026-07-02 15:48:27.614160,4.649073,4.629532,1.415299,-0.002971,1.418524,-0.002971,4.629532,0
2026-07-02 15:48:27.614160,4.651518,4.624350,1.415299,-0.008152,1.413342,-0.008152,4.624350,0
2026-07-02 15:48:27.619506,4.653961,4.629532,1.415299,-0.002971,1.413342,-0.002971,4.629532,0
2026-07-02 15:48:27.623145,4.656383,4.629532,1.415299,-0.002971,1.413342,-0.002971,4.629532,0
2026-07-02 15:48:27.624173,4.659019,4.629532,1.415299,-0.008152,1.418524,-0.008152,4.629532,0
2026-07-02 15:48:27.627940,4.661496,4.624350,1.415299,-0.008152,1.413342,-0.008152,4.624350,0
2026-07-02 15:48:27.630491,4.663903,4.629532,1.415299,-0.002971,1.418524,-0.002971,4.629532,0
2026-07-02 15:48:27.630491,4.666300,4.619168,1.415299,-0.002971,1.413342,-0.002971,4.619168,0
2026-07-02 15:48:27.633460,4.668693,4.624350,1.415299,-0.002971,1.413342,-0.002971,4.624350,0
2026-07-02 15:48:27.633460,4.671208,4.624350,1.415299,-0.008152,1.413342,-0.008152,4.624350,0
2026-07-02 15:48:27.633460,4.673721,4.634713,1.415299,-0.002971,1.418524,-0.002971,4.634713,0
2026-07-02 15:48:27.633460,4.676212,4.629532,1.415299,-0.002971,1.413342,-0.002971,4.629532,0
2026-07-02 15:48:27.643715,4.678647,4.624350,1.415299,-0.002971,1.413342,-0.002971,4.624350,0
2026-07-02 15:48:27.647741,4.681121,4.629532,1.415299,-0.008152,1.418524,-0.008152,4.629532,0
2026-07-02 15:48:27.649164,4.683484,4.619168,1.415299,-0.002971,1.418524,-0.002971,4.619168,0
2026-07-02 15:48:27.649164,4.686017,4.629532,1.415299,-0.002971,1.413342,-0.002971,4.629532,0
2026-07-02 15:48:27.653765,4.688528,4.629532,1.415299,-0.002971,1.418524,-0.002971,4.629532,0
2026-07-02 15:48:27.656814,4.690991,4.624350,1.415299,-0.002971,1.413342,-0.002971,4.624350,0
2026-07-02 15:48:27.656814,4.693410,4.629532,1.415299,-0.008152,1.413342,-0.008152,4.629532,0
2026-07-02 15:48:27.662211,4.696761,4.624350,1.410120,-0.002971,1.418524,-0.002971,4.624350,0
2026-07-02 15:48:27.663965,4.699206,4.629532,1.415299,-0.008152,1.418524,-0.008152,4.629532,0
2026-07-02 15:48:27.667948,4.701629,4.624350,1.415299,-0.002971,1.413342,-0.002971,4.624350,0
2026-07-02 15:48:27.667948,4.705077,4.629532,1.415299,-0.008152,1.413342,-0.008152,4.629532,0
2026-07-02 15:48:27.674087,4.707501,4.619168,1.415299,-0.002971,1.418524,-0.002971,4.619168,0
2026-07-02 15:48:27.676097,4.710029,4.624350,1.415299,-0.002971,1.418524,-0.002971,4.624350,0
2026-07-02 15:48:27.676097,4.713509,4.624350,1.415299,-0.002971,1.413342,-0.002971,4.624350,0
2026-07-02 15:48:27.676097,4.715926,4.624350,1.415299,-0.008152,1.413342,-0.008152,4.624350,0
2026-07-02 15:48:27.689509,4.718321,4.624350,1.415299,-0.008152,1.418524,-0.008152,4.624350,0
2026-07-02 15:48:27.690575,4.725485,4.624350,1.415299,-0.002971,1.413342,-0.002971,4.624350,0
2026-07-02 15:48:27.695134,4.728042,4.624350,1.415299,-0.002971,1.413342,-0.002971,4.624350,0
2026-07-02 15:48:27.699756,4.732268,4.629532,1.415299,-0.002971,1.413342,-0.002971,4.629532,0
2026-07-02 15:48:27.701578,4.736187,4.619168,1.415299,-0.002971,1.418524,-0.002971,4.619168,0
2026-07-02 15:48:27.705120,4.738816,4.624350,1.415299,-0.008152,1.418524,-0.008152,4.624350,0
2026-07-02 15:48:27.706584,4.741258,4.624350,1.415299,-0.002971,1.413342,-0.002971,4.624350,0
2026-07-02 15:48:27.709106,4.743715,4.624350,1.415299,-0.008152,1.413342,-0.008152,4.624350,0
2026-07-02 15:48:27.709106,4.746261,4.624350,1.415299,-0.002971,1.413342,-0.002971,4.624350,0
2026-07-02 15:48:27.715306,4.748877,4.634713,1.415299,-0.002971,1.413342,-0.002971,4.634713,0
2026-07-02 15:48:27.717318,4.751262,4.619168,1.415299,-0.002971,1.418524,-0.002971,4.619168,0
2026-07-02 15:48:27.719872,4.753849,4.629532,1.415299,-0.002971,1.413342,-0.002971,4.629532,0
2026-07-02 15:48:27.722753,4.756249,4.624350,1.415299,-0.002971,1.418524,-0.002971,4.624350,0
2026-07-02 15:48:27.724766,4.758807,4.619168,1.415299,-0.002971,1.413342,-0.002971,4.619168,0
2026-07-02 15:48:27.726472,4.761190,4.624350,1.415299,-0.002971,1.413342,-0.002971,4.624350,0
2026-07-02 15:48:27.728993,4.763571,4.629532,1.415299,-0.002971,1.413342,-0.002971,4.629532,0
2026-07-02 15:48:27.731005,4.765956,4.624350,1.415299,-0.002971,1.418524,-0.002971,4.624350,0
2026-07-02 15:48:27.735025,4.768355,4.629532,1.415299,-0.002971,1.413342,-0.002971,4.629532,0
2026-07-02 15:48:27.736548,4.770748,4.624350,1.415299,-0.002971,1.413342,-0.002971,4.624350,0
2026-07-02 15:48:27.738560,4.773231,4.629532,1.415299,-0.002971,1.413342,-0.002971,4.629532,0
2026-07-02 15:48:27.740572,4.775637,4.629532,1.415299,-0.008152,1.413342,-0.008152,4.629532,0
2026-07-02 15:48:27.744592,4.778124,4.624350,1.415299,-0.002971,1.413342,-0.002971,4.624350,0
2026-07-02 15:48:27.746114,4.780458,4.624350,1.415299,-0.002971,1.413342,-0.002971,4.624350,0
2026-07-02 15:48:27.747615,4.782826,4.629532,1.415299,-0.002971,1.413342,-0.002971,4.629532,0
2026-07-02 15:48:27.750469,4.785234,4.629532,1.415299,-0.002971,1.418524,-0.002971,4.629532,0
2026-07-02 15:48:27.752482,4.787629,4.629532,1.415299,-0.008152,1.413342,-0.008152,4.629532,0
2026-07-02 15:48:27.756257,4.790001,4.624350,1.415299,-0.002971,1.413342,-0.002971,4.624350,0
2026-07-02 15:48:27.758642,4.792364,4.629532,1.415299,-0.008152,1.413342,-0.008152,4.629532,0
2026-07-02 15:48:27.759543,4.794743,4.629532,1.415299,-0.002971,1.413342,-0.002971,4.629532,0
2026-07-02 15:48:27.762708,4.797144,4.629532,1.415299,-0.008152,1.418524,-0.008152,4.629532,0
2026-07-02 15:48:27.764720,4.799656,4.624350,1.415299,-0.002971,1.413342,-0.002971,4.624350,0
2026-07-02 15:48:27.768491,4.802040,4.619168,1.415299,-0.002971,1.413342,-0.002971,4.619168,0
2026-07-02 15:48:27.770508,4.804544,4.619168,1.415299,-0.002971,1.418524,-0.002971,4.619168,0
2026-07-02 15:48:27.772525,4.806947,4.624350,1.415299,-0.008152,1.413342,-0.008152,4.624350,0
2026-07-02 15:48:27.775592,4.809435,4.624350,1.415299,-0.008152,1.413342,-0.008152,4.624350,0
2026-07-02 15:48:27.777192,4.811890,4.624350,1.415299,-0.008152,1.413342,-0.008152,4.624350,0
2026-07-02 15:48:27.779206,4.814298,4.619168,1.415299,-0.002971,1.413342,-0.002971,4.619168,0
2026-07-02 15:48:27.783229,4.816688,4.619168,1.415299,-0.002971,1.413342,-0.002971,4.619168,0
2026-07-02 15:48:27.784660,4.819464,4.624350,1.415299,-0.002971,1.418524,-0.002971,4.624350,0
2026-07-02 15:48:27.789371,4.821851,4.634713,1.415299,-0.002971,1.413342,-0.002971,4.634713,0
2026-07-02 15:48:27.792673,4.825477,4.619168,1.415299,-0.002971,1.413342,-0.002971,4.619168,0
2026-07-02 15:48:27.795523,4.828638,4.629532,1.415299,-0.002971,1.413342,-0.002971,4.629532,0
2026-07-02 15:48:27.801722,4.832016,4.613987,1.415299,-0.002971,1.413342,-0.002971,4.613987,0
2026-07-02 15:48:27.804254,4.838307,4.624350,1.415299,-0.008152,1.413342,-0.008152,4.624350,0
2026-07-02 15:48:27.807369,4.840773,4.629532,1.415299,-0.002971,1.413342,-0.002971,4.629532,0
2026-07-02 15:48:27.808694,4.843243,4.629532,1.415299,-0.002971,1.418524,-0.002971,4.629532,0
2026-07-02 15:48:27.808694,4.845603,4.624350,1.415299,-0.002971,1.413342,-0.002971,4.624350,0
2026-07-02 15:48:27.808694,4.848047,4.629532,1.415299,-0.002971,1.413342,-0.002971,4.629532,0
2026-07-02 15:48:27.817102,4.850362,4.619168,1.415299,-0.002971,1.413342,-0.002971,4.619168,0
2026-07-02 15:48:27.817102,4.853215,4.634713,1.415299,-0.002971,1.418524,-0.002971,4.634713,0
2026-07-02 15:48:27.817102,4.855553,4.624350,1.415299,-0.002971,1.413342,-0.002971,4.624350,0
2026-07-02 15:48:27.817102,4.857888,4.624350,1.415299,-0.002971,1.418524,-0.002971,4.624350,0
2026-07-02 15:48:27.829666,4.860244,4.629532,1.415299,-0.008152,1.413342,-0.008152,4.629532,0
2026-07-02 15:48:27.831676,4.866146,4.619168,1.415299,-0.002971,1.413342,-0.002971,4.619168,0
2026-07-02 15:48:27.835743,4.868646,4.619168,1.415299,-0.002971,1.418524,-0.002971,4.619168,0
2026-07-02 15:48:27.835743,4.872167,4.629532,1.415299,-0.002971,1.418524,-0.002971,4.629532,0
2026-07-02 15:48:27.835743,4.874519,4.629532,1.415299,-0.002971,1.413342,-0.002971,4.629532,0
2026-07-02 15:48:27.835743,4.876811,4.629532,1.415299,-0.008152,1.413342,-0.008152,4.629532,0
2026-07-02 15:48:27.845761,4.879183,4.629532,1.415299,-0.002971,1.413342,-0.002971,4.629532,0
2026-07-02 15:48:27.846677,4.882011,4.624350,1.415299,-0.002971,1.418524,-0.002971,4.624350,0
2026-07-02 15:48:27.850876,4.884423,4.624350,1.415299,-0.002971,1.413342,-0.002971,4.624350,0
2026-07-02 15:48:27.851391,4.886851,4.619168,1.415299,-0.002971,1.413342,-0.002971,4.619168,0
2026-07-02 15:48:27.855881,4.889294,4.624350,1.415299,-0.002971,1.413342,-0.002971,4.624350,0
2026-07-02 15:48:27.859272,4.893024,4.629532,1.415299,-0.008152,1.413342,-0.008152,4.629532,0
2026-07-02 15:48:27.859272,4.895418,4.624350,1.415299,-0.002971,1.418524,-0.002971,4.624350,0
2026-07-02 15:48:27.863460,4.897752,4.624350,1.415299,-0.002971,1.418524,-0.002971,4.624350,0
2026-07-02 15:48:27.865437,4.900152,4.629532,1.415299,-0.008152,1.413342,-0.008152,4.629532,0
2026-07-02 15:48:27.867320,4.902946,4.624350,1.415299,-0.002971,1.413342,-0.002971,4.624350,0
2026-07-02 15:48:27.867320,4.905317,4.629532,1.415299,-0.008152,1.418524,-0.008152,4.629532,0
2026-07-02 15:48:27.867320,4.907666,4.613987,1.415299,-0.002971,1.418524,-0.002971,4.613987,0
2026-07-02 15:48:27.879521,4.909961,4.619168,1.415299,-0.002971,1.413342,-0.002971,4.619168,0
2026-07-02 15:48:27.887633,4.916903,4.613987,1.415299,-0.002971,1.413342,-0.002971,4.613987,0
2026-07-02 15:48:27.892949,4.923505,4.629532,1.415299,-0.008152,1.413342,-0.008152,4.629532,0
2026-07-02 15:48:27.898015,4.930266,4.624350,1.415299,-0.002971,1.413342,-0.002971,4.624350,0
2026-07-02 15:48:27.901356,4.934409,4.624350,1.415299,-0.002971,1.413342,-0.002971,4.624350,0
2026-07-02 15:48:27.906364,4.937402,4.624350,1.415299,-0.008152,1.413342,-0.008152,4.624350,0
2026-07-02 15:48:27.910318,4.942428,4.629532,1.415299,-0.002971,1.413342,-0.002971,4.629532,0
2026-07-02 15:48:27.915143,4.947993,4.629532,1.415299,-0.002971,1.418524,-0.002971,4.629532,0
2026-07-02 15:48:27.922810,4.951025,4.613987,1.415299,-0.002971,1.413342,-0.002971,4.613987,0
2026-07-02 15:48:27.926936,4.958626,4.629532,1.415299,-0.002971,1.413342,-0.002971,4.629532,0
2026-07-02 15:48:27.929554,4.962844,4.619168,1.415299,-0.002971,1.413342,-0.002971,4.619168,0
2026-07-02 15:48:27.933826,4.966542,4.624350,1.415299,-0.008152,1.413342,-0.008152,4.624350,0
2026-07-02 15:48:27.937933,4.969847,4.629532,1.415299,-0.002971,1.418524,-0.002971,4.629532,0
2026-07-02 15:48:27.942591,4.975122,4.619168,1.415299,-0.002971,1.418524,-0.002971,4.619168,0
2026-07-02 15:48:27.951017,4.980155,4.624350,1.415299,-0.002971,1.413342,-0.002971,4.624350,0
2026-07-02 15:48:27.953783,4.987745,4.629532,1.415299,-0.002971,1.413342,-0.002971,4.629532,0
2026-07-02 15:48:27.960263,4.991276,4.619168,1.415299,-0.002971,1.413342,-0.002971,4.619168,0
2026-07-02 15:48:27.962282,4.996857,4.629532,1.415299,-0.002971,1.418524,-0.002971,4.629532,0
2026-07-02 15:48:27.964537,4.999313,4.624350,1.415299,-0.002971,1.413342,-0.002971,4.624350,0
