horodatage,temps_s,AIN0,AIN1,AIN2,AIN3,courant,position,trigger
2026-07-02 15:47:30.110141,0.000001,3.121669,1.415299,-0.002971,1.413342,-0.002971,3.121669,0
2026-07-02 15:47:30.114381,0.002993,3.132032,1.415299,-0.002971,1.413342,-0.002971,3.132032,0
2026-07-02 15:47:30.114381,0.005775,3.121669,1.415299,-0.002971,1.413342,-0.002971,3.121669,0
2026-07-02 15:47:30.120479,0.008405,3.126850,1.415299,0.002211,1.413342,0.002211,3.126850,0
2026-07-02 15:47:30.122662,0.010970,3.126850,1.415299,-0.008152,1.413342,-0.008152,3.126850,0
2026-07-02 15:47:30.126611,0.013938,3.126850,1.415299,-0.002971,1.413342,-0.002971,3.126850,0
2026-07-02 15:47:30.128947,0.016679,3.132032,1.415299,-0.002971,1.418524,-0.002971,3.132032,0
2026-07-02 15:47:30.132316,0.019410,3.121669,1.410120,-0.002971,1.413342,-0.002971,3.121669,0
2026-07-02 15:47:30.134334,0.022101,3.137214,1.415299,-0.002971,1.418524,-0.002971,3.137214,0
2026-07-02 15:47:30.139039,0.024948,3.121669,1.415299,-0.008152,1.413342,-0.008152,3.121669,0
2026-07-02 15:47:30.142142,0.028769,3.126850,1.415299,-0.002971,1.413342,-0.002971,3.126850,0
2026-07-02 15:47:30.142480,0.031398,3.126850,1.415299,-0.002971,1.413342,-0.002971,3.126850,0
2026-07-02 15:47:30.142480,0.034163,3.121669,1.420479,-0.008152,1.418524,-0.008152,3.121669,0
2026-07-02 15:47:30.150053,0.036808,3.121669,1.415299,-0.002971,1.413342,-0.002971,3.121669,0
2026-07-02 15:47:30.150053,0.039371,3.121669,1.415299,-0.008152,1.413342,-0.008152,3.121669,0
2026-07-02 15:47:30.154126,0.042055,3.121669,1.415299,-0.002971,1.413342,-0.002971,3.121669,0
2026-07-02 15:47:30.156192,0.044723,3.126850,1.415299,-0.002971,1.418524,-0.002971,3.126850,0
2026-07-02 15:47:30.159334,0.047231,3.121669,1.415299,-0.002971,1.418524,-0.002971,3.121669,0
2026-07-02 15:47:30.161359,0.049911,3.126850,1.415299,-0.002971,1.413342,-0.002971,3.126850,0
2026-07-02 15:47:30.164443,0.052463,3.126850,1.415299,-0.002971,1.418524,-0.002971,3.126850,0
2026-07-02 15:47:30.166958,0.054968,3.126850,1.415299,-0.002971,1.418524,-0.002971,3.126850,0
2026-07-02 15:47:30.166958,0.057542,3.121669,1.415299,-0.002971,1.413342,-0.002971,3.121669,0
2026-07-02 15:47:30.172567,0.060081,3.126850,1.415299,-0.008152,1.413342,-0.008152,3.126850,0
2026-07-02 15:47:30.172567,0.062535,3.121669,1.415299,-0.008152,1.413342,-0.008152,3.121669,0
2026-07-02 15:47:30.172567,0.065084,3.126850,1.415299,-0.008152,1.413342,-0.008152,3.126850,0
2026-07-02 15:47:30.172567,0.067639,3.126850,1.415299,-0.002971,1.418524,-0.002971,3.126850,0
2026-07-02 15:47:30.182632,0.070100,3.132032,1.415299,-0.008152,1.418524,-0.008152,3.132032,0
2026-07-02 15:47:30.184663,0.073333,3.121669,1.415299,-0.002971,1.418524,-0.002971,3.121669,0
2026-07-02 15:47:30.184663,0.076102,3.121669,1.415299,-0.008152,1.418524,-0.008152,3.121669,0
2026-07-02 15:47:30.184663,0.078889,3.116488,1.415299,-0.002971,1.418524,-0.002971,3.116488,0
2026-07-02 15:47:30.193068,0.081565,3.126850,1.415299,-0.002971,1.413342,-0.002971,3.126850,0
2026-07-02 15:47:30.197657,0.084230,3.121669,1.415299,-0.002971,1.418524,-0.002971,3.121669,0
2026-07-02 15:47:30.199674,0.086989,3.121669,1.420479,-0.002971,1.413342,-0.002971,3.121669,0
2026-07-02 15:47:30.203459,0.089963,3.121669,1.415299,-0.002971,1.418524,-0.002971,3.121669,0
2026-07-02 15:47:30.209506,0.092688,3.121669,1.415299,-0.002971,1.418524,-0.002971,3.121669,0
2026-07-02 15:47:30.211520,0.099002,3.126850,1.415299,-0.002971,1.413342,-0.002971,3.126850,0
2026-07-02 15:47:30.215085,0.101673,3.121669,1.415299,-0.002971,1.413342,-0.002971,3.121669,0
2026-07-02 15:47:30.217829,0.104837,3.126850,1.415299,-0.008152,1.413342,-0.008152,3.126850,0
2026-07-02 15:47:30.220969,0.107978,3.126850,1.415299,-0.002971,1.413342,-0.002971,3.126850,0
2026-07-02 15:47:30.221896,0.110688,3.126850,1.415299,-0.002971,1.418524,-0.002971,3.126850,0
2026-07-02 15:47:30.226200,0.113505,3.121669,1.415299,-0.002971,1.413342,-0.002971,3.121669,0
2026-07-02 15:47:30.230106,0.116322,3.121669,1.415299,-0.002971,1.413342,-0.002971,3.121669,0
2026-07-02 15:47:30.234123,0.119617,3.126850,1.415299,-0.002971,1.413342,-0.002971,3.126850,0
2026-07-02 15:47:30.236004,0.123613,3.126850,1.415299,-0.008152,1.413342,-0.008152,3.126850,0
2026-07-02 15:47:30.239609,0.126297,3.126850,1.420479,-0.002971,1.413342,-0.002971,3.126850,0
2026-07-02 15:47:30.242422,0.129045,3.132032,1.415299,-0.002971,1.418524,-0.002971,3.132032,0
2026-07-02 15:47:30.242422,0.131851,3.121669,1.415299,-0.002971,1.413342,-0.002971,3.121669,0
2026-07-02 15:47:30.245893,0.134364,3.121669,1.415299,-0.002971,1.413342,-0.002971,3.121669,0
2026-07-02 15:47:30.249955,0.136820,3.126850,1.420479,-0.002971,1.418524,-0.002971,3.126850,0
2026-07-02 15:47:30.249955,0.139170,3.121669,1.415299,-0.002971,1.413342,-0.002971,3.121669,0
2026-07-02 15:47:30.254696,0.141661,3.126850,1.415299,-0.002971,1.413342,-0.002971,3.126850,0
2026-07-02 15:47:30.261926,0.144108,3.126850,1.415299,-0.002971,1.413342,-0.002971,3.126850,0
2026-07-02 15:47:30.268710,0.153894,3.126850,1.415299,-0.002971,1.418524,-0.002971,3.126850,0
2026-07-02 15:47:30.271138,0.158852,3.116488,1.415299,-0.002971,1.418524,-0.002971,3.116488,0
2026-07-02 15:47:30.282259,0.161416,3.126850,1.415299,-0.002971,1.418524,-0.002971,3.126850,0
2026-07-02 15:47:30.303519,0.173036,3.126850,1.415299,-0.008152,1.413342,-0.008152,3.126850,0
2026-07-02 15:47:30.303519,0.193350,3.126850,1.415299,-0.002971,1.413342,-0.002971,3.126850,0
2026-07-02 15:47:30.308909,0.195757,3.126850,1.415299,-0.008152,1.418524,-0.008152,3.126850,0
2026-07-02 15:47:30.308909,0.199615,3.116488,1.410120,-0.002971,1.413342,-0.002971,3.116488,0
2026-07-02 15:47:30.314656,0.201913,3.126850,1.415299,-0.002971,1.413342,-0.002971,3.126850,0
2026-07-02 15:47:30.317305,0.204259,3.132032,1.415299,-0.002971,1.413342,-0.002971,3.132032,0
2026-07-02 15:47:30.317305,0.206727,3.121669,1.415299,-0.008152,1.413342,-0.008152,3.121669,0
2026-07-02 15:47:30.317305,0.209095,3.126850,1.415299,-0.002971,1.413342,-0.002971,3.126850,0
2026-07-02 15:47:30.325442,0.211430,3.121669,1.415299,-0.002971,1.418524,-0.002971,3.121669,0
2026-07-02 15:47:30.325442,0.214731,3.126850,1.415299,-0.002971,1.418524,-0.002971,3.126850,0
2026-07-02 15:47:30.325442,0.217099,3.121669,1.415299,-0.002971,1.418524,-0.002971,3.121669,0
2026-07-02 15:47:30.325442,0.219476,3.126850,1.415299,-0.002971,1.413342,-0.002971,3.126850,0
2026-07-02 15:47:30.333799,0.221842,3.116488,1.415299,-0.002971,1.413342,-0.002971,3.116488,0
2026-07-02 15:47:30.333799,0.224178,3.132032,1.415299,-0.008152,1.418524,-0.008152,3.132032,0
2026-07-02 15:47:30.333799,0.226708,3.132032,1.415299,-0.002971,1.413342,-0.002971,3.132032,0
2026-07-02 15:47:30.342088,0.229235,3.121669,1.415299,-0.002971,1.418524,-0.002971,3.121669,0
2026-07-02 15:47:30.342088,0.231705,3.126850,1.415299,-0.002971,1.413342,-0.002971,3.126850,0
2026-07-02 15:47:30.342088,0.234354,3.121669,1.415299,-0.002971,1.418524,-0.002971,3.121669,0
2026-07-02 15:47:30.349934,0.236833,3.126850,1.415299,-0.002971,1.413342,-0.002971,3.126850,0
2026-07-02 15:47:30.350623,0.239195,3.116488,1.415299,-0.002971,1.413342,-0.002971,3.116488,0
2026-07-02 15:47:30.355300,0.243000,3.126850,1.415299,-0.002971,1.418524,-0.002971,3.126850,0
2026-07-02 15:47:30.358981,0.245559,3.121669,1.415299,-0.002971,1.418524,-0.002971,3.121669,0
2026-07-02 15:47:30.358981,0.249059,3.126850,1.415299,-0.002971,1.413342,-0.002971,3.126850,0
2026-07-02 15:47:30.358981,0.251798,3.126850,1.415299,-0.002971,1.418524,-0.002971,3.126850,0
2026-07-02 15:47:30.366638,0.254394,3.126850,1.415299,-0.002971,1.413342,-0.002971,3.126850,0
2026-07-02 15:47:30.370222,0.257166,3.121669,1.415299,-0.008152,1.413342,-0.008152,3.121669,0
2026-07-02 15:47:30.370222,0.259668,3.126850,1.415299,-0.002971,1.413342,-0.002971,3.126850,0
2026-07-02 15:47:30.375017,0.262177,3.126850,1.415299,-0.002971,1.418524,-0.002971,3.126850,0
2026-07-02 15:47:30.377197,0.265483,3.126850,1.415299,-0.008152,1.418524,-0.008152,3.126850,0
2026-07-02 15:47:30.377197,0.268364,3.126850,1.410120,-0.002971,1.413342,-0.002971,3.126850,0
2026-07-02 15:47:30.383297,0.270794,3.126850,1.415299,-0.002971,1.413342,-0.002971,3.126850,0
2026-07-02 15:47:30.385041,0.273909,3.126850,1.415299,-0.002971,1.413342,-0.002971,3.126850,0
2026-07-02 15:47:30.385041,0.276483,3.121669,1.415299,-0.002971,1.413342,-0.002971,3.121669,0
2026-07-02 15:47:30.391676,0.278904,3.126850,1.415299,-0.002971,1.418524,-0.002971,3.126850,0
2026-07-02 15:47:30.394491,0.282246,3.121669,1.415299,-0.008152,1.418524,-0.008152,3.121669,0
2026-07-02 15:47:30.394491,0.284776,3.126850,1.415299,-0.008152,1.413342,-0.008152,3.126850,0
2026-07-02 15:47:30.401640,0.287260,3.121669,1.415299,-0.002971,1.413342,-0.002971,3.121669,0
2026-07-02 15:47:30.401640,0.290874,3.121669,1.415299,-0.002971,1.413342,-0.002971,3.121669,0
2026-07-02 15:47:30.401640,0.293423,3.116488,1.415299,-0.008152,1.413342,-0.008152,3.116488,0
2026-07-02 15:47:30.408283,0.295932,3.126850,1.415299,-0.002971,1.413342,-0.002971,3.126850,0
2026-07-02 15:47:30.408283,0.298448,3.116488,1.415299,-0.002971,1.413342,-0.002971,3.116488,0
2026-07-02 15:47:30.408283,0.300932,3.126850,1.415299,-0.002971,1.418524,-0.002971,3.126850,0
2026-07-02 15:47:30.417909,0.303401,3.126850,1.415299,-0.008152,1.418524,-0.008152,3.126850,0
2026-07-02 15:47:30.419367,0.307307,3.126850,1.415299,-0.002971,1.418524,-0.002971,3.126850,0
2026-07-02 15:47:30.419367,0.310191,3.116488,1.415299,-0.002971,1.418524,-0.002971,3.116488,0
2026-07-02 15:47:30.425619,0.312756,3.132032,1.415299,-0.008152,1.418524,-0.008152,3.132032,0
2026-07-02 15:47:30.425619,0.315894,3.121669,1.415299,-0.002971,1.418524,-0.002971,3.121669,0
2026-07-02 15:47:30.425619,0.318596,3.126850,1.415299,-0.002971,1.413342,-0.002971,3.126850,0
2026-07-02 15:47:30.433529,0.321163,3.126850,1.415299,-0.002971,1.413342,-0.002971,3.126850,0
2026-07-02 15:47:30.433529,0.324087,3.126850,1.415299,-0.002971,1.413342,-0.002971,3.126850,0
2026-07-02 15:47:30.433529,0.326918,3.126850,1.415299,-0.008152,1.418524,-0.008152,3.126850,0
2026-07-02 15:47:30.441936,0.329480,3.121669,1.415299,-0.008152,1.413342,-0.008152,3.121669,0
2026-07-02 15:47:30.441936,0.332009,3.121669,1.415299,-0.002971,1.418524,-0.002971,3.121669,0
2026-07-02 15:47:30.441936,0.334561,3.126850,1.420479,-0.002971,1.418524,-0.002971,3.126850,0
2026-07-02 15:47:30.449514,0.337109,3.121669,1.415299,-0.002971,1.413342,-0.002971,3.121669,0
2026-07-02 15:47:30.449514,0.339468,3.116488,1.415299,-0.002971,1.418524,-0.002971,3.116488,0
2026-07-02 15:47:30.449514,0.342028,3.126850,1.415299,-0.002971,1.418524,-0.002971,3.126850,0
2026-07-02 15:47:30.456054,0.344561,3.126850,1.415299,-0.002971,1.418524,-0.002971,3.126850,0
2026-07-02 15:47:30.459971,0.346981,3.126850,1.415299,-0.008152,1.418524,-0.008152,3.126850,0
2026-07-02 15:47:30.460868,0.349354,3.126850,1.415299,-0.002971,1.413342,-0.002971,3.126850,0
2026-07-02 15:47:30.460868,0.351635,3.126850,1.415299,-0.002971,1.413342,-0.002971,3.126850,0
2026-07-02 15:47:30.466360,0.353893,3.121669,1.415299,-0.002971,1.418524,-0.002971,3.121669,0
2026-07-02 15:47:30.468098,0.356220,3.126850,1.415299,-0.002971,1.418524,-0.002971,3.126850,0
2026-07-02 15:47:30.469921,0.358662,3.121669,1.415299,-0.002971,1.418524,-0.002971,3.121669,0
2026-07-02 15:47:30.473962,0.360988,3.126850,1.415299,-0.002971,1.413342,-0.002971,3.126850,0
2026-07-02 15:47:30.473962,0.363358,3.132032,1.415299,-0.008152,1.418524,-0.008152,3.132032,0
2026-07-02 15:47:30.483611,0.365943,3.121669,1.415299,-0.002971,1.418524,-0.002971,3.121669,0
2026-07-02 15:47:30.485630,0.373471,3.126850,1.415299,-0.008152,1.418524,-0.008152,3.126850,0
2026-07-02 15:47:30.488658,0.375813,3.126850,1.415299,-0.008152,1.413342,-0.008152,3.126850,0
2026-07-02 15:47:30.489619,0.378064,3.126850,1.415299,-0.002971,1.418524,-0.002971,3.126850,0
2026-07-02 15:47:30.492133,0.380286,3.126850,1.415299,-0.002971,1.413342,-0.002971,3.126850,0
2026-07-02 15:47:30.495574,0.382628,3.126850,1.415299,-0.002971,1.413342,-0.002971,3.126850,0
2026-07-02 15:47:30.496149,0.384869,3.121669,1.410120,-0.002971,1.413342,-0.002971,3.121669,0
2026-07-02 15:47:30.500677,0.387111,3.126850,1.415299,-0.008152,1.413342,-0.008152,3.126850,0
2026-07-02 15:47:30.505517,0.389932,3.126850,1.415299,-0.002971,1.413342,-0.002971,3.126850,0
2026-07-02 15:47:30.506025,0.394794,3.121669,1.415299,-0.008152,1.418524,-0.008152,3.121669,0
2026-07-02 15:47:30.509045,0.397080,3.126850,1.415299,-0.002971,1.418524,-0.002971,3.126850,0
2026-07-02 15:47:30.511065,0.399292,3.121669,1.415299,-0.002971,1.413342,-0.002971,3.121669,0
2026-07-02 15:47:30.513075,0.401555,3.126850,1.415299,-0.008152,1.413342,-0.008152,3.126850,0
2026-07-02 15:47:30.517096,0.403802,3.121669,1.415299,-0.002971,1.418524,-0.002971,3.121669,0
2026-07-02 15:47:30.519488,0.406892,3.116488,1.415299,-0.002971,1.418524,-0.002971,3.116488,0
2026-07-02 15:47:30.521495,0.409465,3.121669,1.410120,-0.002971,1.418524,-0.002971,3.121669,0
2026-07-02 15:47:30.525524,0.412144,3.126850,1.415299,-0.002971,1.413342,-0.002971,3.126850,0
2026-07-02 15:47:30.527896,0.415072,3.126850,1.415299,-0.008152,1.413342,-0.008152,3.126850,0
2026-07-02 15:47:30.530303,0.417467,3.116488,1.415299,-0.002971,1.418524,-0.002971,3.116488,0
2026-07-02 15:47:30.533766,0.420177,3.126850,1.415299,-0.002971,1.413342,-0.002971,3.126850,0
2026-07-02 15:47:30.536583,0.423623,3.121669,1.415299,-0.002971,1.413342,-0.002971,3.121669,0
2026-07-02 15:47:30.540619,0.425903,3.121669,1.415299,-0.002971,1.413342,-0.002971,3.121669,0
2026-07-02 15:47:30.542632,0.429937,3.126850,1.415299,-0.002971,1.413342,-0.002971,3.126850,0
2026-07-02 15:47:30.544342,0.432276,3.132032,1.415299,-0.002971,1.413342,-0.002971,3.132032,0
2026-07-02 15:47:30.546377,0.434659,3.121669,1.415299,-0.002971,1.413342,-0.002971,3.121669,0
2026-07-02 15:47:30.549141,0.436895,3.126850,1.415299,-0.002971,1.418524,-0.002971,3.126850,0
2026-07-02 15:47:30.551895,0.439101,3.126850,1.415299,-0.002971,1.418524,-0.002971,3.126850,0
2026-07-02 15:47:30.552957,0.441359,3.116488,1.415299,-0.002971,1.413342,-0.002971,3.116488,0
2026-07-02 15:47:30.552957,0.443670,3.121669,1.415299,-0.002971,1.413342,-0.002971,3.121669,0
2026-07-02 15:47:30.558578,0.445970,3.121669,1.415299,-0.002971,1.413342,-0.002971,3.121669,0
2026-07-02 15:47:30.561076,0.448205,3.126850,1.415299,-0.008152,1.413342,-0.008152,3.126850,0
2026-07-02 15:47:30.563090,0.450522,3.121669,1.415299,-0.002971,1.413342,-0.002971,3.121669,0
2026-07-02 15:47:30.564637,0.452764,3.126850,1.415299,-0.002971,1.418524,-0.002971,3.126850,0
2026-07-02 15:47:30.567185,0.455123,3.121669,1.415299,-0.002971,1.418524,-0.002971,3.121669,0
2026-07-02 15:47:30.570376,0.457456,3.126850,1.415299,-0.002971,1.413342,-0.002971,3.126850,0
2026-07-02 15:47:30.570376,0.459781,3.121669,1.415299,-0.002971,1.413342,-0.002971,3.121669,0
2026-07-02 15:47:30.570376,0.462005,3.121669,1.415299,-0.002971,1.413342,-0.002971,3.121669,0
2026-07-02 15:47:30.575325,0.464271,3.121669,1.415299,-0.008152,1.418524,-0.008152,3.121669,0
2026-07-02 15:47:30.579424,0.466604,3.126850,1.415299,-0.002971,1.413342,-0.002971,3.126850,0
2026-07-02 15:47:30.579424,0.468952,3.126850,1.415299,-0.008152,1.418524,-0.008152,3.126850,0
2026-07-02 15:47:30.582378,0.471208,3.126850,1.415299,-0.008152,1.418524,-0.008152,3.126850,0
2026-07-02 15:47:30.586405,0.473480,3.126850,1.415299,-0.002971,1.418524,-0.002971,3.126850,0
2026-07-02 15:47:30.588418,0.475779,3.126850,1.415299,-0.008152,1.413342,-0.008152,3.126850,0
2026-07-02 15:47:30.589930,0.478014,3.121669,1.415299,-0.002971,1.413342,-0.002971,3.121669,0
2026-07-02 15:47:30.589930,0.480200,3.126850,1.415299,-0.008152,1.413342,-0.008152,3.126850,0
2026-07-02 15:47:30.589930,0.482472,3.132032,1.415299,-0.008152,1.418524,-0.008152,3.132032,0
2026-07-02 15:47:30.589930,0.484693,3.121669,1.415299,-0.002971,1.413342,-0.002971,3.121669,0
2026-07-02 15:47:30.600019,0.486885,3.126850,1.415299,-0.002971,1.418524,-0.002971,3.126850,0
2026-07-02 15:47:30.600019,0.489274,3.121669,1.415299,-0.002971,1.413342,-0.002971,3.121669,0
2026-07-02 15:47:30.604594,0.491639,3.126850,1.415299,-0.008152,1.413342,-0.008152,3.126850,0
2026-07-02 15:47:30.606878,0.494199,3.126850,1.415299,-0.002971,1.413342,-0.002971,3.126850,0
2026-07-02 15:47:30.615270,0.497295,3.126850,1.415299,-0.002971,1.413342,-0.002971,3.126850,0
2026-07-02 15:47:30.617316,0.504643,3.126850,1.415299,-0.002971,1.418524,-0.002971,3.126850,0
2026-07-02 15:47:30.620525,0.507312,3.121669,1.415299,-0.002971,1.413342,-0.002971,3.121669,0
2026-07-02 15:47:30.622406,0.509950,3.126850,1.415299,-0.008152,1.418524,-0.008152,3.126850,0
2026-07-02 15:47:30.623931,0.512515,3.126850,1.415299,0.002211,1.413342,0.002211,3.126850,0
2026-07-02 15:47:30.626064,0.515163,3.126850,1.415299,-0.008152,1.413342,-0.008152,3.126850,0
2026-07-02 15:47:30.629123,0.517809,3.121669,1.415299,-0.002971,1.413342,-0.002971,3.121669,0
2026-07-02 15:47:30.629123,0.520365,3.116488,1.410120,-0.002971,1.418524,-0.002971,3.116488,0
2026-07-02 15:47:30.634739,0.523153,3.121669,1.415299,-0.002971,1.418524,-0.002971,3.121669,0
2026-07-02 15:47:30.636775,0.525746,3.116488,1.415299,-0.002971,1.413342,-0.002971,3.116488,0
2026-07-02 15:47:30.640300,0.528437,3.121669,1.415299,-0.002971,1.418524,-0.002971,3.121669,0
2026-07-02 15:47:30.643457,0.531348,3.121669,1.415299,-0.002971,1.413342,-0.002971,3.121669,0
2026-07-02 15:47:30.646250,0.534070,3.126850,1.415299,-0.002971,1.418524,-0.002971,3.126850,0
2026-07-02 15:47:30.649659,0.536818,3.121669,1.415299,-0.008152,1.413342,-0.008152,3.121669,0
2026-07-02 15:47:30.653361,0.539399,3.126850,1.415299,-0.002971,1.413342,-0.002971,3.126850,0
2026-07-02 15:47:30.655144,0.543181,3.121669,1.415299,-0.002971,1.413342,-0.002971,3.121669,0
2026-07-02 15:47:30.657174,0.545921,3.121669,1.415299,-0.002971,1.413342,-0.002971,3.121669,0
2026-07-02 15:47:30.660039,0.548495,3.132032,1.415299,-0.008152,1.413342,-0.008152,3.132032,0
2026-07-02 15:47:30.660039,0.551163,3.126850,1.415299,-0.008152,1.418524,-0.008152,3.126850,0
2026-07-02 15:47:30.660039,0.553722,3.116488,1.410120,-0.002971,1.413342,-0.002971,3.116488,0
2026-07-02 15:47:30.668017,0.556415,3.126850,1.415299,-0.008152,1.413342,-0.008152,3.126850,0
2026-07-02 15:47:30.670041,0.558998,3.126850,1.415299,-0.002971,1.418524,-0.002971,3.126850,0
2026-07-02 15:47:30.670041,0.561621,3.126850,1.415299,-0.008152,1.413342,-0.008152,3.126850,0
2026-07-02 15:47:30.676445,0.564706,3.121669,1.415299,-0.002971,1.413342,-0.002971,3.121669,0
2026-07-02 15:47:30.680190,0.567313,3.126850,1.420479,-0.002971,1.418524,-0.002971,3.126850,0
2026-07-02 15:47:30.683043,0.569950,3.126850,1.415299,-0.008152,1.418524,-0.008152,3.126850,0
2026-07-02 15:47:30.684806,0.572841,3.126850,1.415299,-0.002971,1.413342,-0.002971,3.126850,0
2026-07-02 15:47:30.688719,0.575515,3.126850,1.415299,-0.002971,1.413342,-0.002971,3.126850,0
2026-07-02 15:47:30.691791,0.578159,3.121669,1.415299,-0.002971,1.418524,-0.002971,3.121669,0
2026-07-02 15:47:30.693829,0.581194,3.116488,1.410120,-0.002971,1.413342,-0.002971,3.116488,0
2026-07-02 15:47:30.697878,0.583760,3.126850,1.420479,-0.002971,1.413342,-0.002971,3.126850,0
2026-07-02 15:47:30.708329,0.587551,3.132032,1.415299,-0.002971,1.418524,-0.002971,3.132032,0
2026-07-02 15:47:30.722978,0.597972,3.116488,1.415299,-0.002971,1.413342,-0.002971,3.116488,0
2026-07-02 15:47:30.722978,0.612615,3.126850,1.410120,-0.002971,1.418524,-0.002971,3.126850,0
2026-07-02 15:47:30.731328,0.618479,3.132032,1.415299,-0.002971,1.413342,-0.002971,3.132032,0
2026-07-02 15:47:30.731328,0.625717,3.121669,1.415299,-0.002971,1.418524,-0.002971,3.121669,0
2026-07-02 15:47:30.741446,0.628943,3.126850,1.415299,-0.002971,1.413342,-0.002971,3.126850,0
2026-07-02 15:47:30.741446,0.631914,3.126850,1.415299,-0.002971,1.413342,-0.002971,3.126850,0
2026-07-02 15:47:30.741446,0.634379,3.126850,1.420479,-0.008152,1.413342,-0.008152,3.126850,0
2026-07-02 15:47:30.757663,0.638894,3.126850,1.415299,-0.002971,1.418524,-0.002971,3.126850,0
2026-07-02 15:47:30.761839,0.650321,3.132032,1.415299,-0.002971,1.413342,-0.002971,3.132032,0
2026-07-02 15:47:30.761839,0.654479,3.121669,1.415299,-0.002971,1.418524,-0.002971,3.121669,0
2026-07-02 15:47:30.761839,0.657140,3.116488,1.415299,-0.002971,1.418524,-0.002971,3.116488,0
2026-07-02 15:47:30.782215,0.660151,3.121669,1.415299,-0.002971,1.413342,-0.002971,3.121669,0
2026-07-02 15:47:30.784964,0.672982,3.126850,1.420479,-0.002971,1.413342,-0.002971,3.126850,0
2026-07-02 15:47:30.784964,0.676030,3.121669,1.415299,-0.002971,1.413342,-0.002971,3.121669,0
2026-07-02 15:47:30.793392,0.679911,3.126850,1.415299,-0.002971,1.413342,-0.002971,3.126850,0
2026-07-02 15:47:30.794178,0.682747,3.121669,1.415299,-0.002971,1.413342,-0.002971,3.121669,0
2026-07-02 15:47:30.794178,0.687288,3.126850,1.415299,-0.008152,1.418524,-0.008152,3.126850,0
2026-07-02 15:47:30.802295,0.689754,3.126850,1.415299,-0.008152,1.418524,-0.008152,3.126850,0
2026-07-02 15:47:30.802295,0.695071,3.126850,1.415299,-0.002971,1.418524,-0.002971,3.126850,0
2026-07-02 15:47:30.816512,0.698210,3.132032,1.420479,-0.002971,1.413342,-0.002971,3.132032,0
2026-07-02 15:47:30.819994,0.705791,3.121669,1.415299,-0.002971,1.418524,-0.002971,3.121669,0
2026-07-02 15:47:30.825578,0.710446,3.121669,1.415299,-0.008152,1.413342,-0.008152,3.121669,0
2026-07-02 15:47:30.825578,0.715145,3.126850,1.415299,-0.002971,1.418524,-0.002971,3.126850,0
2026-07-02 15:47:30.833681,0.718176,3.121669,1.415299,-0.002971,1.413342,-0.002971,3.121669,0
2026-07-02 15:47:30.833681,0.723022,3.126850,1.415299,-0.008152,1.418524,-0.008152,3.126850,0
2026-07-02 15:47:30.833681,0.725356,3.121669,1.415299,-0.008152,1.413342,-0.008152,3.121669,0
2026-07-02 15:47:30.840282,0.727591,3.126850,1.415299,-0.002971,1.413342,-0.002971,3.126850,0
2026-07-02 15:47:30.841899,0.730101,3.126850,1.415299,-0.008152,1.413342,-0.008152,3.126850,0
2026-07-02 15:47:30.841899,0.732595,3.116488,1.415299,-0.002971,1.418524,-0.002971,3.116488,0
2026-07-02 15:47:30.841899,0.734886,3.126850,1.415299,-0.002971,1.413342,-0.002971,3.126850,0
2026-07-02 15:47:30.850193,0.737772,3.121669,1.415299,-0.002971,1.413342,-0.002971,3.121669,0
2026-07-02 15:47:30.850193,0.740708,3.121669,1.415299,-0.002971,1.418524,-0.002971,3.121669,0
2026-07-02 15:47:30.850193,0.743418,3.126850,1.415299,-0.002971,1.418524,-0.002971,3.126850,0
2026-07-02 15:47:30.858048,0.745662,3.132032,1.415299,-0.002971,1.418524,-0.002971,3.132032,0
2026-07-02 15:47:30.858048,0.751098,3.126850,1.415299,-0.002971,1.413342,-0.002971,3.126850,0
2026-07-02 15:47:30.867283,0.753430,3.132032,1.415299,-0.008152,1.413342,-0.008152,3.132032,0
2026-07-02 15:47:30.867283,0.756538,3.126850,1.415299,-0.002971,1.418524,-0.002971,3.126850,0
2026-07-02 15:47:30.867283,0.758948,3.132032,1.415299,-0.002971,1.413342,-0.002971,3.132032,0
2026-07-02 15:47:30.874888,0.761338,3.116488,1.415299,-0.002971,1.413342,-0.002971,3.116488,0
2026-07-02 15:47:30.892267,0.766372,3.121669,1.415299,-0.002971,1.418524,-0.002971,3.121669,0
2026-07-02 15:47:30.892267,0.784672,3.132032,1.415299,-0.002971,1.413342,-0.002971,3.132032,0
2026-07-02 15:47:30.900780,0.787033,3.116488,1.415299,-0.002971,1.418524,-0.002971,3.116488,0
2026-07-02 15:47:30.967654,0.799025,3.121669,1.415299,-0.002971,1.418524,-0.002971,3.121669,0
2026-07-02 15:47:30.982911,0.866373,3.126850,1.415299,-0.002971,1.418524,-0.002971,3.126850,0
2026-07-02 15:47:30.984648,0.872719,3.132032,1.415299,-0.008152,1.413342,-0.008152,3.132032,0
2026-07-02 15:47:30.992545,0.878028,3.121669,1.415299,-0.002971,1.418524,-0.002971,3.121669,0
2026-07-02 15:47:31.000847,0.887803,3.132032,1.415299,-0.002971,1.418524,-0.002971,3.132032,0
2026-07-02 15:47:31.024883,0.892249,3.121669,1.415299,-0.002971,1.413342,-0.002971,3.121669,0
2026-07-02 15:47:31.026898,0.914816,3.121669,1.415299,-0.002971,1.418524,-0.002971,3.121669,0
2026-07-02 15:47:31.050762,0.917756,3.121669,1.415299,-0.002971,1.418524,-0.002971,3.121669,0
2026-07-02 15:47:31.053330,0.941657,3.116488,1.410120,-0.002971,1.413342,-0.002971,3.116488,0
2026-07-02 15:47:31.063161,0.944279,3.121669,1.415299,-0.002971,1.413342,-0.002971,3.121669,0
2026-07-02 15:47:31.067177,0.953636,3.121669,1.415299,-0.008152,1.418524,-0.008152,3.121669,0
2026-07-02 15:47:31.092331,0.961841,3.116488,1.415299,-0.002971,1.413342,-0.002971,3.116488,0
2026-07-02 15:47:31.100674,0.982509,3.126850,1.415299,-0.002971,1.413342,-0.002971,3.126850,0
2026-07-02 15:47:31.100674,0.993811,3.126850,1.415299,-0.002971,1.413342,-0.002971,3.126850,0
2026-07-02 15:47:31.108868,0.996479,3.126850,1.415299,-0.002971,1.413342,-0.002971,3.126850,0
2026-07-02 15:47:31.108868,1.000264,3.121669,1.415299,-0.008152,1.418524,-0.008152,3.121669,0
2026-07-02 15:47:31.117054,1.002653,3.121669,1.415299,-0.002971,1.418524,-0.002971,3.121669,0
2026-07-02 15:47:31.120695,1.007524,3.126850,1.415299,-0.002971,1.413342,-0.002971,3.126850,0
2026-07-02 15:47:31.120695,1.009958,3.126850,1.415299,-0.002971,1.413342,-0.002971,3.126850,0
2026-07-02 15:47:31.125435,1.012324,3.116488,1.415299,-0.002971,1.413342,-0.002971,3.116488,0
2026-07-02 15:47:31.125435,1.014663,3.126850,1.415299,-0.002971,1.413342,-0.002971,3.126850,0
2026-07-02 15:47:31.125435,1.017522,3.126850,1.415299,-0.002971,1.418524,-0.002971,3.126850,0
2026-07-02 15:47:31.133780,1.019954,3.126850,1.415299,-0.002971,1.413342,-0.002971,3.126850,0
2026-07-02 15:47:31.133780,1.025233,3.126850,1.415299,-0.008152,1.413342,-0.008152,3.126850,0
2026-07-02 15:47:31.133780,1.028002,3.126850,1.415299,-0.008152,1.413342,-0.008152,3.126850,0
2026-07-02 15:47:31.142345,1.031153,3.116488,1.415299,-0.002971,1.413342,-0.002971,3.116488,0
2026-07-02 15:47:31.142345,1.033985,3.126850,1.415299,-0.002971,1.418524,-0.002971,3.126850,0
2026-07-02 15:47:31.142345,1.036373,3.126850,1.415299,-0.002971,1.413342,-0.002971,3.126850,0
2026-07-02 15:47:31.152415,1.039027,3.121669,1.415299,-0.002971,1.413342,-0.002971,3.121669,0
2026-07-02 15:47:31.152415,1.043200,3.121669,1.415299,-0.002971,1.418524,-0.002971,3.121669,0
2026-07-02 15:47:31.158385,1.045548,3.132032,1.415299,-0.002971,1.413342,-0.002971,3.132032,0
2026-07-02 15:47:31.158918,1.048095,3.126850,1.415299,-0.008152,1.413342,-0.008152,3.126850,0
2026-07-02 15:47:31.158918,1.050348,3.116488,1.415299,-0.002971,1.413342,-0.002971,3.116488,0
2026-07-02 15:47:31.163476,1.052566,3.121669,1.415299,-0.002971,1.418524,-0.002971,3.121669,0
2026-07-02 15:47:31.167076,1.054796,3.126850,1.415299,-0.008152,1.418524,-0.008152,3.126850,0
2026-07-02 15:47:31.167076,1.057354,3.132032,1.415299,-0.008152,1.413342,-0.008152,3.132032,0
2026-07-02 15:47:31.167076,1.059744,3.126850,1.415299,-0.002971,1.413342,-0.002971,3.126850,0
2026-07-02 15:47:31.174859,1.061967,3.121669,1.415299,-0.002971,1.418524,-0.002971,3.121669,0
2026-07-02 15:47:31.175329,1.064277,3.126850,1.420479,-0.002971,1.418524,-0.002971,3.126850,0
2026-07-02 15:47:31.175329,1.066659,3.132032,1.415299,-0.008152,1.413342,-0.008152,3.132032,0
2026-07-02 15:47:31.175329,1.068911,3.126850,1.415299,-0.008152,1.413342,-0.008152,3.126850,0
2026-07-02 15:47:31.183664,1.071254,3.121669,1.415299,-0.002971,1.418524,-0.002971,3.121669,0
2026-07-02 15:47:31.183664,1.074660,3.116488,1.415299,-0.002971,1.413342,-0.002971,3.116488,0
2026-07-02 15:47:31.183664,1.076976,3.126850,1.415299,-0.008152,1.418524,-0.008152,3.126850,0
2026-07-02 15:47:31.192538,1.079341,3.126850,1.415299,-0.002971,1.418524,-0.002971,3.126850,0
2026-07-02 15:47:31.192538,1.081763,3.126850,1.415299,-0.002971,1.413342,-0.002971,3.126850,0
2026-07-02 15:47:31.192538,1.084565,3.132032,1.415299,-0.008152,1.413342,-0.008152,3.132032,0
2026-07-02 15:47:31.192538,1.086839,3.126850,1.415299,-0.002971,1.413342,-0.002971,3.126850,0
2026-07-02 15:47:31.200457,1.089122,3.126850,1.415299,-0.008152,1.413342,-0.008152,3.126850,0
2026-07-02 15:47:31.200457,1.091616,3.121669,1.415299,-0.002971,1.413342,-0.002971,3.121669,0
2026-07-02 15:47:31.200457,1.093973,3.126850,1.415299,-0.002971,1.418524,-0.002971,3.126850,0
2026-07-02 15:47:31.208626,1.096318,3.126850,1.415299,-0.002971,1.413342,-0.002971,3.126850,0
2026-07-02 15:47:31.208626,1.098856,3.116488,1.415299,-0.002971,1.413342,-0.002971,3.116488,0
2026-07-02 15:47:31.208626,1.101166,3.126850,1.415299,-0.002971,1.418524,-0.002971,3.126850,0
2026-07-02 15:47:31.216994,1.103410,3.121669,1.415299,-0.002971,1.413342,-0.002971,3.121669,0
2026-07-02 15:47:31.216994,1.106379,3.121669,1.415299,-0.002971,1.413342,-0.002971,3.121669,0
2026-07-02 15:47:31.216994,1.108722,3.116488,1.415299,-0.002971,1.413342,-0.002971,3.116488,0
2026-07-02 15:47:31.216994,1.110968,3.126850,1.415299,-0.002971,1.418524,-0.002971,3.126850,0
2026-07-02 15:47:31.225316,1.113194,3.126850,1.415299,-0.008152,1.413342,-0.008152,3.126850,0
2026-07-02 15:47:31.225316,1.115769,3.126850,1.415299,-0.002971,1.413342,-0.002971,3.126850,0
2026-07-02 15:47:31.225316,1.118082,3.121669,1.415299,-0.002971,1.418524,-0.002971,3.121669,0
2026-07-02 15:47:31.233836,1.120409,3.126850,1.415299,-0.002971,1.413342,-0.002971,3.126850,0
2026-07-02 15:47:31.233836,1.123129,3.126850,1.415299,-0.002971,1.418524,-0.002971,3.126850,0
2026-07-02 15:47:31.233836,1.125422,3.121669,1.415299,-0.002971,1.418524,-0.002971,3.121669,0
2026-07-02 15:47:31.233836,1.127664,3.132032,1.415299,-0.002971,1.413342,-0.002971,3.132032,0
2026-07-02 15:47:31.241919,1.129915,3.126850,1.415299,-0.002971,1.418524,-0.002971,3.126850,0
2026-07-02 15:47:31.241919,1.132279,3.126850,1.415299,-0.008152,1.418524,-0.008152,3.126850,0
2026-07-02 15:47:31.241919,1.134780,3.121669,1.415299,-0.002971,1.418524,-0.002971,3.121669,0
2026-07-02 15:47:31.250307,1.137039,3.116488,1.415299,-0.002971,1.413342,-0.002971,3.116488,0
2026-07-02 15:47:31.250307,1.139774,3.126850,1.420479,-0.002971,1.418524,-0.002971,3.126850,0
2026-07-02 15:47:31.250307,1.142205,3.126850,1.415299,-0.002971,1.413342,-0.002971,3.126850,0
2026-07-02 15:47:31.250307,1.144492,3.126850,1.420479,-0.002971,1.413342,-0.002971,3.126850,0
2026-07-02 15:47:31.258586,1.146712,3.126850,1.410120,-0.002971,1.418524,-0.002971,3.126850,0
2026-07-02 15:47:31.258586,1.148932,3.132032,1.420479,-0.008152,1.413342,-0.008152,3.132032,0
2026-07-02 15:47:31.264130,1.151219,3.121669,1.415299,-0.002971,1.413342,-0.002971,3.121669,0
2026-07-02 15:47:31.266908,1.153658,3.121669,1.415299,-0.002971,1.413342,-0.002971,3.121669,0
2026-07-02 15:47:31.266908,1.156137,3.126850,1.410120,-0.008152,1.413342,-0.008152,3.126850,0
2026-07-02 15:47:31.266908,1.158396,3.126850,1.410120,-0.002971,1.413342,-0.002971,3.126850,0
2026-07-02 15:47:31.266908,1.160662,3.126850,1.415299,-0.002971,1.413342,-0.002971,3.126850,0
2026-07-02 15:47:31.275279,1.162873,3.126850,1.415299,-0.002971,1.413342,-0.002971,3.126850,0
2026-07-02 15:47:31.275279,1.165709,3.126850,1.415299,-0.002971,1.413342,-0.002971,3.126850,0
2026-07-02 15:47:31.275279,1.168208,3.116488,1.410120,-0.002971,1.413342,-0.002971,3.116488,0
2026-07-02 15:47:31.283608,1.170529,3.126850,1.420479,-0.002971,1.418524,-0.002971,3.126850,0
2026-07-02 15:47:31.283608,1.172865,3.126850,1.415299,-0.002971,1.413342,-0.002971,3.126850,0
2026-07-02 15:47:31.283608,1.175165,3.121669,1.415299,-0.008152,1.418524,-0.008152,3.121669,0
2026-07-02 15:47:31.283608,1.177447,3.126850,1.415299,-0.008152,1.413342,-0.008152,3.126850,0
2026-07-02 15:47:31.291977,1.179695,3.121669,1.415299,-0.002971,1.413342,-0.002971,3.121669,0
2026-07-02 15:47:31.291977,1.182067,3.126850,1.415299,-0.002971,1.413342,-0.002971,3.126850,0
2026-07-02 15:47:31.291977,1.184406,3.126850,1.415299,-0.002971,1.418524,-0.002971,3.126850,0
2026-07-02 15:47:31.300895,1.186713,3.126850,1.415299,-0.002971,1.413342,-0.002971,3.126850,0
2026-07-02 15:47:31.300895,1.190130,3.126850,1.415299,-0.008152,1.418524,-0.008152,3.126850,0
2026-07-02 15:47:31.300895,1.192439,3.121669,1.415299,-0.008152,1.418524,-0.008152,3.121669,0
2026-07-02 15:47:31.300895,1.194711,3.121669,1.415299,-0.008152,1.413342,-0.008152,3.121669,0
2026-07-02 15:47:31.308567,1.196950,3.126850,1.415299,-0.008152,1.418524,-0.008152,3.126850,0
2026-07-02 15:47:31.308567,1.199576,3.126850,1.415299,-0.002971,1.418524,-0.002971,3.126850,0
2026-07-02 15:47:31.308567,1.201895,3.121669,1.415299,-0.002971,1.418524,-0.002971,3.121669,0
2026-07-02 15:47:31.317059,1.204148,3.132032,1.415299,-0.002971,1.418524,-0.002971,3.132032,0
2026-07-02 15:47:31.317059,1.206672,3.116488,1.415299,-0.002971,1.413342,-0.002971,3.116488,0
2026-07-02 15:47:31.317059,1.209166,3.126850,1.415299,-0.002971,1.418524,-0.002971,3.126850,0
2026-07-02 15:47:31.317059,1.211414,3.126850,1.415299,-0.008152,1.413342,-0.008152,3.126850,0
2026-07-02 15:47:31.325388,1.213665,3.121669,1.415299,-0.002971,1.413342,-0.002971,3.121669,0
2026-07-02 15:47:31.325388,1.216167,3.126850,1.415299,-0.008152,1.418524,-0.008152,3.126850,0
2026-07-02 15:47:31.325388,1.218551,3.121669,1.415299,-0.002971,1.418524,-0.002971,3.121669,0
2026-07-02 15:47:31.333987,1.220864,3.126850,1.415299,-0.002971,1.413342,-0.002971,3.126850,0
2026-07-02 15:47:31.333987,1.223216,3.126850,1.415299,-0.002971,1.413342,-0.002971,3.126850,0
2026-07-02 15:47:31.333987,1.225569,3.126850,1.415299,-0.002971,1.413342,-0.002971,3.126850,0
2026-07-02 15:47:31.333987,1.227861,3.126850,1.415299,-0.008152,1.413342,-0.008152,3.126850,0
2026-07-02 15:47:31.342186,1.230235,3.126850,1.415299,-0.002971,1.413342,-0.002971,3.126850,0
2026-07-02 15:47:31.342186,1.233051,3.121669,1.415299,-0.008152,1.418524,-0.008152,3.121669,0
2026-07-02 15:47:31.342186,1.235337,3.121669,1.415299,-0.002971,1.418524,-0.002971,3.121669,0
2026-07-02 15:47:31.350458,1.238215,3.121669,1.415299,-0.008152,1.413342,-0.008152,3.121669,0
2026-07-02 15:47:31.350458,1.241180,3.126850,1.415299,-0.002971,1.413342,-0.002971,3.126850,0
2026-07-02 15:47:31.350458,1.243465,3.121669,1.415299,-0.002971,1.418524,-0.002971,3.121669,0
2026-07-02 15:47:31.358842,1.245783,3.126850,1.415299,-0.002971,1.413342,-0.002971,3.126850,0
2026-07-02 15:47:31.358842,1.248250,3.126850,1.415299,-0.002971,1.418524,-0.002971,3.126850,0
2026-07-02 15:47:31.358842,1.250528,3.126850,1.420479,-0.008152,1.413342,-0.008152,3.126850,0
2026-07-02 15:47:31.364444,1.252752,3.126850,1.415299,-0.002971,1.413342,-0.002971,3.126850,0
2026-07-02 15:47:31.367110,1.254981,3.121669,1.415299,-0.002971,1.413342,-0.002971,3.121669,0
2026-07-02 15:47:31.367110,1.257800,3.132032,1.415299,-0.002971,1.418524,-0.002971,3.132032,0
2026-07-02 15:47:31.367110,1.260059,3.126850,1.415299,-0.008152,1.418524,-0.008152,3.126850,0
2026-07-02 15:47:31.375420,1.262293,3.126850,1.415299,-0.008152,1.413342,-0.008152,3.126850,0
2026-07-02 15:47:31.383641,1.271512,3.121669,1.415299,-0.008152,1.418524,-0.008152,3.121669,0
2026-07-02 15:47:31.383641,1.274833,3.126850,1.415299,-0.008152,1.423706,-0.008152,3.126850,0
2026-07-02 15:47:31.383641,1.277173,3.126850,1.415299,-0.008152,1.418524,-0.008152,3.126850,0
2026-07-02 15:47:31.392138,1.279432,3.116488,1.415299,-0.002971,1.413342,-0.002971,3.116488,0
2026-07-02 15:47:31.392138,1.281732,3.126850,1.415299,-0.008152,1.413342,-0.008152,3.126850,0
2026-07-02 15:47:31.392138,1.284285,3.126850,1.420479,-0.008152,1.418524,-0.008152,3.126850,0
2026-07-02 15:47:31.398239,1.286692,3.126850,1.415299,-0.002971,1.413342,-0.002971,3.126850,0
2026-07-02 15:47:31.400297,1.289028,3.126850,1.415299,-0.002971,1.413342,-0.002971,3.126850,0
2026-07-02 15:47:31.400297,1.291338,3.126850,1.415299,-0.008152,1.418524,-0.008152,3.126850,0
2026-07-02 15:47:31.425321,1.293621,3.121669,1.415299,-0.002971,1.413342,-0.002971,3.121669,0
2026-07-02 15:47:31.442226,1.320070,3.126850,1.415299,-0.002971,1.418524,-0.002971,3.126850,0
2026-07-02 15:47:31.446262,1.333449,3.126850,1.415299,-0.002971,1.418524,-0.002971,3.126850,0
2026-07-02 15:47:31.456187,1.337492,3.121669,1.415299,-0.008152,1.413342,-0.008152,3.121669,0
2026-07-02 15:47:31.466894,1.346912,3.116488,1.415299,-0.008152,1.413342,-0.008152,3.116488,0
2026-07-02 15:47:31.468435,1.356300,3.116488,1.415299,-0.002971,1.413342,-0.002971,3.116488,0
2026-07-02 15:47:31.474545,1.359001,3.116488,1.415299,-0.002971,1.413342,-0.002971,3.116488,0
2026-07-02 15:47:31.476888,1.365470,3.126850,1.415299,-0.002971,1.418524,-0.002971,3.126850,0
2026-07-02 15:47:31.481754,1.368177,3.132032,1.415299,-0.002971,1.418524,-0.002971,3.132032,0
2026-07-02 15:47:31.485234,1.371586,3.126850,1.420479,-0.002971,1.418524,-0.002971,3.126850,0
2026-07-02 15:47:31.503089,1.375007,3.126850,1.415299,-0.002971,1.413342,-0.002971,3.126850,0
2026-07-02 15:47:31.503089,1.392818,3.121669,1.415299,-0.002971,1.418524,-0.002971,3.121669,0
2026-07-02 15:47:31.508652,1.396807,3.126850,1.415299,-0.008152,1.413342,-0.008152,3.126850,0
2026-07-02 15:47:31.513251,1.400967,3.126850,1.415299,-0.002971,1.413342,-0.002971,3.126850,0
2026-07-02 15:47:31.517135,1.403354,3.121669,1.415299,-0.002971,1.418524,-0.002971,3.121669,0
2026-07-02 15:47:31.517135,1.406443,3.126850,1.415299,-0.002971,1.413342,-0.002971,3.126850,0
2026-07-02 15:47:31.523284,1.410344,3.126850,1.415299,-0.002971,1.418524,-0.002971,3.126850,0
2026-07-02 15:47:31.525374,1.412866,3.126850,1.415299,0.002211,1.418524,0.002211,3.126850,0
2026-07-02 15:47:31.525374,1.415195,3.126850,1.415299,-0.002971,1.418524,-0.002971,3.126850,0
2026-07-02 15:47:31.525374,1.417497,3.126850,1.415299,-0.002971,1.418524,-0.002971,3.126850,0
2026-07-02 15:47:31.525374,1.419808,3.121669,1.415299,-0.002971,1.418524,-0.002971,3.121669,0
2026-07-02 15:47:31.533886,1.422141,3.121669,1.410120,-0.002971,1.413342,-0.002971,3.121669,0
2026-07-02 15:47:31.533886,1.425556,3.116488,1.415299,-0.002971,1.418524,-0.002971,3.116488,0
2026-07-02 15:47:31.533886,1.427900,3.126850,1.415299,-0.002971,1.418524,-0.002971,3.126850,0
2026-07-02 15:47:31.542761,1.430182,3.121669,1.415299,-0.002971,1.413342,-0.002971,3.121669,0
2026-07-02 15:47:31.542761,1.433752,3.126850,1.415299,-0.002971,1.413342,-0.002971,3.126850,0
2026-07-02 15:47:31.542761,1.436119,3.132032,1.415299,-0.002971,1.413342,-0.002971,3.132032,0
2026-07-02 15:47:31.549819,1.438441,3.121669,1.415299,-0.008152,1.413342,-0.008152,3.121669,0
2026-07-02 15:47:31.552384,1.440841,3.116488,1.415299,-0.002971,1.418524,-0.002971,3.116488,0
2026-07-02 15:47:31.552384,1.443239,3.121669,1.415299,-0.002971,1.413342,-0.002971,3.121669,0
2026-07-02 15:47:31.558120,1.445579,3.116488,1.415299,-0.002971,1.418524,-0.002971,3.116488,0
2026-07-02 15:47:31.560018,1.448199,3.121669,1.415299,-0.002971,1.418524,-0.002971,3.121669,0
2026-07-02 15:47:31.567947,1.450709,3.121669,1.415299,-0.002971,1.418524,-0.002971,3.121669,0
2026-07-02 15:47:31.567947,1.457804,3.121669,1.415299,-0.008152,1.413342,-0.008152,3.121669,0
2026-07-02 15:47:31.576486,1.464105,3.132032,1.415299,-0.008152,1.418524,-0.008152,3.132032,0
2026-07-02 15:47:31.576486,1.466826,3.126850,1.415299,-0.002971,1.418524,-0.002971,3.126850,0
2026-07-02 15:47:31.576486,1.469483,3.126850,1.415299,-0.008152,1.418524,-0.008152,3.126850,0
2026-07-02 15:47:31.583136,1.471945,3.126850,1.415299,-0.002971,1.413342,-0.002971,3.126850,0
2026-07-02 15:47:31.583136,1.474414,3.126850,1.415299,-0.008152,1.413342,-0.008152,3.126850,0
2026-07-02 15:47:31.588617,1.476779,3.121669,1.415299,-0.002971,1.413342,-0.002971,3.121669,0
2026-07-02 15:47:31.591527,1.479148,3.126850,1.420479,-0.008152,1.418524,-0.008152,3.126850,0
2026-07-02 15:47:31.592765,1.481589,3.126850,1.415299,-0.002971,1.418524,-0.002971,3.126850,0
2026-07-02 15:47:31.592765,1.484057,3.121669,1.415299,-0.002971,1.413342,-0.002971,3.121669,0
2026-07-02 15:47:31.592765,1.486369,3.121669,1.415299,-0.002971,1.418524,-0.002971,3.121669,0
2026-07-02 15:47:31.599945,1.488694,3.132032,1.415299,-0.002971,1.413342,-0.002971,3.132032,0
2026-07-02 15:47:31.599945,1.491028,3.126850,1.415299,-0.008152,1.413342,-0.008152,3.126850,0
2026-07-02 15:47:31.599945,1.493282,3.126850,1.410120,-0.008152,1.413342,-0.008152,3.126850,0
2026-07-02 15:47:31.607976,1.495572,3.126850,1.415299,-0.002971,1.413342,-0.002971,3.126850,0
2026-07-02 15:47:31.607976,1.498020,3.126850,1.415299,-0.002971,1.413342,-0.002971,3.126850,0
2026-07-02 15:47:31.607976,1.500378,3.121669,1.415299,-0.002971,1.413342,-0.002971,3.121669,0
2026-07-02 15:47:31.618001,1.502667,3.126850,1.420479,-0.002971,1.418524,-0.002971,3.126850,0
2026-07-02 15:47:31.618001,1.508181,3.121669,1.415299,-0.002971,1.413342,-0.002971,3.121669,0
2026-07-02 15:47:31.622935,1.510482,3.121669,1.415299,-0.002971,1.413342,-0.002971,3.121669,0
2026-07-02 15:47:31.625059,1.512796,3.121669,1.415299,-0.002971,1.413342,-0.002971,3.121669,0
2026-07-02 15:47:31.628095,1.515189,3.126850,1.415299,-0.002971,1.413342,-0.002971,3.126850,0
2026-07-02 15:47:31.628095,1.517487,3.126850,1.415299,-0.002971,1.413342,-0.002971,3.126850,0
2026-07-02 15:47:31.628095,1.519741,3.126850,1.415299,-0.008152,1.413342,-0.008152,3.126850,0
2026-07-02 15:47:31.628095,1.521985,3.132032,1.415299,-0.002971,1.413342,-0.002971,3.132032,0
2026-07-02 15:47:31.628095,1.524273,3.132032,1.420479,-0.002971,1.418524,-0.002971,3.132032,0
2026-07-02 15:47:31.638155,1.526600,3.126850,1.420479,-0.002971,1.413342,-0.002971,3.126850,0
2026-07-02 15:47:31.638155,1.533373,3.116488,1.415299,-0.002971,1.413342,-0.002971,3.116488,0
2026-07-02 15:47:31.648198,1.535649,3.126850,1.415299,-0.002971,1.413342,-0.002971,3.126850,0
2026-07-02 15:47:31.648198,1.540042,3.126850,1.415299,-0.002971,1.413342,-0.002971,3.126850,0
2026-07-02 15:47:31.655277,1.542894,3.116488,1.410120,-0.002971,1.413342,-0.002971,3.116488,0
2026-07-02 15:47:31.674817,1.547212,3.121669,1.415299,-0.002971,1.413342,-0.002971,3.121669,0
2026-07-02 15:47:31.676567,1.564787,3.132032,1.415299,-0.002971,1.418524,-0.002971,3.132032,0
2026-07-02 15:47:31.676567,1.567151,3.126850,1.415299,-0.008152,1.413342,-0.008152,3.126850,0
2026-07-02 15:47:31.676567,1.569481,3.126850,1.415299,-0.002971,1.418524,-0.002971,3.126850,0
2026-07-02 15:47:31.683180,1.571814,3.126850,1.415299,-0.002971,1.413342,-0.002971,3.126850,0
2026-07-02 15:47:31.687036,1.574155,3.126850,1.415299,-0.002971,1.418524,-0.002971,3.126850,0
2026-07-02 15:47:31.687036,1.576431,3.116488,1.415299,-0.002971,1.418524,-0.002971,3.116488,0
2026-07-02 15:47:31.687036,1.578816,3.126850,1.415299,-0.002971,1.413342,-0.002971,3.126850,0
2026-07-02 15:47:31.687036,1.581099,3.121669,1.415299,-0.002971,1.418524,-0.002971,3.121669,0
2026-07-02 15:47:31.687036,1.583420,3.126850,1.415299,-0.002971,1.413342,-0.002971,3.126850,0
2026-07-02 15:47:31.697221,1.585699,3.116488,1.415299,-0.002971,1.413342,-0.002971,3.116488,0
2026-07-02 15:47:31.697221,1.588376,3.126850,1.415299,-0.002971,1.418524,-0.002971,3.126850,0
2026-07-02 15:47:31.697221,1.590857,3.126850,1.415299,-0.002971,1.413342,-0.002971,3.126850,0
2026-07-02 15:47:31.697221,1.593081,3.126850,1.415299,-0.002971,1.413342,-0.002971,3.126850,0
2026-07-02 15:47:31.707316,1.595320,3.132032,1.415299,-0.002971,1.413342,-0.002971,3.132032,0
2026-07-02 15:47:31.707316,1.597684,3.116488,1.415299,-0.002971,1.418524,-0.002971,3.116488,0
2026-07-02 15:47:31.707316,1.600045,3.121669,1.415299,-0.002971,1.418524,-0.002971,3.121669,0
2026-07-02 15:47:31.707316,1.602296,3.126850,1.415299,-0.002971,1.418524,-0.002971,3.126850,0
2026-07-02 15:47:31.717451,1.604594,3.116488,1.415299,-0.002971,1.413342,-0.002971,3.116488,0
2026-07-02 15:47:31.717451,1.607334,3.116488,1.415299,-0.002971,1.413342,-0.002971,3.116488,0
2026-07-02 15:47:31.717451,1.610114,3.121669,1.415299,-0.002971,1.418524,-0.002971,3.121669,0
2026-07-02 15:47:31.717451,1.612427,3.126850,1.415299,-0.008152,1.413342,-0.008152,3.126850,0
2026-07-02 15:47:31.727563,1.614697,3.126850,1.415299,-0.002971,1.418524,-0.002971,3.126850,0
2026-07-02 15:47:31.727563,1.616945,3.126850,1.415299,-0.008152,1.413342,-0.008152,3.126850,0
2026-07-02 15:47:31.727563,1.619218,3.116488,1.415299,-0.002971,1.418524,-0.002971,3.116488,0
2026-07-02 15:47:31.727563,1.621453,3.121669,1.415299,-0.002971,1.413342,-0.002971,3.121669,0
2026-07-02 15:47:31.727563,1.623777,3.121669,1.415299,-0.002971,1.413342,-0.002971,3.121669,0
2026-07-02 15:47:31.737663,1.626070,3.121669,1.415299,-0.002971,1.413342,-0.002971,3.121669,0
2026-07-02 15:47:31.737663,1.628343,3.121669,1.415299,-0.002971,1.413342,-0.002971,3.121669,0
2026-07-02 15:47:31.737663,1.630715,3.126850,1.415299,-0.002971,1.413342,-0.002971,3.126850,0
2026-07-02 15:47:31.737663,1.632989,3.126850,1.415299,-0.002971,1.413342,-0.002971,3.126850,0
2026-07-02 15:47:31.747785,1.635272,3.126850,1.415299,-0.002971,1.413342,-0.002971,3.126850,0
2026-07-02 15:47:31.747785,1.637640,3.121669,1.415299,-0.008152,1.418524,-0.008152,3.121669,0
2026-07-02 15:47:31.747785,1.640376,3.132032,1.415299,-0.002971,1.418524,-0.002971,3.132032,0
2026-07-02 15:47:31.747785,1.642650,3.126850,1.415299,-0.002971,1.413342,-0.002971,3.126850,0
2026-07-02 15:47:31.747785,1.644930,3.126850,1.415299,-0.002971,1.418524,-0.002971,3.126850,0
2026-07-02 15:47:31.759462,1.647233,3.126850,1.415299,-0.002971,1.418524,-0.002971,3.126850,0
2026-07-02 15:47:31.762405,1.649663,3.126850,1.415299,-0.002971,1.413342,-0.002971,3.126850,0
2026-07-02 15:47:31.762405,1.651898,3.126850,1.415299,-0.008152,1.418524,-0.008152,3.126850,0
2026-07-02 15:47:31.767266,1.654249,3.126850,1.415299,-0.008152,1.418524,-0.008152,3.126850,0
2026-07-02 15:47:31.768529,1.656639,3.121669,1.415299,-0.002971,1.418524,-0.002971,3.121669,0
2026-07-02 15:47:31.768529,1.659070,3.121669,1.415299,-0.002971,1.413342,-0.002971,3.121669,0
2026-07-02 15:47:31.768529,1.661370,3.126850,1.415299,-0.008152,1.413342,-0.008152,3.126850,0
2026-07-02 15:47:31.774815,1.663620,3.126850,1.415299,-0.002971,1.418524,-0.002971,3.126850,0
2026-07-02 15:47:31.774815,1.665930,3.121669,1.415299,-0.002971,1.413342,-0.002971,3.121669,0
2026-07-02 15:47:31.774815,1.668189,3.121669,1.415299,-0.008152,1.418524,-0.008152,3.121669,0
2026-07-02 15:47:31.783496,1.670495,3.126850,1.415299,-0.008152,1.413342,-0.008152,3.126850,0
2026-07-02 15:47:31.783496,1.672796,3.126850,1.415299,-0.002971,1.413342,-0.002971,3.126850,0
2026-07-02 15:47:31.783496,1.675096,3.126850,1.415299,-0.002971,1.418524,-0.002971,3.126850,0
2026-07-02 15:47:31.783496,1.677396,3.126850,1.415299,-0.002971,1.413342,-0.002971,3.126850,0
2026-07-02 15:47:31.791117,1.679678,3.121669,1.420479,-0.002971,1.413342,-0.002971,3.121669,0
2026-07-02 15:47:31.791117,1.682053,3.126850,1.415299,-0.002971,1.418524,-0.002971,3.126850,0
2026-07-02 15:47:31.791117,1.684294,3.121669,1.415299,-0.002971,1.418524,-0.002971,3.121669,0
2026-07-02 15:47:31.799196,1.686659,3.126850,1.415299,-0.002971,1.413342,-0.002971,3.126850,0
2026-07-02 15:47:31.799196,1.688900,3.116488,1.410120,0.002211,1.413342,0.002211,3.116488,0
2026-07-02 15:47:31.799196,1.691167,3.116488,1.415299,-0.002971,1.418524,-0.002971,3.116488,0
2026-07-02 15:47:31.799196,1.693463,3.121669,1.415299,-0.002971,1.413342,-0.002971,3.121669,0
2026-07-02 15:47:31.799196,1.695729,3.126850,1.415299,-0.002971,1.413342,-0.002971,3.126850,0
2026-07-02 15:47:31.809507,1.697946,3.126850,1.415299,-0.002971,1.418524,-0.002971,3.126850,0
2026-07-02 15:47:31.809507,1.700396,3.126850,1.415299,-0.002971,1.418524,-0.002971,3.126850,0
2026-07-02 15:47:31.815748,1.702779,3.126850,1.415299,-0.002971,1.418524,-0.002971,3.126850,0
2026-07-02 15:47:31.817780,1.705098,3.126850,1.415299,-0.002971,1.413342,-0.002971,3.126850,0
2026-07-02 15:47:31.817780,1.707477,3.121669,1.415299,-0.002971,1.413342,-0.002971,3.121669,0
2026-07-02 15:47:31.817780,1.709753,3.132032,1.415299,-0.008152,1.418524,-0.008152,3.132032,0
2026-07-02 15:47:31.817780,1.712015,3.126850,1.415299,-0.002971,1.418524,-0.002971,3.126850,0
2026-07-02 15:47:31.826327,1.714275,3.121669,1.415299,-0.002971,1.418524,-0.002971,3.121669,0
2026-07-02 15:47:31.826327,1.716626,3.126850,1.415299,-0.008152,1.418524,-0.008152,3.126850,0
2026-07-02 15:47:31.826327,1.718869,3.121669,1.415299,-0.002971,1.418524,-0.002971,3.121669,0
2026-07-02 15:47:31.833219,1.721071,3.126850,1.415299,-0.002971,1.413342,-0.002971,3.126850,0
2026-07-02 15:47:31.834366,1.723333,3.126850,1.420479,-0.002971,1.413342,-0.002971,3.126850,0
2026-07-02 15:47:31.834366,1.725689,3.121669,1.415299,-0.002971,1.418524,-0.002971,3.121669,0
2026-07-02 15:47:31.834366,1.727935,3.126850,1.415299,-0.002971,1.418524,-0.002971,3.126850,0
2026-07-02 15:47:31.834366,1.730119,3.126850,1.415299,-0.002971,1.413342,-0.002971,3.126850,0
2026-07-02 15:47:31.844819,1.732382,3.116488,1.415299,-0.002971,1.413342,-0.002971,3.116488,0
2026-07-02 15:47:31.844819,1.734612,3.126850,1.415299,-0.002971,1.418524,-0.002971,3.126850,0
2026-07-02 15:47:31.844819,1.736923,3.126850,1.415299,-0.002971,1.413342,-0.002971,3.126850,0
2026-07-02 15:47:31.844819,1.739353,3.126850,1.415299,-0.002971,1.418524,-0.002971,3.126850,0
2026-07-02 15:47:31.844819,1.741638,3.132032,1.415299,-0.002971,1.418524,-0.002971,3.132032,0
2026-07-02 15:47:31.854973,1.743842,3.126850,1.415299,-0.002971,1.418524,-0.002971,3.126850,0
2026-07-02 15:47:31.854973,1.746076,3.126850,1.415299,-0.008152,1.413342,-0.008152,3.126850,0
2026-07-02 15:47:31.854973,1.748426,3.121669,1.415299,-0.002971,1.418524,-0.002971,3.121669,0
2026-07-02 15:47:31.854973,1.750640,3.126850,1.415299,-0.008152,1.413342,-0.008152,3.126850,0
2026-07-02 15:47:31.865050,1.752846,3.121669,1.415299,-0.002971,1.413342,-0.002971,3.121669,0
2026-07-02 15:47:31.866064,1.755068,3.132032,1.415299,-0.008152,1.413342,-0.008152,3.132032,0
2026-07-02 15:47:31.866064,1.757429,3.121669,1.415299,-0.002971,1.413342,-0.002971,3.121669,0
2026-07-02 15:47:31.866064,1.759731,3.126850,1.415299,-0.008152,1.413342,-0.008152,3.126850,0
2026-07-02 15:47:31.866064,1.761938,3.126850,1.415299,-0.002971,1.413342,-0.002971,3.126850,0
2026-07-02 15:47:31.875101,1.764249,3.126850,1.415299,-0.002971,1.413342,-0.002971,3.126850,0
2026-07-02 15:47:31.875101,1.767591,3.116488,1.415299,-0.002971,1.413342,-0.002971,3.116488,0
2026-07-02 15:47:31.875101,1.769871,3.121669,1.415299,-0.002971,1.418524,-0.002971,3.121669,0
2026-07-02 15:47:31.885216,1.772215,3.121669,1.415299,-0.002971,1.418524,-0.002971,3.121669,0
2026-07-02 15:47:31.885216,1.774733,3.132032,1.415299,-0.008152,1.413342,-0.008152,3.132032,0
2026-07-02 15:47:31.885216,1.777191,3.126850,1.415299,-0.002971,1.413342,-0.002971,3.126850,0
2026-07-02 15:47:31.885216,1.779602,3.116488,1.415299,-0.002971,1.418524,-0.002971,3.116488,0
2026-07-02 15:47:31.894297,1.782038,3.126850,1.415299,-0.002971,1.418524,-0.002971,3.126850,0
2026-07-02 15:47:31.895324,1.784443,3.126850,1.415299,-0.008152,1.413342,-0.008152,3.126850,0
2026-07-02 15:47:31.895324,1.786968,3.116488,1.415299,-0.002971,1.418524,-0.002971,3.116488,0
2026-07-02 15:47:31.895324,1.789882,3.132032,1.415299,-0.002971,1.418524,-0.002971,3.132032,0
2026-07-02 15:47:31.895324,1.792293,3.121669,1.415299,-0.002971,1.418524,-0.002971,3.121669,0
2026-07-02 15:47:31.905701,1.794765,3.126850,1.415299,-0.002971,1.413342,-0.002971,3.126850,0
2026-07-02 15:47:31.905701,1.797421,3.121669,1.415299,-0.002971,1.413342,-0.002971,3.121669,0
2026-07-02 15:47:31.911258,1.799829,3.126850,1.415299,-0.002971,1.418524,-0.002971,3.126850,0
2026-07-02 15:47:31.911258,1.802254,3.132032,1.420479,-0.002971,1.413342,-0.002971,3.132032,0
2026-07-02 15:47:31.916819,1.804717,3.126850,1.415299,-0.008152,1.413342,-0.008152,3.126850,0
2026-07-02 15:47:31.916819,1.807055,3.126850,1.415299,-0.002971,1.413342,-0.002971,3.126850,0
2026-07-02 15:47:31.916819,1.809441,3.126850,1.415299,-0.008152,1.418524,-0.008152,3.126850,0
2026-07-02 15:47:31.916819,1.811676,3.126850,1.415299,-0.002971,1.418524,-0.002971,3.126850,0
2026-07-02 15:47:31.927592,1.814727,3.126850,1.415299,-0.002971,1.413342,-0.002971,3.126850,0
2026-07-02 15:47:31.927592,1.817558,3.126850,1.415299,-0.002971,1.418524,-0.002971,3.126850,0
2026-07-02 15:47:31.933523,1.821072,3.126850,1.410120,-0.008152,1.418524,-0.008152,3.126850,0
2026-07-02 15:47:31.935874,1.823492,3.132032,1.415299,-0.002971,1.418524,-0.002971,3.132032,0
2026-07-02 15:47:31.935874,1.825685,3.126850,1.415299,-0.002971,1.418524,-0.002971,3.126850,0
2026-07-02 15:47:31.940829,1.827958,3.132032,1.415299,-0.008152,1.418524,-0.008152,3.132032,0
2026-07-02 15:47:31.943567,1.830197,3.126850,1.415299,-0.008152,1.418524,-0.008152,3.126850,0
2026-07-02 15:47:31.943567,1.832961,3.126850,1.415299,-0.002971,1.413342,-0.002971,3.126850,0
2026-07-02 15:47:31.949873,1.836830,3.126850,1.415299,-0.002971,1.413342,-0.002971,3.126850,0
2026-07-02 15:47:31.951707,1.839180,3.121669,1.415299,-0.002971,1.418524,-0.002971,3.121669,0
2026-07-02 15:47:31.951707,1.841568,3.126850,1.420479,-0.002971,1.413342,-0.002971,3.126850,0
2026-07-02 15:47:31.951707,1.843948,3.121669,1.415299,-0.002971,1.413342,-0.002971,3.121669,0
2026-07-02 15:47:31.959238,1.846458,3.116488,1.415299,-0.002971,1.413342,-0.002971,3.116488,0
2026-07-02 15:47:31.959238,1.848721,3.126850,1.415299,-0.002971,1.413342,-0.002971,3.126850,0
2026-07-02 15:47:31.959238,1.851041,3.121669,1.415299,-0.002971,1.418524,-0.002971,3.121669,0
2026-07-02 15:47:31.959238,1.853295,3.126850,1.415299,-0.002971,1.418524,-0.002971,3.126850,0
2026-07-02 15:47:31.967385,1.855594,3.126850,1.415299,-0.002971,1.418524,-0.002971,3.126850,0
2026-07-02 15:47:31.969397,1.857888,3.126850,1.420479,-0.008152,1.418524,-0.008152,3.126850,0
2026-07-02 15:47:31.969397,1.860162,3.132032,1.415299,-0.008152,1.413342,-0.008152,3.132032,0
2026-07-02 15:47:31.969397,1.862384,3.126850,1.415299,-0.002971,1.413342,-0.002971,3.126850,0
2026-07-02 15:47:31.976941,1.864626,3.121669,1.415299,-0.002971,1.418524,-0.002971,3.121669,0
2026-07-02 15:47:31.978038,1.866899,3.126850,1.415299,-0.002971,1.418524,-0.002971,3.126850,0
2026-07-02 15:47:31.978038,1.869123,3.121669,1.415299,-0.002971,1.413342,-0.002971,3.121669,0
2026-07-02 15:47:31.978038,1.871414,3.121669,1.415299,-0.002971,1.413342,-0.002971,3.121669,0
2026-07-02 15:47:31.978038,1.873736,3.126850,1.415299,-0.008152,1.418524,-0.008152,3.126850,0
2026-07-02 15:47:31.988022,1.876057,3.126850,1.415299,-0.002971,1.413342,-0.002971,3.126850,0
2026-07-02 15:47:31.992208,1.878425,3.132032,1.415299,-0.008152,1.413342,-0.008152,3.132032,0
2026-07-02 15:47:31.994495,1.881668,3.126850,1.415299,-0.002971,1.418524,-0.002971,3.126850,0
2026-07-02 15:47:31.995292,1.884058,3.121669,1.415299,-0.002971,1.418524,-0.002971,3.121669,0
2026-07-02 15:47:31.999324,1.886350,3.121669,1.415299,-0.002971,1.418524,-0.002971,3.121669,0
2026-07-02 15:47:32.001339,1.888749,3.132032,1.415299,-0.008152,1.413342,-0.008152,3.132032,0
2026-07-02 15:47:32.003221,1.891157,3.126850,1.415299,-0.002971,1.418524,-0.002971,3.126850,0
2026-07-02 15:47:32.005238,1.893444,3.132032,1.415299,-0.002971,1.413342,-0.002971,3.132032,0
2026-07-02 15:47:32.007947,1.895701,3.116488,1.415299,-0.002971,1.413342,-0.002971,3.116488,0
2026-07-02 15:47:32.009958,1.898123,3.126850,1.415299,-0.008152,1.418524,-0.008152,3.126850,0
2026-07-02 15:47:32.013127,1.900416,3.126850,1.415299,-0.002971,1.413342,-0.002971,3.126850,0
2026-07-02 15:47:32.014888,1.902781,3.126850,1.420479,-0.002971,1.413342,-0.002971,3.126850,0
2026-07-02 15:47:32.016901,1.905064,3.121669,1.415299,-0.002971,1.413342,-0.002971,3.121669,0
2026-07-02 15:47:32.019624,1.907374,3.126850,1.415299,-0.002971,1.413342,-0.002971,3.126850,0
2026-07-02 15:47:32.022590,1.909749,3.132032,1.415299,-0.002971,1.413342,-0.002971,3.132032,0
2026-07-02 15:47:32.023467,1.912226,3.121669,1.415299,-0.002971,1.413342,-0.002971,3.121669,0
2026-07-02 15:47:32.027628,1.914933,3.126850,1.415299,-0.002971,1.418524,-0.002971,3.126850,0
2026-07-02 15:47:32.028804,1.917254,3.126850,1.415299,-0.002971,1.413342,-0.002971,3.126850,0
2026-07-02 15:47:32.031339,1.919594,3.116488,1.415299,-0.002971,1.413342,-0.002971,3.116488,0
2026-07-02 15:47:32.036195,1.921972,3.121669,1.410120,-0.002971,1.418524,-0.002971,3.121669,0
2026-07-02 15:47:32.037957,1.925533,3.116488,1.415299,-0.002971,1.413342,-0.002971,3.116488,0
2026-07-02 15:47:32.039452,1.927913,3.121669,1.415299,-0.002971,1.418524,-0.002971,3.121669,0
2026-07-02 15:47:32.043407,1.930254,3.121669,1.415299,-0.002971,1.418524,-0.002971,3.121669,0
2026-07-02 15:47:32.045931,1.933703,3.121669,1.415299,-0.002971,1.413342,-0.002971,3.121669,0
2026-07-02 15:47:32.048204,1.936016,3.126850,1.415299,-0.008152,1.418524,-0.008152,3.126850,0
2026-07-02 15:47:32.050889,1.938366,3.132032,1.415299,-0.002971,1.413342,-0.002971,3.132032,0
2026-07-02 15:47:32.052987,1.940702,3.126850,1.415299,-0.008152,1.418524,-0.008152,3.126850,0
2026-07-02 15:47:32.054617,1.943036,3.126850,1.415299,-0.002971,1.418524,-0.002971,3.126850,0
2026-07-02 15:47:32.063688,1.945331,3.121669,1.415299,-0.002971,1.413342,-0.002971,3.121669,0
2026-07-02 15:47:32.065701,1.953918,3.126850,1.415299,-0.002971,1.418524,-0.002971,3.126850,0
2026-07-02 15:47:32.068223,1.956626,3.121669,1.410120,-0.002971,1.418524,-0.002971,3.121669,0
2026-07-02 15:47:32.070586,1.958990,3.132032,1.415299,-0.008152,1.418524,-0.008152,3.132032,0
2026-07-02 15:47:32.072823,1.961259,3.126850,1.415299,-0.002971,1.418524,-0.002971,3.126850,0
2026-07-02 15:47:32.076306,1.963748,3.121669,1.415299,-0.008152,1.413342,-0.008152,3.121669,0
2026-07-02 15:47:32.078058,1.966256,3.132032,1.415299,-0.002971,1.418524,-0.002971,3.132032,0
2026-07-02 15:47:32.078058,1.968662,3.126850,1.415299,-0.008152,1.413342,-0.008152,3.126850,0
2026-07-02 15:47:32.078058,1.971067,3.121669,1.415299,-0.008152,1.413342,-0.008152,3.121669,0
2026-07-02 15:47:32.078058,1.973474,3.126850,1.415299,-0.002971,1.413342,-0.002971,3.126850,0
2026-07-02 15:47:32.088295,1.975886,3.126850,1.415299,-0.002971,1.418524,-0.002971,3.126850,0
2026-07-02 15:47:32.088295,1.978298,3.126850,1.415299,-0.002971,1.418524,-0.002971,3.126850,0
2026-07-02 15:47:32.088295,1.980665,3.126850,1.415299,-0.008152,1.413342,-0.008152,3.126850,0
2026-07-02 15:47:32.088295,1.983118,3.132032,1.415299,-0.002971,1.418524,-0.002971,3.132032,0
2026-07-02 15:47:32.098408,1.985509,3.126850,1.415299,-0.002971,1.413342,-0.002971,3.126850,0
2026-07-02 15:47:32.098408,1.987800,3.126850,1.415299,-0.002971,1.413342,-0.002971,3.126850,0
2026-07-02 15:47:32.098408,1.990127,3.121669,1.415299,-0.008152,1.413342,-0.008152,3.121669,0
2026-07-02 15:47:32.098408,1.992639,3.126850,1.415299,-0.002971,1.413342,-0.002971,3.126850,0
2026-07-02 15:47:32.108594,1.995189,3.126850,1.415299,-0.008152,1.413342,-0.008152,3.126850,0
2026-07-02 15:47:32.110619,1.998418,3.126850,1.415299,-0.002971,1.413342,-0.002971,3.126850,0
2026-07-02 15:47:32.114308,2.001335,3.121669,1.415299,-0.002971,1.418524,-0.002971,3.121669,0
2026-07-02 15:47:32.116826,2.003945,3.126850,1.415299,-0.002971,1.413342,-0.002971,3.126850,0
2026-07-02 15:47:32.118975,2.006240,3.132032,1.415299,-0.002971,1.418524,-0.002971,3.132032,0
2026-07-02 15:47:32.120686,2.008504,3.126850,1.415299,-0.002971,1.413342,-0.002971,3.126850,0
2026-07-02 15:47:32.123235,2.010827,3.121669,1.415299,-0.002971,1.418524,-0.002971,3.121669,0
2026-07-02 15:47:32.126457,2.013228,3.126850,1.415299,-0.002971,1.413342,-0.002971,3.126850,0
2026-07-02 15:47:32.127928,2.015717,3.126850,1.415299,-0.002971,1.418524,-0.002971,3.126850,0
2026-07-02 15:47:32.130739,2.018191,3.121669,1.415299,-0.002971,1.413342,-0.002971,3.121669,0
2026-07-02 15:47:32.131490,2.020468,3.121669,1.415299,-0.002971,1.418524,-0.002971,3.121669,0
2026-07-02 15:47:32.136080,2.022770,3.126850,1.415299,-0.002971,1.413342,-0.002971,3.126850,0
2026-07-02 15:47:32.137683,2.025363,3.116488,1.415299,-0.002971,1.418524,-0.002971,3.116488,0
2026-07-02 15:47:32.137683,2.027697,3.121669,1.415299,-0.002971,1.418524,-0.002971,3.121669,0
2026-07-02 15:47:32.141669,2.030114,3.126850,1.415299,-0.008152,1.413342,-0.008152,3.126850,0
2026-07-02 15:47:32.144309,2.032460,3.126850,1.415299,-0.002971,1.413342,-0.002971,3.126850,0
2026-07-02 15:47:32.146853,2.034869,3.121669,1.415299,-0.002971,1.418524,-0.002971,3.121669,0
2026-07-02 15:47:32.150199,2.037297,3.126850,1.415299,-0.002971,1.418524,-0.002971,3.126850,0
2026-07-02 15:47:32.152010,2.039771,3.121669,1.415299,-0.002971,1.418524,-0.002971,3.121669,0
2026-07-02 15:47:32.153523,2.042166,3.121669,1.415299,-0.002971,1.413342,-0.002971,3.121669,0
2026-07-02 15:47:32.153523,2.044576,3.132032,1.415299,-0.002971,1.413342,-0.002971,3.132032,0
2026-07-02 15:47:32.158519,2.046853,3.121669,1.415299,-0.002971,1.413342,-0.002971,3.121669,0
2026-07-02 15:47:32.160275,2.049253,3.132032,1.415299,-0.008152,1.418524,-0.008152,3.132032,0
2026-07-02 15:47:32.164459,2.051649,3.126850,1.415299,-0.008152,1.418524,-0.008152,3.126850,0
2026-07-02 15:47:32.166475,2.054127,3.126850,1.415299,-0.008152,1.418524,-0.008152,3.126850,0
2026-07-02 15:47:32.168989,2.056536,3.126850,1.415299,-0.008152,1.418524,-0.008152,3.126850,0
2026-07-02 15:47:32.170744,2.058956,3.121669,1.415299,-0.002971,1.413342,-0.002971,3.121669,0
2026-07-02 15:47:32.170744,2.061401,3.121669,1.415299,-0.002971,1.413342,-0.002971,3.121669,0
2026-07-02 15:47:32.170744,2.063766,3.132032,1.415299,-0.008152,1.418524,-0.008152,3.132032,0
2026-07-02 15:47:32.170744,2.066197,3.126850,1.415299,-0.002971,1.413342,-0.002971,3.126850,0
2026-07-02 15:47:32.180936,2.068627,3.126850,1.415299,-0.002971,1.418524,-0.002971,3.126850,0
2026-07-02 15:47:32.180936,2.071041,3.126850,1.415299,-0.002971,1.418524,-0.002971,3.126850,0
2026-07-02 15:47:32.180936,2.073462,3.126850,1.415299,-0.008152,1.413342,-0.008152,3.126850,0
2026-07-02 15:47:32.180936,2.075912,3.116488,1.415299,-0.008152,1.413342,-0.008152,3.116488,0
2026-07-02 15:47:32.191164,2.078351,3.126850,1.415299,-0.002971,1.418524,-0.002971,3.126850,0
2026-07-02 15:47:32.191164,2.081660,3.126850,1.415299,-0.002971,1.413342,-0.002971,3.126850,0
2026-07-02 15:47:32.197764,2.084030,3.126850,1.415299,-0.002971,1.413342,-0.002971,3.126850,0
2026-07-02 15:47:32.199967,2.087080,3.121669,1.415299,-0.002971,1.418524,-0.002971,3.121669,0
2026-07-02 15:47:32.202437,2.089480,3.126850,1.415299,-0.002971,1.418524,-0.002971,3.126850,0
2026-07-02 15:47:32.204680,2.091836,3.126850,1.415299,-0.002971,1.413342,-0.002971,3.126850,0
2026-07-02 15:47:32.205948,2.094247,3.126850,1.415299,-0.002971,1.413342,-0.002971,3.126850,0
2026-07-02 15:47:32.209823,2.096663,3.121669,1.415299,-0.002971,1.413342,-0.002971,3.121669,0
2026-07-02 15:47:32.210486,2.099186,3.116488,1.415299,-0.002971,1.418524,-0.002971,3.116488,0
2026-07-02 15:47:32.212779,2.101538,3.126850,1.415299,-0.002971,1.413342,-0.002971,3.126850,0
2026-07-02 15:47:32.217105,2.103967,3.126850,1.415299,-0.008152,1.418524,-0.008152,3.126850,0
2026-07-02 15:47:32.217686,2.106321,3.126850,1.415299,-0.002971,1.413342,-0.002971,3.126850,0
2026-07-02 15:47:32.221716,2.108747,3.126850,1.415299,-0.002971,1.413342,-0.002971,3.126850,0
2026-07-02 15:47:32.223734,2.111188,3.126850,1.415299,-0.002971,1.418524,-0.002971,3.126850,0
2026-07-02 15:47:32.225748,2.113678,3.126850,1.415299,-0.002971,1.413342,-0.002971,3.126850,0
2026-07-02 15:47:32.227755,2.116146,3.121669,1.415299,-0.002971,1.413342,-0.002971,3.121669,0
2026-07-02 15:47:32.230476,2.118555,3.126850,1.415299,-0.008152,1.418524,-0.008152,3.126850,0
2026-07-02 15:47:32.232490,2.120951,3.126850,1.415299,-0.002971,1.413342,-0.002971,3.126850,0
2026-07-02 15:47:32.236515,2.123358,3.126850,1.415299,-0.002971,1.418524,-0.002971,3.126850,0
2026-07-02 15:47:32.238528,2.125754,3.126850,1.415299,-0.002971,1.413342,-0.002971,3.126850,0
2026-07-02 15:47:32.240956,2.128216,3.126850,1.415299,-0.002971,1.413342,-0.002971,3.126850,0
2026-07-02 15:47:32.242051,2.130798,3.126850,1.415299,-0.008152,1.418524,-0.008152,3.126850,0
2026-07-02 15:47:32.246081,2.133185,3.126850,1.415299,-0.002971,1.418524,-0.002971,3.126850,0
2026-07-02 15:47:32.248096,2.135626,3.126850,1.415299,-0.002971,1.418524,-0.002971,3.126850,0
2026-07-02 15:47:32.250794,2.138041,3.121669,1.415299,-0.002971,1.418524,-0.002971,3.121669,0
2026-07-02 15:47:32.252809,2.140443,3.126850,1.415299,-0.008152,1.418524,-0.008152,3.126850,0
2026-07-02 15:47:32.254095,2.142865,3.116488,1.415299,-0.002971,1.413342,-0.002971,3.116488,0
2026-07-02 15:47:32.256730,2.145152,3.121669,1.415299,-0.002971,1.413342,-0.002971,3.121669,0
2026-07-02 15:47:32.263013,2.147904,3.132032,1.415299,-0.008152,1.413342,-0.008152,3.132032,0
2026-07-02 15:47:32.267032,2.153152,3.121669,1.415299,-0.002971,1.413342,-0.002971,3.121669,0
2026-07-02 15:47:32.269292,2.156430,3.121669,1.415299,-0.002971,1.418524,-0.002971,3.121669,0
2026-07-02 15:47:32.271099,2.158993,3.126850,1.415299,-0.002971,1.413342,-0.002971,3.126850,0
2026-07-02 15:47:32.273622,2.161409,3.132032,1.420479,-0.002971,1.413342,-0.002971,3.132032,0
2026-07-02 15:47:32.276825,2.163846,3.121669,1.415299,-0.002971,1.418524,-0.002971,3.121669,0
2026-07-02 15:47:32.277377,2.166102,3.126850,1.415299,-0.002971,1.418524,-0.002971,3.126850,0
2026-07-02 15:47:32.280404,2.168485,3.126850,1.415299,-0.002971,1.418524,-0.002971,3.126850,0
2026-07-02 15:47:32.282501,2.170933,3.126850,1.415299,-0.008152,1.413342,-0.008152,3.126850,0
2026-07-02 15:47:32.284423,2.173125,3.121669,1.415299,-0.008152,1.413342,-0.008152,3.121669,0
2026-07-02 15:47:32.286960,2.175406,3.126850,1.415299,-0.008152,1.413342,-0.008152,3.126850,0
2026-07-02 15:47:32.291453,2.177670,3.132032,1.420479,-0.008152,1.418524,-0.008152,3.132032,0
2026-07-02 15:47:32.294041,2.181133,3.126850,1.415299,-0.008152,1.413342,-0.008152,3.126850,0
2026-07-02 15:47:32.295487,2.183454,3.126850,1.415299,-0.002971,1.418524,-0.002971,3.126850,0
2026-07-02 15:47:32.298002,2.186332,3.121669,1.415299,-0.002971,1.413342,-0.002971,3.121669,0
2026-07-02 15:47:32.300009,2.188721,3.126850,1.415299,-0.008152,1.413342,-0.008152,3.126850,0
2026-07-02 15:47:32.302635,2.191001,3.121669,1.415299,-0.002971,1.413342,-0.002971,3.121669,0
2026-07-02 15:47:32.302635,2.193337,3.121669,1.415299,-0.002971,1.413342,-0.002971,3.121669,0
2026-07-02 15:47:32.309048,2.195638,3.132032,1.415299,-0.008152,1.413342,-0.008152,3.132032,0
2026-07-02 15:47:32.310269,2.198255,3.126850,1.415299,-0.002971,1.413342,-0.002971,3.126850,0
2026-07-02 15:47:32.312786,2.200593,3.116488,1.410120,-0.002971,1.413342,-0.002971,3.116488,0
2026-07-02 15:47:32.314800,2.202953,3.126850,1.415299,-0.002971,1.413342,-0.002971,3.126850,0
2026-07-02 15:47:32.317819,2.205405,3.126850,1.415299,-0.002971,1.413342,-0.002971,3.126850,0
2026-07-02 15:47:32.320575,2.207836,3.126850,1.415299,-0.002971,1.418524,-0.002971,3.126850,0
2026-07-02 15:47:32.325508,2.210236,3.126850,1.415299,-0.002971,1.413342,-0.002971,3.126850,0
2026-07-02 15:47:32.328050,2.214759,3.132032,1.415299,-0.008152,1.413342,-0.008152,3.132032,0
2026-07-02 15:47:32.330828,2.217809,3.121669,1.415299,-0.002971,1.413342,-0.002971,3.121669,0
2026-07-02 15:47:32.333358,2.220075,3.132032,1.415299,-0.008152,1.418524,-0.008152,3.132032,0
2026-07-02 15:47:32.334678,2.223393,3.132032,1.415299,-0.008152,1.418524,-0.008152,3.132032,0
2026-07-02 15:47:32.338578,2.225647,3.132032,1.415299,-0.008152,1.413342,-0.008152,3.132032,0
2026-07-02 15:47:32.340462,2.227907,3.126850,1.415299,-0.002971,1.413342,-0.002971,3.126850,0
2026-07-02 15:47:32.347716,2.230172,3.121669,1.410120,-0.002971,1.418524,-0.002971,3.121669,0
2026-07-02 15:47:32.358516,2.237028,3.126850,1.415299,-0.002971,1.418524,-0.002971,3.126850,0
2026-07-02 15:47:32.360875,2.248420,3.126850,1.415299,-0.002971,1.413342,-0.002971,3.126850,0
2026-07-02 15:47:32.362047,2.250820,3.126850,1.415299,-0.002971,1.413342,-0.002971,3.126850,0
2026-07-02 15:47:32.364841,2.253196,3.126850,1.415299,-0.002971,1.418524,-0.002971,3.126850,0
2026-07-02 15:47:32.367778,2.256538,3.121669,1.415299,-0.002971,1.418524,-0.002971,3.121669,0
2026-07-02 15:47:32.371806,2.258891,3.126850,1.415299,-0.008152,1.418524,-0.008152,3.126850,0
2026-07-02 15:47:32.372891,2.261217,3.126850,1.415299,-0.002971,1.418524,-0.002971,3.126850,0
2026-07-02 15:47:32.375945,2.263585,3.121669,1.415299,-0.002971,1.413342,-0.002971,3.121669,0
2026-07-02 15:47:32.378258,2.265922,3.116488,1.415299,-0.008152,1.418524,-0.008152,3.116488,0
2026-07-02 15:47:32.381842,2.268264,3.121669,1.415299,-0.002971,1.413342,-0.002971,3.121669,0
2026-07-02 15:47:32.386612,2.273033,3.116488,1.410120,-0.002971,1.413342,-0.002971,3.116488,0
2026-07-02 15:47:32.388462,2.276127,3.126850,1.415299,-0.008152,1.418524,-0.008152,3.126850,0
2026-07-02 15:47:32.390897,2.278405,3.121669,1.415299,-0.008152,1.413342,-0.008152,3.121669,0
2026-07-02 15:47:32.392959,2.281675,3.126850,1.415299,-0.008152,1.418524,-0.008152,3.126850,0
2026-07-02 15:47:32.395493,2.283955,3.126850,1.415299,-0.008152,1.418524,-0.008152,3.126850,0
2026-07-02 15:47:32.397644,2.286200,3.116488,1.415299,-0.002971,1.413342,-0.002971,3.116488,0
2026-07-02 15:47:32.403666,2.288449,3.116488,1.415299,-0.002971,1.413342,-0.002971,3.116488,0
2026-07-02 15:47:32.404511,2.292965,3.126850,1.415299,-0.002971,1.413342,-0.002971,3.126850,0
2026-07-02 15:47:32.407304,2.295160,3.132032,1.415299,-0.002971,1.413342,-0.002971,3.132032,0
2026-07-02 15:47:32.411833,2.297814,3.126850,1.415299,-0.002971,1.418524,-0.002971,3.126850,0
2026-07-02 15:47:32.415862,2.304285,3.121669,1.415299,-0.002971,1.413342,-0.002971,3.121669,0
2026-07-02 15:47:32.418110,2.306558,3.121669,1.415299,-0.002971,1.413342,-0.002971,3.121669,0
2026-07-02 15:47:32.422461,2.308746,3.126850,1.415299,-0.008152,1.413342,-0.008152,3.126850,0
2026-07-02 15:47:32.425017,2.313430,3.132032,1.415299,-0.002971,1.413342,-0.002971,3.132032,0
2026-07-02 15:47:32.427269,2.315706,3.121669,1.415299,-0.002971,1.418524,-0.002971,3.121669,0
2026-07-02 15:47:32.430918,2.317968,3.126850,1.415299,-0.002971,1.413342,-0.002971,3.126850,0
2026-07-02 15:47:32.433628,2.320336,3.126850,1.415299,-0.002971,1.418524,-0.002971,3.126850,0
2026-07-02 15:47:32.434457,2.323150,3.121669,1.415299,-0.002971,1.418524,-0.002971,3.121669,0
2026-07-02 15:47:32.438417,2.325526,3.121669,1.415299,-0.002971,1.413342,-0.002971,3.121669,0
2026-07-02 15:47:32.442152,2.327934,3.126850,1.415299,-0.002971,1.418524,-0.002971,3.126850,0
2026-07-02 15:47:32.446170,2.332260,3.121669,1.415299,-0.002971,1.413342,-0.002971,3.121669,0
2026-07-02 15:47:32.451486,2.335960,3.126850,1.415299,-0.002971,1.413342,-0.002971,3.126850,0
2026-07-02 15:47:32.453413,2.341479,3.132032,1.415299,-0.002971,1.418524,-0.002971,3.132032,0
2026-07-02 15:47:32.456061,2.343937,3.126850,1.415299,-0.002971,1.418524,-0.002971,3.126850,0
2026-07-02 15:47:32.458074,2.346312,3.126850,1.415299,-0.008152,1.418524,-0.008152,3.126850,0
2026-07-02 15:47:32.460738,2.348846,3.126850,1.415299,-0.002971,1.418524,-0.002971,3.126850,0
2026-07-02 15:47:32.464157,2.351194,3.116488,1.415299,-0.002971,1.418524,-0.002971,3.116488,0
2026-07-02 15:47:32.466173,2.353530,3.126850,1.415299,-0.002971,1.418524,-0.002971,3.126850,0
2026-07-02 15:47:32.470959,2.355912,3.126850,1.415299,-0.002971,1.418524,-0.002971,3.126850,0
2026-07-02 15:47:32.473940,2.360668,3.126850,1.415299,-0.002971,1.413342,-0.002971,3.126850,0
2026-07-02 15:47:32.473940,2.363273,3.121669,1.415299,-0.002971,1.413342,-0.002971,3.121669,0
2026-07-02 15:47:32.477725,2.365647,3.126850,1.415299,-0.002971,1.413342,-0.002971,3.126850,0
2026-07-02 15:47:32.480140,2.367921,3.126850,1.415299,-0.002971,1.413342,-0.002971,3.126850,0
2026-07-02 15:47:32.480140,2.370180,3.126850,1.415299,-0.002971,1.418524,-0.002971,3.126850,0
2026-07-02 15:47:32.480140,2.373071,3.121669,1.415299,-0.002971,1.413342,-0.002971,3.121669,0
2026-07-02 15:47:32.488170,2.375468,3.126850,1.415299,-0.002971,1.413342,-0.002971,3.126850,0
2026-07-02 15:47:32.490189,2.377846,3.126850,1.415299,-0.002971,1.413342,-0.002971,3.126850,0
2026-07-02 15:47:32.491453,2.380132,3.126850,1.415299,-0.002971,1.418524,-0.002971,3.126850,0
2026-07-02 15:47:32.491453,2.382347,3.121669,1.415299,-0.002971,1.418524,-0.002971,3.121669,0
2026-07-02 15:47:32.497585,2.384792,3.126850,1.415299,-0.002971,1.413342,-0.002971,3.126850,0
2026-07-02 15:47:32.500615,2.387175,3.126850,1.415299,-0.008152,1.413342,-0.008152,3.126850,0
2026-07-02 15:47:32.502627,2.390090,3.126850,1.415299,-0.002971,1.418524,-0.002971,3.126850,0
2026-07-02 15:47:32.502627,2.392341,3.126850,1.415299,-0.002971,1.413342,-0.002971,3.126850,0
2026-07-02 15:47:32.502627,2.394676,3.126850,1.415299,-0.008152,1.413342,-0.008152,3.126850,0
2026-07-02 15:47:32.502627,2.396997,3.121669,1.415299,-0.002971,1.413342,-0.002971,3.121669,0
2026-07-02 15:47:32.510972,2.399307,3.121669,1.415299,-0.002971,1.418524,-0.002971,3.121669,0
2026-07-02 15:47:32.514626,2.401570,3.121669,1.415299,-0.002971,1.413342,-0.002971,3.121669,0
2026-07-02 15:47:32.516407,2.403912,3.126850,1.415299,-0.008152,1.413342,-0.008152,3.126850,0
2026-07-02 15:47:32.517419,2.406529,3.126850,1.415299,-0.002971,1.413342,-0.002971,3.126850,0
2026-07-02 15:47:32.521028,2.408866,3.126850,1.415299,-0.002971,1.418524,-0.002971,3.126850,0
2026-07-02 15:47:32.521028,2.411192,3.121669,1.415299,-0.002971,1.418524,-0.002971,3.121669,0
2026-07-02 15:47:32.521028,2.413582,3.126850,1.415299,-0.008152,1.418524,-0.008152,3.126850,0
2026-07-02 15:47:32.521028,2.416009,3.121669,1.415299,-0.002971,1.418524,-0.002971,3.121669,0
2026-07-02 15:47:32.531200,2.418329,3.116488,1.415299,-0.002971,1.418524,-0.002971,3.116488,0
2026-07-02 15:47:32.531200,2.420686,3.121669,1.415299,-0.002971,1.418524,-0.002971,3.121669,0
2026-07-02 15:47:32.531200,2.423047,3.126850,1.415299,-0.002971,1.418524,-0.002971,3.126850,0
2026-07-02 15:47:32.531200,2.425420,3.121669,1.415299,-0.002971,1.413342,-0.002971,3.121669,0
2026-07-02 15:47:32.531200,2.427806,3.126850,1.415299,-0.002971,1.418524,-0.002971,3.126850,0
2026-07-02 15:47:32.543479,2.430227,3.126850,1.415299,-0.002971,1.413342,-0.002971,3.126850,0
2026-07-02 15:47:32.543479,2.432690,3.126850,1.415299,-0.002971,1.413342,-0.002971,3.126850,0
2026-07-02 15:47:32.543479,2.434981,3.126850,1.415299,-0.002971,1.413342,-0.002971,3.126850,0
2026-07-02 15:47:32.543479,2.437364,3.126850,1.415299,-0.008152,1.418524,-0.008152,3.126850,0
2026-07-02 15:47:32.552447,2.439849,3.121669,1.415299,-0.002971,1.413342,-0.002971,3.121669,0
2026-07-02 15:47:32.554460,2.442276,3.121669,1.415299,-0.002971,1.418524,-0.002971,3.121669,0
2026-07-02 15:47:32.564031,2.452664,3.121669,1.415299,-0.002971,1.418524,-0.002971,3.121669,0
2026-07-02 15:47:32.568057,2.455147,3.126850,1.415299,-0.002971,1.413342,-0.002971,3.126850,0
2026-07-02 15:47:32.570067,2.457433,3.126850,1.415299,-0.002971,1.418524,-0.002971,3.126850,0
2026-07-02 15:47:32.572089,2.460037,3.116488,1.415299,-0.002971,1.418524,-0.002971,3.116488,0
2026-07-02 15:47:32.574095,2.462469,3.126850,1.415299,-0.008152,1.413342,-0.008152,3.126850,0
2026-07-02 15:47:32.577638,2.464823,3.126850,1.415299,-0.002971,1.418524,-0.002971,3.126850,0
2026-07-02 15:47:32.579652,2.467071,3.132032,1.415299,-0.002971,1.413342,-0.002971,3.132032,0
2026-07-02 15:47:32.581669,2.469260,3.126850,1.415299,-0.002971,1.413342,-0.002971,3.126850,0
2026-07-02 15:47:32.583686,2.471600,3.121669,1.415299,-0.002971,1.413342,-0.002971,3.121669,0
2026-07-02 15:47:32.585704,2.473960,3.116488,1.415299,-0.002971,1.413342,-0.002971,3.116488,0
2026-07-02 15:47:32.587719,2.476173,3.126850,1.415299,-0.002971,1.418524,-0.002971,3.126850,0
2026-07-02 15:47:32.589735,2.478370,3.126850,1.415299,-0.002971,1.413342,-0.002971,3.126850,0
2026-07-02 15:47:32.591749,2.480641,3.126850,1.415299,-0.002971,1.413342,-0.002971,3.126850,0
2026-07-02 15:47:32.595780,2.482931,3.126850,1.415299,-0.002971,1.413342,-0.002971,3.126850,0
2026-07-02 15:47:32.597795,2.485242,3.121669,1.415299,-0.002971,1.413342,-0.002971,3.121669,0
2026-07-02 15:47:32.600327,2.487414,3.116488,1.415299,-0.002971,1.413342,-0.002971,3.116488,0
2026-07-02 15:47:32.602084,2.489635,3.126850,1.415299,-0.008152,1.413342,-0.008152,3.126850,0
2026-07-02 15:47:32.604098,2.491856,3.126850,1.415299,-0.002971,1.413342,-0.002971,3.126850,0
2026-07-02 15:47:32.606115,2.494073,3.126850,1.415299,-0.002971,1.413342,-0.002971,3.126850,0
2026-07-02 15:47:32.608131,2.496231,3.121669,1.415299,-0.002971,1.413342,-0.002971,3.121669,0
2026-07-02 15:47:32.610145,2.498480,3.121669,1.415299,-0.002971,1.418524,-0.002971,3.121669,0
2026-07-02 15:47:32.612157,2.500697,3.121669,1.415299,-0.002971,1.418524,-0.002971,3.121669,0
2026-07-02 15:47:32.614173,2.502902,3.126850,1.415299,-0.002971,1.413342,-0.002971,3.126850,0
2026-07-02 15:47:32.617699,2.505245,3.132032,1.415299,-0.002971,1.413342,-0.002971,3.132032,0
2026-07-02 15:47:32.619851,2.507664,3.121669,1.415299,-0.002971,1.413342,-0.002971,3.121669,0
2026-07-02 15:47:32.622733,2.510104,3.116488,1.415299,-0.002971,1.418524,-0.002971,3.116488,0
2026-07-02 15:47:32.623752,2.512387,3.116488,1.415299,-0.002971,1.413342,-0.002971,3.116488,0
2026-07-02 15:47:32.625990,2.514703,3.126850,1.415299,-0.002971,1.413342,-0.002971,3.126850,0
2026-07-02 15:47:32.628508,2.516932,3.132032,1.415299,-0.002971,1.413342,-0.002971,3.132032,0
2026-07-02 15:47:32.631020,2.519217,3.126850,1.415299,-0.002971,1.418524,-0.002971,3.126850,0
2026-07-02 15:47:32.633274,2.521471,3.126850,1.415299,-0.002971,1.418524,-0.002971,3.126850,0
2026-07-02 15:47:32.635457,2.523664,3.126850,1.415299,-0.002971,1.418524,-0.002971,3.126850,0
2026-07-02 15:47:32.638881,2.526039,3.126850,1.415299,-0.002971,1.413342,-0.002971,3.126850,0
2026-07-02 15:47:32.640000,2.528415,3.132032,1.415299,-0.008152,1.413342,-0.008152,3.132032,0
2026-07-02 15:47:32.643031,2.531287,3.121669,1.415299,-0.002971,1.413342,-0.002971,3.121669,0
2026-07-02 15:47:32.645400,2.533598,3.126850,1.415299,-0.008152,1.418524,-0.008152,3.126850,0
2026-07-02 15:47:32.645400,2.536040,3.121669,1.415299,-0.002971,1.413342,-0.002971,3.121669,0
2026-07-02 15:47:32.645400,2.538394,3.126850,1.415299,-0.002971,1.413342,-0.002971,3.126850,0
2026-07-02 15:47:32.653297,2.540750,3.132032,1.415299,-0.002971,1.413342,-0.002971,3.132032,0
2026-07-02 15:47:32.654738,2.543216,3.132032,1.415299,-0.008152,1.413342,-0.008152,3.132032,0
2026-07-02 15:47:32.657557,2.545538,3.126850,1.415299,-0.002971,1.418524,-0.002971,3.126850,0
2026-07-02 15:47:32.659570,2.548204,3.126850,1.415299,-0.002971,1.413342,-0.002971,3.126850,0
2026-07-02 15:47:32.662928,2.550557,3.126850,1.415299,-0.002971,1.418524,-0.002971,3.126850,0
2026-07-02 15:47:32.664234,2.552983,3.121669,1.415299,-0.002971,1.413342,-0.002971,3.121669,0
2026-07-02 15:47:32.668123,2.555307,3.116488,1.415299,-0.002971,1.413342,-0.002971,3.116488,0
2026-07-02 15:47:32.668123,2.557704,3.126850,1.415299,-0.002971,1.418524,-0.002971,3.126850,0
2026-07-02 15:47:32.672709,2.560014,3.116488,1.415299,-0.002971,1.418524,-0.002971,3.116488,0
2026-07-02 15:47:32.673599,2.562311,3.121669,1.415299,-0.002971,1.413342,-0.002971,3.121669,0
2026-07-02 15:47:32.673599,2.564628,3.116488,1.415299,-0.002971,1.418524,-0.002971,3.116488,0
2026-07-02 15:47:32.673599,2.566927,3.121669,1.415299,-0.002971,1.418524,-0.002971,3.121669,0
2026-07-02 15:47:32.681512,2.569215,3.126850,1.415299,-0.008152,1.413342,-0.008152,3.126850,0
2026-07-02 15:47:32.683923,2.571578,3.126850,1.415299,-0.008152,1.418524,-0.008152,3.126850,0
2026-07-02 15:47:32.685279,2.574015,3.121669,1.415299,-0.002971,1.413342,-0.002971,3.121669,0
2026-07-02 15:47:32.687287,2.576402,3.126850,1.415299,-0.002971,1.418524,-0.002971,3.126850,0
2026-07-02 15:47:32.691882,2.578740,3.116488,1.415299,-0.002971,1.418524,-0.002971,3.116488,0
2026-07-02 15:47:32.692952,2.581364,3.121669,1.415299,-0.002971,1.418524,-0.002971,3.121669,0
2026-07-02 15:47:32.695467,2.583656,3.126850,1.415299,-0.002971,1.418524,-0.002971,3.126850,0
2026-07-02 15:47:32.698074,2.585943,3.126850,1.415299,-0.002971,1.413342,-0.002971,3.126850,0
2026-07-02 15:47:32.700083,2.588324,3.126850,1.415299,-0.002971,1.418524,-0.002971,3.126850,0
2026-07-02 15:47:32.703590,2.590675,3.121669,1.415299,-0.002971,1.413342,-0.002971,3.121669,0
2026-07-02 15:47:32.704275,2.593007,3.116488,1.410120,-0.002971,1.413342,-0.002971,3.116488,0
2026-07-02 15:47:32.708857,2.595260,3.132032,1.415299,-0.008152,1.413342,-0.008152,3.132032,0
2026-07-02 15:47:32.709398,2.598110,3.126850,1.415299,-0.002971,1.418524,-0.002971,3.126850,0
2026-07-02 15:47:32.712577,2.600349,3.116488,1.415299,-0.002971,1.413342,-0.002971,3.116488,0
2026-07-02 15:47:32.713929,2.602651,3.126850,1.415299,-0.002971,1.413342,-0.002971,3.126850,0
2026-07-02 15:47:32.717705,2.604952,3.121669,1.415299,-0.002971,1.418524,-0.002971,3.121669,0
2026-07-02 15:47:32.718491,2.607204,3.126850,1.415299,-0.002971,1.418524,-0.002971,3.126850,0
2026-07-02 15:47:32.722131,2.609490,3.121669,1.415299,-0.002971,1.418524,-0.002971,3.121669,0
2026-07-02 15:47:32.728127,2.611813,3.126850,1.415299,-0.008152,1.418524,-0.008152,3.126850,0
2026-07-02 15:47:32.731125,2.617440,3.126850,1.415299,-0.008152,1.413342,-0.008152,3.126850,0
2026-07-02 15:47:32.732402,2.620608,3.126850,1.415299,-0.002971,1.418524,-0.002971,3.126850,0
2026-07-02 15:47:32.735707,2.623395,3.126850,1.415299,-0.002971,1.413342,-0.002971,3.126850,0
2026-07-02 15:47:32.737718,2.625601,3.126850,1.415299,-0.002971,1.413342,-0.002971,3.126850,0
2026-07-02 15:47:32.737718,2.627848,3.126850,1.415299,-0.002971,1.413342,-0.002971,3.126850,0
2026-07-02 15:47:32.742868,2.630264,3.132032,1.415299,-0.008152,1.413342,-0.008152,3.132032,0
2026-07-02 15:47:32.743848,2.632632,3.126850,1.415299,-0.002971,1.413342,-0.002971,3.126850,0
2026-07-02 15:47:32.745854,2.634883,3.116488,1.415299,-0.002971,1.413342,-0.002971,3.116488,0
2026-07-02 15:47:32.750193,2.637159,3.132032,1.415299,-0.002971,1.413342,-0.002971,3.132032,0
2026-07-02 15:47:32.752324,2.639442,3.126850,1.415299,-0.002971,1.413342,-0.002971,3.126850,0
2026-07-02 15:47:32.753231,2.641907,3.126850,1.415299,-0.002971,1.413342,-0.002971,3.126850,0
2026-07-02 15:47:32.755740,2.644156,3.126850,1.415299,-0.002971,1.418524,-0.002971,3.126850,0
2026-07-02 15:47:32.757926,2.646386,3.121669,1.415299,-0.002971,1.413342,-0.002971,3.121669,0
2026-07-02 15:47:32.760162,2.648605,3.126850,1.415299,-0.002971,1.413342,-0.002971,3.126850,0
2026-07-02 15:47:32.762678,2.650850,3.126850,1.415299,-0.008152,1.418524,-0.008152,3.126850,0
2026-07-02 15:47:32.764739,2.653170,3.121669,1.415299,-0.002971,1.413342,-0.002971,3.121669,0
2026-07-02 15:47:32.767394,2.655445,3.116488,1.415299,-0.002971,1.418524,-0.002971,3.116488,0
2026-07-02 15:47:32.769400,2.657688,3.126850,1.415299,-0.002971,1.413342,-0.002971,3.126850,0
2026-07-02 15:47:32.774516,2.659958,3.126850,1.415299,-0.002971,1.413342,-0.002971,3.126850,0
2026-07-02 15:47:32.775928,2.664437,3.116488,1.415299,-0.002971,1.413342,-0.002971,3.116488,0
2026-07-02 15:47:32.778439,2.666737,3.126850,1.415299,-0.008152,1.413342,-0.008152,3.126850,0
2026-07-02 15:47:32.780713,2.669081,3.126850,1.415299,-0.002971,1.418524,-0.002971,3.126850,0
2026-07-02 15:47:32.783234,2.671373,3.126850,1.415299,-0.002971,1.413342,-0.002971,3.126850,0
2026-07-02 15:47:32.785241,2.673661,3.121669,1.415299,-0.002971,1.418524,-0.002971,3.121669,0
2026-07-02 15:47:32.787247,2.675836,3.126850,1.415299,-0.002971,1.413342,-0.002971,3.126850,0
2026-07-02 15:47:32.789252,2.678004,3.126850,1.415299,-0.002971,1.418524,-0.002971,3.126850,0
2026-07-02 15:47:32.792590,2.680156,3.126850,1.415299,-0.008152,1.418524,-0.008152,3.126850,0
2026-07-02 15:47:32.794497,2.682370,3.126850,1.415299,-0.002971,1.413342,-0.002971,3.126850,0
2026-07-02 15:47:32.797010,2.684673,3.126850,1.415299,-0.008152,1.413342,-0.008152,3.126850,0
2026-07-02 15:47:32.798719,2.686917,3.126850,1.415299,-0.002971,1.413342,-0.002971,3.126850,0
2026-07-02 15:47:32.800726,2.689100,3.126850,1.415299,-0.002971,1.418524,-0.002971,3.126850,0
2026-07-02 15:47:32.804755,2.691388,3.126850,1.415299,-0.002971,1.413342,-0.002971,3.126850,0
2026-07-02 15:47:32.806773,2.694069,3.116488,1.415299,-0.002971,1.418524,-0.002971,3.116488,0
2026-07-02 15:47:32.808391,2.696374,3.126850,1.415299,-0.002971,1.413342,-0.002971,3.126850,0
2026-07-02 15:47:32.808391,2.698672,3.126850,1.415299,-0.002971,1.418524,-0.002971,3.126850,0
2026-07-02 15:47:32.812776,2.700936,3.126850,1.415299,-0.002971,1.413342,-0.002971,3.126850,0
2026-07-02 15:47:32.812776,2.703179,3.121669,1.415299,-0.002971,1.413342,-0.002971,3.121669,0
2026-07-02 15:47:32.817817,2.706196,3.126850,1.415299,-0.002971,1.413342,-0.002971,3.126850,0
2026-07-02 15:47:32.817817,2.708457,3.121669,1.415299,-0.002971,1.418524,-0.002971,3.121669,0
2026-07-02 15:47:32.823849,2.710800,3.121669,1.415299,-0.002971,1.413342,-0.002971,3.121669,0
2026-07-02 15:47:32.823849,2.713105,3.126850,1.415299,-0.008152,1.413342,-0.008152,3.126850,0
2026-07-02 15:47:32.823849,2.715486,3.132032,1.415299,-0.002971,1.418524,-0.002971,3.132032,0
2026-07-02 15:47:32.823849,2.717905,3.116488,1.415299,-0.002971,1.418524,-0.002971,3.116488,0
2026-07-02 15:47:32.823849,2.720229,3.132032,1.415299,-0.002971,1.413342,-0.002971,3.132032,0
2026-07-02 15:47:32.834145,2.722523,3.126850,1.415299,-0.002971,1.413342,-0.002971,3.126850,0
2026-07-02 15:47:32.838173,2.725093,3.126850,1.415299,-0.002971,1.413342,-0.002971,3.126850,0
2026-07-02 15:47:32.840184,2.727501,3.121669,1.415299,-0.002971,1.413342,-0.002971,3.121669,0
2026-07-02 15:47:32.840184,2.729903,3.132032,1.415299,-0.002971,1.413342,-0.002971,3.132032,0
2026-07-02 15:47:32.843531,2.732316,3.132032,1.415299,-0.002971,1.418524,-0.002971,3.132032,0
2026-07-02 15:47:32.843531,2.734749,3.126850,1.415299,-0.002971,1.418524,-0.002971,3.126850,0
2026-07-02 15:47:32.843531,2.737177,3.121669,1.415299,-0.008152,1.418524,-0.008152,3.121669,0
2026-07-02 15:47:32.843531,2.739600,3.126850,1.415299,-0.008152,1.418524,-0.008152,3.126850,0
2026-07-02 15:47:32.855833,2.742022,3.126850,1.415299,-0.008152,1.413342,-0.008152,3.126850,0
2026-07-02 15:47:32.859092,2.745070,3.126850,1.415299,-0.008152,1.413342,-0.008152,3.126850,0
2026-07-02 15:47:32.861111,2.748835,3.121669,1.415299,-0.002971,1.413342,-0.002971,3.121669,0
2026-07-02 15:47:32.864348,2.751413,3.132032,1.415299,-0.002971,1.418524,-0.002971,3.132032,0
2026-07-02 15:47:32.864348,2.753941,3.126850,1.415299,-0.008152,1.418524,-0.008152,3.126850,0
2026-07-02 15:47:32.864348,2.756484,3.126850,1.415299,-0.008152,1.413342,-0.008152,3.126850,0
2026-07-02 15:47:32.872118,2.759101,3.132032,1.415299,-0.008152,1.418524,-0.008152,3.132032,0
2026-07-02 15:47:32.874666,2.761772,3.116488,1.415299,-0.002971,1.413342,-0.002971,3.116488,0
2026-07-02 15:47:32.876961,2.764562,3.126850,1.415299,-0.002971,1.413342,-0.002971,3.126850,0
2026-07-02 15:47:32.876961,2.767066,3.126850,1.415299,-0.008152,1.413342,-0.008152,3.126850,0
2026-07-02 15:47:32.876961,2.769646,3.126850,1.415299,-0.002971,1.413342,-0.002971,3.126850,0
2026-07-02 15:47:32.888220,2.772697,3.132032,1.415299,-0.008152,1.413342,-0.008152,3.132032,0
2026-07-02 15:47:32.892633,2.777483,3.132032,1.415299,-0.008152,1.418524,-0.008152,3.132032,0
2026-07-02 15:47:32.904043,2.785298,3.126850,1.415299,-0.008152,1.413342,-0.008152,3.126850,0
2026-07-02 15:47:32.909742,2.793319,3.126850,1.415299,-0.002971,1.413342,-0.002971,3.126850,0
2026-07-02 15:47:32.911252,2.799650,3.126850,1.415299,-0.008152,1.418524,-0.008152,3.126850,0
2026-07-02 15:47:32.915223,2.803823,3.126850,1.415299,-0.002971,1.413342,-0.002971,3.126850,0
2026-07-02 15:47:32.917728,2.806485,3.126850,1.415299,-0.002971,1.413342,-0.002971,3.126850,0
2026-07-02 15:47:32.917728,2.808879,3.121669,1.415299,-0.002971,1.418524,-0.002971,3.121669,0
2026-07-02 15:47:32.917728,2.811319,3.126850,1.415299,-0.008152,1.413342,-0.008152,3.126850,0
2026-07-02 15:47:32.925246,2.813946,3.121669,1.415299,-0.002971,1.413342,-0.002971,3.121669,0
2026-07-02 15:47:32.925246,2.816389,3.121669,1.415299,-0.002971,1.413342,-0.002971,3.121669,0
2026-07-02 15:47:32.925246,2.818814,3.126850,1.415299,-0.002971,1.413342,-0.002971,3.126850,0
2026-07-02 15:47:32.925246,2.821211,3.126850,1.415299,-0.002971,1.413342,-0.002971,3.126850,0
2026-07-02 15:47:32.935301,2.823569,3.121669,1.415299,-0.002971,1.413342,-0.002971,3.121669,0
2026-07-02 15:47:32.935301,2.825974,3.121669,1.415299,-0.002971,1.418524,-0.002971,3.121669,0
2026-07-02 15:47:32.935301,2.828376,3.132032,1.415299,-0.008152,1.413342,-0.008152,3.132032,0
2026-07-02 15:47:32.935301,2.831156,3.126850,1.415299,-0.008152,1.413342,-0.008152,3.126850,0
2026-07-02 15:47:32.947349,2.833570,3.126850,1.415299,-0.002971,1.418524,-0.002971,3.126850,0
2026-07-02 15:47:32.948237,2.837025,3.121669,1.415299,-0.002971,1.413342,-0.002971,3.121669,0
2026-07-02 15:47:32.948237,2.839594,3.121669,1.415299,-0.002971,1.413342,-0.002971,3.121669,0
2026-07-02 15:47:32.948237,2.842194,3.121669,1.415299,-0.002971,1.413342,-0.002971,3.121669,0
2026-07-02 15:47:32.960033,2.845533,3.126850,1.415299,-0.002971,1.418524,-0.002971,3.126850,0
2026-07-02 15:47:32.960033,2.849650,3.116488,1.410120,-0.002971,1.413342,-0.002971,3.116488,0
2026-07-02 15:47:32.960033,2.852386,3.126850,1.415299,-0.008152,1.418524,-0.008152,3.126850,0
2026-07-02 15:47:32.967984,2.856032,3.121669,1.415299,-0.002971,1.413342,-0.002971,3.121669,0
2026-07-02 15:47:32.970535,2.858627,3.132032,1.415299,-0.002971,1.418524,-0.002971,3.132032,0
2026-07-02 15:47:32.973814,2.861213,3.126850,1.415299,-0.002971,1.413342,-0.002971,3.126850,0
2026-07-02 15:47:32.978055,2.864423,3.121669,1.415299,-0.002971,1.413342,-0.002971,3.121669,0
2026-07-02 15:47:32.982224,2.867449,3.126850,1.415299,-0.002971,1.413342,-0.002971,3.126850,0
2026-07-02 15:47:32.986505,2.872945,3.126850,1.415299,-0.002971,1.413342,-0.002971,3.126850,0
2026-07-02 15:47:32.989827,2.876940,3.126850,1.415299,-0.008152,1.418524,-0.008152,3.126850,0
2026-07-02 15:47:32.989827,2.879628,3.126850,1.415299,-0.002971,1.413342,-0.002971,3.126850,0
2026-07-02 15:47:32.989827,2.882349,3.121669,1.415299,-0.002971,1.418524,-0.002971,3.121669,0
2026-07-02 15:47:33.001068,2.885071,3.132032,1.415299,-0.002971,1.413342,-0.002971,3.132032,0
2026-07-02 15:47:33.004267,2.892248,3.132032,1.415299,-0.008152,1.413342,-0.008152,3.132032,0
2026-07-02 15:47:33.013168,2.894953,3.126850,1.415299,-0.002971,1.413342,-0.002971,3.126850,0
2026-07-02 15:47:33.016390,2.902771,3.121669,1.415299,-0.002971,1.418524,-0.002971,3.121669,0
2026-07-02 15:47:33.017781,2.905727,3.126850,1.415299,-0.008152,1.413342,-0.008152,3.126850,0
2026-07-02 15:47:33.021592,2.908395,3.132032,1.415299,-0.002971,1.413342,-0.002971,3.132032,0
2026-07-02 15:47:33.023237,2.911091,3.121669,1.415299,-0.002971,1.413342,-0.002971,3.121669,0
2026-07-02 15:47:33.028273,2.914793,3.126850,1.415299,-0.002971,1.413342,-0.002971,3.126850,0
2026-07-02 15:47:33.029488,2.917917,3.126850,1.415299,-0.002971,1.418524,-0.002971,3.126850,0
2026-07-02 15:47:33.031508,2.920530,3.126850,1.415299,-0.002971,1.413342,-0.002971,3.126850,0
2026-07-02 15:47:33.031508,2.923291,3.132032,1.415299,-0.002971,1.413342,-0.002971,3.132032,0
2026-07-02 15:47:33.058854,2.926025,3.126850,1.415299,-0.002971,1.413342,-0.002971,3.126850,0
2026-07-02 15:47:33.061763,2.949172,3.126850,1.415299,-0.002971,1.418524,-0.002971,3.126850,0
2026-07-02 15:47:33.064158,2.952065,3.126850,1.415299,-0.002971,1.413342,-0.002971,3.126850,0
2026-07-02 15:47:33.066177,2.954593,3.126850,1.415299,-0.002971,1.413342,-0.002971,3.126850,0
2026-07-02 15:47:33.069200,2.957037,3.116488,1.415299,-0.008152,1.413342,-0.008152,3.116488,0
2026-07-02 15:47:33.069200,2.959465,3.116488,1.415299,-0.002971,1.413342,-0.002971,3.116488,0
2026-07-02 15:47:33.074224,2.961903,3.121669,1.415299,-0.002971,1.413342,-0.002971,3.121669,0
2026-07-02 15:47:33.074224,2.964229,3.126850,1.415299,-0.002971,1.418524,-0.002971,3.126850,0
2026-07-02 15:47:33.079521,2.966705,3.116488,1.415299,-0.002971,1.413342,-0.002971,3.116488,0
2026-07-02 15:47:33.081533,2.969062,3.132032,1.415299,-0.002971,1.413342,-0.002971,3.132032,0
2026-07-02 15:47:33.083549,2.971513,3.121669,1.415299,-0.002971,1.413342,-0.002971,3.121669,0
2026-07-02 15:47:33.085562,2.973947,3.126850,1.415299,-0.008152,1.418524,-0.008152,3.126850,0
2026-07-02 15:47:33.089593,2.976374,3.126850,1.415299,-0.008152,1.413342,-0.008152,3.126850,0
2026-07-02 15:47:33.089593,2.978887,3.121669,1.415299,-0.002971,1.413342,-0.002971,3.121669,0
2026-07-02 15:47:33.089593,2.981234,3.126850,1.415299,-0.002971,1.413342,-0.002971,3.126850,0
2026-07-02 15:47:33.089593,2.983665,3.121669,1.415299,-0.002971,1.418524,-0.002971,3.121669,0
2026-07-02 15:47:33.089593,2.986069,3.126850,1.415299,-0.002971,1.413342,-0.002971,3.126850,0
2026-07-02 15:47:33.102234,2.988470,3.126850,1.415299,-0.002971,1.413342,-0.002971,3.126850,0
2026-07-02 15:47:33.105556,2.991508,3.126850,1.415299,-0.002971,1.413342,-0.002971,3.126850,0
2026-07-02 15:47:33.105556,2.995379,3.121669,1.415299,-0.002971,1.418524,-0.002971,3.121669,0
2026-07-02 15:47:33.110808,2.998115,3.126850,1.415299,-0.002971,1.413342,-0.002971,3.126850,0
2026-07-02 15:47:33.110808,3.000659,3.121669,1.415299,-0.002971,1.418524,-0.002971,3.121669,0
2026-07-02 15:47:33.110808,3.003250,3.126850,1.415299,-0.002971,1.418524,-0.002971,3.126850,0
2026-07-02 15:47:33.117786,3.006069,3.126850,1.415299,-0.002971,1.418524,-0.002971,3.126850,0
2026-07-02 15:47:33.127862,3.008662,3.116488,1.415299,-0.002971,1.418524,-0.002971,3.116488,0
2026-07-02 15:47:33.132028,3.017115,3.132032,1.415299,-0.002971,1.418524,-0.002971,3.132032,0
2026-07-02 15:47:33.138946,3.021378,3.121669,1.415299,-0.002971,1.418524,-0.002971,3.121669,0
2026-07-02 15:47:33.144828,3.028198,3.121669,1.415299,-0.008152,1.413342,-0.008152,3.121669,0
2026-07-02 15:47:33.146752,3.034078,3.126850,1.415299,-0.002971,1.413342,-0.002971,3.126850,0
2026-07-02 15:47:33.150513,3.036720,3.121669,1.415299,-0.002971,1.413342,-0.002971,3.121669,0
2026-07-02 15:47:33.151999,3.040017,3.126850,1.415299,-0.002971,1.418524,-0.002971,3.126850,0
2026-07-02 15:47:33.154014,3.042562,3.126850,1.415299,-0.008152,1.418524,-0.008152,3.126850,0
2026-07-02 15:47:33.154014,3.044985,3.126850,1.415299,-0.002971,1.413342,-0.002971,3.126850,0
2026-07-02 15:47:33.160914,3.047917,3.121669,1.415299,-0.002971,1.413342,-0.002971,3.121669,0
2026-07-02 15:47:33.160914,3.050772,3.126850,1.415299,-0.002971,1.413342,-0.002971,3.126850,0
2026-07-02 15:47:33.160914,3.053153,3.126850,1.415299,-0.002971,1.413342,-0.002971,3.126850,0
2026-07-02 15:47:33.160914,3.055576,3.132032,1.415299,-0.002971,1.413342,-0.002971,3.132032,0
2026-07-02 15:47:33.171048,3.058118,3.126850,1.415299,-0.002971,1.418524,-0.002971,3.126850,0
2026-07-02 15:47:33.171048,3.060598,3.126850,1.415299,-0.002971,1.413342,-0.002971,3.126850,0
2026-07-02 15:47:33.174600,3.062971,3.126850,1.415299,-0.008152,1.413342,-0.008152,3.126850,0
2026-07-02 15:47:33.174600,3.065416,3.132032,1.415299,-0.002971,1.418524,-0.002971,3.132032,0
2026-07-02 15:47:33.174600,3.067856,3.121669,1.415299,-0.002971,1.413342,-0.002971,3.121669,0
2026-07-02 15:47:33.181118,3.070167,3.126850,1.415299,-0.008152,1.413342,-0.008152,3.126850,0
2026-07-02 15:47:33.181118,3.072875,3.126850,1.415299,-0.002971,1.413342,-0.002971,3.126850,0
2026-07-02 15:47:33.181118,3.075383,3.126850,1.415299,-0.002971,1.418524,-0.002971,3.126850,0
2026-07-02 15:47:33.181118,3.077787,3.126850,1.415299,-0.002971,1.413342,-0.002971,3.126850,0
2026-07-02 15:47:33.194426,3.080151,3.126850,1.415299,-0.002971,1.413342,-0.002971,3.126850,0
2026-07-02 15:47:33.205508,3.083792,3.126850,1.415299,-0.002971,1.413342,-0.002971,3.126850,0
2026-07-02 15:47:33.209745,3.096771,3.126850,1.415299,-0.002971,1.418524,-0.002971,3.126850,0
2026-07-02 15:47:33.211881,3.099507,3.126850,1.415299,-0.008152,1.418524,-0.008152,3.126850,0
2026-07-02 15:47:33.213904,3.102142,3.132032,1.415299,-0.008152,1.418524,-0.008152,3.132032,0
2026-07-02 15:47:33.217976,3.104795,3.126850,1.415299,-0.002971,1.413342,-0.002971,3.126850,0
2026-07-02 15:47:33.218991,3.107422,3.126850,1.415299,-0.002971,1.413342,-0.002971,3.126850,0
2026-07-02 15:47:33.222538,3.110053,3.126850,1.415299,-0.002971,1.413342,-0.002971,3.126850,0
2026-07-02 15:47:33.226019,3.113140,3.121669,1.415299,-0.002971,1.418524,-0.002971,3.121669,0
2026-07-02 15:47:33.229081,3.115740,3.126850,1.415299,-0.002971,1.413342,-0.002971,3.126850,0
2026-07-02 15:47:33.234293,3.118391,3.121669,1.415299,-0.002971,1.418524,-0.002971,3.121669,0
2026-07-02 15:47:33.239202,3.125548,3.121669,1.415299,-0.002971,1.413342,-0.002971,3.121669,0
2026-07-02 15:47:33.241437,3.128473,3.126850,1.415299,-0.002971,1.418524,-0.002971,3.126850,0
2026-07-02 15:47:33.243449,3.131872,3.126850,1.415299,-0.008152,1.413342,-0.008152,3.126850,0
2026-07-02 15:47:33.246379,3.134452,3.121669,1.415299,-0.002971,1.413342,-0.002971,3.121669,0
2026-07-02 15:47:33.248989,3.137033,3.132032,1.415299,-0.008152,1.413342,-0.008152,3.132032,0
2026-07-02 15:47:33.252440,3.139880,3.121669,1.415299,-0.002971,1.418524,-0.002971,3.121669,0
2026-07-02 15:47:33.254934,3.142468,3.126850,1.415299,-0.002971,1.418524,-0.002971,3.126850,0
2026-07-02 15:47:33.257487,3.145035,3.132032,1.415299,-0.008152,1.418524,-0.008152,3.132032,0
2026-07-02 15:47:33.261309,3.148061,3.132032,1.415299,-0.002971,1.418524,-0.002971,3.132032,0
2026-07-02 15:47:33.263324,3.150848,3.132032,1.415299,-0.008152,1.418524,-0.008152,3.132032,0
2026-07-02 15:47:33.265341,3.153393,3.126850,1.415299,-0.002971,1.418524,-0.002971,3.126850,0
2026-07-02 15:47:33.269664,3.156425,3.126850,1.415299,-0.002971,1.418524,-0.002971,3.126850,0
2026-07-02 15:47:33.270966,3.159040,3.126850,1.415299,-0.002971,1.413342,-0.002971,3.126850,0
2026-07-02 15:47:33.275260,3.161715,3.126850,1.415299,-0.008152,1.418524,-0.008152,3.126850,0
2026-07-02 15:47:33.277855,3.164899,3.121669,1.415299,-0.002971,1.413342,-0.002971,3.121669,0
2026-07-02 15:47:33.281037,3.167692,3.121669,1.415299,-0.002971,1.418524,-0.002971,3.121669,0
2026-07-02 15:47:33.282251,3.170289,3.126850,1.415299,-0.002971,1.418524,-0.002971,3.126850,0
2026-07-02 15:47:33.286423,3.173099,3.126850,1.415299,-0.008152,1.413342,-0.008152,3.126850,0
2026-07-02 15:47:33.287592,3.175716,3.126850,1.420479,-0.002971,1.418524,-0.002971,3.126850,0
2026-07-02 15:47:33.295260,3.178269,3.126850,1.415299,-0.002971,1.413342,-0.002971,3.126850,0
2026-07-02 15:47:33.300084,3.184569,3.132032,1.415299,-0.002971,1.413342,-0.002971,3.132032,0
2026-07-02 15:47:33.302102,3.189964,3.126850,1.415299,-0.002971,1.413342,-0.002971,3.126850,0
2026-07-02 15:47:33.304628,3.192562,3.132032,1.415299,-0.002971,1.418524,-0.002971,3.132032,0
2026-07-02 15:47:33.308651,3.194901,3.126850,1.415299,-0.002971,1.413342,-0.002971,3.126850,0
2026-07-02 15:47:33.310481,3.198186,3.132032,1.415299,-0.002971,1.413342,-0.002971,3.132032,0
2026-07-02 15:47:33.311730,3.200434,3.126850,1.415299,-0.002971,1.418524,-0.002971,3.126850,0
2026-07-02 15:47:33.313737,3.202706,3.121669,1.415299,-0.002971,1.413342,-0.002971,3.121669,0
2026-07-02 15:47:33.318082,3.205017,3.121669,1.415299,-0.002971,1.418524,-0.002971,3.121669,0
2026-07-02 15:47:33.319444,3.207352,3.126850,1.415299,-0.002971,1.413342,-0.002971,3.126850,0
2026-07-02 15:47:33.321664,3.209725,3.126850,1.415299,-0.008152,1.413342,-0.008152,3.126850,0
2026-07-02 15:47:33.324200,3.212037,3.126850,1.415299,-0.002971,1.413342,-0.002971,3.126850,0
2026-07-02 15:47:33.326255,3.214735,3.126850,1.415299,-0.002971,1.418524,-0.002971,3.126850,0
2026-07-02 15:47:33.328768,3.217006,3.126850,1.415299,-0.002971,1.413342,-0.002971,3.126850,0
2026-07-02 15:47:33.331494,3.219272,3.126850,1.415299,-0.002971,1.413342,-0.002971,3.126850,0
2026-07-02 15:47:33.332783,3.221527,3.121669,1.415299,-0.002971,1.418524,-0.002971,3.121669,0
2026-07-02 15:47:33.336159,3.223851,3.121669,1.415299,-0.002971,1.418524,-0.002971,3.121669,0
2026-07-02 15:47:33.338684,3.226332,3.126850,1.415299,-0.002971,1.418524,-0.002971,3.126850,0
2026-07-02 15:47:33.341205,3.228655,3.126850,1.415299,-0.002971,1.413342,-0.002971,3.126850,0
2026-07-02 15:47:33.343220,3.231576,3.126850,1.415299,-0.002971,1.413342,-0.002971,3.126850,0
2026-07-02 15:47:33.345739,3.233900,3.126850,1.415299,-0.008152,1.418524,-0.008152,3.126850,0
2026-07-02 15:47:33.347903,3.236233,3.121669,1.415299,-0.002971,1.413342,-0.002971,3.121669,0
2026-07-02 15:47:33.357055,3.238573,3.132032,1.415299,-0.002971,1.413342,-0.002971,3.132032,0
2026-07-02 15:47:33.359320,3.247083,3.121669,1.415299,-0.008152,1.413342,-0.008152,3.121669,0
2026-07-02 15:47:33.361581,3.249458,3.126850,1.415299,-0.008152,1.413342,-0.008152,3.126850,0
2026-07-02 15:47:33.364110,3.251747,3.121669,1.415299,-0.002971,1.418524,-0.002971,3.121669,0
2026-07-02 15:47:33.365609,3.254024,3.121669,1.415299,-0.002971,1.418524,-0.002971,3.121669,0
2026-07-02 15:47:33.368124,3.256628,3.121669,1.415299,-0.002971,1.418524,-0.002971,3.121669,0
2026-07-02 15:47:33.371437,3.258941,3.126850,1.415299,-0.002971,1.413342,-0.002971,3.126850,0
2026-07-02 15:47:33.373639,3.261187,3.126850,1.415299,-0.002971,1.413342,-0.002971,3.126850,0
2026-07-02 15:47:33.376452,3.263440,3.132032,1.415299,-0.008152,1.413342,-0.008152,3.132032,0
2026-07-02 15:47:33.377721,3.265682,3.126850,1.415299,-0.002971,1.418524,-0.002971,3.126850,0
2026-07-02 15:47:33.380972,3.267935,3.121669,1.415299,-0.002971,1.413342,-0.002971,3.121669,0
2026-07-02 15:47:33.387010,3.270187,3.126850,1.415299,-0.008152,1.413342,-0.008152,3.126850,0
2026-07-02 15:47:33.387989,3.276338,3.126850,1.415299,-0.008152,1.418524,-0.008152,3.126850,0
2026-07-02 15:47:33.391144,3.278668,3.121669,1.415299,-0.002971,1.413342,-0.002971,3.121669,0
2026-07-02 15:47:33.393152,3.281628,3.126850,1.415299,-0.008152,1.413342,-0.008152,3.126850,0
2026-07-02 15:47:33.395161,3.283852,3.121669,1.415299,-0.002971,1.413342,-0.002971,3.121669,0
2026-07-02 15:47:33.397674,3.286057,3.132032,1.415299,-0.002971,1.413342,-0.002971,3.132032,0
2026-07-02 15:47:33.400956,3.288319,3.126850,1.415299,-0.008152,1.413342,-0.008152,3.126850,0
2026-07-02 15:47:33.402971,3.290498,3.126850,1.415299,-0.008152,1.418524,-0.008152,3.126850,0
2026-07-02 15:47:33.404983,3.292752,3.116488,1.415299,-0.002971,1.413342,-0.002971,3.116488,0
2026-07-02 15:47:33.408837,3.295013,3.126850,1.415299,-0.002971,1.418524,-0.002971,3.126850,0
2026-07-02 15:47:33.409859,3.298034,3.126850,1.415299,-0.002971,1.413342,-0.002971,3.126850,0
2026-07-02 15:47:33.412031,3.300301,3.121669,1.415299,-0.002971,1.413342,-0.002971,3.121669,0
2026-07-02 15:47:33.415565,3.302564,3.121669,1.415299,-0.002971,1.413342,-0.002971,3.121669,0
2026-07-02 15:47:33.417506,3.304752,3.121669,1.415299,-0.002971,1.413342,-0.002971,3.121669,0
2026-07-02 15:47:33.418522,3.306972,3.126850,1.415299,-0.002971,1.413342,-0.002971,3.126850,0
2026-07-02 15:47:33.424787,3.309257,3.126850,1.415299,-0.002971,1.413342,-0.002971,3.126850,0
2026-07-02 15:47:33.436931,3.315196,3.126850,1.415299,-0.002971,1.418524,-0.002971,3.126850,0
2026-07-02 15:47:33.439030,3.326445,3.116488,1.415299,-0.002971,1.413342,-0.002971,3.116488,0
2026-07-02 15:47:33.441048,3.328768,3.126850,1.415299,-0.002971,1.413342,-0.002971,3.126850,0
2026-07-02 15:47:33.443057,3.331424,3.126850,1.415299,-0.002971,1.413342,-0.002971,3.126850,0
2026-07-02 15:47:33.445571,3.333737,3.132032,1.415299,-0.002971,1.418524,-0.002971,3.132032,0
2026-07-02 15:47:33.447750,3.336103,3.126850,1.415299,-0.002971,1.413342,-0.002971,3.126850,0
2026-07-02 15:47:33.451750,3.338450,3.121669,1.415299,-0.002971,1.418524,-0.002971,3.121669,0
2026-07-02 15:47:33.453246,3.341930,3.121669,1.415299,-0.002971,1.413342,-0.002971,3.121669,0
2026-07-02 15:47:33.456394,3.344231,3.126850,1.415299,-0.002971,1.413342,-0.002971,3.126850,0
2026-07-02 15:47:33.459210,3.346606,3.126850,1.415299,-0.002971,1.418524,-0.002971,3.126850,0
2026-07-02 15:47:33.461138,3.348853,3.126850,1.415299,-0.008152,1.413342,-0.008152,3.126850,0
2026-07-02 15:47:33.462408,3.351197,3.132032,1.415299,-0.008152,1.413342,-0.008152,3.132032,0
2026-07-02 15:47:33.469556,3.353500,3.121669,1.415299,-0.002971,1.413342,-0.002971,3.121669,0
2026-07-02 15:47:33.476060,3.358795,3.126850,1.415299,-0.002971,1.413342,-0.002971,3.126850,0
2026-07-02 15:47:33.477765,3.365866,3.126850,1.415299,-0.008152,1.418524,-0.008152,3.126850,0
2026-07-02 15:47:33.482201,3.368728,3.126850,1.415299,-0.002971,1.413342,-0.002971,3.126850,0
2026-07-02 15:47:33.498592,3.371537,3.126850,1.415299,-0.002971,1.418524,-0.002971,3.126850,0
2026-07-02 15:47:33.501548,3.387937,3.126850,1.415299,-0.002971,1.413342,-0.002971,3.126850,0
2026-07-02 15:47:33.507067,3.391426,3.121669,1.415299,-0.002971,1.413342,-0.002971,3.121669,0
2026-07-02 15:47:33.510748,3.396377,3.126850,1.415299,-0.002971,1.418524,-0.002971,3.126850,0
2026-07-02 15:47:33.512968,3.400345,3.121669,1.415299,-0.002971,1.413342,-0.002971,3.121669,0
2026-07-02 15:47:33.514570,3.402645,3.126850,1.415299,-0.002971,1.413342,-0.002971,3.126850,0
2026-07-02 15:47:33.517917,3.405058,3.121669,1.415299,-0.002971,1.413342,-0.002971,3.121669,0
2026-07-02 15:47:33.517917,3.407337,3.126850,1.415299,-0.008152,1.413342,-0.008152,3.126850,0
2026-07-02 15:47:33.522033,3.409713,3.126850,1.415299,-0.002971,1.418524,-0.002971,3.126850,0
2026-07-02 15:47:33.524051,3.412064,3.126850,1.415299,-0.002971,1.413342,-0.002971,3.126850,0
2026-07-02 15:47:33.526065,3.414559,3.121669,1.415299,-0.002971,1.413342,-0.002971,3.121669,0
2026-07-02 15:47:33.528084,3.416941,3.132032,1.415299,-0.002971,1.413342,-0.002971,3.132032,0
2026-07-02 15:47:33.532115,3.419260,3.116488,1.415299,-0.002971,1.418524,-0.002971,3.116488,0
2026-07-02 15:47:33.532968,3.421724,3.121669,1.415299,-0.008152,1.418524,-0.008152,3.121669,0
2026-07-02 15:47:33.536993,3.424174,3.126850,1.415299,-0.002971,1.413342,-0.002971,3.126850,0
2026-07-02 15:47:33.536993,3.426825,3.126850,1.415299,-0.002971,1.413342,-0.002971,3.126850,0
2026-07-02 15:47:33.542550,3.429302,3.116488,1.415299,-0.002971,1.413342,-0.002971,3.116488,0
2026-07-02 15:47:33.543493,3.431810,3.126850,1.415299,-0.002971,1.418524,-0.002971,3.126850,0
2026-07-02 15:47:33.543493,3.434329,3.121669,1.415299,-0.002971,1.413342,-0.002971,3.121669,0
2026-07-02 15:47:33.543493,3.436764,3.132032,1.415299,-0.008152,1.418524,-0.008152,3.132032,0
2026-07-02 15:47:33.543493,3.439115,3.126850,1.415299,-0.002971,1.413342,-0.002971,3.126850,0
2026-07-02 15:47:33.554734,3.441491,3.126850,1.415299,-0.002971,1.418524,-0.002971,3.126850,0
2026-07-02 15:47:33.557414,3.444328,3.121669,1.415299,-0.002971,1.413342,-0.002971,3.121669,0
2026-07-02 15:47:33.557414,3.446721,3.126850,1.415299,-0.002971,1.418524,-0.002971,3.126850,0
2026-07-02 15:47:33.562203,3.449110,3.126850,1.415299,-0.002971,1.413342,-0.002971,3.126850,0
2026-07-02 15:47:33.563216,3.451588,3.126850,1.415299,-0.008152,1.413342,-0.008152,3.126850,0
2026-07-02 15:47:33.567244,3.453997,3.126850,1.415299,-0.002971,1.418524,-0.002971,3.126850,0
2026-07-02 15:47:33.569260,3.456693,3.126850,1.415299,-0.002971,1.413342,-0.002971,3.126850,0
2026-07-02 15:47:33.569260,3.459022,3.121669,1.415299,-0.002971,1.413342,-0.002971,3.121669,0
2026-07-02 15:47:33.573475,3.461445,3.126850,1.415299,-0.008152,1.413342,-0.008152,3.126850,0
2026-07-02 15:47:33.575996,3.463843,3.126850,1.415299,-0.008152,1.413342,-0.008152,3.126850,0
2026-07-02 15:47:33.577500,3.466249,3.126850,1.415299,-0.008152,1.413342,-0.008152,3.126850,0
2026-07-02 15:47:33.580471,3.468727,3.132032,1.415299,-0.002971,1.413342,-0.002971,3.132032,0
2026-07-02 15:47:33.583647,3.471168,3.126850,1.415299,-0.008152,1.413342,-0.008152,3.126850,0
2026-07-02 15:47:33.586164,3.473624,3.126850,1.415299,-0.002971,1.413342,-0.002971,3.126850,0
2026-07-02 15:47:33.586164,3.476069,3.116488,1.415299,-0.002971,1.418524,-0.002971,3.116488,0
2026-07-02 15:47:33.586164,3.478378,3.116488,1.415299,-0.002971,1.413342,-0.002971,3.116488,0
2026-07-02 15:47:33.593443,3.480649,3.121669,1.415299,-0.002971,1.413342,-0.002971,3.121669,0
2026-07-02 15:47:33.595290,3.482968,3.132032,1.415299,-0.008152,1.413342,-0.008152,3.132032,0
2026-07-02 15:47:33.596725,3.485251,3.116488,1.415299,-0.002971,1.418524,-0.002971,3.116488,0
2026-07-02 15:47:33.600756,3.487617,3.126850,1.415299,-0.002971,1.413342,-0.002971,3.126850,0
2026-07-02 15:47:33.602771,3.490043,3.116488,1.415299,-0.008152,1.413342,-0.008152,3.116488,0
2026-07-02 15:47:33.605811,3.492622,3.126850,1.415299,-0.002971,1.413342,-0.002971,3.126850,0
2026-07-02 15:47:33.607823,3.495064,3.116488,1.415299,-0.002971,1.413342,-0.002971,3.116488,0
2026-07-02 15:47:33.608857,3.497382,3.126850,1.415299,-0.002971,1.418524,-0.002971,3.126850,0
2026-07-02 15:47:33.612887,3.499798,3.121669,1.415299,-0.008152,1.413342,-0.008152,3.121669,0
2026-07-02 15:47:33.613899,3.502223,3.132032,1.415299,-0.008152,1.413342,-0.008152,3.132032,0
2026-07-02 15:47:33.613899,3.504654,3.121669,1.415299,-0.002971,1.413342,-0.002971,3.121669,0
2026-07-02 15:47:33.619171,3.506983,3.121669,1.415299,-0.002971,1.418524,-0.002971,3.121669,0
2026-07-02 15:47:33.621183,3.509422,3.116488,1.415299,-0.002971,1.413342,-0.002971,3.116488,0
2026-07-02 15:47:33.624201,3.511803,3.121669,1.415299,-0.002971,1.413342,-0.002971,3.121669,0
2026-07-02 15:47:33.624963,3.514075,3.126850,1.415299,-0.002971,1.418524,-0.002971,3.126850,0
2026-07-02 15:47:33.624963,3.516456,3.126850,1.415299,-0.002971,1.413342,-0.002971,3.126850,0
2026-07-02 15:47:33.624963,3.518896,3.121669,1.415299,-0.002971,1.418524,-0.002971,3.121669,0
2026-07-02 15:47:33.624963,3.521295,3.126850,1.415299,-0.002971,1.413342,-0.002971,3.126850,0
2026-07-02 15:47:33.636186,3.523941,3.132032,1.415299,-0.002971,1.413342,-0.002971,3.132032,0
2026-07-02 15:47:33.636186,3.526454,3.126850,1.415299,-0.002971,1.413342,-0.002971,3.126850,0
2026-07-02 15:47:33.636186,3.528736,3.121669,1.415299,-0.008152,1.413342,-0.008152,3.121669,0
2026-07-02 15:47:33.636186,3.531062,3.126850,1.415299,-0.008152,1.413342,-0.008152,3.126850,0
2026-07-02 15:47:33.644892,3.533517,3.126850,1.415299,-0.002971,1.413342,-0.002971,3.126850,0
2026-07-02 15:47:33.644892,3.535942,3.126850,1.415299,-0.008152,1.413342,-0.008152,3.126850,0
2026-07-02 15:47:33.644892,3.538331,3.121669,1.415299,-0.002971,1.413342,-0.002971,3.121669,0
2026-07-02 15:47:33.644892,3.540720,3.121669,1.415299,-0.002971,1.413342,-0.002971,3.121669,0
2026-07-02 15:47:33.655104,3.543081,3.126850,1.415299,-0.008152,1.413342,-0.008152,3.126850,0
2026-07-02 15:47:33.655104,3.545299,3.126850,1.415299,-0.002971,1.413342,-0.002971,3.126850,0
2026-07-02 15:47:33.659216,3.547549,3.126850,1.415299,-0.002971,1.413342,-0.002971,3.126850,0
2026-07-02 15:47:33.659216,3.550007,3.121669,1.415299,-0.002971,1.413342,-0.002971,3.121669,0
2026-07-02 15:47:33.665577,3.552337,3.126850,1.415299,-0.002971,1.413342,-0.002971,3.126850,0
2026-07-02 15:47:33.665577,3.554916,3.126850,1.415299,-0.008152,1.413342,-0.008152,3.126850,0
2026-07-02 15:47:33.665577,3.557238,3.116488,1.415299,-0.002971,1.413342,-0.002971,3.116488,0
2026-07-02 15:47:33.672463,3.559571,3.126850,1.415299,-0.008152,1.413342,-0.008152,3.126850,0
2026-07-02 15:47:33.672463,3.562005,3.126850,1.415299,-0.008152,1.413342,-0.008152,3.126850,0
2026-07-02 15:47:33.676687,3.564216,3.126850,1.415299,-0.002971,1.418524,-0.002971,3.126850,0
2026-07-02 15:47:33.677694,3.566591,3.121669,1.415299,-0.002971,1.413342,-0.002971,3.121669,0
2026-07-02 15:47:33.680685,3.569018,3.126850,1.415299,-0.002971,1.413342,-0.002971,3.126850,0
2026-07-02 15:47:33.680685,3.571397,3.126850,1.415299,-0.002971,1.413342,-0.002971,3.126850,0
2026-07-02 15:47:33.686330,3.573778,3.116488,1.415299,-0.002971,1.413342,-0.002971,3.116488,0
2026-07-02 15:47:33.686330,3.576105,3.126850,1.415299,-0.002971,1.413342,-0.002971,3.126850,0
2026-07-02 15:47:33.686330,3.578512,3.126850,1.415299,-0.002971,1.418524,-0.002971,3.126850,0
2026-07-02 15:47:33.686330,3.580746,3.121669,1.415299,-0.002971,1.413342,-0.002971,3.121669,0
2026-07-02 15:47:33.686330,3.583194,3.126850,1.415299,-0.002971,1.413342,-0.002971,3.126850,0
2026-07-02 15:47:33.696489,3.585508,3.126850,1.415299,-0.002971,1.413342,-0.002971,3.126850,0
2026-07-02 15:47:33.696489,3.587909,3.126850,1.415299,-0.002971,1.418524,-0.002971,3.126850,0
2026-07-02 15:47:33.696489,3.590363,3.116488,1.415299,-0.002971,1.413342,-0.002971,3.116488,0
2026-07-02 15:47:33.696489,3.592732,3.126850,1.415299,-0.002971,1.418524,-0.002971,3.126850,0
2026-07-02 15:47:33.706946,3.595067,3.116488,1.415299,-0.002971,1.418524,-0.002971,3.116488,0
2026-07-02 15:47:33.709689,3.597896,3.132032,1.415299,-0.008152,1.413342,-0.008152,3.132032,0
2026-07-02 15:47:33.711741,3.600181,3.126850,1.415299,-0.008152,1.418524,-0.008152,3.126850,0
2026-07-02 15:47:33.711741,3.602379,3.126850,1.415299,-0.002971,1.413342,-0.002971,3.126850,0
2026-07-02 15:47:33.717424,3.604737,3.116488,1.415299,-0.002971,1.413342,-0.002971,3.116488,0
2026-07-02 15:47:33.718432,3.607095,3.121669,1.415299,-0.002971,1.413342,-0.002971,3.121669,0
2026-07-02 15:47:33.718432,3.609425,3.126850,1.415299,-0.002971,1.413342,-0.002971,3.126850,0
2026-07-02 15:47:33.718432,3.611764,3.126850,1.415299,-0.002971,1.418524,-0.002971,3.126850,0
2026-07-02 15:47:33.718432,3.614245,3.121669,1.415299,-0.008152,1.413342,-0.008152,3.121669,0
2026-07-02 15:47:33.727480,3.616646,3.126850,1.415299,-0.002971,1.413342,-0.002971,3.126850,0
2026-07-02 15:47:33.727480,3.619093,3.126850,1.415299,-0.008152,1.418524,-0.008152,3.126850,0
2026-07-02 15:47:33.727480,3.621426,3.126850,1.415299,-0.002971,1.418524,-0.002971,3.126850,0
2026-07-02 15:47:33.727480,3.623887,3.126850,1.415299,-0.002971,1.418524,-0.002971,3.126850,0
2026-07-02 15:47:33.737567,3.626235,3.126850,1.415299,-0.002971,1.418524,-0.002971,3.126850,0
2026-07-02 15:47:33.740345,3.628580,3.116488,1.415299,-0.002971,1.413342,-0.002971,3.116488,0
2026-07-02 15:47:33.742868,3.631554,3.126850,1.415299,-0.002971,1.413342,-0.002971,3.126850,0
2026-07-02 15:47:33.742868,3.634071,3.121669,1.415299,-0.002971,1.418524,-0.002971,3.121669,0
2026-07-02 15:47:33.747752,3.636410,3.126850,1.415299,-0.002971,1.418524,-0.002971,3.126850,0
2026-07-02 15:47:33.747752,3.638912,3.126850,1.415299,-0.002971,1.413342,-0.002971,3.126850,0
2026-07-02 15:47:33.747752,3.641436,3.132032,1.415299,-0.002971,1.418524,-0.002971,3.132032,0
2026-07-02 15:47:33.747752,3.643872,3.126850,1.415299,-0.008152,1.418524,-0.008152,3.126850,0
2026-07-02 15:47:33.757989,3.646212,3.132032,1.415299,-0.002971,1.413342,-0.002971,3.132032,0
2026-07-02 15:47:33.757989,3.648502,3.126850,1.415299,-0.002971,1.418524,-0.002971,3.126850,0
2026-07-02 15:47:33.757989,3.650934,3.126850,1.415299,-0.002971,1.418524,-0.002971,3.126850,0
2026-07-02 15:47:33.757989,3.653249,3.126850,1.415299,-0.002971,1.413342,-0.002971,3.126850,0
2026-07-02 15:47:33.768469,3.655685,3.132032,1.415299,-0.008152,1.413342,-0.008152,3.132032,0
2026-07-02 15:47:33.768469,3.658045,3.121669,1.415299,-0.008152,1.418524,-0.008152,3.121669,0
2026-07-02 15:47:33.768469,3.660499,3.126850,1.415299,-0.008152,1.413342,-0.008152,3.126850,0
2026-07-02 15:47:33.774677,3.662925,3.132032,1.415299,-0.008152,1.413342,-0.008152,3.132032,0
2026-07-02 15:47:33.778138,3.665337,3.121669,1.415299,-0.002971,1.413342,-0.002971,3.121669,0
2026-07-02 15:47:33.778138,3.667745,3.126850,1.415299,-0.008152,1.418524,-0.008152,3.126850,0
2026-07-02 15:47:33.778138,3.670173,3.126850,1.415299,-0.002971,1.418524,-0.002971,3.126850,0
2026-07-02 15:47:33.778138,3.672659,3.121669,1.415299,-0.008152,1.413342,-0.008152,3.121669,0
2026-07-02 15:47:33.778138,3.675087,3.126850,1.415299,-0.008152,1.413342,-0.008152,3.126850,0
2026-07-02 15:47:33.790654,3.677480,3.132032,1.415299,-0.008152,1.418524,-0.008152,3.132032,0
2026-07-02 15:47:33.792210,3.679985,3.121669,1.415299,-0.002971,1.418524,-0.002971,3.121669,0
2026-07-02 15:47:33.792210,3.682355,3.116488,1.415299,-0.002971,1.413342,-0.002971,3.116488,0
2026-07-02 15:47:33.796583,3.684791,3.126850,1.415299,-0.002971,1.413342,-0.002971,3.126850,0
2026-07-02 15:47:33.799818,3.687191,3.126850,1.415299,-0.008152,1.413342,-0.008152,3.126850,0
2026-07-02 15:47:33.799818,3.689477,3.126850,1.415299,-0.008152,1.413342,-0.008152,3.126850,0
2026-07-02 15:47:33.804754,3.691865,3.121669,1.415299,-0.008152,1.413342,-0.008152,3.121669,0
2026-07-02 15:47:33.804754,3.694856,3.126850,1.415299,-0.002971,1.418524,-0.002971,3.126850,0
2026-07-02 15:47:33.804754,3.697383,3.121669,1.415299,-0.008152,1.418524,-0.008152,3.121669,0
2026-07-02 15:47:33.804754,3.699895,3.126850,1.415299,-0.002971,1.413342,-0.002971,3.126850,0
2026-07-02 15:47:33.814828,3.702398,3.126850,1.415299,-0.002971,1.413342,-0.002971,3.126850,0
2026-07-02 15:47:33.814828,3.704814,3.126850,1.415299,-0.002971,1.418524,-0.002971,3.126850,0
2026-07-02 15:47:33.818628,3.707295,3.126850,1.415299,-0.008152,1.418524,-0.008152,3.126850,0
2026-07-02 15:47:33.818628,3.709783,3.116488,1.415299,-0.002971,1.413342,-0.002971,3.116488,0
2026-07-02 15:47:33.825152,3.712314,3.121669,1.415299,-0.008152,1.418524,-0.008152,3.121669,0
2026-07-02 15:47:33.827161,3.715380,3.126850,1.415299,-0.002971,1.413342,-0.002971,3.126850,0
2026-07-02 15:47:33.829678,3.717741,3.121669,1.415299,-0.002971,1.418524,-0.002971,3.121669,0
2026-07-02 15:47:33.833921,3.720225,3.126850,1.415299,-0.002971,1.418524,-0.002971,3.126850,0
2026-07-02 15:47:33.836486,3.723242,3.116488,1.415299,-0.002971,1.418524,-0.002971,3.116488,0
2026-07-02 15:47:33.837920,3.725852,3.126850,1.415299,-0.002971,1.413342,-0.002971,3.126850,0
2026-07-02 15:47:33.837920,3.728202,3.126850,1.415299,-0.008152,1.418524,-0.008152,3.126850,0
2026-07-02 15:47:33.841369,3.730576,3.126850,1.415299,-0.002971,1.418524,-0.002971,3.126850,0
2026-07-02 15:47:33.845663,3.732926,3.126850,1.415299,-0.002971,1.413342,-0.002971,3.126850,0
2026-07-02 15:47:33.848517,3.735399,3.126850,1.415299,-0.002971,1.413342,-0.002971,3.126850,0
2026-07-02 15:47:33.850528,3.737958,3.126850,1.415299,-0.002971,1.413342,-0.002971,3.126850,0
2026-07-02 15:47:33.852537,3.740418,3.132032,1.415299,-0.002971,1.413342,-0.002971,3.132032,0
2026-07-02 15:47:33.856052,3.742871,3.121669,1.415299,-0.008152,1.413342,-0.008152,3.121669,0
2026-07-02 15:47:33.856052,3.745338,3.126850,1.415299,-0.002971,1.413342,-0.002971,3.126850,0
2026-07-02 15:47:33.856052,3.747731,3.121669,1.415299,-0.008152,1.413342,-0.008152,3.121669,0
2026-07-02 15:47:33.856052,3.750192,3.126850,1.415299,-0.008152,1.413342,-0.008152,3.126850,0
2026-07-02 15:47:33.856052,3.752589,3.126850,1.415299,-0.008152,1.418524,-0.008152,3.126850,0
2026-07-02 15:47:33.867399,3.755000,3.132032,1.415299,-0.008152,1.418524,-0.008152,3.132032,0
2026-07-02 15:47:33.869417,3.757466,3.121669,1.415299,-0.008152,1.413342,-0.008152,3.121669,0
2026-07-02 15:47:33.871425,3.759897,3.126850,1.415299,-0.002971,1.418524,-0.002971,3.126850,0
2026-07-02 15:47:33.871425,3.762321,3.126850,1.415299,-0.002971,1.413342,-0.002971,3.126850,0
2026-07-02 15:47:33.876610,3.764737,3.126850,1.415299,-0.002971,1.418524,-0.002971,3.126850,0
2026-07-02 15:47:33.878625,3.767062,3.121669,1.415299,-0.002971,1.413342,-0.002971,3.121669,0
2026-07-02 15:47:33.882646,3.769587,3.132032,1.415299,-0.008152,1.413342,-0.008152,3.132032,0
2026-07-02 15:47:33.884952,3.772049,3.121669,1.415299,-0.002971,1.418524,-0.002971,3.121669,0
2026-07-02 15:47:33.887496,3.774500,3.126850,1.415299,-0.002971,1.418524,-0.002971,3.126850,0
2026-07-02 15:47:33.889737,3.776826,3.121669,1.415299,-0.002971,1.418524,-0.002971,3.121669,0
2026-07-02 15:47:33.891743,3.779247,3.116488,1.415299,-0.002971,1.413342,-0.002971,3.116488,0
2026-07-02 15:47:33.893750,3.781683,3.126850,1.415299,-0.002971,1.413342,-0.002971,3.126850,0
2026-07-02 15:47:33.897067,3.784109,3.121669,1.415299,-0.008152,1.413342,-0.008152,3.121669,0
2026-07-02 15:47:33.897067,3.786568,3.126850,1.415299,-0.002971,1.413342,-0.002971,3.126850,0
2026-07-02 15:47:33.902679,3.789702,3.121669,1.415299,-0.002971,1.418524,-0.002971,3.121669,0
2026-07-02 15:47:33.905334,3.792295,3.126850,1.415299,-0.008152,1.413342,-0.008152,3.126850,0
2026-07-02 15:47:33.907075,3.794728,3.132032,1.415299,-0.008152,1.418524,-0.008152,3.132032,0
2026-07-02 15:47:33.909913,3.797215,3.126850,1.415299,-0.002971,1.413342,-0.002971,3.126850,0
2026-07-02 15:47:33.909913,3.799623,3.126850,1.415299,-0.002971,1.413342,-0.002971,3.126850,0
2026-07-02 15:47:33.909913,3.802105,3.126850,1.415299,-0.002971,1.413342,-0.002971,3.126850,0
2026-07-02 15:47:33.917339,3.804545,3.126850,1.415299,-0.002971,1.418524,-0.002971,3.126850,0
2026-07-02 15:47:33.918863,3.806893,3.126850,1.415299,-0.002971,1.418524,-0.002971,3.126850,0
2026-07-02 15:47:33.918863,3.809365,3.116488,1.415299,-0.002971,1.418524,-0.002971,3.116488,0
2026-07-02 15:47:33.918863,3.811796,3.121669,1.415299,-0.008152,1.418524,-0.008152,3.121669,0
2026-07-02 15:47:33.927450,3.814232,3.126850,1.415299,-0.002971,1.413342,-0.002971,3.126850,0
2026-07-02 15:47:33.929466,3.816755,3.126850,1.415299,-0.008152,1.413342,-0.008152,3.126850,0
2026-07-02 15:47:33.930767,3.819100,3.121669,1.415299,-0.002971,1.413342,-0.002971,3.121669,0
2026-07-02 15:47:33.933290,3.821539,3.126850,1.415299,-0.002971,1.418524,-0.002971,3.126850,0
2026-07-02 15:47:33.933290,3.824004,3.126850,1.415299,-0.002971,1.413342,-0.002971,3.126850,0
2026-07-02 15:47:33.937724,3.826414,3.126850,1.415299,-0.002971,1.413342,-0.002971,3.126850,0
2026-07-02 15:47:33.937724,3.828879,3.121669,1.415299,-0.002971,1.413342,-0.002971,3.121669,0
2026-07-02 15:47:33.937724,3.831406,3.126850,1.415299,-0.002971,1.418524,-0.002971,3.126850,0
2026-07-02 15:47:33.937724,3.833951,3.132032,1.415299,-0.008152,1.418524,-0.008152,3.132032,0
2026-07-02 15:47:33.948195,3.836364,3.121669,1.415299,-0.002971,1.413342,-0.002971,3.121669,0
2026-07-02 15:47:33.948195,3.838698,3.121669,1.415299,-0.002971,1.413342,-0.002971,3.121669,0
2026-07-02 15:47:33.948195,3.841204,3.126850,1.415299,-0.002971,1.413342,-0.002971,3.126850,0
2026-07-02 15:47:33.948195,3.843661,3.126850,1.415299,-0.008152,1.418524,-0.008152,3.126850,0
2026-07-02 15:47:33.959176,3.846160,3.132032,1.415299,-0.002971,1.418524,-0.002971,3.132032,0
2026-07-02 15:47:33.961191,3.848575,3.126850,1.415299,-0.008152,1.418524,-0.008152,3.126850,0
2026-07-02 15:47:33.963250,3.850896,3.132032,1.415299,-0.002971,1.413342,-0.002971,3.132032,0
2026-07-02 15:47:33.966780,3.853416,3.126850,1.415299,-0.002971,1.418524,-0.002971,3.126850,0
2026-07-02 15:47:33.968554,3.856292,3.126850,1.415299,-0.008152,1.413342,-0.008152,3.126850,0
2026-07-02 15:47:33.968554,3.858710,3.126850,1.415299,-0.002971,1.413342,-0.002971,3.126850,0
2026-07-02 15:47:33.968554,3.861096,3.126850,1.415299,-0.002971,1.413342,-0.002971,3.126850,0
2026-07-02 15:47:33.976869,3.863574,3.116488,1.415299,-0.002971,1.418524,-0.002971,3.116488,0
2026-07-02 15:47:33.979395,3.866398,3.121669,1.415299,-0.002971,1.413342,-0.002971,3.121669,0
2026-07-02 15:47:33.979395,3.868678,3.121669,1.415299,-0.002971,1.413342,-0.002971,3.121669,0
2026-07-02 15:47:33.979395,3.871130,3.126850,1.415299,-0.002971,1.418524,-0.002971,3.126850,0
2026-07-02 15:47:33.979395,3.873561,3.126850,1.415299,-0.002971,1.413342,-0.002971,3.126850,0
2026-07-02 15:47:33.989652,3.876028,3.121669,1.415299,-0.002971,1.413342,-0.002971,3.121669,0
2026-07-02 15:47:33.991666,3.879568,3.126850,1.415299,-0.008152,1.418524,-0.008152,3.126850,0
2026-07-02 15:47:33.993731,3.882051,3.126850,1.415299,-0.002971,1.413342,-0.002971,3.126850,0
2026-07-02 15:47:33.993731,3.884377,3.132032,1.415299,-0.002971,1.413342,-0.002971,3.132032,0
2026-07-02 15:47:34.000994,3.886723,3.126850,1.415299,-0.008152,1.413342,-0.008152,3.126850,0
2026-07-02 15:47:34.003003,3.890565,3.121669,1.415299,-0.002971,1.413342,-0.002971,3.121669,0
2026-07-02 15:47:34.004142,3.892855,3.126850,1.415299,-0.002971,1.413342,-0.002971,3.126850,0
2026-07-02 15:47:34.006677,3.895131,3.126850,1.415299,-0.002971,1.418524,-0.002971,3.126850,0
2026-07-02 15:47:34.009386,3.897333,3.121669,1.415299,-0.002971,1.418524,-0.002971,3.121669,0
2026-07-02 15:47:34.011400,3.899523,3.116488,1.415299,-0.002971,1.413342,-0.002971,3.116488,0
2026-07-02 15:47:34.013409,3.901784,3.126850,1.415299,-0.002971,1.413342,-0.002971,3.126850,0
2026-07-02 15:47:34.015525,3.903992,3.121669,1.415299,-0.002971,1.413342,-0.002971,3.121669,0
2026-07-02 15:47:34.023315,3.906797,3.126850,1.415299,-0.002971,1.418524,-0.002971,3.126850,0
2026-07-02 15:47:34.025334,3.913027,3.121669,1.415299,-0.002971,1.418524,-0.002971,3.121669,0
2026-07-02 15:47:34.027342,3.915500,3.126850,1.415299,-0.002971,1.418524,-0.002971,3.126850,0
2026-07-02 15:47:34.029363,3.917983,3.126850,1.415299,-0.008152,1.413342,-0.008152,3.126850,0
2026-07-02 15:47:34.033392,3.920335,3.121669,1.415299,-0.002971,1.418524,-0.002971,3.121669,0
2026-07-02 15:47:34.033392,3.922667,3.126850,1.415299,-0.002971,1.418524,-0.002971,3.126850,0
2026-07-02 15:47:34.038816,3.925091,3.126850,1.415299,-0.002971,1.418524,-0.002971,3.126850,0
2026-07-02 15:47:34.040865,3.928105,3.126850,1.415299,-0.002971,1.413342,-0.002971,3.126850,0
2026-07-02 15:47:34.045050,3.930495,3.121669,1.415299,-0.002971,1.418524,-0.002971,3.121669,0
2026-07-02 15:47:34.047431,3.934329,3.126850,1.415299,-0.008152,1.413342,-0.008152,3.126850,0
2026-07-02 15:47:34.050188,3.937038,3.121669,1.415299,-0.002971,1.418524,-0.002971,3.121669,0
2026-07-02 15:47:34.054220,3.940944,3.121669,1.415299,-0.002971,1.418524,-0.002971,3.121669,0
2026-07-02 15:47:34.056234,3.943573,3.132032,1.415299,-0.002971,1.418524,-0.002971,3.132032,0
2026-07-02 15:47:34.058250,3.946106,3.126850,1.415299,-0.002971,1.418524,-0.002971,3.126850,0
2026-07-02 15:47:34.060263,3.948578,3.116488,1.415299,-0.002971,1.413342,-0.002971,3.116488,0
2026-07-02 15:47:34.060263,3.951052,3.126850,1.415299,-0.008152,1.413342,-0.008152,3.126850,0
2026-07-02 15:47:34.060263,3.953543,3.126850,1.415299,-0.002971,1.413342,-0.002971,3.126850,0
2026-07-02 15:47:34.067989,3.956017,3.126850,1.415299,-0.008152,1.413342,-0.008152,3.126850,0
2026-07-02 15:47:34.070004,3.958508,3.121669,1.415299,-0.002971,1.413342,-0.002971,3.121669,0
2026-07-02 15:47:34.070004,3.960906,3.126850,1.415299,-0.008152,1.418524,-0.008152,3.126850,0
2026-07-02 15:47:34.070004,3.963287,3.126850,1.415299,-0.002971,1.413342,-0.002971,3.126850,0
2026-07-02 15:47:34.070004,3.965733,3.126850,1.415299,-0.008152,1.413342,-0.008152,3.126850,0
2026-07-02 15:47:34.079795,3.968101,3.121669,1.415299,-0.002971,1.413342,-0.002971,3.121669,0
2026-07-02 15:47:34.079795,3.970566,3.132032,1.415299,-0.008152,1.413342,-0.008152,3.132032,0
2026-07-02 15:47:34.079795,3.972972,3.126850,1.415299,-0.002971,1.413342,-0.002971,3.126850,0
2026-07-02 15:47:34.087288,3.975433,3.121669,1.415299,-0.002971,1.413342,-0.002971,3.121669,0
2026-07-02 15:47:34.090028,3.977792,3.126850,1.415299,-0.008152,1.418524,-0.008152,3.126850,0
2026-07-02 15:47:34.090028,3.980054,3.132032,1.415299,-0.008152,1.418524,-0.008152,3.132032,0
2026-07-02 15:47:34.090028,3.982432,3.126850,1.415299,-0.002971,1.413342,-0.002971,3.126850,0
2026-07-02 15:47:34.090028,3.984769,3.126850,1.415299,-0.002971,1.418524,-0.002971,3.126850,0
2026-07-02 15:47:34.100159,3.987137,3.116488,1.415299,-0.002971,1.418524,-0.002971,3.116488,0
2026-07-02 15:47:34.100159,3.989685,3.126850,1.415299,-0.002971,1.413342,-0.002971,3.126850,0
2026-07-02 15:47:34.100159,3.991966,3.126850,1.415299,-0.008152,1.418524,-0.008152,3.126850,0
2026-07-02 15:47:34.100159,3.994210,3.132032,1.415299,-0.002971,1.418524,-0.002971,3.132032,0
2026-07-02 15:47:34.100159,3.996634,3.132032,1.415299,-0.002971,1.413342,-0.002971,3.132032,0
2026-07-02 15:47:34.110327,3.999050,3.121669,1.415299,-0.002971,1.413342,-0.002971,3.121669,0
2026-07-02 15:47:34.110327,4.001483,3.126850,1.415299,-0.002971,1.418524,-0.002971,3.126850,0
2026-07-02 15:47:34.110327,4.003944,3.126850,1.415299,-0.008152,1.418524,-0.008152,3.126850,0
2026-07-02 15:47:34.110327,4.006303,3.126850,1.415299,-0.002971,1.418524,-0.002971,3.126850,0
2026-07-02 15:47:34.120545,4.008718,3.126850,1.415299,-0.008152,1.418524,-0.008152,3.126850,0
2026-07-02 15:47:34.120545,4.011173,3.121669,1.415299,-0.002971,1.418524,-0.002971,3.121669,0
2026-07-02 15:47:34.127502,4.013618,3.121669,1.415299,-0.002971,1.418524,-0.002971,3.121669,0
2026-07-02 15:47:34.127502,4.016965,3.126850,1.415299,-0.002971,1.413342,-0.002971,3.126850,0
2026-07-02 15:47:34.130755,4.019307,3.126850,1.415299,-0.008152,1.413342,-0.008152,3.126850,0
2026-07-02 15:47:34.130755,4.021664,3.126850,1.415299,-0.002971,1.413342,-0.002971,3.126850,0
2026-07-02 15:47:34.130755,4.024030,3.126850,1.415299,-0.002971,1.413342,-0.002971,3.126850,0
2026-07-02 15:47:34.130755,4.026384,3.126850,1.415299,-0.002971,1.413342,-0.002971,3.126850,0
2026-07-02 15:47:34.140834,4.028794,3.121669,1.415299,-0.002971,1.418524,-0.002971,3.121669,0
2026-07-02 15:47:34.140834,4.031379,3.126850,1.415299,-0.002971,1.413342,-0.002971,3.126850,0
2026-07-02 15:47:34.140834,4.033776,3.126850,1.415299,-0.002971,1.413342,-0.002971,3.126850,0
2026-07-02 15:47:34.140834,4.036171,3.132032,1.415299,-0.008152,1.413342,-0.008152,3.132032,0
2026-07-02 15:47:34.156299,4.038654,3.121669,1.415299,-0.002971,1.418524,-0.002971,3.121669,0
2026-07-02 15:47:34.158310,4.046655,3.116488,1.415299,-0.002971,1.413342,-0.002971,3.116488,0
2026-07-02 15:47:34.162987,4.049740,3.121669,1.415299,-0.002971,1.413342,-0.002971,3.121669,0
2026-07-02 15:47:34.162987,4.052332,3.116488,1.415299,-0.002971,1.413342,-0.002971,3.116488,0
2026-07-02 15:47:34.162987,4.054741,3.121669,1.415299,-0.002971,1.413342,-0.002971,3.121669,0
2026-07-02 15:47:34.162987,4.057148,3.126850,1.415299,-0.002971,1.413342,-0.002971,3.126850,0
2026-07-02 15:47:34.171436,4.059739,3.126850,1.415299,-0.002971,1.418524,-0.002971,3.126850,0
2026-07-02 15:47:34.171436,4.062929,3.126850,1.415299,-0.002971,1.413342,-0.002971,3.126850,0
2026-07-02 15:47:34.171436,4.065346,3.121669,1.415299,-0.002971,1.413342,-0.002971,3.121669,0
2026-07-02 15:47:34.180302,4.067746,3.126850,1.415299,-0.002971,1.413342,-0.002971,3.126850,0
2026-07-02 15:47:34.181813,4.070098,3.126850,1.415299,-0.002971,1.413342,-0.002971,3.126850,0
2026-07-02 15:47:34.184776,4.073005,3.116488,1.415299,-0.008152,1.418524,-0.008152,3.116488,0
2026-07-02 15:47:34.186783,4.075477,3.116488,1.415299,-0.002971,1.418524,-0.002971,3.116488,0
2026-07-02 15:47:34.188797,4.077911,3.126850,1.415299,-0.002971,1.413342,-0.002971,3.126850,0
2026-07-02 15:47:34.192151,4.080300,3.126850,1.415299,-0.002971,1.418524,-0.002971,3.126850,0
2026-07-02 15:47:34.194162,4.082816,3.126850,1.415299,-0.002971,1.418524,-0.002971,3.126850,0
2026-07-02 15:47:34.198195,4.085223,3.121669,1.415299,-0.002971,1.413342,-0.002971,3.121669,0
2026-07-02 15:47:34.198195,4.087603,3.121669,1.415299,-0.002971,1.413342,-0.002971,3.121669,0
2026-07-02 15:47:34.202392,4.089914,3.126850,1.415299,-0.008152,1.413342,-0.008152,3.126850,0
2026-07-02 15:47:34.202392,4.092337,3.126850,1.415299,-0.002971,1.418524,-0.002971,3.126850,0
2026-07-02 15:47:34.202392,4.094781,3.121669,1.415299,-0.002971,1.413342,-0.002971,3.121669,0
2026-07-02 15:47:34.202392,4.097203,3.126850,1.415299,-0.002971,1.413342,-0.002971,3.126850,0
2026-07-02 15:47:34.212775,4.099726,3.132032,1.415299,-0.002971,1.418524,-0.002971,3.132032,0
2026-07-02 15:47:34.213445,4.102237,3.126850,1.415299,-0.002971,1.413342,-0.002971,3.126850,0
2026-07-02 15:47:34.213445,4.104655,3.126850,1.415299,-0.002971,1.413342,-0.002971,3.126850,0
2026-07-02 15:47:34.219918,4.107054,3.116488,1.415299,-0.002971,1.413342,-0.002971,3.116488,0
2026-07-02 15:47:34.219918,4.109525,3.121669,1.415299,-0.002971,1.418524,-0.002971,3.121669,0
2026-07-02 15:47:34.223779,4.111935,3.126850,1.415299,-0.002971,1.418524,-0.002971,3.126850,0
2026-07-02 15:47:34.225642,4.114464,3.126850,1.415299,-0.002971,1.413342,-0.002971,3.126850,0
2026-07-02 15:47:34.228254,4.116919,3.121669,1.415299,-0.002971,1.413342,-0.002971,3.121669,0
2026-07-02 15:47:34.232281,4.119374,3.126850,1.415299,-0.002971,1.413342,-0.002971,3.126850,0
2026-07-02 15:47:34.233298,4.121809,3.126850,1.415299,-0.008152,1.418524,-0.008152,3.126850,0
2026-07-02 15:47:34.233298,4.124072,3.126850,1.415299,-0.008152,1.413342,-0.008152,3.126850,0
2026-07-02 15:47:34.233298,4.126320,3.126850,1.415299,-0.008152,1.418524,-0.008152,3.126850,0
2026-07-02 15:47:34.233298,4.128554,3.126850,1.415299,-0.002971,1.418524,-0.002971,3.126850,0
2026-07-02 15:47:34.243338,4.130900,3.126850,1.415299,-0.002971,1.418524,-0.002971,3.126850,0
2026-07-02 15:47:34.243338,4.133544,3.126850,1.415299,-0.002971,1.413342,-0.002971,3.126850,0
2026-07-02 15:47:34.243338,4.135794,3.121669,1.415299,-0.002971,1.413342,-0.002971,3.121669,0
2026-07-02 15:47:34.243338,4.138033,3.121669,1.415299,-0.002971,1.413342,-0.002971,3.121669,0
2026-07-02 15:47:34.243338,4.140347,3.121669,1.415299,-0.002971,1.413342,-0.002971,3.121669,0
2026-07-02 15:47:34.255667,4.142910,3.121669,1.415299,-0.002971,1.413342,-0.002971,3.121669,0
2026-07-02 15:47:34.255667,4.145692,3.121669,1.415299,-0.002971,1.418524,-0.002971,3.121669,0
2026-07-02 15:47:34.255667,4.148143,3.132032,1.415299,-0.008152,1.413342,-0.008152,3.132032,0
2026-07-02 15:47:34.255667,4.150568,3.126850,1.415299,-0.008152,1.413342,-0.008152,3.126850,0
2026-07-02 15:47:34.263815,4.152813,3.121669,1.415299,-0.002971,1.413342,-0.002971,3.121669,0
2026-07-02 15:47:34.263815,4.155133,3.126850,1.415299,-0.008152,1.418524,-0.008152,3.126850,0
2026-07-02 15:47:34.263815,4.157472,3.126850,1.415299,-0.002971,1.418524,-0.002971,3.126850,0
2026-07-02 15:47:34.263815,4.159878,3.121669,1.415299,-0.002971,1.413342,-0.002971,3.121669,0
2026-07-02 15:47:34.274208,4.162269,3.116488,1.415299,-0.002971,1.413342,-0.002971,3.116488,0
2026-07-02 15:47:34.274208,4.164689,3.126850,1.415299,-0.002971,1.418524,-0.002971,3.126850,0
2026-07-02 15:47:34.274208,4.167115,3.126850,1.415299,-0.008152,1.418524,-0.008152,3.126850,0
2026-07-02 15:47:34.280937,4.169519,3.126850,1.415299,-0.002971,1.418524,-0.002971,3.126850,0
2026-07-02 15:47:34.284416,4.171925,3.126850,1.415299,-0.002971,1.413342,-0.002971,3.126850,0
2026-07-02 15:47:34.285574,4.174281,3.126850,1.415299,-0.002971,1.418524,-0.002971,3.126850,0
2026-07-02 15:47:34.287588,4.176571,3.121669,1.415299,-0.008152,1.413342,-0.008152,3.121669,0
2026-07-02 15:47:34.287588,4.178928,3.126850,1.415299,-0.008152,1.418524,-0.008152,3.126850,0
2026-07-02 15:47:34.287588,4.181266,3.116488,1.415299,-0.002971,1.413342,-0.002971,3.116488,0
2026-07-02 15:47:34.294484,4.183609,3.121669,1.415299,-0.002971,1.413342,-0.002971,3.121669,0
2026-07-02 15:47:34.299541,4.186047,3.121669,1.415299,-0.002971,1.413342,-0.002971,3.121669,0
2026-07-02 15:47:34.302548,4.189691,3.126850,1.415299,-0.002971,1.413342,-0.002971,3.126850,0
2026-07-02 15:47:34.304874,4.192120,3.126850,1.415299,-0.002971,1.413342,-0.002971,3.126850,0
2026-07-02 15:47:34.307466,4.194551,3.121669,1.415299,-0.002971,1.413342,-0.002971,3.121669,0
2026-07-02 15:47:34.309478,4.196980,3.126850,1.415299,-0.002971,1.413342,-0.002971,3.126850,0
2026-07-02 15:47:34.309478,4.199406,3.126850,1.415299,-0.008152,1.413342,-0.008152,3.126850,0
2026-07-02 15:47:34.313326,4.201711,3.121669,1.415299,-0.002971,1.413342,-0.002971,3.121669,0
2026-07-02 15:47:34.315834,4.203992,3.132032,1.415299,-0.008152,1.418524,-0.008152,3.132032,0
2026-07-02 15:47:34.318358,4.206428,3.126850,1.415299,-0.008152,1.418524,-0.008152,3.126850,0
2026-07-02 15:47:34.320369,4.208726,3.132032,1.415299,-0.002971,1.413342,-0.002971,3.132032,0
2026-07-02 15:47:34.322883,4.211018,3.116488,1.415299,-0.002971,1.413342,-0.002971,3.116488,0
2026-07-02 15:47:34.328327,4.213376,3.126850,1.415299,-0.002971,1.413342,-0.002971,3.126850,0
2026-07-02 15:47:34.330850,4.219009,3.126850,1.415299,-0.002971,1.418524,-0.002971,3.126850,0
2026-07-02 15:47:34.330850,4.221404,3.132032,1.415299,-0.002971,1.418524,-0.002971,3.132032,0
2026-07-02 15:47:34.335896,4.223755,3.126850,1.415299,-0.002971,1.413342,-0.002971,3.126850,0
2026-07-02 15:47:34.337680,4.226034,3.126850,1.415299,-0.002971,1.418524,-0.002971,3.126850,0
2026-07-02 15:47:34.340203,4.228468,3.132032,1.415299,-0.002971,1.413342,-0.002971,3.132032,0
2026-07-02 15:47:34.344813,4.231825,3.126850,1.415299,-0.002971,1.413342,-0.002971,3.126850,0
2026-07-02 15:47:34.344813,4.234427,3.126850,1.415299,-0.002971,1.413342,-0.002971,3.126850,0
2026-07-02 15:47:34.350422,4.236762,3.126850,1.415299,-0.002971,1.418524,-0.002971,3.126850,0
2026-07-02 15:47:34.350422,4.239889,3.126850,1.415299,-0.002971,1.418524,-0.002971,3.126850,0
2026-07-02 15:47:34.354957,4.242297,3.121669,1.415299,-0.002971,1.413342,-0.002971,3.121669,0
2026-07-02 15:47:34.355743,4.244642,3.126850,1.415299,-0.002971,1.418524,-0.002971,3.126850,0
2026-07-02 15:47:34.359766,4.246957,3.121669,1.415299,-0.008152,1.413342,-0.008152,3.121669,0
2026-07-02 15:47:34.360534,4.249316,3.121669,1.415299,-0.002971,1.413342,-0.002971,3.121669,0
2026-07-02 15:47:34.362542,4.251647,3.121669,1.415299,-0.002971,1.413342,-0.002971,3.121669,0
2026-07-02 15:47:34.365366,4.254075,3.126850,1.415299,-0.002971,1.413342,-0.002971,3.126850,0
2026-07-02 15:47:34.365366,4.256673,3.126850,1.415299,-0.002971,1.418524,-0.002971,3.126850,0
2026-07-02 15:47:34.365366,4.259056,3.126850,1.415299,-0.002971,1.413342,-0.002971,3.126850,0
2026-07-02 15:47:34.365366,4.261424,3.126850,1.415299,-0.002971,1.413342,-0.002971,3.126850,0
2026-07-02 15:47:34.375869,4.263865,3.121669,1.415299,-0.002971,1.418524,-0.002971,3.121669,0
2026-07-02 15:47:34.375869,4.266298,3.126850,1.415299,-0.002971,1.413342,-0.002971,3.126850,0
2026-07-02 15:47:34.381575,4.268675,3.121669,1.415299,-0.002971,1.418524,-0.002971,3.121669,0
2026-07-02 15:47:34.381575,4.271148,3.121669,1.415299,-0.008152,1.413342,-0.008152,3.121669,0
2026-07-02 15:47:34.386257,4.273592,3.121669,1.415299,-0.002971,1.413342,-0.002971,3.121669,0
2026-07-02 15:47:34.387185,4.275950,3.126850,1.415299,-0.008152,1.413342,-0.008152,3.126850,0
2026-07-02 15:47:34.391904,4.278277,3.126850,1.415299,-0.002971,1.413342,-0.002971,3.126850,0
2026-07-02 15:47:34.392738,4.281492,3.126850,1.415299,-0.008152,1.413342,-0.008152,3.126850,0
2026-07-02 15:47:34.396500,4.283833,3.126850,1.415299,-0.002971,1.413342,-0.002971,3.126850,0
2026-07-02 15:47:34.396500,4.286255,3.132032,1.415299,-0.008152,1.418524,-0.008152,3.132032,0
2026-07-02 15:47:34.396500,4.288719,3.121669,1.415299,-0.008152,1.413342,-0.008152,3.121669,0
2026-07-02 15:47:34.396500,4.291098,3.126850,1.415299,-0.002971,1.413342,-0.002971,3.126850,0
2026-07-02 15:47:34.396500,4.293396,3.116488,1.415299,-0.002971,1.413342,-0.002971,3.116488,0
2026-07-02 15:47:34.406745,4.295798,3.126850,1.415299,-0.002971,1.418524,-0.002971,3.126850,0
2026-07-02 15:47:34.406745,4.298153,3.132032,1.415299,-0.002971,1.413342,-0.002971,3.132032,0
2026-07-02 15:47:34.406745,4.300516,3.126850,1.415299,-0.002971,1.413342,-0.002971,3.126850,0
2026-07-02 15:47:34.406745,4.302807,3.126850,1.415299,-0.002971,1.418524,-0.002971,3.126850,0
2026-07-02 15:47:34.417053,4.305241,3.121669,1.415299,-0.002971,1.418524,-0.002971,3.121669,0
2026-07-02 15:47:34.420084,4.307781,3.126850,1.415299,-0.002971,1.413342,-0.002971,3.126850,0
2026-07-02 15:47:34.423438,4.310214,3.121669,1.415299,-0.002971,1.413342,-0.002971,3.121669,0
2026-07-02 15:47:34.423438,4.312696,3.126850,1.415299,-0.002971,1.418524,-0.002971,3.126850,0
2026-07-02 15:47:34.427536,4.315264,3.126850,1.415299,-0.002971,1.413342,-0.002971,3.126850,0
2026-07-02 15:47:34.427536,4.317651,3.132032,1.415299,-0.002971,1.413342,-0.002971,3.132032,0
2026-07-02 15:47:34.427536,4.319963,3.121669,1.415299,-0.002971,1.418524,-0.002971,3.121669,0
2026-07-02 15:47:34.427536,4.322343,3.126850,1.415299,-0.002971,1.413342,-0.002971,3.126850,0
2026-07-02 15:47:34.437557,4.324744,3.126850,1.415299,-0.008152,1.413342,-0.008152,3.126850,0
2026-07-02 15:47:34.437557,4.327104,3.126850,1.415299,-0.002971,1.418524,-0.002971,3.126850,0
2026-07-02 15:47:34.437557,4.329627,3.126850,1.415299,-0.002971,1.413342,-0.002971,3.126850,0
2026-07-02 15:47:34.437557,4.332070,3.126850,1.415299,-0.002971,1.413342,-0.002971,3.126850,0
2026-07-02 15:47:34.447570,4.334623,3.126850,1.415299,-0.002971,1.418524,-0.002971,3.126850,0
2026-07-02 15:47:34.449013,4.337345,3.121669,1.415299,-0.008152,1.413342,-0.008152,3.121669,0
2026-07-02 15:47:34.451088,4.339850,3.116488,1.415299,-0.002971,1.413342,-0.002971,3.116488,0
2026-07-02 15:47:34.454107,4.342293,3.121669,1.415299,-0.008152,1.413342,-0.008152,3.121669,0
2026-07-02 15:47:34.457628,4.344731,3.116488,1.415299,-0.002971,1.413342,-0.002971,3.116488,0
2026-07-02 15:47:34.458320,4.347071,3.126850,1.415299,-0.002971,1.418524,-0.002971,3.126850,0
2026-07-02 15:47:34.458320,4.349416,3.121669,1.415299,-0.002971,1.413342,-0.002971,3.121669,0
2026-07-02 15:47:34.458320,4.351836,3.126850,1.415299,-0.002971,1.413342,-0.002971,3.126850,0
2026-07-02 15:47:34.458320,4.354207,3.126850,1.415299,-0.002971,1.413342,-0.002971,3.126850,0
2026-07-02 15:47:34.467969,4.356619,3.121669,1.415299,-0.002971,1.418524,-0.002971,3.121669,0
2026-07-02 15:47:34.470695,4.359019,3.121669,1.415299,-0.008152,1.418524,-0.008152,3.121669,0
2026-07-02 15:47:34.473082,4.361433,3.116488,1.415299,-0.002971,1.418524,-0.002971,3.116488,0
2026-07-02 15:47:34.476159,4.363780,3.126850,1.415299,-0.002971,1.413342,-0.002971,3.126850,0
2026-07-02 15:47:34.478928,4.366151,3.121669,1.415299,-0.002971,1.418524,-0.002971,3.121669,0
2026-07-02 15:47:34.479642,4.368707,3.126850,1.415299,-0.002971,1.413342,-0.002971,3.126850,0
2026-07-02 15:47:34.482156,4.371097,3.116488,1.415299,-0.002971,1.413342,-0.002971,3.116488,0
2026-07-02 15:47:34.484723,4.373389,3.126850,1.415299,-0.008152,1.418524,-0.008152,3.126850,0
2026-07-02 15:47:34.488318,4.375740,3.116488,1.415299,-0.002971,1.413342,-0.002971,3.116488,0
2026-07-02 15:47:34.488318,4.377980,3.126850,1.415299,-0.002971,1.413342,-0.002971,3.126850,0
2026-07-02 15:47:34.493022,4.380394,3.121669,1.415299,-0.008152,1.418524,-0.008152,3.121669,0
2026-07-02 15:47:34.493022,4.382690,3.121669,1.415299,-0.002971,1.418524,-0.002971,3.121669,0
2026-07-02 15:47:34.493022,4.385104,3.126850,1.415299,-0.002971,1.418524,-0.002971,3.126850,0
2026-07-02 15:47:34.498428,4.387506,3.116488,1.415299,-0.002971,1.413342,-0.002971,3.116488,0
2026-07-02 15:47:34.498428,4.389865,3.126850,1.415299,-0.002971,1.413342,-0.002971,3.126850,0
2026-07-02 15:47:34.498428,4.392298,3.132032,1.415299,-0.008152,1.418524,-0.008152,3.132032,0
2026-07-02 15:47:34.498428,4.394679,3.126850,1.415299,-0.002971,1.413342,-0.002971,3.126850,0
2026-07-02 15:47:34.508892,4.397138,3.132032,1.415299,-0.008152,1.413342,-0.008152,3.132032,0
2026-07-02 15:47:34.510985,4.399411,3.126850,1.415299,-0.002971,1.413342,-0.002971,3.126850,0
2026-07-02 15:47:34.513501,4.401700,3.126850,1.415299,-0.002971,1.413342,-0.002971,3.126850,0
2026-07-02 15:47:34.513501,4.403958,3.132032,1.415299,-0.008152,1.418524,-0.008152,3.132032,0
2026-07-02 15:47:34.519091,4.406371,3.116488,1.415299,-0.002971,1.418524,-0.002971,3.116488,0
2026-07-02 15:47:34.520103,4.408757,3.132032,1.415299,-0.008152,1.413342,-0.008152,3.132032,0
2026-07-02 15:47:34.520103,4.411105,3.126850,1.415299,-0.002971,1.413342,-0.002971,3.126850,0
2026-07-02 15:47:34.520103,4.413543,3.121669,1.415299,-0.002971,1.413342,-0.002971,3.121669,0
2026-07-02 15:47:34.520103,4.416007,3.126850,1.415299,-0.002971,1.413342,-0.002971,3.126850,0
2026-07-02 15:47:34.529248,4.418449,3.121669,1.415299,-0.002971,1.413342,-0.002971,3.121669,0
2026-07-02 15:47:34.529248,4.420857,3.121669,1.415299,-0.002971,1.418524,-0.002971,3.121669,0
2026-07-02 15:47:34.529248,4.423272,3.132032,1.415299,-0.008152,1.418524,-0.008152,3.132032,0
2026-07-02 15:47:34.529248,4.425626,3.126850,1.415299,-0.002971,1.413342,-0.002971,3.126850,0
2026-07-02 15:47:34.540645,4.427835,3.126850,1.415299,-0.002971,1.413342,-0.002971,3.126850,0
2026-07-02 15:47:34.542652,4.430051,3.132032,1.415299,-0.002971,1.413342,-0.002971,3.132032,0
2026-07-02 15:47:34.543361,4.432301,3.121669,1.415299,-0.002971,1.418524,-0.002971,3.121669,0
2026-07-02 15:47:34.543361,4.434563,3.126850,1.415299,-0.002971,1.413342,-0.002971,3.126850,0
2026-07-02 15:47:34.543361,4.436805,3.126850,1.415299,-0.002971,1.418524,-0.002971,3.126850,0
2026-07-02 15:47:34.550642,4.439412,3.121669,1.415299,-0.002971,1.418524,-0.002971,3.121669,0
2026-07-02 15:47:34.550642,4.441651,3.132032,1.415299,-0.002971,1.413342,-0.002971,3.132032,0
2026-07-02 15:47:34.550642,4.443883,3.126850,1.415299,-0.002971,1.413342,-0.002971,3.126850,0
2026-07-02 15:47:34.550642,4.446103,3.132032,1.415299,-0.008152,1.418524,-0.008152,3.132032,0
2026-07-02 15:47:34.560165,4.448327,3.121669,1.415299,-0.008152,1.413342,-0.008152,3.121669,0
2026-07-02 15:47:34.560165,4.450646,3.121669,1.415299,-0.002971,1.413342,-0.002971,3.121669,0
2026-07-02 15:47:34.560165,4.452895,3.126850,1.415299,-0.002971,1.418524,-0.002971,3.126850,0
2026-07-02 15:47:34.560165,4.455139,3.126850,1.415299,-0.002971,1.413342,-0.002971,3.126850,0
2026-07-02 15:47:34.570233,4.457358,3.132032,1.415299,-0.008152,1.418524,-0.008152,3.132032,0
2026-07-02 15:47:34.572251,4.459870,3.126850,1.415299,-0.002971,1.413342,-0.002971,3.126850,0
2026-07-02 15:47:34.574270,4.462205,3.126850,1.415299,-0.008152,1.413342,-0.008152,3.126850,0
2026-07-02 15:47:34.574270,4.464753,3.126850,1.415299,-0.002971,1.413342,-0.002971,3.126850,0
2026-07-02 15:47:34.574270,4.467139,3.126850,1.415299,-0.002971,1.418524,-0.002971,3.126850,0
2026-07-02 15:47:34.582544,4.469383,3.121669,1.415299,-0.008152,1.418524,-0.008152,3.121669,0
2026-07-02 15:47:34.582544,4.471893,3.132032,1.415299,-0.008152,1.418524,-0.008152,3.132032,0
2026-07-02 15:47:34.582544,4.474601,3.121669,1.415299,-0.002971,1.418524,-0.002971,3.121669,0
2026-07-02 15:47:34.582544,4.476959,3.121669,1.415299,-0.002971,1.418524,-0.002971,3.121669,0
2026-07-02 15:47:34.590814,4.479351,3.126850,1.415299,-0.008152,1.413342,-0.008152,3.126850,0
2026-07-02 15:47:34.590814,4.481772,3.121669,1.410120,-0.002971,1.418524,-0.002971,3.121669,0
2026-07-02 15:47:34.590814,4.484177,3.132032,1.415299,-0.002971,1.418524,-0.002971,3.132032,0
2026-07-02 15:47:34.590814,4.486606,3.132032,1.415299,-0.008152,1.413342,-0.008152,3.132032,0
2026-07-02 15:47:34.600916,4.488937,3.121669,1.415299,-0.008152,1.413342,-0.008152,3.121669,0
2026-07-02 15:47:34.603035,4.491396,3.121669,1.415299,-0.008152,1.413342,-0.008152,3.121669,0
2026-07-02 15:47:34.605043,4.493811,3.126850,1.415299,-0.002971,1.418524,-0.002971,3.126850,0
2026-07-02 15:47:34.608568,4.496233,3.116488,1.415299,-0.002971,1.413342,-0.002971,3.116488,0
2026-07-02 15:47:34.610821,4.498717,3.121669,1.415299,-0.002971,1.413342,-0.002971,3.121669,0
2026-07-02 15:47:34.610821,4.501126,3.126850,1.415299,-0.002971,1.413342,-0.002971,3.126850,0
2026-07-02 15:47:34.610821,4.503521,3.126850,1.415299,-0.002971,1.413342,-0.002971,3.126850,0
2026-07-02 15:47:34.618921,4.505869,3.126850,1.415299,-0.002971,1.413342,-0.002971,3.126850,0
2026-07-02 15:47:34.620446,4.508270,3.116488,1.415299,-0.002971,1.413342,-0.002971,3.116488,0
2026-07-02 15:47:34.623055,4.510666,3.126850,1.415299,-0.008152,1.418524,-0.008152,3.126850,0
2026-07-02 15:47:34.625627,4.513032,3.126850,1.415299,-0.008152,1.418524,-0.008152,3.126850,0
2026-07-02 15:47:34.627643,4.515478,3.126850,1.415299,-0.002971,1.418524,-0.002971,3.126850,0
2026-07-02 15:47:34.634702,4.517834,3.126850,1.415299,-0.002971,1.413342,-0.002971,3.126850,0
2026-07-02 15:47:34.636254,4.524179,3.126850,1.415299,-0.008152,1.413342,-0.008152,3.126850,0
2026-07-02 15:47:34.638265,4.526572,3.126850,1.415299,-0.002971,1.418524,-0.002971,3.126850,0
2026-07-02 15:47:34.642293,4.529033,3.126850,1.415299,-0.002971,1.418524,-0.002971,3.126850,0
2026-07-02 15:47:34.644308,4.531578,3.132032,1.415299,-0.002971,1.413342,-0.002971,3.132032,0
2026-07-02 15:47:34.646325,4.533979,3.121669,1.415299,-0.002971,1.418524,-0.002971,3.121669,0
2026-07-02 15:47:34.648337,4.536394,3.132032,1.415299,-0.002971,1.413342,-0.002971,3.132032,0
2026-07-02 15:47:34.651528,4.538816,3.132032,1.415299,-0.002971,1.418524,-0.002971,3.132032,0
2026-07-02 15:47:34.653541,4.541309,3.126850,1.415299,-0.002971,1.413342,-0.002971,3.126850,0
2026-07-02 15:47:34.655551,4.543774,3.126850,1.415299,-0.008152,1.418524,-0.008152,3.126850,0
2026-07-02 15:47:34.657556,4.546202,3.121669,1.415299,-0.002971,1.418524,-0.002971,3.121669,0
2026-07-02 15:47:34.661256,4.548620,3.121669,1.415299,-0.002971,1.413342,-0.002971,3.121669,0
2026-07-02 15:47:34.663273,4.551033,3.126850,1.415299,-0.002971,1.413342,-0.002971,3.126850,0
2026-07-02 15:47:34.665287,4.553441,3.126850,1.415299,-0.008152,1.418524,-0.008152,3.126850,0
2026-07-02 15:47:34.667304,4.556320,3.121669,1.415299,-0.002971,1.413342,-0.002971,3.121669,0
2026-07-02 15:47:34.670638,4.558824,3.121669,1.415299,-0.002971,1.413342,-0.002971,3.121669,0
2026-07-02 15:47:34.672658,4.561304,3.121669,1.415299,-0.002971,1.418524,-0.002971,3.121669,0
2026-07-02 15:47:34.676692,4.563954,3.121669,1.415299,-0.002971,1.413342,-0.002971,3.121669,0
2026-07-02 15:47:34.678708,4.566390,3.116488,1.415299,-0.002971,1.413342,-0.002971,3.116488,0
2026-07-02 15:47:34.680720,4.568797,3.126850,1.415299,-0.002971,1.413342,-0.002971,3.126850,0
2026-07-02 15:47:34.682730,4.571242,3.126850,1.415299,-0.008152,1.413342,-0.008152,3.126850,0
2026-07-02 15:47:34.685783,4.573643,3.126850,1.415299,-0.002971,1.418524,-0.002971,3.126850,0
2026-07-02 15:47:34.689032,4.576084,3.121669,1.415299,-0.002971,1.413342,-0.002971,3.121669,0
2026-07-02 15:47:34.690768,4.578535,3.126850,1.415299,-0.008152,1.413342,-0.008152,3.126850,0
2026-07-02 15:47:34.694041,4.581608,3.116488,1.410120,-0.002971,1.418524,-0.002971,3.116488,0
2026-07-02 15:47:34.695222,4.583965,3.121669,1.415299,-0.002971,1.413342,-0.002971,3.121669,0
2026-07-02 15:47:34.698054,4.586438,3.126850,1.415299,-0.008152,1.413342,-0.008152,3.126850,0
2026-07-02 15:47:34.701084,4.588830,3.126850,1.415299,-0.002971,1.413342,-0.002971,3.126850,0
2026-07-02 15:47:34.703047,4.591257,3.126850,1.415299,-0.002971,1.413342,-0.002971,3.126850,0
2026-07-02 15:47:34.705565,4.593759,3.126850,1.415299,-0.002971,1.413342,-0.002971,3.126850,0
2026-07-02 15:47:34.705565,4.596237,3.121669,1.415299,-0.002971,1.413342,-0.002971,3.121669,0
2026-07-02 15:47:34.711412,4.598658,3.126850,1.415299,-0.002971,1.413342,-0.002971,3.126850,0
2026-07-02 15:47:34.712828,4.601037,3.126850,1.415299,-0.002971,1.413342,-0.002971,3.126850,0
2026-07-02 15:47:34.714842,4.603489,3.121669,1.415299,-0.002971,1.413342,-0.002971,3.121669,0
2026-07-02 15:47:34.718044,4.606608,3.121669,1.415299,-0.002971,1.413342,-0.002971,3.121669,0
2026-07-02 15:47:34.724705,4.609055,3.132032,1.415299,-0.002971,1.418524,-0.002971,3.132032,0
2026-07-02 15:47:34.727227,4.615304,3.121669,1.415299,-0.002971,1.413342,-0.002971,3.121669,0
2026-07-02 15:47:34.729466,4.617763,3.121669,1.415299,-0.002971,1.413342,-0.002971,3.121669,0
2026-07-02 15:47:34.731682,4.620108,3.126850,1.415299,-0.008152,1.418524,-0.008152,3.126850,0
2026-07-02 15:47:34.735263,4.623665,3.116488,1.415299,-0.002971,1.418524,-0.002971,3.116488,0
2026-07-02 15:47:34.737505,4.625930,3.126850,1.415299,-0.008152,1.418524,-0.008152,3.126850,0
2026-07-02 15:47:34.742087,4.628215,3.116488,1.415299,-0.002971,1.418524,-0.002971,3.116488,0
2026-07-02 15:47:34.743261,4.631937,3.126850,1.415299,-0.008152,1.418524,-0.008152,3.126850,0
2026-07-02 15:47:34.745779,4.634176,3.132032,1.415299,-0.008152,1.413342,-0.008152,3.132032,0
2026-07-02 15:47:34.748303,4.636424,3.126850,1.415299,-0.008152,1.413342,-0.008152,3.126850,0
2026-07-02 15:47:34.751092,4.638829,3.126850,1.415299,-0.008152,1.413342,-0.008152,3.126850,0
2026-07-02 15:47:34.753148,4.641165,3.121669,1.415299,-0.002971,1.413342,-0.002971,3.121669,0
2026-07-02 15:47:34.755724,4.643499,3.132032,1.415299,-0.002971,1.418524,-0.002971,3.132032,0
2026-07-02 15:47:34.757124,4.645870,3.126850,1.415299,-0.002971,1.418524,-0.002971,3.126850,0
2026-07-02 15:47:34.759977,4.648287,3.126850,1.415299,-0.002971,1.418524,-0.002971,3.126850,0
2026-07-02 15:47:34.762500,4.650590,3.126850,1.415299,-0.008152,1.413342,-0.008152,3.126850,0
2026-07-02 15:47:34.765062,4.652972,3.132032,1.415299,-0.002971,1.413342,-0.002971,3.132032,0
2026-07-02 15:47:34.767072,4.655204,3.126850,1.415299,-0.002971,1.413342,-0.002971,3.126850,0
2026-07-02 15:47:34.769063,4.657471,3.132032,1.415299,-0.008152,1.418524,-0.008152,3.132032,0
2026-07-02 15:47:34.772284,4.659727,3.116488,1.415299,-0.002971,1.413342,-0.002971,3.116488,0
2026-07-02 15:47:34.774890,4.662034,3.126850,1.415299,-0.002971,1.418524,-0.002971,3.126850,0
2026-07-02 15:47:34.774890,4.664845,3.126850,1.415299,-0.008152,1.413342,-0.008152,3.126850,0
2026-07-02 15:47:34.778731,4.667141,3.132032,1.415299,-0.002971,1.413342,-0.002971,3.132032,0
2026-07-02 15:47:34.780926,4.669350,3.126850,1.415299,-0.008152,1.413342,-0.008152,3.126850,0
2026-07-02 15:47:34.784199,4.671651,3.126850,1.415299,-0.002971,1.413342,-0.002971,3.126850,0
2026-07-02 15:47:34.785503,4.673926,3.116488,1.415299,-0.008152,1.413342,-0.008152,3.116488,0
2026-07-02 15:47:34.785503,4.676192,3.126850,1.415299,-0.002971,1.413342,-0.002971,3.126850,0
2026-07-02 15:47:34.792062,4.678465,3.126850,1.415299,-0.008152,1.413342,-0.008152,3.126850,0
2026-07-02 15:47:34.793070,4.681374,3.126850,1.415299,-0.002971,1.413342,-0.002971,3.126850,0
2026-07-02 15:47:34.796007,4.683622,3.126850,1.415299,-0.002971,1.418524,-0.002971,3.126850,0
2026-07-02 15:47:34.798532,4.685903,3.116488,1.415299,-0.002971,1.413342,-0.002971,3.116488,0
2026-07-02 15:47:34.799531,4.688259,3.126850,1.415299,-0.002971,1.413342,-0.002971,3.126850,0
2026-07-02 15:47:34.803428,4.690544,3.121669,1.415299,-0.002971,1.413342,-0.002971,3.121669,0
2026-07-02 15:47:34.804491,4.692940,3.116488,1.415299,-0.002971,1.418524,-0.002971,3.116488,0
2026-07-02 15:47:34.804491,4.695207,3.121669,1.415299,-0.002971,1.418524,-0.002971,3.121669,0
2026-07-02 15:47:34.804491,4.697412,3.126850,1.415299,-0.002971,1.413342,-0.002971,3.126850,0
2026-07-02 15:47:34.812512,4.699702,3.121669,1.415299,-0.002971,1.413342,-0.002971,3.121669,0
2026-07-02 15:47:34.813527,4.701951,3.126850,1.415299,-0.008152,1.418524,-0.008152,3.126850,0
2026-07-02 15:47:34.813527,4.704158,3.126850,1.415299,-0.002971,1.418524,-0.002971,3.126850,0
2026-07-02 15:47:34.813527,4.706359,3.126850,1.415299,-0.002971,1.418524,-0.002971,3.126850,0
2026-07-02 15:47:34.820918,4.708741,3.126850,1.415299,-0.002971,1.413342,-0.002971,3.126850,0
2026-07-02 15:47:34.823972,4.711035,3.121669,1.415299,-0.002971,1.418524,-0.002971,3.121669,0
2026-07-02 15:47:34.826730,4.714639,3.121669,1.415299,-0.002971,1.413342,-0.002971,3.121669,0
2026-07-02 15:47:34.828737,4.716949,3.126850,1.415299,-0.008152,1.413342,-0.008152,3.126850,0
2026-07-02 15:47:34.828737,4.719203,3.121669,1.415299,-0.002971,1.413342,-0.002971,3.121669,0
2026-07-02 15:47:34.833614,4.721375,3.121669,1.415299,-0.002971,1.413342,-0.002971,3.121669,0
2026-07-02 15:47:34.834880,4.723600,3.126850,1.415299,-0.002971,1.418524,-0.002971,3.126850,0
2026-07-02 15:47:34.838896,4.725898,3.121669,1.415299,-0.002971,1.413342,-0.002971,3.121669,0
2026-07-02 15:47:34.840902,4.728118,3.126850,1.415299,-0.002971,1.418524,-0.002971,3.126850,0
2026-07-02 15:47:34.842908,4.730300,3.121669,1.415299,-0.002971,1.418524,-0.002971,3.121669,0
2026-07-02 15:47:34.844638,4.732476,3.126850,1.415299,-0.002971,1.413342,-0.002971,3.126850,0
2026-07-02 15:47:34.844638,4.734768,3.126850,1.415299,-0.002971,1.418524,-0.002971,3.126850,0
2026-07-02 15:47:34.849922,4.737095,3.121669,1.415299,-0.002971,1.418524,-0.002971,3.121669,0
2026-07-02 15:47:34.849922,4.739294,3.126850,1.415299,-0.002971,1.413342,-0.002971,3.126850,0
2026-07-02 15:47:34.854365,4.741584,3.126850,1.415299,-0.002971,1.413342,-0.002971,3.126850,0
2026-07-02 15:47:34.856485,4.744019,3.126850,1.415299,-0.002971,1.413342,-0.002971,3.126850,0
2026-07-02 15:47:34.858796,4.746331,3.126850,1.415299,-0.002971,1.418524,-0.002971,3.126850,0
2026-07-02 15:47:34.858796,4.748678,3.116488,1.415299,-0.002971,1.413342,-0.002971,3.116488,0
2026-07-02 15:47:34.862819,4.751033,3.126850,1.415299,-0.008152,1.413342,-0.008152,3.126850,0
2026-07-02 15:47:34.862819,4.753444,3.121669,1.410120,-0.002971,1.418524,-0.002971,3.121669,0
2026-07-02 15:47:34.866719,4.755627,3.126850,1.415299,-0.002971,1.413342,-0.002971,3.126850,0
2026-07-02 15:47:34.866719,4.757992,3.126850,1.415299,-0.008152,1.413342,-0.008152,3.126850,0
2026-07-02 15:47:34.872887,4.760529,3.126850,1.415299,-0.002971,1.413342,-0.002971,3.126850,0
2026-07-02 15:47:34.874184,4.762900,3.121669,1.415299,-0.002971,1.413342,-0.002971,3.121669,0
2026-07-02 15:47:34.878205,4.765326,3.126850,1.415299,-0.002971,1.413342,-0.002971,3.126850,0
2026-07-02 15:47:34.880216,4.767676,3.126850,1.415299,-0.002971,1.413342,-0.002971,3.126850,0
2026-07-02 15:47:34.882230,4.770112,3.121669,1.415299,-0.002971,1.413342,-0.002971,3.121669,0
2026-07-02 15:47:34.884753,4.772351,3.126850,1.415299,-0.008152,1.418524,-0.008152,3.126850,0
2026-07-02 15:47:34.886769,4.774733,3.132032,1.415299,-0.008152,1.418524,-0.008152,3.132032,0
2026-07-02 15:47:34.886769,4.777088,3.126850,1.415299,-0.008152,1.413342,-0.008152,3.126850,0
2026-07-02 15:47:34.886769,4.779563,3.121669,1.415299,-0.002971,1.413342,-0.002971,3.121669,0
2026-07-02 15:47:34.893318,4.782000,3.126850,1.415299,-0.002971,1.413342,-0.002971,3.126850,0
2026-07-02 15:47:34.893318,4.784387,3.126850,1.415299,-0.008152,1.418524,-0.008152,3.126850,0
2026-07-02 15:47:34.893318,4.786842,3.121669,1.415299,-0.002971,1.418524,-0.002971,3.121669,0
2026-07-02 15:47:34.893318,4.789698,3.126850,1.415299,-0.008152,1.418524,-0.008152,3.126850,0
2026-07-02 15:47:34.903503,4.792136,3.126850,1.415299,-0.008152,1.418524,-0.008152,3.126850,0
2026-07-02 15:47:34.907912,4.794803,3.121669,1.415299,-0.002971,1.418524,-0.002971,3.121669,0
2026-07-02 15:47:34.908756,4.797341,3.121669,1.415299,-0.002971,1.413342,-0.002971,3.121669,0
2026-07-02 15:47:34.912776,4.799797,3.132032,1.415299,-0.002971,1.413342,-0.002971,3.132032,0
2026-07-02 15:47:34.915711,4.802144,3.121669,1.415299,-0.002971,1.413342,-0.002971,3.121669,0
2026-07-02 15:47:34.918476,4.805379,3.126850,1.415299,-0.002971,1.413342,-0.002971,3.126850,0
2026-07-02 15:47:34.919720,4.807781,3.126850,1.415299,-0.002971,1.418524,-0.002971,3.126850,0
2026-07-02 15:47:34.921809,4.810268,3.126850,1.415299,-0.002971,1.413342,-0.002971,3.126850,0
2026-07-02 15:47:34.925280,4.812754,3.116488,1.415299,-0.002971,1.413342,-0.002971,3.116488,0
2026-07-02 15:47:34.927296,4.815150,3.126850,1.415299,-0.002971,1.413342,-0.002971,3.126850,0
2026-07-02 15:47:34.930542,4.817583,3.126850,1.415299,-0.002971,1.413342,-0.002971,3.126850,0
2026-07-02 15:47:34.933791,4.820025,3.132032,1.415299,-0.002971,1.418524,-0.002971,3.132032,0
2026-07-02 15:47:34.936644,4.823585,3.121669,1.415299,-0.002971,1.413342,-0.002971,3.121669,0
2026-07-02 15:47:34.938030,4.826032,3.126850,1.415299,-0.002971,1.418524,-0.002971,3.126850,0
2026-07-02 15:47:34.940038,4.828455,3.126850,1.415299,-0.002971,1.413342,-0.002971,3.126850,0
2026-07-02 15:47:34.942044,4.830780,3.126850,1.415299,-0.002971,1.418524,-0.002971,3.126850,0
2026-07-02 15:47:34.944741,4.833193,3.126850,1.415299,-0.002971,1.413342,-0.002971,3.126850,0
2026-07-02 15:47:34.948764,4.835718,3.132032,1.415299,-0.002971,1.413342,-0.002971,3.132032,0
2026-07-02 15:47:34.949873,4.838135,3.126850,1.415299,-0.002971,1.418524,-0.002971,3.126850,0
2026-07-02 15:47:34.952390,4.840574,3.126850,1.415299,-0.002971,1.413342,-0.002971,3.126850,0
2026-07-02 15:47:34.954794,4.843030,3.126850,1.415299,-0.008152,1.413342,-0.008152,3.126850,0
2026-07-02 15:47:34.958732,4.845424,3.126850,1.415299,-0.008152,1.413342,-0.008152,3.126850,0
2026-07-02 15:47:34.959252,4.847996,3.132032,1.415299,-0.002971,1.418524,-0.002971,3.132032,0
2026-07-02 15:47:34.962143,4.850378,3.126850,1.415299,-0.002971,1.413342,-0.002971,3.126850,0
2026-07-02 15:47:34.966069,4.852783,3.126850,1.415299,-0.002971,1.413342,-0.002971,3.126850,0
2026-07-02 15:47:34.968084,4.855351,3.126850,1.415299,-0.002971,1.413342,-0.002971,3.126850,0
2026-07-02 15:47:34.969617,4.857883,3.126850,1.415299,-0.002971,1.413342,-0.002971,3.126850,0
2026-07-02 15:47:34.972183,4.860424,3.126850,1.415299,-0.008152,1.413342,-0.008152,3.126850,0
2026-07-02 15:47:34.975156,4.862866,3.126850,1.415299,-0.002971,1.413342,-0.002971,3.126850,0
2026-07-02 15:47:34.977173,4.865288,3.126850,1.415299,-0.008152,1.413342,-0.008152,3.126850,0
2026-07-02 15:47:34.979691,4.867746,3.126850,1.415299,-0.002971,1.418524,-0.002971,3.126850,0
2026-07-02 15:47:34.981698,4.870197,3.132032,1.415299,-0.008152,1.418524,-0.008152,3.132032,0
2026-07-02 15:47:34.985305,4.872500,3.116488,1.415299,-0.002971,1.413342,-0.002971,3.116488,0
2026-07-02 15:47:34.986503,4.874746,3.126850,1.415299,-0.002971,1.418524,-0.002971,3.126850,0
2026-07-02 15:47:34.988510,4.877209,3.126850,1.415299,-0.002971,1.413342,-0.002971,3.126850,0
2026-07-02 15:47:34.990522,4.879612,3.121669,1.415299,-0.008152,1.418524,-0.008152,3.121669,0
2026-07-02 15:47:34.994679,4.881947,3.121669,1.415299,-0.002971,1.413342,-0.002971,3.121669,0
2026-07-02 15:47:34.996187,4.884463,3.121669,1.415299,-0.002971,1.413342,-0.002971,3.121669,0
2026-07-02 15:47:34.999267,4.886875,3.126850,1.415299,-0.002971,1.413342,-0.002971,3.126850,0
2026-07-02 15:47:35.001425,4.889198,3.126850,1.415299,-0.002971,1.413342,-0.002971,3.126850,0
2026-07-02 15:47:35.003431,4.891676,3.116488,1.410120,-0.002971,1.413342,-0.002971,3.116488,0
2026-07-02 15:47:35.006373,4.894095,3.121669,1.415299,-0.002971,1.418524,-0.002971,3.121669,0
2026-07-02 15:47:35.008521,4.896521,3.126850,1.415299,-0.002971,1.413342,-0.002971,3.126850,0
2026-07-02 15:47:35.010530,4.898931,3.132032,1.415299,-0.002971,1.413342,-0.002971,3.132032,0
2026-07-02 15:47:35.014065,4.901343,3.121669,1.415299,-0.002971,1.418524,-0.002971,3.121669,0
2026-07-02 15:47:35.014954,4.903710,3.126850,1.415299,-0.002971,1.413342,-0.002971,3.126850,0
2026-07-02 15:47:35.017998,4.906738,3.132032,1.415299,-0.002971,1.418524,-0.002971,3.132032,0
2026-07-02 15:47:35.021373,4.909128,3.126850,1.415299,-0.008152,1.413342,-0.008152,3.126850,0
2026-07-02 15:47:35.025430,4.911586,3.126850,1.415299,-0.002971,1.413342,-0.002971,3.126850,0
2026-07-02 15:47:35.027954,4.915291,3.121669,1.415299,-0.002971,1.413342,-0.002971,3.121669,0
2026-07-02 15:47:35.028961,4.917733,3.126850,1.415299,-0.002971,1.413342,-0.002971,3.126850,0
2026-07-02 15:47:35.032518,4.920179,3.126850,1.415299,-0.002971,1.413342,-0.002971,3.126850,0
2026-07-02 15:47:35.038674,4.923103,3.132032,1.415299,-0.002971,1.413342,-0.002971,3.132032,0
2026-07-02 15:47:35.039481,4.927925,3.121669,1.415299,-0.002971,1.413342,-0.002971,3.121669,0
2026-07-02 15:47:35.041613,4.930327,3.132032,1.415299,-0.002971,1.418524,-0.002971,3.132032,0
2026-07-02 15:47:35.044210,4.932595,3.126850,1.415299,-0.002971,1.413342,-0.002971,3.126850,0
2026-07-02 15:47:35.049986,4.934766,3.121669,1.415299,-0.002971,1.413342,-0.002971,3.121669,0
2026-07-02 15:47:35.051996,4.940218,3.126850,1.415299,-0.002971,1.418524,-0.002971,3.126850,0
2026-07-02 15:47:35.054005,4.942552,3.126850,1.415299,-0.002971,1.413342,-0.002971,3.126850,0
2026-07-02 15:47:35.056014,4.944854,3.121669,1.415299,-0.002971,1.418524,-0.002971,3.121669,0
2026-07-02 15:47:35.060037,4.947127,3.126850,1.415299,-0.002971,1.413342,-0.002971,3.126850,0
2026-07-02 15:47:35.062049,4.949411,3.126850,1.415299,-0.002971,1.418524,-0.002971,3.126850,0
2026-07-02 15:47:35.064060,4.951699,3.126850,1.415299,-0.002971,1.418524,-0.002971,3.126850,0
2026-07-02 15:47:35.068085,4.954039,3.126850,1.415299,-0.008152,1.418524,-0.008152,3.126850,0
2026-07-02 15:47:35.072821,4.959166,3.121669,1.415299,-0.008152,1.418524,-0.008152,3.121669,0
2026-07-02 15:47:35.073652,4.962380,3.126850,1.415299,-0.002971,1.413342,-0.002971,3.126850,0
2026-07-02 15:47:35.076781,4.964741,3.126850,1.415299,-0.008152,1.413342,-0.008152,3.126850,0
2026-07-02 15:47:35.079299,4.967045,3.126850,1.415299,-0.002971,1.413342,-0.002971,3.126850,0
2026-07-02 15:47:35.081303,4.969273,3.126850,1.415299,-0.002971,1.413342,-0.002971,3.126850,0
2026-07-02 15:47:35.083314,4.971547,3.126850,1.415299,-0.002971,1.413342,-0.002971,3.126850,0
2026-07-02 15:47:35.086339,4.973810,3.126850,1.415299,-0.002971,1.418524,-0.002971,3.126850,0
2026-07-02 15:47:35.087297,4.976022,3.126850,1.415299,-0.008152,1.413342,-0.008152,3.126850,0
2026-07-02 15:47:35.089811,4.978248,3.126850,1.415299,-0.002971,1.418524,-0.002971,3.126850,0
2026-07-02 15:47:35.093222,4.980479,3.126850,1.415299,-0.008152,1.413342,-0.008152,3.126850,0
2026-07-02 15:47:35.095595,4.982795,3.121669,1.415299,-0.002971,1.413342,-0.002971,3.121669,0
2026-07-02 15:47:35.097188,4.985041,3.121669,1.415299,-0.002971,1.413342,-0.002971,3.121669,0
2026-07-02 15:47:35.100182,4.987405,3.132032,1.415299,-0.002971,1.413342,-0.002971,3.132032,0
2026-07-02 15:47:35.101912,4.989662,3.126850,1.415299,-0.002971,1.418524,-0.002971,3.126850,0
2026-07-02 15:47:35.103636,4.992036,3.132032,1.415299,-0.002971,1.413342,-0.002971,3.132032,0
2026-07-02 15:47:35.106340,4.994479,3.126850,1.415299,-0.002971,1.418524,-0.002971,3.126850,0
2026-07-02 15:47:35.108456,4.996893,3.126850,1.415299,-0.002971,1.418524,-0.002971,3.126850,0
2026-07-02 15:47:35.111472,4.999328,3.126850,1.415299,-0.002971,1.418524,-0.002971,3.126850,0
