horodatage,temps_s,AIN0,AIN1,AIN2,AIN3,courant,position,trigger
2026-07-02 15:51:24.203587,0.000001,8.147879,1.415299,-0.002971,1.413342,-0.002971,8.147879,0
2026-07-02 15:51:24.203587,0.002651,8.147879,1.415299,-0.002971,1.418524,-0.002971,8.147879,0
2026-07-02 15:51:24.203587,0.005150,8.147879,1.415299,-0.002971,1.418524,-0.002971,8.147879,0
2026-07-02 15:51:24.213695,0.007650,8.147879,1.415299,-0.002971,1.413342,-0.002971,8.147879,0
2026-07-02 15:51:24.213695,0.010104,8.147879,1.415299,-0.002971,1.418524,-0.002971,8.147879,0
2026-07-02 15:51:24.213695,0.012691,8.147879,1.415299,-0.002971,1.418524,-0.002971,8.147879,0
2026-07-02 15:51:24.221063,0.015198,8.147879,1.415299,-0.002971,1.418524,-0.002971,8.147879,0
2026-07-02 15:51:24.222978,0.017609,8.147879,1.415299,-0.002971,1.418524,-0.002971,8.147879,0
2026-07-02 15:51:24.226125,0.020030,8.147879,1.415299,-0.002971,1.413342,-0.002971,8.147879,0
2026-07-02 15:51:24.227280,0.022788,8.147879,1.415299,-0.002971,1.413342,-0.002971,8.147879,0
2026-07-02 15:51:24.227280,0.025199,8.147879,1.415299,-0.002971,1.418524,-0.002971,8.147879,0
2026-07-02 15:51:24.233063,0.027744,8.147879,1.415299,-0.002971,1.413342,-0.002971,8.147879,0
2026-07-02 15:51:24.233063,0.030350,8.147879,1.415299,-0.002971,1.413342,-0.002971,8.147879,0
2026-07-02 15:51:24.233063,0.032779,8.147879,1.415299,-0.002971,1.418524,-0.002971,8.147879,0
2026-07-02 15:51:24.241204,0.035177,8.147879,1.415299,-0.002971,1.418524,-0.002971,8.147879,0
2026-07-02 15:51:24.241204,0.037774,8.147879,1.415299,-0.002971,1.413342,-0.002971,8.147879,0
2026-07-02 15:51:24.241204,0.040263,8.147879,1.415299,-0.002971,1.418524,-0.002971,8.147879,0
2026-07-02 15:51:24.241204,0.042779,8.147879,1.415299,-0.002971,1.413342,-0.002971,8.147879,0
2026-07-02 15:51:24.249707,0.045159,8.147879,1.415299,-0.002971,1.413342,-0.002971,8.147879,0
2026-07-02 15:51:24.249707,0.047421,8.147879,1.415299,-0.002971,1.418524,-0.002971,8.147879,0
2026-07-02 15:51:24.249707,0.049652,8.147879,1.415299,-0.002971,1.413342,-0.002971,8.147879,0
2026-07-02 15:51:24.257827,0.051873,8.147879,1.415299,-0.002971,1.413342,-0.002971,8.147879,0
2026-07-02 15:51:24.257827,0.054168,8.147879,1.415299,-0.002971,1.413342,-0.002971,8.147879,0
2026-07-02 15:51:24.257827,0.056390,8.147879,1.415299,-0.002971,1.413342,-0.002971,8.147879,0
2026-07-02 15:51:24.257827,0.058593,8.142696,1.415299,-0.002971,1.413342,-0.002971,8.142696,0
2026-07-02 15:51:24.257827,0.060796,8.147879,1.415299,-0.002971,1.418524,-0.002971,8.147879,0
2026-07-02 15:51:24.268032,0.063032,8.147879,1.415299,-0.002971,1.418524,-0.002971,8.147879,0
2026-07-02 15:51:24.268032,0.065296,8.147879,1.415299,-0.002971,1.413342,-0.002971,8.147879,0
2026-07-02 15:51:24.268032,0.067559,8.147879,1.415299,-0.002971,1.413342,-0.002971,8.147879,0
2026-07-02 15:51:24.268032,0.069764,8.147879,1.415299,-0.002971,1.413342,-0.002971,8.147879,0
2026-07-02 15:51:24.268032,0.072001,8.147879,1.415299,-0.002971,1.418524,-0.002971,8.147879,0
2026-07-02 15:51:24.278102,0.074212,8.147879,1.415299,-0.002971,1.413342,-0.002971,8.147879,0
2026-07-02 15:51:24.278102,0.076519,8.147879,1.415299,-0.002971,1.413342,-0.002971,8.147879,0
2026-07-02 15:51:24.278102,0.078855,8.147879,1.415299,-0.002971,1.418524,-0.002971,8.147879,0
2026-07-02 15:51:24.278102,0.081176,8.147879,1.415299,-0.002971,1.413342,-0.002971,8.147879,0
2026-07-02 15:51:24.288257,0.083488,8.147879,1.415299,-0.002971,1.413342,-0.002971,8.147879,0
2026-07-02 15:51:24.288257,0.085935,8.147879,1.415299,-0.002971,1.413342,-0.002971,8.147879,0
2026-07-02 15:51:24.288257,0.088126,8.147879,1.415299,-0.002971,1.413342,-0.002971,8.147879,0
2026-07-02 15:51:24.288257,0.090332,8.147879,1.415299,-0.002971,1.413342,-0.002971,8.147879,0
2026-07-02 15:51:24.298336,0.092602,8.147879,1.415299,-0.002971,1.413342,-0.002971,8.147879,0
2026-07-02 15:51:24.298336,0.094881,8.147879,1.415299,-0.002971,1.413342,-0.002971,8.147879,0
2026-07-02 15:51:24.298336,0.097121,8.147879,1.415299,-0.002971,1.418524,-0.002971,8.147879,0
2026-07-02 15:51:24.298336,0.099312,8.147879,1.415299,-0.002971,1.418524,-0.002971,8.147879,0
2026-07-02 15:51:24.298336,0.101566,8.147879,1.415299,-0.002971,1.418524,-0.002971,8.147879,0
2026-07-02 15:51:24.308421,0.103789,8.142696,1.415299,-0.002971,1.413342,-0.002971,8.142696,0
2026-07-02 15:51:24.308421,0.106253,8.147879,1.415299,-0.002971,1.418524,-0.002971,8.147879,0
2026-07-02 15:51:24.308421,0.108702,8.147879,1.415299,-0.002971,1.413342,-0.002971,8.147879,0
2026-07-02 15:51:24.308421,0.111130,8.147879,1.415299,-0.002971,1.413342,-0.002971,8.147879,0
2026-07-02 15:51:24.318569,0.113387,8.147879,1.415299,-0.002971,1.413342,-0.002971,8.147879,0
2026-07-02 15:51:24.318569,0.115619,8.147879,1.415299,-0.002971,1.413342,-0.002971,8.147879,0
2026-07-02 15:51:24.323159,0.118016,8.147879,1.415299,-0.002971,1.418524,-0.002971,8.147879,0
2026-07-02 15:51:24.323159,0.120429,8.147879,1.415299,-0.002971,1.418524,-0.002971,8.147879,0
2026-07-02 15:51:24.328979,0.122813,8.147879,1.415299,-0.002971,1.413342,-0.002971,8.147879,0
2026-07-02 15:51:24.328979,0.125276,8.147879,1.415299,-0.002971,1.413342,-0.002971,8.147879,0
2026-07-02 15:51:24.328979,0.127867,8.147879,1.415299,-0.002971,1.413342,-0.002971,8.147879,0
2026-07-02 15:51:24.328979,0.130180,8.147879,1.415299,-0.002971,1.413342,-0.002971,8.147879,0
2026-07-02 15:51:24.328979,0.132649,8.147879,1.415299,-0.002971,1.413342,-0.002971,8.147879,0
2026-07-02 15:51:24.339055,0.135077,8.147879,1.415299,-0.002971,1.418524,-0.002971,8.147879,0
2026-07-02 15:51:24.339055,0.137608,8.147879,1.415299,-0.002971,1.413342,-0.002971,8.147879,0
2026-07-02 15:51:24.339055,0.139964,8.147879,1.415299,-0.002971,1.418524,-0.002971,8.147879,0
2026-07-02 15:51:24.339055,0.142250,8.147879,1.415299,-0.002971,1.413342,-0.002971,8.147879,0
2026-07-02 15:51:24.349205,0.144445,8.147879,1.415299,-0.002971,1.413342,-0.002971,8.147879,0
2026-07-02 15:51:24.349205,0.146606,8.147879,1.415299,-0.002971,1.413342,-0.002971,8.147879,0
2026-07-02 15:51:24.349205,0.148815,8.147879,1.415299,-0.002971,1.413342,-0.002971,8.147879,0
2026-07-02 15:51:24.349205,0.151014,8.147879,1.415299,-0.002971,1.418524,-0.002971,8.147879,0
2026-07-02 15:51:24.369374,0.153182,8.147879,1.415299,-0.002971,1.413342,-0.002971,8.147879,0
2026-07-02 15:51:24.379467,0.175101,8.147879,1.415299,-0.002971,1.413342,-0.002971,8.147879,0
2026-07-02 15:51:24.389508,0.185248,8.147879,1.415299,-0.002971,1.418524,-0.002971,8.147879,0
2026-07-02 15:51:24.394404,0.189228,8.147879,1.415299,-0.002971,1.418524,-0.002971,8.147879,0
2026-07-02 15:51:24.397770,0.191799,8.147879,1.415299,-0.002971,1.418524,-0.002971,8.147879,0
2026-07-02 15:51:24.402794,0.196573,8.147879,1.415299,-0.002971,1.418524,-0.002971,8.147879,0
2026-07-02 15:51:24.406006,0.199703,8.147879,1.415299,-0.002971,1.418524,-0.002971,8.147879,0
2026-07-02 15:51:24.406006,0.202242,8.147879,1.415299,-0.002971,1.413342,-0.002971,8.147879,0
2026-07-02 15:51:24.406006,0.204469,8.147879,1.415299,-0.002971,1.413342,-0.002971,8.147879,0
2026-07-02 15:51:24.406006,0.206700,8.147879,1.415299,-0.002971,1.418524,-0.002971,8.147879,0
2026-07-02 15:51:24.414049,0.208937,8.147879,1.415299,-0.002971,1.413342,-0.002971,8.147879,0
2026-07-02 15:51:24.414049,0.211247,8.147879,1.415299,-0.002971,1.413342,-0.002971,8.147879,0
2026-07-02 15:51:24.422137,0.213442,8.147879,1.415299,-0.002971,1.413342,-0.002971,8.147879,0
2026-07-02 15:51:24.424005,0.218982,8.147879,1.415299,-0.002971,1.413342,-0.002971,8.147879,0
2026-07-02 15:51:24.424005,0.221330,8.147879,1.415299,-0.002971,1.418524,-0.002971,8.147879,0
2026-07-02 15:51:24.429931,0.223609,8.147879,1.415299,-0.002971,1.418524,-0.002971,8.147879,0
2026-07-02 15:51:24.437303,0.226079,8.147879,1.415299,-0.002971,1.413342,-0.002971,8.147879,0
2026-07-02 15:51:24.437303,0.234275,8.147879,1.415299,-0.002971,1.413342,-0.002971,8.147879,0
2026-07-02 15:51:24.441530,0.236710,8.147879,1.415299,-0.002971,1.413342,-0.002971,8.147879,0
2026-07-02 15:51:24.441530,0.239053,8.147879,1.415299,-0.002971,1.413342,-0.002971,8.147879,0
2026-07-02 15:51:24.441530,0.241288,8.147879,1.415299,-0.002971,1.413342,-0.002971,8.147879,0
2026-07-02 15:51:24.450097,0.243570,8.147879,1.415299,-0.002971,1.413342,-0.002971,8.147879,0
2026-07-02 15:51:24.450097,0.246572,8.147879,1.415299,-0.002971,1.413342,-0.002971,8.147879,0
2026-07-02 15:51:24.450097,0.248982,8.147879,1.415299,-0.002971,1.413342,-0.002971,8.147879,0
2026-07-02 15:51:24.450097,0.251240,8.147879,1.415299,-0.008152,1.413342,-0.008152,8.147879,0
2026-07-02 15:51:24.458364,0.253515,8.147879,1.415299,-0.002971,1.413342,-0.002971,8.147879,0
2026-07-02 15:51:24.458364,0.255961,8.147879,1.415299,-0.002971,1.413342,-0.002971,8.147879,0
2026-07-02 15:51:24.458364,0.258197,8.147879,1.415299,-0.002971,1.418524,-0.002971,8.147879,0
2026-07-02 15:51:24.466515,0.260385,8.147879,1.415299,-0.002971,1.413342,-0.002971,8.147879,0
2026-07-02 15:51:24.466515,0.263602,8.142696,1.415299,-0.002971,1.413342,-0.002971,8.142696,0
2026-07-02 15:51:24.466515,0.265865,8.147879,1.415299,-0.002971,1.413342,-0.002971,8.147879,0
2026-07-02 15:51:24.475042,0.268333,8.147879,1.410120,-0.002971,1.413342,-0.002971,8.147879,0
2026-07-02 15:51:24.475042,0.272210,8.147879,1.415299,-0.002971,1.413342,-0.002971,8.147879,0
2026-07-02 15:51:24.475042,0.274477,8.147879,1.415299,-0.002971,1.413342,-0.002971,8.147879,0
2026-07-02 15:51:24.483392,0.276687,8.147879,1.415299,-0.002971,1.413342,-0.002971,8.147879,0
2026-07-02 15:51:24.483392,0.280233,8.142696,1.415299,-0.002971,1.413342,-0.002971,8.142696,0
2026-07-02 15:51:24.483392,0.282886,8.142696,1.415299,-0.002971,1.413342,-0.002971,8.142696,0
2026-07-02 15:51:24.491601,0.285158,8.147879,1.415299,-0.002971,1.413342,-0.002971,8.147879,0
2026-07-02 15:51:24.491601,0.288996,8.147879,1.415299,-0.002971,1.413342,-0.002971,8.147879,0
2026-07-02 15:51:24.491601,0.291341,8.147879,1.415299,-0.002971,1.413342,-0.002971,8.147879,0
2026-07-02 15:51:24.499925,0.293656,8.147879,1.415299,-0.002971,1.413342,-0.002971,8.147879,0
2026-07-02 15:51:24.499925,0.297161,8.147879,1.415299,-0.002971,1.413342,-0.002971,8.147879,0
2026-07-02 15:51:24.499925,0.299440,8.147879,1.415299,-0.002971,1.418524,-0.002971,8.147879,0
2026-07-02 15:51:24.507854,0.301715,8.147879,1.415299,-0.002971,1.413342,-0.002971,8.147879,0
2026-07-02 15:51:24.509799,0.305311,8.147879,1.415299,-0.002971,1.413342,-0.002971,8.147879,0
2026-07-02 15:51:24.509799,0.307766,8.147879,1.415299,-0.002971,1.413342,-0.002971,8.147879,0
2026-07-02 15:51:24.517418,0.310064,8.147879,1.415299,-0.002971,1.418524,-0.002971,8.147879,0
2026-07-02 15:51:24.517418,0.313745,8.147879,1.415299,-0.002971,1.413342,-0.002971,8.147879,0
2026-07-02 15:51:24.517418,0.316005,8.147879,1.415299,-0.002971,1.418524,-0.002971,8.147879,0
2026-07-02 15:51:24.526234,0.318260,8.147879,1.415299,-0.002971,1.413342,-0.002971,8.147879,0
2026-07-02 15:51:24.527752,0.322647,8.147879,1.415299,-0.002971,1.413342,-0.002971,8.147879,0
2026-07-02 15:51:24.527752,0.324965,8.147879,1.415299,-0.002971,1.418524,-0.002971,8.147879,0
2026-07-02 15:51:24.533669,0.327195,8.153061,1.415299,-0.002971,1.418524,-0.002971,8.153061,0
2026-07-02 15:51:24.533669,0.330261,8.153061,1.415299,-0.002971,1.418524,-0.002971,8.153061,0
2026-07-02 15:51:24.533669,0.332969,8.147879,1.415299,-0.002971,1.413342,-0.002971,8.147879,0
2026-07-02 15:51:24.545862,0.335234,8.147879,1.415299,-0.002971,1.418524,-0.002971,8.147879,0
2026-07-02 15:51:24.551036,0.342535,8.147879,1.415299,-0.002971,1.413342,-0.002971,8.147879,0
2026-07-02 15:51:24.551036,0.348599,8.147879,1.415299,-0.002971,1.413342,-0.002971,8.147879,0
2026-07-02 15:51:24.551036,0.350930,8.142696,1.410120,-0.002971,1.418524,-0.002971,8.142696,0
2026-07-02 15:51:24.558004,0.353304,8.147879,1.420479,-0.002971,1.418524,-0.002971,8.147879,0
2026-07-02 15:51:24.558004,0.355668,8.142696,1.415299,-0.002971,1.413342,-0.002971,8.142696,0
2026-07-02 15:51:24.558004,0.357930,8.147879,1.415299,-0.002971,1.418524,-0.002971,8.147879,0
2026-07-02 15:51:24.566104,0.360160,8.147879,1.415299,-0.002971,1.413342,-0.002971,8.147879,0
2026-07-02 15:51:24.566104,0.362862,8.142696,1.415299,-0.002971,1.413342,-0.002971,8.142696,0
2026-07-02 15:51:24.569479,0.365145,8.147879,1.415299,-0.002971,1.418524,-0.002971,8.147879,0
2026-07-02 15:51:24.569479,0.367365,8.147879,1.415299,-0.002971,1.413342,-0.002971,8.147879,0
2026-07-02 15:51:24.569479,0.369611,8.147879,1.415299,-0.002971,1.413342,-0.002971,8.147879,0
2026-07-02 15:51:24.576509,0.371898,8.147879,1.415299,-0.002971,1.413342,-0.002971,8.147879,0
2026-07-02 15:51:24.576509,0.374171,8.147879,1.415299,-0.002971,1.413342,-0.002971,8.147879,0
2026-07-02 15:51:24.576509,0.376420,8.142696,1.415299,-0.002971,1.413342,-0.002971,8.142696,0
2026-07-02 15:51:24.576509,0.378703,8.147879,1.415299,-0.002971,1.413342,-0.002971,8.147879,0
2026-07-02 15:51:24.586642,0.381013,8.147879,1.415299,-0.002971,1.418524,-0.002971,8.147879,0
2026-07-02 15:51:24.586642,0.383288,8.147879,1.415299,-0.002971,1.413342,-0.002971,8.147879,0
2026-07-02 15:51:24.586642,0.385546,8.147879,1.415299,-0.002971,1.413342,-0.002971,8.147879,0
2026-07-02 15:51:24.586642,0.387773,8.153061,1.415299,-0.002971,1.418524,-0.002971,8.153061,0
2026-07-02 15:51:24.586642,0.389993,8.147879,1.415299,-0.002971,1.413342,-0.002971,8.147879,0
2026-07-02 15:51:24.596719,0.392213,8.147879,1.415299,-0.002971,1.418524,-0.002971,8.147879,0
2026-07-02 15:51:24.596719,0.394523,8.147879,1.415299,-0.002971,1.413342,-0.002971,8.147879,0
2026-07-02 15:51:24.596719,0.396834,8.142696,1.415299,-0.002971,1.413342,-0.002971,8.142696,0
2026-07-02 15:51:24.596719,0.399070,8.142696,1.415299,-0.002971,1.418524,-0.002971,8.142696,0
2026-07-02 15:51:24.606778,0.401414,8.147879,1.415299,-0.002971,1.413342,-0.002971,8.147879,0
2026-07-02 15:51:24.606778,0.403727,8.147879,1.415299,-0.002971,1.413342,-0.002971,8.147879,0
2026-07-02 15:51:24.606778,0.406028,8.147879,1.415299,-0.002971,1.418524,-0.002971,8.147879,0
2026-07-02 15:51:24.606778,0.408380,8.147879,1.415299,-0.002971,1.418524,-0.002971,8.147879,0
2026-07-02 15:51:24.606778,0.410703,8.147879,1.415299,-0.002971,1.418524,-0.002971,8.147879,0
2026-07-02 15:51:24.621965,0.413716,8.147879,1.415299,-0.002971,1.413342,-0.002971,8.147879,0
2026-07-02 15:51:24.625590,0.418175,8.147879,1.415299,-0.002971,1.413342,-0.002971,8.147879,0
2026-07-02 15:51:24.629203,0.421880,8.147879,1.415299,-0.002971,1.413342,-0.002971,8.147879,0
2026-07-02 15:51:24.631881,0.426071,8.147879,1.415299,-0.002971,1.413342,-0.002971,8.147879,0
2026-07-02 15:51:24.635337,0.428948,8.147879,1.415299,-0.002971,1.418524,-0.002971,8.147879,0
2026-07-02 15:51:24.637003,0.431602,8.147879,1.415299,-0.002971,1.413342,-0.002971,8.147879,0
2026-07-02 15:51:24.637003,0.433840,8.147879,1.415299,-0.002971,1.413342,-0.002971,8.147879,0
2026-07-02 15:51:24.637003,0.436027,8.147879,1.415299,-0.002971,1.413342,-0.002971,8.147879,0
2026-07-02 15:51:24.637003,0.438275,8.147879,1.415299,-0.002971,1.418524,-0.002971,8.147879,0
2026-07-02 15:51:24.637003,0.440472,8.147879,1.415299,-0.002971,1.413342,-0.002971,8.147879,0
2026-07-02 15:51:24.647041,0.442951,8.147879,1.415299,-0.002971,1.413342,-0.002971,8.147879,0
2026-07-02 15:51:24.647041,0.448247,8.147879,1.415299,-0.002971,1.413342,-0.002971,8.147879,0
2026-07-02 15:51:24.657128,0.451040,8.142696,1.415299,-0.002971,1.413342,-0.002971,8.142696,0
2026-07-02 15:51:24.658646,0.453503,8.147879,1.415299,-0.002971,1.413342,-0.002971,8.147879,0
2026-07-02 15:51:24.661323,0.455733,8.147879,1.415299,-0.002971,1.413342,-0.002971,8.147879,0
2026-07-02 15:51:24.661323,0.457944,8.147879,1.415299,-0.002971,1.413342,-0.002971,8.147879,0
2026-07-02 15:51:24.661323,0.460168,8.147879,1.415299,-0.002971,1.413342,-0.002971,8.147879,0
2026-07-02 15:51:24.667373,0.462402,8.147879,1.415299,-0.002971,1.418524,-0.002971,8.147879,0
2026-07-02 15:51:24.667373,0.464711,8.147879,1.415299,-0.002971,1.418524,-0.002971,8.147879,0
2026-07-02 15:51:24.672155,0.467045,8.147879,1.415299,-0.002971,1.413342,-0.002971,8.147879,0
2026-07-02 15:51:24.672155,0.469459,8.147879,1.415299,-0.002971,1.413342,-0.002971,8.147879,0
2026-07-02 15:51:24.677714,0.471955,8.147879,1.415299,-0.002971,1.413342,-0.002971,8.147879,0
2026-07-02 15:51:24.678759,0.474570,8.147879,1.415299,-0.002971,1.413342,-0.002971,8.147879,0
2026-07-02 15:51:24.678759,0.477024,8.147879,1.415299,-0.002971,1.413342,-0.002971,8.147879,0
2026-07-02 15:51:24.678759,0.479319,8.147879,1.415299,-0.002971,1.413342,-0.002971,8.147879,0
2026-07-02 15:51:24.687819,0.481722,8.147879,1.415299,-0.002971,1.413342,-0.002971,8.147879,0
2026-07-02 15:51:24.687819,0.484278,8.142696,1.415299,-0.002971,1.413342,-0.002971,8.142696,0
2026-07-02 15:51:24.687819,0.487093,8.147879,1.415299,-0.002971,1.413342,-0.002971,8.147879,0
2026-07-02 15:51:24.687819,0.489662,8.147879,1.415299,-0.002971,1.418524,-0.002971,8.147879,0
2026-07-02 15:51:24.697910,0.492140,8.147879,1.415299,-0.002971,1.413342,-0.002971,8.147879,0
2026-07-02 15:51:24.697910,0.494500,8.147879,1.415299,-0.002971,1.413342,-0.002971,8.147879,0
2026-07-02 15:51:24.697910,0.496921,8.147879,1.415299,-0.002971,1.413342,-0.002971,8.147879,0
2026-07-02 15:51:24.697910,0.499237,8.147879,1.415299,-0.002971,1.418524,-0.002971,8.147879,0
2026-07-02 15:51:24.697910,0.501629,8.147879,1.415299,-0.002971,1.418524,-0.002971,8.147879,0
2026-07-02 15:51:24.708067,0.503945,8.147879,1.415299,-0.002971,1.418524,-0.002971,8.147879,0
2026-07-02 15:51:24.708067,0.506408,8.147879,1.415299,-0.002971,1.413342,-0.002971,8.147879,0
2026-07-02 15:51:24.708067,0.508821,8.147879,1.415299,-0.002971,1.418524,-0.002971,8.147879,0
2026-07-02 15:51:24.708067,0.511629,8.147879,1.415299,-0.002971,1.413342,-0.002971,8.147879,0
2026-07-02 15:51:24.718143,0.514062,8.147879,1.415299,-0.002971,1.413342,-0.002971,8.147879,0
2026-07-02 15:51:24.718143,0.516550,8.142696,1.415299,-0.002971,1.413342,-0.002971,8.142696,0
2026-07-02 15:51:24.718143,0.518959,8.147879,1.415299,-0.002971,1.413342,-0.002971,8.147879,0
2026-07-02 15:51:24.718143,0.521437,8.147879,1.415299,-0.002971,1.413342,-0.002971,8.147879,0
2026-07-02 15:51:24.728801,0.523765,8.147879,1.415299,-0.002971,1.413342,-0.002971,8.147879,0
2026-07-02 15:51:24.728801,0.526210,8.147879,1.415299,-0.002971,1.413342,-0.002971,8.147879,0
2026-07-02 15:51:24.728801,0.528766,8.147879,1.415299,-0.002971,1.413342,-0.002971,8.147879,0
2026-07-02 15:51:24.728801,0.531111,8.147879,1.415299,-0.002971,1.418524,-0.002971,8.147879,0
2026-07-02 15:51:24.738340,0.533657,8.147879,1.415299,-0.002971,1.418524,-0.002971,8.147879,0
2026-07-02 15:51:24.738340,0.536000,8.142696,1.415299,-0.002971,1.418524,-0.002971,8.142696,0
2026-07-02 15:51:24.738340,0.538461,8.147879,1.415299,-0.002971,1.418524,-0.002971,8.147879,0
2026-07-02 15:51:24.738340,0.540894,8.147879,1.415299,-0.002971,1.413342,-0.002971,8.147879,0
2026-07-02 15:51:24.748431,0.543417,8.147879,1.415299,-0.002971,1.413342,-0.002971,8.147879,0
2026-07-02 15:51:24.748431,0.545891,8.147879,1.415299,-0.002971,1.418524,-0.002971,8.147879,0
2026-07-02 15:51:24.748431,0.548277,8.147879,1.415299,-0.002971,1.413342,-0.002971,8.147879,0
2026-07-02 15:51:24.748431,0.550716,8.147879,1.415299,-0.002971,1.413342,-0.002971,8.147879,0
2026-07-02 15:51:24.758516,0.553203,8.147879,1.415299,-0.002971,1.413342,-0.002971,8.147879,0
2026-07-02 15:51:24.758516,0.555619,8.147879,1.415299,-0.002971,1.413342,-0.002971,8.147879,0
2026-07-02 15:51:24.758516,0.558276,8.147879,1.415299,-0.002971,1.413342,-0.002971,8.147879,0
2026-07-02 15:51:24.758516,0.560792,8.147879,1.415299,-0.002971,1.413342,-0.002971,8.147879,0
2026-07-02 15:51:24.768681,0.563279,8.142696,1.415299,-0.002971,1.413342,-0.002971,8.142696,0
2026-07-02 15:51:24.768681,0.565737,8.147879,1.415299,-0.008152,1.418524,-0.008152,8.147879,0
2026-07-02 15:51:24.768681,0.568177,8.147879,1.415299,-0.002971,1.413342,-0.002971,8.147879,0
2026-07-02 15:51:24.768681,0.570675,8.147879,1.415299,-0.002971,1.413342,-0.002971,8.147879,0
2026-07-02 15:51:24.778758,0.573282,8.147879,1.415299,-0.002971,1.418524,-0.002971,8.147879,0
2026-07-02 15:51:24.778758,0.575746,8.147879,1.415299,-0.002971,1.413342,-0.002971,8.147879,0
2026-07-02 15:51:24.778758,0.578130,8.142696,1.415299,-0.002971,1.413342,-0.002971,8.142696,0
2026-07-02 15:51:24.778758,0.580592,8.147879,1.415299,-0.002971,1.413342,-0.002971,8.147879,0
2026-07-02 15:51:24.788876,0.583045,8.147879,1.415299,-0.002971,1.413342,-0.002971,8.147879,0
2026-07-02 15:51:24.788876,0.585460,8.147879,1.415299,-0.002971,1.418524,-0.002971,8.147879,0
2026-07-02 15:51:24.788876,0.587716,8.147879,1.415299,-0.002971,1.413342,-0.002971,8.147879,0
2026-07-02 15:51:24.788876,0.589993,8.147879,1.415299,-0.002971,1.418524,-0.002971,8.147879,0
2026-07-02 15:51:24.788876,0.592227,8.147879,1.415299,-0.002971,1.413342,-0.002971,8.147879,0
2026-07-02 15:51:24.799040,0.594498,8.147879,1.415299,-0.008152,1.413342,-0.008152,8.147879,0
2026-07-02 15:51:24.799040,0.596788,8.147879,1.415299,-0.002971,1.413342,-0.002971,8.147879,0
2026-07-02 15:51:24.799040,0.601723,8.147879,1.415299,-0.002971,1.413342,-0.002971,8.147879,0
2026-07-02 15:51:24.809129,0.605248,8.147879,1.415299,-0.002971,1.413342,-0.002971,8.147879,0
2026-07-02 15:51:24.809129,0.610686,8.147879,1.415299,-0.002971,1.413342,-0.002971,8.147879,0
2026-07-02 15:51:24.819231,0.615039,8.147879,1.415299,-0.002971,1.413342,-0.002971,8.147879,0
2026-07-02 15:51:24.819231,0.617527,8.147879,1.415299,-0.002971,1.418524,-0.002971,8.147879,0
2026-07-02 15:51:24.819231,0.619985,8.147879,1.415299,-0.002971,1.413342,-0.002971,8.147879,0
2026-07-02 15:51:24.828396,0.622413,8.147879,1.415299,-0.002971,1.413342,-0.002971,8.147879,0
2026-07-02 15:51:24.829441,0.624796,8.142696,1.415299,-0.002971,1.418524,-0.002971,8.142696,0
2026-07-02 15:51:24.829441,0.628700,8.147879,1.415299,-0.002971,1.418524,-0.002971,8.147879,0
2026-07-02 15:51:24.839540,0.634880,8.147879,1.415299,-0.002971,1.418524,-0.002971,8.147879,0
2026-07-02 15:51:24.839540,0.637373,8.147879,1.415299,-0.002971,1.418524,-0.002971,8.147879,0
2026-07-02 15:51:24.839540,0.639872,8.147879,1.415299,-0.002971,1.418524,-0.002971,8.147879,0
2026-07-02 15:51:24.839540,0.642334,8.147879,1.415299,-0.002971,1.413342,-0.002971,8.147879,0
2026-07-02 15:51:24.849652,0.644736,8.147879,1.415299,-0.002971,1.413342,-0.002971,8.147879,0
2026-07-02 15:51:24.849652,0.647118,8.147879,1.415299,-0.002971,1.413342,-0.002971,8.147879,0
2026-07-02 15:51:24.849652,0.649563,8.147879,1.415299,-0.002971,1.413342,-0.002971,8.147879,0
2026-07-02 15:51:24.849652,0.651968,8.147879,1.415299,-0.002971,1.413342,-0.002971,8.147879,0
2026-07-02 15:51:24.859861,0.654492,8.147879,1.415299,-0.002971,1.418524,-0.002971,8.147879,0
2026-07-02 15:51:24.859861,0.656798,8.147879,1.415299,-0.002971,1.413342,-0.002971,8.147879,0
2026-07-02 15:51:24.859861,0.659250,8.147879,1.415299,-0.002971,1.413342,-0.002971,8.147879,0
2026-07-02 15:51:24.859861,0.661723,8.142696,1.415299,-0.002971,1.418524,-0.002971,8.142696,0
2026-07-02 15:51:24.869986,0.664143,8.147879,1.415299,-0.002971,1.413342,-0.002971,8.147879,0
2026-07-02 15:51:24.869986,0.666786,8.147879,1.415299,-0.008152,1.418524,-0.008152,8.147879,0
2026-07-02 15:51:24.869986,0.669258,8.147879,1.415299,-0.002971,1.413342,-0.002971,8.147879,0
2026-07-02 15:51:24.869986,0.671753,8.147879,1.415299,-0.002971,1.418524,-0.002971,8.147879,0
2026-07-02 15:51:24.880128,0.674135,8.147879,1.415299,-0.002971,1.418524,-0.002971,8.147879,0
2026-07-02 15:51:24.880128,0.678187,8.142696,1.415299,-0.002971,1.418524,-0.002971,8.142696,0
2026-07-02 15:51:24.880128,0.680487,8.147879,1.415299,-0.002971,1.418524,-0.002971,8.147879,0
2026-07-02 15:51:24.880128,0.682849,8.147879,1.415299,-0.002971,1.418524,-0.002971,8.147879,0
2026-07-02 15:51:24.890253,0.685256,8.147879,1.415299,-0.002971,1.418524,-0.002971,8.147879,0
2026-07-02 15:51:24.890253,0.687707,8.142696,1.415299,-0.002971,1.413342,-0.002971,8.142696,0
2026-07-02 15:51:24.890253,0.690136,8.147879,1.415299,-0.002971,1.418524,-0.002971,8.147879,0
2026-07-02 15:51:24.890253,0.692437,8.147879,1.415299,-0.002971,1.413342,-0.002971,8.147879,0
2026-07-02 15:51:24.900322,0.694751,8.147879,1.415299,-0.002971,1.413342,-0.002971,8.147879,0
2026-07-02 15:51:24.900322,0.697072,8.142696,1.415299,-0.002971,1.418524,-0.002971,8.142696,0
2026-07-02 15:51:24.900322,0.699538,8.147879,1.415299,-0.002971,1.413342,-0.002971,8.147879,0
2026-07-02 15:51:24.900322,0.701880,8.147879,1.415299,-0.002971,1.418524,-0.002971,8.147879,0
2026-07-02 15:51:24.911403,0.705651,8.147879,1.415299,-0.002971,1.413342,-0.002971,8.147879,0
2026-07-02 15:51:24.911403,0.707997,8.147879,1.415299,-0.002971,1.413342,-0.002971,8.147879,0
2026-07-02 15:51:24.916620,0.710357,8.147879,1.415299,-0.002971,1.418524,-0.002971,8.147879,0
2026-07-02 15:51:24.918723,0.712994,8.147879,1.415299,-0.002971,1.418524,-0.002971,8.147879,0
2026-07-02 15:51:24.918723,0.715318,8.147879,1.415299,-0.002971,1.413342,-0.002971,8.147879,0
2026-07-02 15:51:24.924215,0.718231,8.147879,1.415299,-0.002971,1.413342,-0.002971,8.147879,0
2026-07-02 15:51:24.930096,0.720856,8.147879,1.415299,-0.002971,1.413342,-0.002971,8.147879,0
2026-07-02 15:51:24.932846,0.728205,8.147879,1.415299,-0.002971,1.413342,-0.002971,8.147879,0
2026-07-02 15:51:24.935162,0.730942,8.147879,1.415299,-0.002971,1.413342,-0.002971,8.147879,0
2026-07-02 15:51:24.935162,0.733375,8.147879,1.415299,-0.008152,1.413342,-0.008152,8.147879,0
2026-07-02 15:51:24.943299,0.735751,8.147879,1.415299,-0.002971,1.418524,-0.002971,8.147879,0
2026-07-02 15:51:24.951658,0.744250,8.147879,1.415299,-0.002971,1.418524,-0.002971,8.147879,0
2026-07-02 15:51:24.960061,0.750689,8.147879,1.415299,-0.002971,1.413342,-0.002971,8.147879,0
2026-07-02 15:51:24.968308,0.761560,8.142696,1.415299,-0.002971,1.413342,-0.002971,8.142696,0
2026-07-02 15:51:24.968308,0.764984,8.147879,1.415299,-0.002971,1.413342,-0.002971,8.147879,0
2026-07-02 15:51:24.968308,0.767525,8.147879,1.415299,-0.008152,1.418524,-0.008152,8.147879,0
2026-07-02 15:51:24.975152,0.769827,8.147879,1.415299,-0.002971,1.413342,-0.002971,8.147879,0
2026-07-02 15:51:24.976682,0.772161,8.147879,1.415299,-0.002971,1.413342,-0.002971,8.147879,0
2026-07-02 15:51:24.985151,0.778418,8.147879,1.415299,-0.002971,1.413342,-0.002971,8.147879,0
2026-07-02 15:51:24.985151,0.782102,8.147879,1.415299,-0.002971,1.413342,-0.002971,8.147879,0
2026-07-02 15:51:24.985151,0.784423,8.147879,1.415299,-0.002971,1.413342,-0.002971,8.147879,0
2026-07-02 15:51:24.993452,0.788724,8.147879,1.415299,-0.002971,1.418524,-0.002971,8.147879,0
2026-07-02 15:51:24.999983,0.793281,8.147879,1.415299,-0.002971,1.418524,-0.002971,8.147879,0
2026-07-02 15:51:25.001818,0.797524,8.147879,1.415299,-0.002971,1.418524,-0.002971,8.147879,0
2026-07-02 15:51:25.001818,0.800879,8.147879,1.410120,-0.002971,1.413342,-0.002971,8.147879,0
2026-07-02 15:51:25.009943,0.804257,8.142696,1.415299,-0.002971,1.413342,-0.002971,8.142696,0
2026-07-02 15:51:25.009943,0.806786,8.147879,1.415299,-0.002971,1.413342,-0.002971,8.147879,0
2026-07-02 15:51:25.009943,0.809178,8.147879,1.415299,-0.002971,1.418524,-0.002971,8.147879,0
2026-07-02 15:51:25.018360,0.811620,8.147879,1.415299,-0.002971,1.418524,-0.002971,8.147879,0
2026-07-02 15:51:25.028865,0.817988,8.147879,1.415299,-0.002971,1.413342,-0.002971,8.147879,0
2026-07-02 15:51:25.035338,0.828394,8.147879,1.415299,-0.002971,1.418524,-0.002971,8.147879,0
2026-07-02 15:51:25.043401,0.839228,8.147879,1.415299,-0.002971,1.418524,-0.002971,8.147879,0
2026-07-02 15:51:25.051810,0.845249,8.147879,1.415299,-0.002971,1.418524,-0.002971,8.147879,0
2026-07-02 15:51:25.060302,0.851062,8.147879,1.415299,-0.002971,1.413342,-0.002971,8.147879,0
2026-07-02 15:51:25.066945,0.858414,8.147879,1.415299,-0.002971,1.413342,-0.002971,8.147879,0
2026-07-02 15:51:25.086737,0.864118,8.147879,1.415299,-0.002971,1.413342,-0.002971,8.147879,0
2026-07-02 15:51:25.086737,0.883877,8.147879,1.415299,-0.002971,1.413342,-0.002971,8.147879,0
2026-07-02 15:51:25.097070,0.886875,8.147879,1.415299,-0.002971,1.418524,-0.002971,8.147879,0
2026-07-02 15:51:25.097070,0.893343,8.147879,1.415299,-0.002971,1.413342,-0.002971,8.147879,0
2026-07-02 15:51:25.097070,0.897245,8.142696,1.415299,-0.002971,1.413342,-0.002971,8.142696,0
2026-07-02 15:51:25.107158,0.900860,8.147879,1.415299,-0.002971,1.413342,-0.002971,8.147879,0
2026-07-02 15:51:25.107158,0.904216,8.147879,1.415299,-0.002971,1.413342,-0.002971,8.147879,0
2026-07-02 15:51:25.107158,0.907399,8.147879,1.415299,-0.002971,1.413342,-0.002971,8.147879,0
2026-07-02 15:51:25.107158,0.910079,8.147879,1.415299,-0.002971,1.413342,-0.002971,8.147879,0
2026-07-02 15:51:25.117293,0.912679,8.147879,1.415299,-0.002971,1.413342,-0.002971,8.147879,0
2026-07-02 15:51:25.117293,0.915548,8.147879,1.415299,-0.002971,1.418524,-0.002971,8.147879,0
2026-07-02 15:51:25.117293,0.917880,8.147879,1.415299,-0.008152,1.413342,-0.008152,8.147879,0
2026-07-02 15:51:25.117293,0.920213,8.147879,1.415299,-0.002971,1.413342,-0.002971,8.147879,0
2026-07-02 15:51:25.128983,0.922967,8.147879,1.415299,-0.002971,1.418524,-0.002971,8.147879,0
2026-07-02 15:51:25.128983,0.925291,8.147879,1.415299,-0.002971,1.413342,-0.002971,8.147879,0
2026-07-02 15:51:25.128983,0.927614,8.147879,1.415299,-0.002971,1.413342,-0.002971,8.147879,0
2026-07-02 15:51:25.135273,0.930001,8.147879,1.415299,-0.002971,1.418524,-0.002971,8.147879,0
2026-07-02 15:51:25.137810,0.932424,8.147879,1.415299,-0.002971,1.418524,-0.002971,8.147879,0
2026-07-02 15:51:25.142443,0.934928,8.147879,1.415299,-0.002971,1.413342,-0.002971,8.147879,0
2026-07-02 15:51:25.145087,0.939106,8.147879,1.415299,-0.002971,1.413342,-0.002971,8.147879,0
2026-07-02 15:51:25.146644,0.941558,8.147879,1.415299,-0.002971,1.413342,-0.002971,8.147879,0
2026-07-02 15:51:25.151643,0.943871,8.142696,1.415299,-0.002971,1.418524,-0.002971,8.142696,0
2026-07-02 15:51:25.151643,0.948284,8.147879,1.415299,-0.002971,1.413342,-0.002971,8.147879,0
2026-07-02 15:51:25.151643,0.950728,8.147879,1.415299,-0.002971,1.418524,-0.002971,8.147879,0
2026-07-02 15:51:25.158577,0.952958,8.147879,1.415299,-0.008152,1.413342,-0.008152,8.147879,0
2026-07-02 15:51:25.158577,0.956051,8.142696,1.415299,-0.002971,1.418524,-0.002971,8.142696,0
2026-07-02 15:51:25.158577,0.958314,8.142696,1.415299,-0.002971,1.418524,-0.002971,8.142696,0
2026-07-02 15:51:25.158577,0.960654,8.147879,1.415299,-0.002971,1.413342,-0.002971,8.147879,0
2026-07-02 15:51:25.168769,0.963511,8.147879,1.415299,-0.008152,1.413342,-0.008152,8.147879,0
2026-07-02 15:51:25.168769,0.965859,8.147879,1.415299,-0.002971,1.413342,-0.002971,8.147879,0
2026-07-02 15:51:25.168769,0.968340,8.147879,1.415299,-0.002971,1.413342,-0.002971,8.147879,0
2026-07-02 15:51:25.168769,0.971345,8.147879,1.415299,-0.002971,1.413342,-0.002971,8.147879,0
2026-07-02 15:51:25.178897,0.974116,8.147879,1.415299,-0.002971,1.413342,-0.002971,8.147879,0
2026-07-02 15:51:25.178897,0.976461,8.142696,1.415299,-0.002971,1.413342,-0.002971,8.142696,0
2026-07-02 15:51:25.178897,0.978951,8.147879,1.415299,-0.002971,1.413342,-0.002971,8.147879,0
2026-07-02 15:51:25.178897,0.981345,8.147879,1.415299,-0.002971,1.418524,-0.002971,8.147879,0
2026-07-02 15:51:25.189080,0.983556,8.142696,1.415299,-0.002971,1.413342,-0.002971,8.142696,0
2026-07-02 15:51:25.191243,0.985770,8.147879,1.415299,-0.002971,1.418524,-0.002971,8.147879,0
2026-07-02 15:51:25.191243,0.988524,8.147879,1.415299,-0.002971,1.413342,-0.002971,8.147879,0
2026-07-02 15:51:25.191243,0.990781,8.147879,1.415299,-0.002971,1.418524,-0.002971,8.147879,0
2026-07-02 15:51:25.191243,0.993136,8.147879,1.415299,-0.002971,1.418524,-0.002971,8.147879,0
2026-07-02 15:51:25.199396,0.995564,8.147879,1.415299,-0.002971,1.413342,-0.002971,8.147879,0
2026-07-02 15:51:25.199396,0.997802,8.147879,1.415299,-0.002971,1.413342,-0.002971,8.147879,0
2026-07-02 15:51:25.199396,1.000028,8.147879,1.415299,-0.002971,1.413342,-0.002971,8.147879,0
2026-07-02 15:51:25.199396,1.002231,8.147879,1.415299,-0.002971,1.413342,-0.002971,8.147879,0
2026-07-02 15:51:25.209474,1.004616,8.147879,1.415299,-0.002971,1.418524,-0.002971,8.147879,0
2026-07-02 15:51:25.209474,1.006887,8.147879,1.415299,-0.002971,1.418524,-0.002971,8.147879,0
2026-07-02 15:51:25.209474,1.009119,8.147879,1.415299,-0.002971,1.418524,-0.002971,8.147879,0
2026-07-02 15:51:25.216302,1.011324,8.147879,1.415299,-0.002971,1.413342,-0.002971,8.147879,0
2026-07-02 15:51:25.219594,1.013930,8.147879,1.415299,-0.002971,1.413342,-0.002971,8.147879,0
2026-07-02 15:51:25.219594,1.016205,8.142696,1.415299,-0.002971,1.413342,-0.002971,8.142696,0
2026-07-02 15:51:25.224559,1.018466,8.147879,1.415299,-0.002971,1.413342,-0.002971,8.147879,0
2026-07-02 15:51:25.224559,1.020851,8.147879,1.415299,-0.002971,1.413342,-0.002971,8.147879,0
2026-07-02 15:51:25.229221,1.023877,8.147879,1.415299,-0.002971,1.413342,-0.002971,8.147879,0
2026-07-02 15:51:25.229221,1.026145,8.147879,1.415299,-0.002971,1.418524,-0.002971,8.147879,0
2026-07-02 15:51:25.229221,1.028403,8.147879,1.415299,-0.002971,1.418524,-0.002971,8.147879,0
2026-07-02 15:51:25.234861,1.030663,8.147879,1.415299,-0.002971,1.413342,-0.002971,8.147879,0
2026-07-02 15:51:25.234861,1.033003,8.147879,1.415299,-0.002971,1.418524,-0.002971,8.147879,0
2026-07-02 15:51:25.241186,1.035214,8.147879,1.415299,-0.002971,1.413342,-0.002971,8.147879,0
2026-07-02 15:51:25.241186,1.038131,8.147879,1.415299,-0.002971,1.413342,-0.002971,8.147879,0
2026-07-02 15:51:25.241186,1.040404,8.147879,1.415299,-0.002971,1.413342,-0.002971,8.147879,0
2026-07-02 15:51:25.241186,1.042694,8.147879,1.415299,-0.002971,1.418524,-0.002971,8.147879,0
2026-07-02 15:51:25.249533,1.044980,8.147879,1.415299,-0.002971,1.418524,-0.002971,8.147879,0
2026-07-02 15:51:25.249533,1.047235,8.147879,1.415299,-0.002971,1.413342,-0.002971,8.147879,0
2026-07-02 15:51:25.249533,1.049481,8.147879,1.415299,-0.008152,1.418524,-0.008152,8.147879,0
2026-07-02 15:51:25.249533,1.051674,8.142696,1.415299,-0.002971,1.413342,-0.002971,8.142696,0
2026-07-02 15:51:25.259693,1.054646,8.147879,1.415299,-0.002971,1.413342,-0.002971,8.147879,0
2026-07-02 15:51:25.259693,1.056988,8.142696,1.415299,-0.002971,1.413342,-0.002971,8.142696,0
2026-07-02 15:51:25.259693,1.059307,8.142696,1.415299,-0.002971,1.413342,-0.002971,8.142696,0
2026-07-02 15:51:25.266203,1.061566,8.147879,1.415299,-0.002971,1.413342,-0.002971,8.147879,0
2026-07-02 15:51:25.269887,1.063849,8.147879,1.415299,-0.002971,1.418524,-0.002971,8.147879,0
2026-07-02 15:51:25.269887,1.066264,8.147879,1.415299,-0.002971,1.418524,-0.002971,8.147879,0
2026-07-02 15:51:25.269887,1.068501,8.147879,1.415299,-0.002971,1.418524,-0.002971,8.147879,0
2026-07-02 15:51:25.269887,1.071749,8.147879,1.415299,-0.002971,1.418524,-0.002971,8.147879,0
2026-07-02 15:51:25.279964,1.074069,8.147879,1.415299,-0.002971,1.418524,-0.002971,8.147879,0
2026-07-02 15:51:25.279964,1.076681,8.147879,1.415299,-0.002971,1.413342,-0.002971,8.147879,0
2026-07-02 15:51:25.279964,1.080217,8.147879,1.415299,-0.002971,1.413342,-0.002971,8.147879,0
2026-07-02 15:51:25.279964,1.082464,8.142696,1.415299,-0.002971,1.413342,-0.002971,8.142696,0
2026-07-02 15:51:25.290077,1.084740,8.147879,1.415299,-0.002971,1.418524,-0.002971,8.147879,0
2026-07-02 15:51:25.290077,1.087002,8.147879,1.415299,-0.002971,1.413342,-0.002971,8.147879,0
2026-07-02 15:51:25.290077,1.089589,8.147879,1.415299,-0.002971,1.413342,-0.002971,8.147879,0
2026-07-02 15:51:25.290077,1.091823,8.147879,1.415299,-0.002971,1.413342,-0.002971,8.147879,0
2026-07-02 15:51:25.300168,1.094101,8.147879,1.415299,-0.008152,1.413342,-0.008152,8.147879,0
2026-07-02 15:51:25.300168,1.096891,8.142696,1.415299,-0.002971,1.413342,-0.002971,8.142696,0
2026-07-02 15:51:25.300168,1.099142,8.147879,1.415299,-0.002971,1.418524,-0.002971,8.147879,0
2026-07-02 15:51:25.300168,1.101390,8.147879,1.415299,-0.002971,1.418524,-0.002971,8.147879,0
2026-07-02 15:51:25.300168,1.103602,8.147879,1.415299,-0.002971,1.413342,-0.002971,8.147879,0
2026-07-02 15:51:25.310312,1.106211,8.147879,1.415299,-0.002971,1.413342,-0.002971,8.147879,0
2026-07-02 15:51:25.310312,1.108452,8.147879,1.415299,-0.002971,1.413342,-0.002971,8.147879,0
2026-07-02 15:51:25.316205,1.110689,8.147879,1.415299,-0.008152,1.413342,-0.008152,8.147879,0
2026-07-02 15:51:25.316205,1.113330,8.147879,1.415299,-0.002971,1.413342,-0.002971,8.147879,0
2026-07-02 15:51:25.320834,1.115623,8.147879,1.415299,-0.002971,1.418524,-0.002971,8.147879,0
2026-07-02 15:51:25.320834,1.117930,8.147879,1.415299,-0.002971,1.413342,-0.002971,8.147879,0
2026-07-02 15:51:25.320834,1.120254,8.147879,1.415299,-0.002971,1.418524,-0.002971,8.147879,0
2026-07-02 15:51:25.320834,1.122949,8.147879,1.415299,-0.002971,1.413342,-0.002971,8.147879,0
2026-07-02 15:51:25.331193,1.125242,8.147879,1.415299,-0.002971,1.413342,-0.002971,8.147879,0
2026-07-02 15:51:25.331193,1.127538,8.147879,1.415299,-0.002971,1.413342,-0.002971,8.147879,0
2026-07-02 15:51:25.335275,1.130138,8.147879,1.415299,-0.002971,1.413342,-0.002971,8.147879,0
2026-07-02 15:51:25.335275,1.132435,8.147879,1.415299,-0.002971,1.413342,-0.002971,8.147879,0
2026-07-02 15:51:25.335275,1.134639,8.147879,1.415299,-0.002971,1.413342,-0.002971,8.147879,0
2026-07-02 15:51:25.341319,1.136808,8.142696,1.415299,-0.002971,1.413342,-0.002971,8.142696,0
2026-07-02 15:51:25.341319,1.139238,8.147879,1.415299,-0.002971,1.413342,-0.002971,8.147879,0
2026-07-02 15:51:25.341319,1.141616,8.147879,1.415299,-0.002971,1.413342,-0.002971,8.147879,0
2026-07-02 15:51:25.341319,1.144008,8.147879,1.415299,-0.002971,1.413342,-0.002971,8.147879,0
2026-07-02 15:51:25.351406,1.146349,8.147879,1.415299,-0.002971,1.413342,-0.002971,8.147879,0
2026-07-02 15:51:25.351406,1.148638,8.147879,1.415299,-0.002971,1.418524,-0.002971,8.147879,0
2026-07-02 15:51:25.351406,1.150854,8.147879,1.415299,-0.002971,1.413342,-0.002971,8.147879,0
2026-07-02 15:51:25.351406,1.153047,8.147879,1.415299,-0.002971,1.418524,-0.002971,8.147879,0
2026-07-02 15:51:25.361547,1.155477,8.147879,1.415299,-0.002971,1.413342,-0.002971,8.147879,0
2026-07-02 15:51:25.361547,1.157875,8.147879,1.415299,-0.002971,1.413342,-0.002971,8.147879,0
2026-07-02 15:51:25.361547,1.160154,8.142696,1.415299,-0.002971,1.413342,-0.002971,8.142696,0
2026-07-02 15:51:25.361547,1.162779,8.147879,1.415299,-0.002971,1.418524,-0.002971,8.147879,0
2026-07-02 15:51:25.361547,1.165033,8.147879,1.415299,-0.002971,1.413342,-0.002971,8.147879,0
2026-07-02 15:51:25.371765,1.167280,8.147879,1.415299,-0.002971,1.413342,-0.002971,8.147879,0
2026-07-02 15:51:25.371765,1.169546,8.147879,1.415299,-0.002971,1.413342,-0.002971,8.147879,0
2026-07-02 15:51:25.371765,1.171897,8.147879,1.415299,-0.002971,1.418524,-0.002971,8.147879,0
2026-07-02 15:51:25.371765,1.174238,8.147879,1.415299,-0.002971,1.418524,-0.002971,8.147879,0
2026-07-02 15:51:25.381878,1.176472,8.147879,1.415299,-0.002971,1.413342,-0.002971,8.147879,0
2026-07-02 15:51:25.381878,1.178782,8.147879,1.415299,-0.002971,1.413342,-0.002971,8.147879,0
2026-07-02 15:51:25.381878,1.181097,8.147879,1.415299,-0.002971,1.413342,-0.002971,8.147879,0
2026-07-02 15:51:25.381878,1.183393,8.142696,1.415299,-0.002971,1.418524,-0.002971,8.142696,0
2026-07-02 15:51:25.381878,1.185598,8.147879,1.415299,-0.002971,1.413342,-0.002971,8.147879,0
2026-07-02 15:51:25.391952,1.187986,8.147879,1.415299,-0.002971,1.413342,-0.002971,8.147879,0
2026-07-02 15:51:25.391952,1.190341,8.147879,1.415299,-0.002971,1.413342,-0.002971,8.147879,0
2026-07-02 15:51:25.391952,1.192682,8.147879,1.415299,-0.002971,1.413342,-0.002971,8.147879,0
2026-07-02 15:51:25.391952,1.194930,8.147879,1.415299,-0.002971,1.413342,-0.002971,8.147879,0
2026-07-02 15:51:25.402139,1.197716,8.142696,1.415299,-0.002971,1.413342,-0.002971,8.142696,0
2026-07-02 15:51:25.402139,1.199951,8.147879,1.415299,-0.002971,1.413342,-0.002971,8.147879,0
2026-07-02 15:51:25.402139,1.202153,8.147879,1.415299,-0.002971,1.413342,-0.002971,8.147879,0
2026-07-02 15:51:25.402139,1.205167,8.147879,1.415299,-0.002971,1.418524,-0.002971,8.147879,0
2026-07-02 15:51:25.412234,1.207576,8.147879,1.415299,-0.002971,1.413342,-0.002971,8.147879,0
2026-07-02 15:51:25.412234,1.210154,8.147879,1.415299,-0.002971,1.418524,-0.002971,8.147879,0
2026-07-02 15:51:25.412234,1.213889,8.147879,1.415299,-0.002971,1.418524,-0.002971,8.147879,0
2026-07-02 15:51:25.422464,1.216275,8.147879,1.415299,-0.002971,1.413342,-0.002971,8.147879,0
2026-07-02 15:51:25.422464,1.218705,8.147879,1.415299,-0.002971,1.413342,-0.002971,8.147879,0
2026-07-02 15:51:25.422464,1.222195,8.147879,1.415299,-0.002971,1.418524,-0.002971,8.147879,0
2026-07-02 15:51:25.429560,1.224686,8.142696,1.415299,-0.002971,1.418524,-0.002971,8.142696,0
2026-07-02 15:51:25.432625,1.227022,8.147879,1.415299,-0.002971,1.413342,-0.002971,8.147879,0
2026-07-02 15:51:25.432625,1.229436,8.147879,1.415299,-0.002971,1.413342,-0.002971,8.147879,0
2026-07-02 15:51:25.435723,1.231728,8.147879,1.415299,-0.002971,1.413342,-0.002971,8.147879,0
2026-07-02 15:51:25.435723,1.233944,8.147879,1.415299,-0.002971,1.418524,-0.002971,8.147879,0
2026-07-02 15:51:25.435723,1.236152,8.147879,1.415299,-0.002971,1.413342,-0.002971,8.147879,0
2026-07-02 15:51:25.442772,1.238474,8.147879,1.415299,-0.002971,1.413342,-0.002971,8.147879,0
2026-07-02 15:51:25.442772,1.240763,8.147879,1.415299,-0.002971,1.413342,-0.002971,8.147879,0
2026-07-02 15:51:25.442772,1.243005,8.142696,1.415299,-0.002971,1.413342,-0.002971,8.142696,0
2026-07-02 15:51:25.442772,1.245194,8.147879,1.415299,-0.002971,1.413342,-0.002971,8.147879,0
2026-07-02 15:51:25.453009,1.247439,8.147879,1.415299,-0.002971,1.413342,-0.002971,8.147879,0
2026-07-02 15:51:25.453009,1.249666,8.147879,1.415299,-0.002971,1.413342,-0.002971,8.147879,0
2026-07-02 15:51:25.453009,1.251903,8.147879,1.415299,-0.002971,1.413342,-0.002971,8.147879,0
2026-07-02 15:51:25.453009,1.254818,8.147879,1.415299,-0.002971,1.413342,-0.002971,8.147879,0
2026-07-02 15:51:25.463132,1.257164,8.147879,1.415299,-0.002971,1.418524,-0.002971,8.147879,0
2026-07-02 15:51:25.474591,1.264483,8.142696,1.415299,-0.002971,1.413342,-0.002971,8.142696,0
2026-07-02 15:51:25.493358,1.275448,8.147879,1.415299,-0.002971,1.413342,-0.002971,8.147879,0
2026-07-02 15:51:25.493358,1.290006,8.147879,1.415299,-0.002971,1.413342,-0.002971,8.147879,0
2026-07-02 15:51:25.503443,1.297682,8.147879,1.415299,-0.002971,1.418524,-0.002971,8.147879,0
2026-07-02 15:51:25.503443,1.300186,8.147879,1.415299,-0.002971,1.413342,-0.002971,8.147879,0
2026-07-02 15:51:25.503443,1.302534,8.147879,1.415299,-0.002971,1.413342,-0.002971,8.147879,0
2026-07-02 15:51:25.503443,1.305282,8.147879,1.415299,-0.002971,1.413342,-0.002971,8.147879,0
2026-07-02 15:51:25.513613,1.307609,8.147879,1.415299,-0.002971,1.413342,-0.002971,8.147879,0
2026-07-02 15:51:25.513613,1.309976,8.147879,1.415299,-0.002971,1.418524,-0.002971,8.147879,0
2026-07-02 15:51:25.513613,1.312591,8.147879,1.415299,-0.002971,1.413342,-0.002971,8.147879,0
2026-07-02 15:51:25.513613,1.314838,8.147879,1.415299,-0.002971,1.413342,-0.002971,8.147879,0
2026-07-02 15:51:25.513613,1.317116,8.147879,1.415299,-0.002971,1.413342,-0.002971,8.147879,0
2026-07-02 15:51:25.523752,1.319402,8.147879,1.415299,-0.002971,1.413342,-0.002971,8.147879,0
2026-07-02 15:51:25.523752,1.322306,8.147879,1.415299,-0.002971,1.413342,-0.002971,8.147879,0
2026-07-02 15:51:25.529866,1.324584,8.147879,1.415299,-0.002971,1.418524,-0.002971,8.147879,0
2026-07-02 15:51:25.529866,1.326828,8.147879,1.415299,-0.002971,1.418524,-0.002971,8.147879,0
2026-07-02 15:51:25.533925,1.329126,8.147879,1.415299,-0.002971,1.418524,-0.002971,8.147879,0
2026-07-02 15:51:25.535949,1.331421,8.147879,1.415299,-0.002971,1.413342,-0.002971,8.147879,0
2026-07-02 15:51:25.535949,1.333660,8.147879,1.415299,-0.002971,1.413342,-0.002971,8.147879,0
2026-07-02 15:51:25.535949,1.335908,8.147879,1.415299,-0.002971,1.413342,-0.002971,8.147879,0
2026-07-02 15:51:25.544046,1.338318,8.147879,1.415299,-0.002971,1.418524,-0.002971,8.147879,0
2026-07-02 15:51:25.544046,1.340581,8.147879,1.415299,-0.002971,1.413342,-0.002971,8.147879,0
2026-07-02 15:51:25.544046,1.342840,8.147879,1.415299,-0.002971,1.413342,-0.002971,8.147879,0
2026-07-02 15:51:25.549541,1.345068,8.147879,1.415299,-0.002971,1.413342,-0.002971,8.147879,0
2026-07-02 15:51:25.549541,1.347321,8.147879,1.415299,-0.002971,1.413342,-0.002971,8.147879,0
2026-07-02 15:51:25.554093,1.349587,8.147879,1.415299,-0.002971,1.418524,-0.002971,8.147879,0
2026-07-02 15:51:25.554093,1.351862,8.147879,1.415299,-0.002971,1.413342,-0.002971,8.147879,0
2026-07-02 15:51:25.554093,1.354695,8.147879,1.415299,-0.002971,1.413342,-0.002971,8.147879,0
2026-07-02 15:51:25.554093,1.356927,8.142696,1.415299,-0.002971,1.413342,-0.002971,8.142696,0
2026-07-02 15:51:25.564239,1.359654,8.147879,1.415299,-0.002971,1.418524,-0.002971,8.147879,0
2026-07-02 15:51:25.564239,1.361875,8.147879,1.415299,-0.002971,1.413342,-0.002971,8.147879,0
2026-07-02 15:51:25.564239,1.364140,8.147879,1.415299,-0.002971,1.413342,-0.002971,8.147879,0
2026-07-02 15:51:25.564239,1.366405,8.147879,1.415299,-0.002971,1.413342,-0.002971,8.147879,0
2026-07-02 15:51:25.574412,1.368714,8.147879,1.415299,-0.002971,1.418524,-0.002971,8.147879,0
2026-07-02 15:51:25.574412,1.371575,8.147879,1.415299,-0.002971,1.418524,-0.002971,8.147879,0
2026-07-02 15:51:25.574412,1.373837,8.147879,1.415299,-0.002971,1.418524,-0.002971,8.147879,0
2026-07-02 15:51:25.582981,1.376139,8.142696,1.415299,-0.002971,1.418524,-0.002971,8.142696,0
2026-07-02 15:51:25.584251,1.380060,8.147879,1.415299,-0.002971,1.413342,-0.002971,8.147879,0
2026-07-02 15:51:25.584251,1.382650,8.147879,1.415299,-0.002971,1.413342,-0.002971,8.147879,0
2026-07-02 15:51:25.584251,1.384885,8.142696,1.415299,-0.002971,1.413342,-0.002971,8.142696,0
2026-07-02 15:51:25.593194,1.388238,8.147879,1.415299,-0.002971,1.413342,-0.002971,8.147879,0
2026-07-02 15:51:25.593194,1.390828,8.147879,1.415299,-0.002971,1.413342,-0.002971,8.147879,0
2026-07-02 15:51:25.593194,1.393611,8.147879,1.415299,-0.002971,1.413342,-0.002971,8.147879,0
2026-07-02 15:51:25.603365,1.397180,8.147879,1.415299,-0.002971,1.413342,-0.002971,8.147879,0
2026-07-02 15:51:25.603365,1.400460,8.147879,1.415299,-0.002971,1.413342,-0.002971,8.147879,0
2026-07-02 15:51:25.603365,1.402751,8.147879,1.415299,-0.002971,1.413342,-0.002971,8.147879,0
2026-07-02 15:51:25.603365,1.405087,8.147879,1.415299,-0.002971,1.413342,-0.002971,8.147879,0
2026-07-02 15:51:25.613496,1.407729,8.147879,1.415299,-0.002971,1.413342,-0.002971,8.147879,0
2026-07-02 15:51:25.616312,1.410023,8.147879,1.415299,-0.002971,1.418524,-0.002971,8.147879,0
2026-07-02 15:51:25.616312,1.412737,8.147879,1.415299,-0.002971,1.413342,-0.002971,8.147879,0
2026-07-02 15:51:25.616312,1.415062,8.147879,1.415299,-0.002971,1.413342,-0.002971,8.147879,0
2026-07-02 15:51:25.616312,1.417492,8.142696,1.415299,-0.002971,1.418524,-0.002971,8.142696,0
2026-07-02 15:51:25.624751,1.419909,8.147879,1.415299,-0.002971,1.413342,-0.002971,8.147879,0
2026-07-02 15:51:25.627679,1.422237,8.147879,1.415299,-0.002971,1.418524,-0.002971,8.147879,0
2026-07-02 15:51:25.629981,1.424612,8.147879,1.415299,-0.002971,1.413342,-0.002971,8.147879,0
2026-07-02 15:51:25.629981,1.426897,8.147879,1.415299,-0.002971,1.413342,-0.002971,8.147879,0
2026-07-02 15:51:25.634074,1.429347,8.147879,1.415299,-0.002971,1.413342,-0.002971,8.147879,0
2026-07-02 15:51:25.636103,1.431936,8.147879,1.415299,-0.002971,1.418524,-0.002971,8.147879,0
2026-07-02 15:51:25.636103,1.434184,8.147879,1.415299,-0.002971,1.413342,-0.002971,8.147879,0
2026-07-02 15:51:25.641310,1.436370,8.147879,1.415299,-0.002971,1.413342,-0.002971,8.147879,0
2026-07-02 15:51:25.641310,1.438677,8.147879,1.415299,-0.002971,1.413342,-0.002971,8.147879,0
2026-07-02 15:51:25.641310,1.441001,8.147879,1.415299,-0.002971,1.413342,-0.002971,8.147879,0
2026-07-02 15:51:25.641310,1.443194,8.147879,1.415299,-0.002971,1.413342,-0.002971,8.147879,0
2026-07-02 15:51:25.649795,1.445425,8.147879,1.415299,-0.002971,1.418524,-0.002971,8.147879,0
2026-07-02 15:51:25.649795,1.447763,8.147879,1.415299,-0.002971,1.418524,-0.002971,8.147879,0
2026-07-02 15:51:25.649795,1.450059,8.147879,1.415299,-0.008152,1.413342,-0.008152,8.147879,0
2026-07-02 15:51:25.657994,1.452356,8.147879,1.415299,-0.002971,1.413342,-0.002971,8.147879,0
2026-07-02 15:51:25.657994,1.454761,8.147879,1.415299,-0.002971,1.413342,-0.002971,8.147879,0
2026-07-02 15:51:25.657994,1.457141,8.147879,1.415299,-0.002971,1.413342,-0.002971,8.147879,0
2026-07-02 15:51:25.657994,1.459345,8.147879,1.415299,-0.002971,1.413342,-0.002971,8.147879,0
2026-07-02 15:51:25.666364,1.461599,8.147879,1.415299,-0.002971,1.413342,-0.002971,8.147879,0
2026-07-02 15:51:25.666364,1.463882,8.142696,1.415299,-0.002971,1.413342,-0.002971,8.142696,0
2026-07-02 15:51:25.666364,1.466187,8.147879,1.415299,-0.002971,1.413342,-0.002971,8.147879,0
2026-07-02 15:51:25.666364,1.468487,8.147879,1.415299,-0.002971,1.418524,-0.002971,8.147879,0
2026-07-02 15:51:25.674647,1.470750,8.142696,1.415299,-0.002971,1.413342,-0.002971,8.142696,0
2026-07-02 15:51:25.674647,1.473200,8.147879,1.415299,-0.002971,1.418524,-0.002971,8.147879,0
2026-07-02 15:51:25.674647,1.475587,8.147879,1.415299,-0.002971,1.413342,-0.002971,8.147879,0
2026-07-02 15:51:25.682991,1.477964,8.147879,1.415299,-0.002971,1.418524,-0.002971,8.147879,0
2026-07-02 15:51:25.682991,1.480250,8.147879,1.415299,-0.002971,1.413342,-0.002971,8.147879,0
2026-07-02 15:51:25.682991,1.482746,8.147879,1.415299,-0.002971,1.413342,-0.002971,8.147879,0
2026-07-02 15:51:25.682991,1.485181,8.147879,1.415299,-0.002971,1.418524,-0.002971,8.147879,0
2026-07-02 15:51:25.693322,1.488274,8.147879,1.415299,-0.002971,1.418524,-0.002971,8.147879,0
2026-07-02 15:51:25.693322,1.490641,8.147879,1.415299,-0.002971,1.413342,-0.002971,8.147879,0
2026-07-02 15:51:25.693322,1.493025,8.147879,1.415299,-0.002971,1.413342,-0.002971,8.147879,0
2026-07-02 15:51:25.701423,1.495632,8.147879,1.415299,-0.002971,1.418524,-0.002971,8.147879,0
2026-07-02 15:51:25.701423,1.498122,8.147879,1.415299,-0.002971,1.413342,-0.002971,8.147879,0
2026-07-02 15:51:25.701423,1.500562,8.147879,1.415299,-0.002971,1.413342,-0.002971,8.147879,0
2026-07-02 15:51:25.708134,1.502849,8.147879,1.415299,-0.002971,1.413342,-0.002971,8.147879,0
2026-07-02 15:51:25.710608,1.505368,8.147879,1.415299,-0.002971,1.413342,-0.002971,8.147879,0
2026-07-02 15:51:25.713727,1.507753,8.147879,1.415299,-0.002971,1.418524,-0.002971,8.147879,0
2026-07-02 15:51:25.714870,1.510027,8.147879,1.415299,-0.002971,1.418524,-0.002971,8.147879,0
2026-07-02 15:51:25.714870,1.512497,8.147879,1.415299,-0.002971,1.413342,-0.002971,8.147879,0
2026-07-02 15:51:25.719551,1.515164,8.147879,1.415299,-0.002971,1.418524,-0.002971,8.147879,0
2026-07-02 15:51:25.719551,1.517538,8.147879,1.415299,-0.002971,1.413342,-0.002971,8.147879,0
2026-07-02 15:51:25.725760,1.519944,8.147879,1.415299,-0.002971,1.413342,-0.002971,8.147879,0
2026-07-02 15:51:25.725760,1.522427,8.147879,1.415299,-0.002971,1.413342,-0.002971,8.147879,0
2026-07-02 15:51:25.730012,1.524810,8.147879,1.415299,-0.002971,1.413342,-0.002971,8.147879,0
2026-07-02 15:51:25.733078,1.527274,8.147879,1.415299,-0.002971,1.413342,-0.002971,8.147879,0
2026-07-02 15:51:25.733078,1.529774,8.147879,1.415299,-0.002971,1.413342,-0.002971,8.147879,0
2026-07-02 15:51:25.737950,1.532271,8.147879,1.415299,-0.002971,1.413342,-0.002971,8.147879,0
2026-07-02 15:51:25.737950,1.534661,8.147879,1.415299,-0.002971,1.418524,-0.002971,8.147879,0
2026-07-02 15:51:25.743396,1.537067,8.147879,1.415299,-0.002971,1.418524,-0.002971,8.147879,0
2026-07-02 15:51:25.743396,1.539616,8.147879,1.415299,-0.002971,1.418524,-0.002971,8.147879,0
2026-07-02 15:51:25.743396,1.541897,8.147879,1.415299,-0.002971,1.413342,-0.002971,8.147879,0
2026-07-02 15:51:25.749730,1.544159,8.142696,1.415299,-0.002971,1.413342,-0.002971,8.142696,0
2026-07-02 15:51:25.749730,1.546548,8.147879,1.415299,-0.002971,1.418524,-0.002971,8.147879,0
2026-07-02 15:51:25.749730,1.548826,8.147879,1.415299,-0.002971,1.418524,-0.002971,8.147879,0
2026-07-02 15:51:25.756900,1.551116,8.147879,1.415299,-0.002971,1.418524,-0.002971,8.147879,0
2026-07-02 15:51:25.758421,1.553456,8.147879,1.415299,-0.002971,1.413342,-0.002971,8.147879,0
2026-07-02 15:51:25.758421,1.555816,8.147879,1.415299,-0.002971,1.413342,-0.002971,8.147879,0
2026-07-02 15:51:25.758421,1.558069,8.147879,1.415299,-0.002971,1.413342,-0.002971,8.147879,0
2026-07-02 15:51:25.766477,1.560393,8.142696,1.415299,-0.002971,1.413342,-0.002971,8.142696,0
2026-07-02 15:51:25.766477,1.562844,8.147879,1.415299,-0.002971,1.413342,-0.002971,8.147879,0
2026-07-02 15:51:25.770426,1.565245,8.147879,1.415299,-0.002971,1.413342,-0.002971,8.147879,0
2026-07-02 15:51:25.773452,1.567685,8.147879,1.415299,-0.002971,1.413342,-0.002971,8.147879,0
2026-07-02 15:51:25.773452,1.570162,8.147879,1.415299,-0.002971,1.413342,-0.002971,8.147879,0
2026-07-02 15:51:25.773452,1.572524,8.147879,1.415299,-0.002971,1.413342,-0.002971,8.147879,0
2026-07-02 15:51:25.780739,1.574756,8.147879,1.415299,-0.002971,1.413342,-0.002971,8.147879,0
2026-07-02 15:51:25.782437,1.576981,8.147879,1.415299,-0.002971,1.418524,-0.002971,8.147879,0
2026-07-02 15:51:25.785020,1.579368,8.147879,1.415299,-0.002971,1.413342,-0.002971,8.147879,0
2026-07-02 15:51:25.785020,1.581707,8.142696,1.415299,-0.002971,1.413342,-0.002971,8.142696,0
2026-07-02 15:51:25.785020,1.584077,8.142696,1.415299,-0.002971,1.413342,-0.002971,8.142696,0
2026-07-02 15:51:25.791567,1.586398,8.147879,1.415299,-0.002971,1.413342,-0.002971,8.147879,0
2026-07-02 15:51:25.791567,1.588686,8.147879,1.415299,-0.002971,1.413342,-0.002971,8.147879,0
2026-07-02 15:51:25.791567,1.591064,8.147879,1.415299,-0.002971,1.418524,-0.002971,8.147879,0
2026-07-02 15:51:25.791567,1.593306,8.147879,1.415299,-0.002971,1.413342,-0.002971,8.147879,0
2026-07-02 15:51:25.801682,1.595661,8.147879,1.415299,-0.002971,1.413342,-0.002971,8.147879,0
2026-07-02 15:51:25.801682,1.598038,8.142696,1.410120,-0.002971,1.413342,-0.002971,8.142696,0
2026-07-02 15:51:25.801682,1.600410,8.147879,1.415299,-0.002971,1.418524,-0.002971,8.147879,0
2026-07-02 15:51:25.801682,1.602646,8.147879,1.415299,-0.002971,1.413342,-0.002971,8.147879,0
2026-07-02 15:51:25.801682,1.604901,8.147879,1.415299,-0.002971,1.418524,-0.002971,8.147879,0
2026-07-02 15:51:25.811832,1.607189,8.147879,1.415299,-0.002971,1.413342,-0.002971,8.147879,0
2026-07-02 15:51:25.811832,1.609651,8.147879,1.415299,-0.002971,1.413342,-0.002971,8.147879,0
2026-07-02 15:51:25.811832,1.612227,8.147879,1.415299,-0.002971,1.413342,-0.002971,8.147879,0
2026-07-02 15:51:25.811832,1.614620,8.147879,1.415299,-0.002971,1.418524,-0.002971,8.147879,0
2026-07-02 15:51:25.822668,1.617150,8.147879,1.415299,-0.002971,1.413342,-0.002971,8.147879,0
2026-07-02 15:51:25.822668,1.619724,8.147879,1.415299,-0.002971,1.413342,-0.002971,8.147879,0
2026-07-02 15:51:25.822668,1.622307,8.147879,1.415299,-0.002971,1.418524,-0.002971,8.147879,0
2026-07-02 15:51:25.829994,1.624873,8.147879,1.415299,-0.002971,1.413342,-0.002971,8.147879,0
2026-07-02 15:51:25.833181,1.627306,8.147879,1.415299,-0.002971,1.418524,-0.002971,8.147879,0
2026-07-02 15:51:25.833181,1.629622,8.147879,1.415299,-0.002971,1.418524,-0.002971,8.147879,0
2026-07-02 15:51:25.836987,1.632028,8.147879,1.415299,-0.002971,1.413342,-0.002971,8.147879,0
2026-07-02 15:51:25.836987,1.634448,8.147879,1.415299,-0.002971,1.418524,-0.002971,8.147879,0
2026-07-02 15:51:25.842220,1.636826,8.147879,1.415299,-0.002971,1.413342,-0.002971,8.147879,0
2026-07-02 15:51:25.842220,1.639503,8.147879,1.415299,-0.002971,1.418524,-0.002971,8.147879,0
2026-07-02 15:51:25.846062,1.641813,8.147879,1.415299,-0.002971,1.418524,-0.002971,8.147879,0
2026-07-02 15:51:25.846062,1.644273,8.147879,1.415299,-0.002971,1.413342,-0.002971,8.147879,0
2026-07-02 15:51:25.852689,1.646520,8.147879,1.415299,-0.002971,1.413342,-0.002971,8.147879,0
2026-07-02 15:51:25.855900,1.649391,8.147879,1.415299,-0.002971,1.413342,-0.002971,8.147879,0
2026-07-02 15:51:25.858162,1.652218,8.147879,1.415299,-0.002971,1.418524,-0.002971,8.147879,0
2026-07-02 15:51:25.858851,1.654585,8.147879,1.415299,-0.002971,1.418524,-0.002971,8.147879,0
2026-07-02 15:51:25.862749,1.656967,8.147879,1.415299,-0.008152,1.418524,-0.008152,8.147879,0
2026-07-02 15:51:25.864340,1.659362,8.147879,1.415299,-0.002971,1.413342,-0.002971,8.147879,0
2026-07-02 15:51:25.866418,1.661763,8.147879,1.415299,-0.002971,1.418524,-0.002971,8.147879,0
2026-07-02 15:51:25.868961,1.664250,8.142696,1.415299,-0.002971,1.413342,-0.002971,8.142696,0
2026-07-02 15:51:25.870974,1.666647,8.147879,1.415299,-0.002971,1.413342,-0.002971,8.147879,0
2026-07-02 15:51:25.874984,1.669076,8.147879,1.415299,-0.008152,1.413342,-0.008152,8.147879,0
2026-07-02 15:51:25.876489,1.671556,8.147879,1.415299,-0.002971,1.418524,-0.002971,8.147879,0
2026-07-02 15:51:25.878556,1.673934,8.147879,1.410120,-0.002971,1.413342,-0.002971,8.147879,0
2026-07-02 15:51:25.880570,1.676339,8.142696,1.415299,-0.008152,1.413342,-0.008152,8.142696,0
2026-07-02 15:51:25.884846,1.678701,8.147879,1.415299,-0.002971,1.418524,-0.002971,8.147879,0
2026-07-02 15:51:25.886781,1.681548,8.147879,1.415299,-0.002971,1.418524,-0.002971,8.147879,0
2026-07-02 15:51:25.888686,1.684012,8.147879,1.415299,-0.002971,1.413342,-0.002971,8.147879,0
2026-07-02 15:51:25.890696,1.686420,8.147879,1.415299,-0.008152,1.413342,-0.008152,8.147879,0
2026-07-02 15:51:25.893211,1.688764,8.147879,1.415299,-0.002971,1.418524,-0.002971,8.147879,0
2026-07-02 15:51:25.895729,1.691320,8.147879,1.415299,-0.002971,1.413342,-0.002971,8.147879,0
2026-07-02 15:51:25.899836,1.693700,8.147879,1.415299,-0.002971,1.418524,-0.002971,8.147879,0
2026-07-02 15:51:25.900444,1.696046,8.147879,1.415299,-0.002971,1.413342,-0.002971,8.147879,0
2026-07-02 15:51:25.903099,1.698429,8.147879,1.415299,-0.002971,1.418524,-0.002971,8.147879,0
2026-07-02 15:51:25.905611,1.700833,8.147879,1.415299,-0.002971,1.413342,-0.002971,8.147879,0
2026-07-02 15:51:25.908486,1.703228,8.147879,1.415299,-0.002971,1.413342,-0.002971,8.147879,0
2026-07-02 15:51:25.910501,1.705678,8.147879,1.415299,-0.008152,1.418524,-0.008152,8.147879,0
2026-07-02 15:51:25.913219,1.707999,8.147879,1.415299,-0.002971,1.418524,-0.002971,8.147879,0
2026-07-02 15:51:25.915235,1.710399,8.147879,1.415299,-0.002971,1.413342,-0.002971,8.147879,0
2026-07-02 15:51:25.919020,1.712892,8.147879,1.415299,-0.002971,1.413342,-0.002971,8.147879,0
2026-07-02 15:51:25.921038,1.715276,8.147879,1.415299,-0.002971,1.413342,-0.002971,8.147879,0
2026-07-02 15:51:25.924614,1.717735,8.147879,1.415299,-0.002971,1.418524,-0.002971,8.147879,0
2026-07-02 15:51:25.927968,1.721280,8.147879,1.415299,-0.002971,1.418524,-0.002971,8.147879,0
2026-07-02 15:51:25.929995,1.724243,8.142696,1.415299,-0.008152,1.413342,-0.008152,8.142696,0
2026-07-02 15:51:25.929995,1.726503,8.147879,1.415299,-0.002971,1.413342,-0.002971,8.147879,0
2026-07-02 15:51:25.935589,1.728974,8.147879,1.415299,-0.002971,1.418524,-0.002971,8.147879,0
2026-07-02 15:51:25.937178,1.731842,8.147879,1.415299,-0.002971,1.413342,-0.002971,8.147879,0
2026-07-02 15:51:25.939506,1.734103,8.147879,1.415299,-0.002971,1.418524,-0.002971,8.147879,0
2026-07-02 15:51:25.942022,1.736315,8.147879,1.415299,-0.002971,1.413342,-0.002971,8.147879,0
2026-07-02 15:51:25.944475,1.738472,8.147879,1.415299,-0.002971,1.418524,-0.002971,8.147879,0
2026-07-02 15:51:25.946796,1.740709,8.147879,1.415299,-0.002971,1.418524,-0.002971,8.147879,0
2026-07-02 15:51:25.948297,1.743309,8.147879,1.415299,-0.002971,1.413342,-0.002971,8.147879,0
2026-07-02 15:51:25.948297,1.745953,8.147879,1.415299,-0.002971,1.418524,-0.002971,8.147879,0
2026-07-02 15:51:25.953391,1.748344,8.147879,1.415299,-0.002971,1.413342,-0.002971,8.147879,0
2026-07-02 15:51:25.953391,1.750792,8.142696,1.415299,-0.002971,1.418524,-0.002971,8.142696,0
2026-07-02 15:51:25.957902,1.753052,8.142696,1.415299,-0.002971,1.413342,-0.002971,8.142696,0
2026-07-02 15:51:25.961614,1.755545,8.142696,1.415299,-0.002971,1.418524,-0.002971,8.142696,0
2026-07-02 15:51:25.963745,1.757969,8.142696,1.415299,-0.002971,1.413342,-0.002971,8.142696,0
2026-07-02 15:51:25.964944,1.760344,8.147879,1.415299,-0.002971,1.413342,-0.002971,8.147879,0
2026-07-02 15:51:25.967033,1.762645,8.147879,1.415299,-0.002971,1.413342,-0.002971,8.147879,0
2026-07-02 15:51:25.970016,1.765023,8.147879,1.415299,-0.002971,1.413342,-0.002971,8.147879,0
2026-07-02 15:51:25.972029,1.767445,8.147879,1.415299,-0.002971,1.413342,-0.002971,8.147879,0
2026-07-02 15:51:25.976257,1.769826,8.147879,1.415299,-0.002971,1.418524,-0.002971,8.147879,0
2026-07-02 15:51:25.977532,1.772881,8.147879,1.415299,-0.008152,1.418524,-0.008152,8.147879,0
2026-07-02 15:51:25.979542,1.775290,8.147879,1.415299,-0.002971,1.413342,-0.002971,8.147879,0
2026-07-02 15:51:25.983154,1.777578,8.142696,1.415299,-0.002971,1.418524,-0.002971,8.142696,0
2026-07-02 15:51:25.986182,1.779974,8.147879,1.415299,-0.002971,1.413342,-0.002971,8.147879,0
2026-07-02 15:51:25.988193,1.782367,8.147879,1.415299,-0.002971,1.418524,-0.002971,8.147879,0
2026-07-02 15:51:25.991236,1.784920,8.147879,1.415299,-0.002971,1.413342,-0.002971,8.147879,0
2026-07-02 15:51:25.993751,1.787825,8.147879,1.415299,-0.002971,1.413342,-0.002971,8.147879,0
2026-07-02 15:51:25.996536,1.790288,8.147879,1.415299,-0.002971,1.418524,-0.002971,8.147879,0
2026-07-02 15:51:25.997342,1.792719,8.147879,1.415299,-0.002971,1.418524,-0.002971,8.147879,0
2026-07-02 15:51:26.000240,1.795134,8.147879,1.415299,-0.002971,1.413342,-0.002971,8.147879,0
2026-07-02 15:51:26.002258,1.797504,8.142696,1.415299,-0.002971,1.413342,-0.002971,8.142696,0
2026-07-02 15:51:26.006069,1.799996,8.147879,1.415299,-0.002971,1.418524,-0.002971,8.147879,0
2026-07-02 15:51:26.006749,1.802255,8.147879,1.415299,-0.002971,1.418524,-0.002971,8.147879,0
2026-07-02 15:51:26.009768,1.804492,8.147879,1.415299,-0.002971,1.413342,-0.002971,8.147879,0
2026-07-02 15:51:26.012998,1.806739,8.147879,1.415299,-0.002971,1.418524,-0.002971,8.147879,0
2026-07-02 15:51:26.015006,1.809389,8.147879,1.415299,-0.002971,1.413342,-0.002971,8.147879,0
2026-07-02 15:51:26.017035,1.811855,8.147879,1.415299,-0.008152,1.413342,-0.008152,8.147879,0
2026-07-02 15:51:26.020058,1.814664,8.147879,1.415299,-0.002971,1.418524,-0.002971,8.147879,0
2026-07-02 15:51:26.021239,1.816954,8.147879,1.415299,-0.002971,1.418524,-0.002971,8.147879,0
2026-07-02 15:51:26.025276,1.819382,8.147879,1.415299,-0.002971,1.413342,-0.002971,8.147879,0
2026-07-02 15:51:26.026560,1.821819,8.147879,1.415299,-0.002971,1.418524,-0.002971,8.147879,0
2026-07-02 15:51:26.030143,1.824256,8.147879,1.415299,-0.002971,1.413342,-0.002971,8.147879,0
2026-07-02 15:51:26.031444,1.826591,8.147879,1.415299,-0.002971,1.418524,-0.002971,8.147879,0
2026-07-02 15:51:26.033960,1.829054,8.147879,1.415299,-0.002971,1.413342,-0.002971,8.147879,0
2026-07-02 15:51:26.036499,1.831388,8.147879,1.415299,-0.002971,1.418524,-0.002971,8.147879,0
2026-07-02 15:51:26.040130,1.833659,8.147879,1.415299,-0.002971,1.413342,-0.002971,8.147879,0
2026-07-02 15:51:26.043051,1.836393,8.147879,1.415299,-0.002971,1.413342,-0.002971,8.147879,0
2026-07-02 15:51:26.045983,1.839360,8.142696,1.415299,-0.002971,1.418524,-0.002971,8.142696,0
2026-07-02 15:51:26.046788,1.842142,8.147879,1.415299,-0.002971,1.418524,-0.002971,8.147879,0
2026-07-02 15:51:26.049299,1.844409,8.147879,1.415299,-0.002971,1.413342,-0.002971,8.147879,0
2026-07-02 15:51:26.052368,1.846640,8.153061,1.415299,-0.002971,1.413342,-0.002971,8.153061,0
2026-07-02 15:51:26.053334,1.848833,8.147879,1.415299,-0.002971,1.413342,-0.002971,8.147879,0
2026-07-02 15:51:26.057357,1.851177,8.147879,1.415299,-0.002971,1.413342,-0.002971,8.147879,0
2026-07-02 15:51:26.058739,1.854075,8.147879,1.415299,-0.002971,1.413342,-0.002971,8.147879,0
2026-07-02 15:51:26.061892,1.856420,8.147879,1.415299,-0.002971,1.413342,-0.002971,8.147879,0
2026-07-02 15:51:26.063125,1.858832,8.147879,1.415299,-0.002971,1.413342,-0.002971,8.147879,0
2026-07-02 15:51:26.067151,1.861175,8.147879,1.415299,-0.002971,1.418524,-0.002971,8.147879,0
2026-07-02 15:51:26.068344,1.863549,8.147879,1.415299,-0.002971,1.418524,-0.002971,8.147879,0
2026-07-02 15:51:26.071006,1.865904,8.147879,1.415299,-0.002971,1.413342,-0.002971,8.147879,0
2026-07-02 15:51:26.073082,1.868249,8.147879,1.415299,-0.002971,1.413342,-0.002971,8.147879,0
2026-07-02 15:51:26.075092,1.870622,8.147879,1.415299,-0.002971,1.413342,-0.002971,8.147879,0
2026-07-02 15:51:26.077103,1.872976,8.147879,1.415299,-0.002971,1.418524,-0.002971,8.147879,0
2026-07-02 15:51:26.080451,1.875416,8.147879,1.415299,-0.002971,1.413342,-0.002971,8.147879,0
2026-07-02 15:51:26.083152,1.877819,8.147879,1.415299,-0.002971,1.413342,-0.002971,8.147879,0
2026-07-02 15:51:26.083152,1.880339,8.147879,1.415299,-0.002971,1.413342,-0.002971,8.147879,0
2026-07-02 15:51:26.083152,1.882721,8.142696,1.415299,-0.002971,1.418524,-0.002971,8.142696,0
2026-07-02 15:51:26.090531,1.885154,8.147879,1.415299,-0.002971,1.413342,-0.002971,8.147879,0
2026-07-02 15:51:26.092040,1.887495,8.147879,1.415299,-0.002971,1.418524,-0.002971,8.147879,0
2026-07-02 15:51:26.092040,1.890026,8.147879,1.415299,-0.002971,1.413342,-0.002971,8.147879,0
2026-07-02 15:51:26.092040,1.892387,8.147879,1.415299,-0.002971,1.413342,-0.002971,8.147879,0
2026-07-02 15:51:26.100827,1.894835,8.147879,1.415299,-0.002971,1.413342,-0.002971,8.147879,0
2026-07-02 15:51:26.100827,1.897214,8.147879,1.415299,-0.008152,1.413342,-0.008152,8.147879,0
2026-07-02 15:51:26.100827,1.899609,8.147879,1.415299,-0.002971,1.413342,-0.002971,8.147879,0
2026-07-02 15:51:26.100827,1.902126,8.147879,1.415299,-0.008152,1.413342,-0.008152,8.147879,0
2026-07-02 15:51:26.109923,1.904487,8.142696,1.415299,-0.002971,1.413342,-0.002971,8.142696,0
2026-07-02 15:51:26.112628,1.906974,8.147879,1.415299,-0.002971,1.413342,-0.002971,8.147879,0
2026-07-02 15:51:26.112628,1.909589,8.147879,1.415299,-0.002971,1.413342,-0.002971,8.147879,0
2026-07-02 15:51:26.116271,1.912002,8.147879,1.415299,-0.002971,1.418524,-0.002971,8.147879,0
2026-07-02 15:51:26.118965,1.914446,8.147879,1.415299,-0.002971,1.418524,-0.002971,8.147879,0
2026-07-02 15:51:26.118965,1.916918,8.147879,1.415299,-0.002971,1.418524,-0.002971,8.147879,0
2026-07-02 15:51:26.124511,1.919285,8.147879,1.415299,-0.002971,1.418524,-0.002971,8.147879,0
2026-07-02 15:51:26.124511,1.921694,8.142696,1.415299,-0.002971,1.413342,-0.002971,8.142696,0
2026-07-02 15:51:26.128762,1.924073,8.147879,1.415299,-0.002971,1.413342,-0.002971,8.147879,0
2026-07-02 15:51:26.132366,1.926502,8.147879,1.415299,-0.002971,1.413342,-0.002971,8.147879,0
2026-07-02 15:51:26.134383,1.928920,8.147879,1.415299,-0.002971,1.413342,-0.002971,8.147879,0
2026-07-02 15:51:26.135755,1.931349,8.147879,1.415299,-0.002971,1.413342,-0.002971,8.147879,0
2026-07-02 15:51:26.138789,1.933806,8.147879,1.415299,-0.002971,1.418524,-0.002971,8.147879,0
2026-07-02 15:51:26.140809,1.936265,8.142696,1.415299,-0.002971,1.413342,-0.002971,8.142696,0
2026-07-02 15:51:26.140809,1.938763,8.142696,1.415299,-0.002971,1.413342,-0.002971,8.142696,0
2026-07-02 15:51:26.140809,1.941212,8.147879,1.415299,-0.002971,1.413342,-0.002971,8.147879,0
2026-07-02 15:51:26.149128,1.943643,8.147879,1.415299,-0.002971,1.413342,-0.002971,8.147879,0
2026-07-02 15:51:26.149128,1.945929,8.153061,1.415299,-0.002971,1.413342,-0.002971,8.153061,0
2026-07-02 15:51:26.154419,1.948409,8.147879,1.415299,-0.002971,1.413342,-0.002971,8.147879,0
2026-07-02 15:51:26.154419,1.950854,8.147879,1.415299,-0.002971,1.413342,-0.002971,8.147879,0
2026-07-02 15:51:26.159354,1.953220,8.147879,1.415299,-0.008152,1.418524,-0.008152,8.147879,0
2026-07-02 15:51:26.161667,1.955951,8.142696,1.415299,-0.002971,1.413342,-0.002971,8.142696,0
2026-07-02 15:51:26.163090,1.958351,8.147879,1.415299,-0.002971,1.418524,-0.002971,8.147879,0
2026-07-02 15:51:26.165096,1.960783,8.147879,1.415299,-0.002971,1.413342,-0.002971,8.147879,0
2026-07-02 15:51:26.169470,1.963187,8.147879,1.415299,-0.002971,1.413342,-0.002971,8.147879,0
2026-07-02 15:51:26.169470,1.965730,8.147879,1.415299,-0.002971,1.413342,-0.002971,8.147879,0
2026-07-02 15:51:26.169470,1.968192,8.147879,1.415299,-0.002971,1.413342,-0.002971,8.147879,0
2026-07-02 15:51:26.169470,1.970775,8.147879,1.415299,-0.002971,1.413342,-0.002971,8.147879,0
2026-07-02 15:51:26.179486,1.973326,8.147879,1.415299,-0.002971,1.413342,-0.002971,8.147879,0
2026-07-02 15:51:26.179486,1.975827,8.142696,1.415299,-0.008152,1.413342,-0.008152,8.142696,0
2026-07-02 15:51:26.183746,1.978237,8.147879,1.415299,-0.002971,1.413342,-0.002971,8.147879,0
2026-07-02 15:51:26.183746,1.980624,8.147879,1.415299,-0.002971,1.413342,-0.002971,8.147879,0
2026-07-02 15:51:26.183746,1.983015,8.147879,1.415299,-0.002971,1.418524,-0.002971,8.147879,0
2026-07-02 15:51:26.189554,1.985575,8.147879,1.415299,-0.002971,1.418524,-0.002971,8.147879,0
2026-07-02 15:51:26.189554,1.988092,8.147879,1.415299,-0.002971,1.418524,-0.002971,8.147879,0
2026-07-02 15:51:26.189554,1.990544,8.147879,1.415299,-0.002971,1.413342,-0.002971,8.147879,0
2026-07-02 15:51:26.189554,1.992971,8.147879,1.415299,-0.002971,1.418524,-0.002971,8.147879,0
2026-07-02 15:51:26.199674,1.995302,8.147879,1.415299,-0.002971,1.418524,-0.002971,8.147879,0
2026-07-02 15:51:26.199674,1.997743,8.147879,1.415299,-0.002971,1.413342,-0.002971,8.147879,0
2026-07-02 15:51:26.199674,2.000176,8.147879,1.415299,-0.002971,1.413342,-0.002971,8.147879,0
2026-07-02 15:51:26.199674,2.002628,8.147879,1.415299,-0.002971,1.418524,-0.002971,8.147879,0
2026-07-02 15:51:26.210447,2.005049,8.147879,1.415299,-0.002971,1.413342,-0.002971,8.147879,0
2026-07-02 15:51:26.212459,2.007645,8.147879,1.415299,-0.002971,1.418524,-0.002971,8.147879,0
2026-07-02 15:51:26.212459,2.009942,8.147879,1.415299,-0.002971,1.413342,-0.002971,8.147879,0
2026-07-02 15:51:26.217269,2.012387,8.147879,1.415299,-0.002971,1.418524,-0.002971,8.147879,0
2026-07-02 15:51:26.220109,2.014828,8.147879,1.420479,-0.002971,1.418524,-0.002971,8.147879,0
2026-07-02 15:51:26.220109,2.017263,8.147879,1.415299,-0.002971,1.418524,-0.002971,8.147879,0
2026-07-02 15:51:26.220109,2.019591,8.147879,1.415299,-0.002971,1.413342,-0.002971,8.147879,0
2026-07-02 15:51:26.220109,2.022000,8.142696,1.415299,-0.002971,1.413342,-0.002971,8.142696,0
2026-07-02 15:51:26.230530,2.024433,8.147879,1.415299,-0.002971,1.413342,-0.002971,8.147879,0
2026-07-02 15:51:26.230530,2.027073,8.147879,1.415299,-0.002971,1.413342,-0.002971,8.147879,0
2026-07-02 15:51:26.230530,2.029538,8.147879,1.415299,-0.002971,1.413342,-0.002971,8.147879,0
2026-07-02 15:51:26.230530,2.031891,8.147879,1.415299,-0.002971,1.418524,-0.002971,8.147879,0
2026-07-02 15:51:26.230530,2.034185,8.147879,1.415299,-0.008152,1.413342,-0.008152,8.147879,0
2026-07-02 15:51:26.240968,2.036560,8.142696,1.415299,-0.002971,1.418524,-0.002971,8.142696,0
2026-07-02 15:51:26.240968,2.038891,8.147879,1.415299,-0.002971,1.413342,-0.002971,8.147879,0
2026-07-02 15:51:26.240968,2.041220,8.147879,1.415299,-0.002971,1.413342,-0.002971,8.147879,0
2026-07-02 15:51:26.240968,2.043536,8.147879,1.415299,-0.002971,1.413342,-0.002971,8.147879,0
2026-07-02 15:51:26.251463,2.045874,8.147879,1.415299,-0.002971,1.418524,-0.002971,8.147879,0
2026-07-02 15:51:26.251463,2.048271,8.147879,1.415299,-0.002971,1.418524,-0.002971,8.147879,0
2026-07-02 15:51:26.251463,2.050634,8.147879,1.415299,-0.002971,1.413342,-0.002971,8.147879,0
2026-07-02 15:51:26.251463,2.052955,8.147879,1.415299,-0.002971,1.418524,-0.002971,8.147879,0
2026-07-02 15:51:26.251463,2.055442,8.147879,1.415299,-0.002971,1.413342,-0.002971,8.147879,0
2026-07-02 15:51:26.262201,2.057781,8.147879,1.415299,-0.002971,1.413342,-0.002971,8.147879,0
2026-07-02 15:51:26.262201,2.060117,8.147879,1.415299,-0.002971,1.413342,-0.002971,8.147879,0
2026-07-02 15:51:26.262201,2.062498,8.147879,1.415299,-0.002971,1.418524,-0.002971,8.147879,0
2026-07-02 15:51:26.262201,2.064919,8.142696,1.415299,-0.008152,1.413342,-0.008152,8.142696,0
2026-07-02 15:51:26.273221,2.067267,8.147879,1.415299,-0.002971,1.418524,-0.002971,8.147879,0
2026-07-02 15:51:26.273221,2.069666,8.147879,1.415299,-0.002971,1.413342,-0.002971,8.147879,0
2026-07-02 15:51:26.273221,2.072014,8.147879,1.415299,-0.002971,1.413342,-0.002971,8.147879,0
2026-07-02 15:51:26.273221,2.074377,8.147879,1.415299,-0.002971,1.413342,-0.002971,8.147879,0
2026-07-02 15:51:26.282381,2.076708,8.147879,1.415299,-0.002971,1.418524,-0.002971,8.147879,0
2026-07-02 15:51:26.283253,2.079348,8.147879,1.415299,-0.002971,1.413342,-0.002971,8.147879,0
2026-07-02 15:51:26.283253,2.081740,8.142696,1.415299,-0.002971,1.413342,-0.002971,8.142696,0
2026-07-02 15:51:26.283253,2.084083,8.147879,1.415299,-0.002971,1.418524,-0.002971,8.147879,0
2026-07-02 15:51:26.292551,2.086540,8.147879,1.415299,-0.002971,1.413342,-0.002971,8.147879,0
2026-07-02 15:51:26.292551,2.089288,8.147879,1.415299,-0.002971,1.413342,-0.002971,8.147879,0
2026-07-02 15:51:26.292551,2.091631,8.147879,1.415299,-0.002971,1.413342,-0.002971,8.147879,0
2026-07-02 15:51:26.292551,2.093922,8.147879,1.415299,-0.002971,1.418524,-0.002971,8.147879,0
2026-07-02 15:51:26.292551,2.096300,8.142696,1.415299,-0.002971,1.413342,-0.002971,8.142696,0
2026-07-02 15:51:26.303048,2.098626,8.147879,1.415299,-0.002971,1.413342,-0.002971,8.147879,0
2026-07-02 15:51:26.305057,2.100960,8.147879,1.415299,-0.002971,1.413342,-0.002971,8.147879,0
2026-07-02 15:51:26.308123,2.103308,8.147879,1.415299,-0.002971,1.413342,-0.002971,8.147879,0
2026-07-02 15:51:26.308123,2.105709,8.147879,1.415299,-0.002971,1.413342,-0.002971,8.147879,0
2026-07-02 15:51:26.313273,2.108032,8.147879,1.415299,-0.002971,1.413342,-0.002971,8.147879,0
2026-07-02 15:51:26.313273,2.110343,8.147879,1.415299,-0.002971,1.413342,-0.002971,8.147879,0
2026-07-02 15:51:26.313273,2.112833,8.147879,1.415299,-0.002971,1.413342,-0.002971,8.147879,0
2026-07-02 15:51:26.313273,2.115188,8.147879,1.415299,-0.002971,1.413342,-0.002971,8.147879,0
2026-07-02 15:51:26.323383,2.117546,8.147879,1.420479,-0.002971,1.418524,-0.002971,8.147879,0
2026-07-02 15:51:26.323383,2.119916,8.147879,1.415299,-0.002971,1.413342,-0.002971,8.147879,0
2026-07-02 15:51:26.323383,2.122234,8.147879,1.415299,-0.002971,1.413342,-0.002971,8.147879,0
2026-07-02 15:51:26.330611,2.124549,8.147879,1.415299,-0.002971,1.413342,-0.002971,8.147879,0
2026-07-02 15:51:26.330611,2.126891,8.147879,1.415299,-0.002971,1.418524,-0.002971,8.147879,0
2026-07-02 15:51:26.335492,2.129316,8.147879,1.415299,-0.002971,1.413342,-0.002971,8.147879,0
2026-07-02 15:51:26.335492,2.131688,8.147879,1.415299,-0.002971,1.418524,-0.002971,8.147879,0
2026-07-02 15:51:26.338747,2.134045,8.147879,1.415299,-0.002971,1.413342,-0.002971,8.147879,0
2026-07-02 15:51:26.338747,2.136401,8.147879,1.415299,-0.002971,1.413342,-0.002971,8.147879,0
2026-07-02 15:51:26.343656,2.138771,8.147879,1.415299,-0.002971,1.413342,-0.002971,8.147879,0
2026-07-02 15:51:26.343656,2.141152,8.147879,1.415299,-0.002971,1.418524,-0.002971,8.147879,0
2026-07-02 15:51:26.343656,2.143511,8.147879,1.415299,-0.002971,1.413342,-0.002971,8.147879,0
2026-07-02 15:51:26.343656,2.145813,8.147879,1.415299,-0.002971,1.413342,-0.002971,8.147879,0
2026-07-02 15:51:26.353780,2.148127,8.147879,1.415299,-0.002971,1.418524,-0.002971,8.147879,0
2026-07-02 15:51:26.353780,2.150469,8.147879,1.415299,-0.002971,1.413342,-0.002971,8.147879,0
2026-07-02 15:51:26.353780,2.152779,8.147879,1.415299,-0.002971,1.413342,-0.002971,8.147879,0
2026-07-02 15:51:26.353780,2.155122,8.147879,1.415299,-0.002971,1.413342,-0.002971,8.147879,0
2026-07-02 15:51:26.362804,2.157441,8.142696,1.415299,-0.002971,1.413342,-0.002971,8.142696,0
2026-07-02 15:51:26.363814,2.159797,8.147879,1.415299,-0.002971,1.418524,-0.002971,8.147879,0
2026-07-02 15:51:26.366568,2.162796,8.147879,1.415299,-0.002971,1.418524,-0.002971,8.147879,0
2026-07-02 15:51:26.366568,2.165206,8.147879,1.415299,-0.002971,1.418524,-0.002971,8.147879,0
2026-07-02 15:51:26.366568,2.167617,8.147879,1.415299,-0.002971,1.413342,-0.002971,8.147879,0
2026-07-02 15:51:26.373897,2.169944,8.147879,1.415299,-0.002971,1.413342,-0.002971,8.147879,0
2026-07-02 15:51:26.373897,2.172824,8.147879,1.415299,-0.002971,1.413342,-0.002971,8.147879,0
2026-07-02 15:51:26.373897,2.175187,8.147879,1.415299,-0.002971,1.413342,-0.002971,8.147879,0
2026-07-02 15:51:26.382260,2.177570,8.147879,1.415299,-0.002971,1.413342,-0.002971,8.147879,0
2026-07-02 15:51:26.384013,2.179879,8.147879,1.415299,-0.002971,1.418524,-0.002971,8.147879,0
2026-07-02 15:51:26.386502,2.182221,8.147879,1.415299,-0.002971,1.413342,-0.002971,8.147879,0
2026-07-02 15:51:26.389407,2.184721,8.147879,1.415299,-0.008152,1.413342,-0.008152,8.147879,0
2026-07-02 15:51:26.391899,2.187098,8.147879,1.415299,-0.002971,1.413342,-0.002971,8.147879,0
2026-07-02 15:51:26.395297,2.189508,8.147879,1.415299,-0.002971,1.413342,-0.002971,8.147879,0
2026-07-02 15:51:26.396161,2.191883,8.147879,1.415299,-0.002971,1.418524,-0.002971,8.147879,0
2026-07-02 15:51:26.399941,2.194251,8.147879,1.415299,-0.002971,1.413342,-0.002971,8.147879,0
2026-07-02 15:51:26.400958,2.196653,8.147879,1.415299,-0.002971,1.413342,-0.002971,8.147879,0
2026-07-02 15:51:26.404738,2.199043,8.147879,1.415299,-0.002971,1.418524,-0.002971,8.147879,0
2026-07-02 15:51:26.407714,2.201810,8.147879,1.415299,-0.002971,1.418524,-0.002971,8.147879,0
2026-07-02 15:51:26.409036,2.204303,8.147879,1.415299,-0.002971,1.418524,-0.002971,8.147879,0
2026-07-02 15:51:26.409036,2.206669,8.147879,1.415299,-0.002971,1.413342,-0.002971,8.147879,0
2026-07-02 15:51:26.415065,2.209044,8.147879,1.415299,-0.002971,1.413342,-0.002971,8.147879,0
2026-07-02 15:51:26.417158,2.212190,8.147879,1.415299,-0.002971,1.413342,-0.002971,8.147879,0
2026-07-02 15:51:26.420023,2.215231,8.147879,1.415299,-0.002971,1.418524,-0.002971,8.147879,0
2026-07-02 15:51:26.420023,2.217711,8.147879,1.415299,-0.002971,1.418524,-0.002971,8.147879,0
2026-07-02 15:51:26.426164,2.220074,8.147879,1.415299,-0.002971,1.418524,-0.002971,8.147879,0
2026-07-02 15:51:26.426812,2.222439,8.147879,1.415299,-0.002971,1.413342,-0.002971,8.147879,0
2026-07-02 15:51:26.430557,2.224790,8.147879,1.415299,-0.002971,1.418524,-0.002971,8.147879,0
2026-07-02 15:51:26.430557,2.227170,8.147879,1.415299,-0.002971,1.413342,-0.002971,8.147879,0
2026-07-02 15:51:26.435440,2.229564,8.147879,1.415299,-0.002971,1.413342,-0.002971,8.147879,0
2026-07-02 15:51:26.436184,2.232153,8.147879,1.415299,-0.002971,1.413342,-0.002971,8.147879,0
2026-07-02 15:51:26.436184,2.234741,8.147879,1.415299,-0.002971,1.418524,-0.002971,8.147879,0
2026-07-02 15:51:26.436184,2.237173,8.142696,1.415299,-0.008152,1.413342,-0.008152,8.142696,0
2026-07-02 15:51:26.445694,2.239567,8.147879,1.415299,-0.002971,1.413342,-0.002971,8.147879,0
2026-07-02 15:51:26.445694,2.241992,8.147879,1.415299,-0.002971,1.418524,-0.002971,8.147879,0
2026-07-02 15:51:26.445694,2.244352,8.147879,1.415299,-0.002971,1.418524,-0.002971,8.147879,0
2026-07-02 15:51:26.445694,2.246732,8.147879,1.415299,-0.002971,1.418524,-0.002971,8.147879,0
2026-07-02 15:51:26.453853,2.249227,8.147879,1.415299,-0.002971,1.413342,-0.002971,8.147879,0
2026-07-02 15:51:26.456141,2.251544,8.147879,1.415299,-0.002971,1.413342,-0.002971,8.147879,0
2026-07-02 15:51:26.458157,2.253875,8.147879,1.415299,-0.002971,1.418524,-0.002971,8.147879,0
2026-07-02 15:51:26.458157,2.256260,8.142696,1.415299,-0.002971,1.413342,-0.002971,8.142696,0
2026-07-02 15:51:26.463103,2.258634,8.147879,1.415299,-0.002971,1.413342,-0.002971,8.147879,0
2026-07-02 15:51:26.466631,2.261077,8.147879,1.415299,-0.002971,1.413342,-0.002971,8.147879,0
2026-07-02 15:51:26.466631,2.263462,8.142696,1.415299,-0.002971,1.413342,-0.002971,8.142696,0
2026-07-02 15:51:26.466631,2.265946,8.147879,1.415299,-0.002971,1.413342,-0.002971,8.147879,0
2026-07-02 15:51:26.466631,2.268302,8.147879,1.415299,-0.002971,1.418524,-0.002971,8.147879,0
2026-07-02 15:51:26.476831,2.270640,8.147879,1.415299,-0.002971,1.413342,-0.002971,8.147879,0
2026-07-02 15:51:26.476831,2.273218,8.147879,1.415299,-0.002971,1.413342,-0.002971,8.147879,0
2026-07-02 15:51:26.476831,2.275553,8.147879,1.415299,-0.002971,1.413342,-0.002971,8.147879,0
2026-07-02 15:51:26.476831,2.278176,8.147879,1.415299,-0.002971,1.413342,-0.002971,8.147879,0
2026-07-02 15:51:26.476831,2.280553,8.147879,1.415299,-0.008152,1.413342,-0.008152,8.147879,0
2026-07-02 15:51:26.487785,2.282898,8.147879,1.415299,-0.002971,1.413342,-0.002971,8.147879,0
2026-07-02 15:51:26.487785,2.285266,8.147879,1.415299,-0.008152,1.418524,-0.008152,8.147879,0
2026-07-02 15:51:26.491648,2.287806,8.147879,1.415299,-0.002971,1.413342,-0.002971,8.147879,0
2026-07-02 15:51:26.491648,2.290213,8.147879,1.415299,-0.002971,1.413342,-0.002971,8.147879,0
2026-07-02 15:51:26.497591,2.292597,8.147879,1.415299,-0.002971,1.413342,-0.002971,8.147879,0
2026-07-02 15:51:26.499643,2.294957,8.147879,1.415299,-0.002971,1.418524,-0.002971,8.147879,0
2026-07-02 15:51:26.499643,2.297422,8.147879,1.415299,-0.002971,1.418524,-0.002971,8.147879,0
2026-07-02 15:51:26.499643,2.299882,8.147879,1.415299,-0.002971,1.413342,-0.002971,8.147879,0
2026-07-02 15:51:26.508054,2.302308,8.147879,1.415299,-0.002971,1.418524,-0.002971,8.147879,0
2026-07-02 15:51:26.508054,2.304769,8.147879,1.415299,-0.002971,1.413342,-0.002971,8.147879,0
2026-07-02 15:51:26.508054,2.307111,8.147879,1.415299,-0.002971,1.413342,-0.002971,8.147879,0
2026-07-02 15:51:26.508054,2.309464,8.147879,1.415299,-0.002971,1.418524,-0.002971,8.147879,0
2026-07-02 15:51:26.508054,2.311817,8.147879,1.415299,-0.002971,1.418524,-0.002971,8.147879,0
2026-07-02 15:51:26.519431,2.314193,8.147879,1.415299,-0.002971,1.413342,-0.002971,8.147879,0
2026-07-02 15:51:26.520862,2.316581,8.147879,1.415299,-0.002971,1.413342,-0.002971,8.147879,0
2026-07-02 15:51:26.525427,2.319016,8.142696,1.415299,-0.002971,1.418524,-0.002971,8.142696,0
2026-07-02 15:51:26.526786,2.321853,8.147879,1.415299,-0.002971,1.413342,-0.002971,8.147879,0
2026-07-02 15:51:26.530476,2.324856,8.147879,1.415299,-0.002971,1.413342,-0.002971,8.147879,0
2026-07-02 15:51:26.531572,2.327355,8.147879,1.415299,-0.002971,1.413342,-0.002971,8.147879,0
2026-07-02 15:51:26.534287,2.329930,8.147879,1.415299,-0.008152,1.418524,-0.008152,8.147879,0
2026-07-02 15:51:26.538759,2.332481,8.147879,1.415299,-0.002971,1.413342,-0.002971,8.147879,0
2026-07-02 15:51:26.541560,2.335487,8.147879,1.415299,-0.002971,1.418524,-0.002971,8.147879,0
2026-07-02 15:51:26.544098,2.338209,8.147879,1.415299,-0.002971,1.418524,-0.002971,8.147879,0
2026-07-02 15:51:26.544098,2.340737,8.147879,1.415299,-0.002971,1.413342,-0.002971,8.147879,0
2026-07-02 15:51:26.549029,2.343167,8.142696,1.415299,-0.002971,1.418524,-0.002971,8.142696,0
2026-07-02 15:51:26.549029,2.346181,8.153061,1.415299,-0.002971,1.418524,-0.002971,8.153061,0
2026-07-02 15:51:26.553055,2.348703,8.147879,1.415299,-0.002971,1.418524,-0.002971,8.147879,0
2026-07-02 15:51:26.553055,2.351185,8.142696,1.415299,-0.002971,1.413342,-0.002971,8.142696,0
2026-07-02 15:51:26.559324,2.353792,8.147879,1.415299,-0.002971,1.418524,-0.002971,8.147879,0
2026-07-02 15:51:26.559324,2.356286,8.142696,1.415299,-0.002971,1.413342,-0.002971,8.142696,0
2026-07-02 15:51:26.563490,2.358758,8.147879,1.415299,-0.002971,1.418524,-0.002971,8.147879,0
2026-07-02 15:51:26.565620,2.361213,8.153061,1.415299,-0.002971,1.413342,-0.002971,8.153061,0
2026-07-02 15:51:26.565620,2.363634,8.147879,1.410120,-0.002971,1.418524,-0.002971,8.147879,0
2026-07-02 15:51:26.569818,2.365970,8.147879,1.415299,-0.002971,1.413342,-0.002971,8.147879,0
2026-07-02 15:51:26.573568,2.368366,8.147879,1.415299,-0.002971,1.418524,-0.002971,8.147879,0
2026-07-02 15:51:26.576983,2.370731,8.147879,1.415299,-0.002971,1.413342,-0.002971,8.147879,0
2026-07-02 15:51:26.576983,2.373184,8.147879,1.415299,-0.002971,1.413342,-0.002971,8.147879,0
2026-07-02 15:51:26.580320,2.375602,8.147879,1.415299,-0.002971,1.413342,-0.002971,8.147879,0
2026-07-02 15:51:26.580320,2.377949,8.147879,1.415299,-0.002971,1.418524,-0.002971,8.147879,0
2026-07-02 15:51:26.580320,2.380468,8.147879,1.415299,-0.002971,1.413342,-0.002971,8.147879,0
2026-07-02 15:51:26.580320,2.382856,8.142696,1.415299,-0.002971,1.413342,-0.002971,8.142696,0
2026-07-02 15:51:26.590802,2.385172,8.147879,1.415299,-0.002971,1.413342,-0.002971,8.147879,0
2026-07-02 15:51:26.590802,2.387622,8.147879,1.415299,-0.002971,1.413342,-0.002971,8.147879,0
2026-07-02 15:51:26.590802,2.389972,8.147879,1.415299,-0.002971,1.413342,-0.002971,8.147879,0
2026-07-02 15:51:26.590802,2.392351,8.147879,1.415299,-0.002971,1.413342,-0.002971,8.147879,0
2026-07-02 15:51:26.600861,2.394710,8.147879,1.415299,-0.002971,1.418524,-0.002971,8.147879,0
2026-07-02 15:51:26.600861,2.397176,8.147879,1.415299,-0.002971,1.413342,-0.002971,8.147879,0
2026-07-02 15:51:26.600861,2.399567,8.147879,1.415299,-0.002971,1.413342,-0.002971,8.147879,0
2026-07-02 15:51:26.600861,2.401952,8.147879,1.415299,-0.002971,1.418524,-0.002971,8.147879,0
2026-07-02 15:51:26.600861,2.404324,8.147879,1.415299,-0.002971,1.413342,-0.002971,8.147879,0
2026-07-02 15:51:26.611246,2.406698,8.147879,1.415299,-0.002971,1.413342,-0.002971,8.147879,0
2026-07-02 15:51:26.611246,2.409121,8.147879,1.415299,-0.002971,1.418524,-0.002971,8.147879,0
2026-07-02 15:51:26.611246,2.411576,8.147879,1.415299,-0.002971,1.418524,-0.002971,8.147879,0
2026-07-02 15:51:26.618936,2.413967,8.147879,1.415299,-0.002971,1.418524,-0.002971,8.147879,0
2026-07-02 15:51:26.622520,2.416490,8.147879,1.415299,-0.002971,1.413342,-0.002971,8.147879,0
2026-07-02 15:51:26.622520,2.418830,8.147879,1.415299,-0.002971,1.413342,-0.002971,8.147879,0
2026-07-02 15:51:26.622520,2.421226,8.147879,1.415299,-0.002971,1.418524,-0.002971,8.147879,0
2026-07-02 15:51:26.627999,2.423616,8.147879,1.415299,-0.002971,1.413342,-0.002971,8.147879,0
2026-07-02 15:51:26.631961,2.425996,8.147879,1.415299,-0.002971,1.418524,-0.002971,8.147879,0
2026-07-02 15:51:26.634405,2.428507,8.147879,1.415299,-0.002971,1.418524,-0.002971,8.147879,0
2026-07-02 15:51:26.634405,2.431848,8.147879,1.415299,-0.002971,1.418524,-0.002971,8.147879,0
2026-07-02 15:51:26.638586,2.434203,8.147879,1.415299,-0.002971,1.413342,-0.002971,8.147879,0
2026-07-02 15:51:26.641290,2.436567,8.147879,1.415299,-0.002971,1.413342,-0.002971,8.147879,0
2026-07-02 15:51:26.641290,2.438980,8.147879,1.415299,-0.002971,1.418524,-0.002971,8.147879,0
2026-07-02 15:51:26.641290,2.441359,8.147879,1.415299,-0.008152,1.413342,-0.008152,8.147879,0
2026-07-02 15:51:26.650077,2.443858,8.142696,1.415299,-0.002971,1.413342,-0.002971,8.142696,0
2026-07-02 15:51:26.650077,2.446548,8.147879,1.415299,-0.002971,1.413342,-0.002971,8.147879,0
2026-07-02 15:51:26.650077,2.448942,8.147879,1.415299,-0.002971,1.413342,-0.002971,8.147879,0
2026-07-02 15:51:26.650077,2.451254,8.147879,1.415299,-0.002971,1.418524,-0.002971,8.147879,0
2026-07-02 15:51:26.659714,2.453613,8.147879,1.415299,-0.002971,1.413342,-0.002971,8.147879,0
2026-07-02 15:51:26.659714,2.456112,8.142696,1.415299,-0.002971,1.418524,-0.002971,8.142696,0
2026-07-02 15:51:26.664294,2.458428,8.147879,1.415299,-0.002971,1.413342,-0.002971,8.147879,0
2026-07-02 15:51:26.664294,2.460743,8.147879,1.415299,-0.002971,1.418524,-0.002971,8.147879,0
2026-07-02 15:51:26.664294,2.463113,8.147879,1.415299,-0.002971,1.413342,-0.002971,8.147879,0
2026-07-02 15:51:26.669958,2.465560,8.147879,1.415299,-0.002971,1.413342,-0.002971,8.147879,0
2026-07-02 15:51:26.671970,2.467887,8.147879,1.415299,-0.002971,1.413342,-0.002971,8.147879,0
2026-07-02 15:51:26.671970,2.470613,8.147879,1.415299,-0.002971,1.418524,-0.002971,8.147879,0
2026-07-02 15:51:26.671970,2.472984,8.147879,1.415299,-0.002971,1.413342,-0.002971,8.147879,0
2026-07-02 15:51:26.680279,2.475314,8.147879,1.415299,-0.002971,1.413342,-0.002971,8.147879,0
2026-07-02 15:51:26.680279,2.477663,8.147879,1.415299,-0.002971,1.413342,-0.002971,8.147879,0
2026-07-02 15:51:26.680279,2.479987,8.142696,1.415299,-0.002971,1.413342,-0.002971,8.142696,0
2026-07-02 15:51:26.680279,2.482328,8.147879,1.415299,-0.002971,1.413342,-0.002971,8.147879,0
2026-07-02 15:51:26.695928,2.484676,8.142696,1.415299,-0.002971,1.418524,-0.002971,8.142696,0
2026-07-02 15:51:26.699482,2.492867,8.147879,1.415299,-0.002971,1.413342,-0.002971,8.147879,0
2026-07-02 15:51:26.703247,2.498332,8.147879,1.415299,-0.008152,1.418524,-0.008152,8.147879,0
2026-07-02 15:51:26.703247,2.501042,8.147879,1.415299,-0.002971,1.418524,-0.002971,8.147879,0
2026-07-02 15:51:26.703247,2.503360,8.147879,1.415299,-0.002971,1.413342,-0.002971,8.147879,0
2026-07-02 15:51:26.710519,2.505676,8.147879,1.415299,-0.002971,1.413342,-0.002971,8.147879,0
2026-07-02 15:51:26.710519,2.507995,8.147879,1.415299,-0.002971,1.418524,-0.002971,8.147879,0
2026-07-02 15:51:26.710519,2.510275,8.147879,1.415299,-0.002971,1.413342,-0.002971,8.147879,0
2026-07-02 15:51:26.710519,2.512663,8.147879,1.415299,-0.002971,1.418524,-0.002971,8.147879,0
2026-07-02 15:51:26.720585,2.515037,8.142696,1.415299,-0.002971,1.413342,-0.002971,8.142696,0
2026-07-02 15:51:26.721250,2.517492,8.147879,1.415299,-0.002971,1.418524,-0.002971,8.147879,0
2026-07-02 15:51:26.721250,2.519839,8.147879,1.415299,-0.002971,1.418524,-0.002971,8.147879,0
2026-07-02 15:51:26.727474,2.522763,8.147879,1.415299,-0.002971,1.413342,-0.002971,8.147879,0
2026-07-02 15:51:26.730550,2.525213,8.153061,1.415299,-0.008152,1.418524,-0.008152,8.153061,0
2026-07-02 15:51:26.733124,2.527858,8.153061,1.415299,-0.002971,1.413342,-0.002971,8.153061,0
2026-07-02 15:51:26.734907,2.530839,8.147879,1.415299,-0.002971,1.418524,-0.002971,8.147879,0
2026-07-02 15:51:26.734907,2.533835,8.147879,1.415299,-0.002971,1.413342,-0.002971,8.147879,0
2026-07-02 15:51:26.742764,2.536219,8.142696,1.415299,-0.002971,1.413342,-0.002971,8.142696,0
2026-07-02 15:51:26.742764,2.539254,8.147879,1.415299,-0.002971,1.413342,-0.002971,8.147879,0
2026-07-02 15:51:26.742764,2.541613,8.147879,1.415299,-0.002971,1.418524,-0.002971,8.147879,0
2026-07-02 15:51:26.742764,2.543935,8.142696,1.415299,-0.002971,1.418524,-0.002971,8.142696,0
2026-07-02 15:51:26.750831,2.546637,8.147879,1.415299,-0.002971,1.413342,-0.002971,8.147879,0
2026-07-02 15:51:26.750831,2.548976,8.147879,1.415299,-0.002971,1.418524,-0.002971,8.147879,0
2026-07-02 15:51:26.750831,2.551296,8.147879,1.415299,-0.002971,1.418524,-0.002971,8.147879,0
2026-07-02 15:51:26.750831,2.553730,8.147879,1.415299,-0.002971,1.413342,-0.002971,8.147879,0
2026-07-02 15:51:26.763003,2.556074,8.142696,1.415299,-0.002971,1.413342,-0.002971,8.142696,0
2026-07-02 15:51:26.766071,2.559419,8.147879,1.415299,-0.008152,1.413342,-0.008152,8.147879,0
2026-07-02 15:51:26.768962,2.562763,8.147879,1.415299,-0.002971,1.413342,-0.002971,8.147879,0
2026-07-02 15:51:26.770743,2.565340,8.147879,1.415299,-0.002971,1.413342,-0.002971,8.147879,0
2026-07-02 15:51:26.772924,2.568009,8.147879,1.415299,-0.002971,1.413342,-0.002971,8.147879,0
2026-07-02 15:51:26.772924,2.570831,8.142696,1.415299,-0.002971,1.413342,-0.002971,8.142696,0
2026-07-02 15:51:26.778387,2.573188,8.147879,1.415299,-0.002971,1.413342,-0.002971,8.147879,0
2026-07-02 15:51:26.780925,2.575637,8.142696,1.415299,-0.008152,1.413342,-0.008152,8.142696,0
2026-07-02 15:51:26.780925,2.577985,8.147879,1.415299,-0.002971,1.413342,-0.002971,8.147879,0
2026-07-02 15:51:26.780925,2.580333,8.147879,1.415299,-0.002971,1.413342,-0.002971,8.147879,0
2026-07-02 15:51:26.788698,2.583063,8.142696,1.415299,-0.002971,1.413342,-0.002971,8.142696,0
2026-07-02 15:51:26.791202,2.585496,8.147879,1.415299,-0.002971,1.413342,-0.002971,8.147879,0
2026-07-02 15:51:26.792954,2.588211,8.147879,1.415299,-0.002971,1.413342,-0.002971,8.147879,0
2026-07-02 15:51:26.792954,2.590576,8.147879,1.415299,-0.002971,1.413342,-0.002971,8.147879,0
2026-07-02 15:51:26.797461,2.592903,8.147879,1.415299,-0.002971,1.418524,-0.002971,8.147879,0
2026-07-02 15:51:26.801490,2.595489,8.142696,1.415299,-0.002971,1.413342,-0.002971,8.142696,0
2026-07-02 15:51:26.801490,2.598000,8.147879,1.415299,-0.002971,1.413342,-0.002971,8.147879,0
2026-07-02 15:51:26.801490,2.600407,8.147879,1.415299,-0.002971,1.413342,-0.002971,8.147879,0
2026-07-02 15:51:26.801490,2.602704,8.147879,1.415299,-0.002971,1.413342,-0.002971,8.147879,0
2026-07-02 15:51:26.811557,2.605048,8.147879,1.415299,-0.002971,1.418524,-0.002971,8.147879,0
2026-07-02 15:51:26.812611,2.607922,8.147879,1.415299,-0.002971,1.413342,-0.002971,8.147879,0
2026-07-02 15:51:26.812611,2.610283,8.147879,1.415299,-0.002971,1.418524,-0.002971,8.147879,0
2026-07-02 15:51:26.816650,2.612818,8.153061,1.415299,-0.002971,1.413342,-0.002971,8.153061,0
2026-07-02 15:51:26.816650,2.615164,8.147879,1.415299,-0.002971,1.413342,-0.002971,8.147879,0
2026-07-02 15:51:26.822591,2.617550,8.147879,1.415299,-0.002971,1.413342,-0.002971,8.147879,0
2026-07-02 15:51:26.825517,2.621321,8.147879,1.415299,-0.002971,1.413342,-0.002971,8.147879,0
2026-07-02 15:51:26.828258,2.624550,8.142696,1.415299,-0.002971,1.413342,-0.002971,8.142696,0
2026-07-02 15:51:26.831862,2.626962,8.147879,1.415299,-0.002971,1.418524,-0.002971,8.147879,0
2026-07-02 15:51:26.831862,2.629640,8.147879,1.415299,-0.002971,1.418524,-0.002971,8.147879,0
2026-07-02 15:51:26.831862,2.632034,8.147879,1.415299,-0.002971,1.413342,-0.002971,8.147879,0
2026-07-02 15:51:26.831862,2.634400,8.147879,1.415299,-0.002971,1.413342,-0.002971,8.147879,0
2026-07-02 15:51:26.842700,2.636753,8.147879,1.415299,-0.002971,1.413342,-0.002971,8.147879,0
2026-07-02 15:51:26.843822,2.639095,8.147879,1.415299,-0.002971,1.413342,-0.002971,8.147879,0
2026-07-02 15:51:26.843822,2.641469,8.147879,1.415299,-0.002971,1.413342,-0.002971,8.147879,0
2026-07-02 15:51:26.843822,2.643789,8.147879,1.415299,-0.002971,1.413342,-0.002971,8.147879,0
2026-07-02 15:51:26.852612,2.646458,8.147879,1.415299,-0.002971,1.413342,-0.002971,8.147879,0
2026-07-02 15:51:26.853883,2.649371,8.147879,1.415299,-0.002971,1.413342,-0.002971,8.147879,0
2026-07-02 15:51:26.853883,2.651732,8.147879,1.415299,-0.002971,1.413342,-0.002971,8.147879,0
2026-07-02 15:51:26.853883,2.654246,8.147879,1.415299,-0.002971,1.413342,-0.002971,8.147879,0
2026-07-02 15:51:26.862745,2.656676,8.147879,1.415299,-0.002971,1.413342,-0.002971,8.147879,0
2026-07-02 15:51:26.864992,2.659278,8.147879,1.415299,-0.002971,1.413342,-0.002971,8.147879,0
2026-07-02 15:51:26.868328,2.662883,8.147879,1.415299,-0.008152,1.413342,-0.008152,8.147879,0
2026-07-02 15:51:26.868328,2.665864,8.153061,1.415299,-0.002971,1.413342,-0.002971,8.153061,0
2026-07-02 15:51:26.872869,2.668207,8.147879,1.415299,-0.002971,1.413342,-0.002971,8.147879,0
2026-07-02 15:51:26.872869,2.670899,8.147879,1.415299,-0.002971,1.413342,-0.002971,8.147879,0
2026-07-02 15:51:26.872869,2.673235,8.147879,1.415299,-0.002971,1.413342,-0.002971,8.147879,0
2026-07-02 15:51:26.872869,2.675612,8.147879,1.415299,-0.002971,1.418524,-0.002971,8.147879,0
2026-07-02 15:51:26.883208,2.677901,8.147879,1.415299,-0.002971,1.413342,-0.002971,8.147879,0
2026-07-02 15:51:26.883208,2.680759,8.147879,1.415299,-0.002971,1.418524,-0.002971,8.147879,0
2026-07-02 15:51:26.887424,2.683509,8.147879,1.415299,-0.002971,1.418524,-0.002971,8.147879,0
2026-07-02 15:51:26.898864,2.686258,8.147879,1.415299,-0.002971,1.413342,-0.002971,8.147879,0
2026-07-02 15:51:26.900872,2.696707,8.147879,1.415299,-0.002971,1.418524,-0.002971,8.147879,0
2026-07-02 15:51:26.905500,2.699255,8.147879,1.415299,-0.002971,1.413342,-0.002971,8.147879,0
2026-07-02 15:51:26.906501,2.701868,8.147879,1.415299,-0.002971,1.418524,-0.002971,8.147879,0
2026-07-02 15:51:26.906501,2.704639,8.147879,1.415299,-0.002971,1.413342,-0.002971,8.147879,0
2026-07-02 15:51:26.906501,2.707047,8.147879,1.415299,-0.008152,1.413342,-0.008152,8.147879,0
2026-07-02 15:51:26.914122,2.709386,8.147879,1.415299,-0.002971,1.413342,-0.002971,8.147879,0
2026-07-02 15:51:26.914122,2.711788,8.147879,1.415299,-0.002971,1.413342,-0.002971,8.147879,0
2026-07-02 15:51:26.914122,2.714168,8.147879,1.415299,-0.002971,1.418524,-0.002971,8.147879,0
2026-07-02 15:51:26.914122,2.716589,8.147879,1.415299,-0.002971,1.413342,-0.002971,8.147879,0
2026-07-02 15:51:26.924268,2.718915,8.147879,1.415299,-0.002971,1.418524,-0.002971,8.147879,0
2026-07-02 15:51:26.924268,2.721409,8.147879,1.415299,-0.002971,1.413342,-0.002971,8.147879,0
2026-07-02 15:51:26.924268,2.723793,8.142696,1.415299,-0.002971,1.413342,-0.002971,8.142696,0
2026-07-02 15:51:26.930892,2.726150,8.147879,1.415299,-0.002971,1.413342,-0.002971,8.147879,0
2026-07-02 15:51:26.934715,2.728479,8.147879,1.415299,-0.002971,1.413342,-0.002971,8.147879,0
2026-07-02 15:51:26.934715,2.730970,8.142696,1.415299,-0.002971,1.413342,-0.002971,8.142696,0
2026-07-02 15:51:26.938240,2.733359,8.147879,1.415299,-0.002971,1.413342,-0.002971,8.147879,0
2026-07-02 15:51:26.941559,2.735819,8.142696,1.415299,-0.002971,1.413342,-0.002971,8.142696,0
2026-07-02 15:51:26.942078,2.738196,8.147879,1.415299,-0.002971,1.418524,-0.002971,8.147879,0
2026-07-02 15:51:26.945503,2.740612,8.147879,1.415299,-0.002971,1.413342,-0.002971,8.147879,0
2026-07-02 15:51:26.948970,2.742972,8.147879,1.415299,-0.002971,1.413342,-0.002971,8.147879,0
2026-07-02 15:51:26.948970,2.745612,8.147879,1.415299,-0.002971,1.413342,-0.002971,8.147879,0
2026-07-02 15:51:26.952256,2.748055,8.147879,1.415299,-0.002971,1.418524,-0.002971,8.147879,0
2026-07-02 15:51:26.955049,2.750375,8.147879,1.415299,-0.002971,1.413342,-0.002971,8.147879,0
2026-07-02 15:51:26.957054,2.752773,8.147879,1.415299,-0.008152,1.413342,-0.008152,8.147879,0
2026-07-02 15:51:26.959947,2.755213,8.147879,1.415299,-0.002971,1.418524,-0.002971,8.147879,0
2026-07-02 15:51:26.959947,2.757764,8.147879,1.415299,-0.002971,1.418524,-0.002971,8.147879,0
2026-07-02 15:51:26.965782,2.760174,8.147879,1.415299,-0.002971,1.413342,-0.002971,8.147879,0
2026-07-02 15:51:26.967284,2.762591,8.147879,1.415299,-0.002971,1.413342,-0.002971,8.147879,0
2026-07-02 15:51:26.970918,2.765014,8.147879,1.415299,-0.002971,1.418524,-0.002971,8.147879,0
2026-07-02 15:51:26.970918,2.767393,8.147879,1.415299,-0.002971,1.413342,-0.002971,8.147879,0
2026-07-02 15:51:26.975731,2.769751,8.147879,1.415299,-0.002971,1.418524,-0.002971,8.147879,0
2026-07-02 15:51:26.977895,2.772101,8.147879,1.415299,-0.002971,1.413342,-0.002971,8.147879,0
2026-07-02 15:51:26.979333,2.774568,8.147879,1.415299,-0.002971,1.413342,-0.002971,8.147879,0
2026-07-02 15:51:26.980935,2.776921,8.142696,1.415299,-0.002971,1.413342,-0.002971,8.142696,0
2026-07-02 15:51:26.983345,2.779282,8.147879,1.415299,-0.002971,1.413342,-0.002971,8.147879,0
2026-07-02 15:51:26.985483,2.781737,8.147879,1.415299,-0.002971,1.413342,-0.002971,8.147879,0
2026-07-02 15:51:26.985483,2.784124,8.147879,1.415299,-0.002971,1.413342,-0.002971,8.147879,0
2026-07-02 15:51:26.985483,2.786618,8.147879,1.415299,-0.002971,1.418524,-0.002971,8.147879,0
2026-07-02 15:51:26.985483,2.788992,8.147879,1.415299,-0.002971,1.413342,-0.002971,8.147879,0
2026-07-02 15:51:26.996155,2.791436,8.147879,1.415299,-0.002971,1.413342,-0.002971,8.147879,0
2026-07-02 15:51:26.998166,2.793770,8.147879,1.415299,-0.002971,1.413342,-0.002971,8.147879,0
2026-07-02 15:51:26.998166,2.796188,8.147879,1.410120,-0.002971,1.413342,-0.002971,8.147879,0
2026-07-02 15:51:27.002898,2.798613,8.147879,1.415299,-0.002971,1.413342,-0.002971,8.147879,0
2026-07-02 15:51:27.006275,2.801069,8.147879,1.415299,-0.002971,1.413342,-0.002971,8.147879,0
2026-07-02 15:51:27.008362,2.803593,8.142696,1.415299,-0.002971,1.413342,-0.002971,8.142696,0
2026-07-02 15:51:27.010288,2.806091,8.147879,1.415299,-0.002971,1.413342,-0.002971,8.147879,0
2026-07-02 15:51:27.014398,2.808511,8.147879,1.415299,-0.002971,1.418524,-0.002971,8.147879,0
2026-07-02 15:51:27.016134,2.810970,8.147879,1.415299,-0.002971,1.418524,-0.002971,8.147879,0
2026-07-02 15:51:27.016134,2.813337,8.147879,1.415299,-0.002971,1.413342,-0.002971,8.147879,0
2026-07-02 15:51:27.016134,2.815736,8.147879,1.415299,-0.002971,1.413342,-0.002971,8.147879,0
2026-07-02 15:51:27.016134,2.818046,8.147879,1.415299,-0.002971,1.418524,-0.002971,8.147879,0
2026-07-02 15:51:27.026255,2.820436,8.147879,1.415299,-0.002971,1.418524,-0.002971,8.147879,0
2026-07-02 15:51:27.027552,2.822819,8.147879,1.415299,-0.002971,1.418524,-0.002971,8.147879,0
2026-07-02 15:51:27.031062,2.825216,8.147879,1.415299,-0.002971,1.413342,-0.002971,8.147879,0
2026-07-02 15:51:27.031062,2.827623,8.147879,1.415299,-0.002971,1.413342,-0.002971,8.147879,0
2026-07-02 15:51:27.035952,2.829990,8.147879,1.415299,-0.002971,1.413342,-0.002971,8.147879,0
2026-07-02 15:51:27.038081,2.832827,8.147879,1.415299,-0.002971,1.413342,-0.002971,8.147879,0
2026-07-02 15:51:27.041273,2.835171,8.147879,1.415299,-0.002971,1.418524,-0.002971,8.147879,0
2026-07-02 15:51:27.041891,2.837899,8.147879,1.415299,-0.002971,1.413342,-0.002971,8.147879,0
2026-07-02 15:51:27.050369,2.840270,8.147879,1.415299,-0.002971,1.413342,-0.002971,8.147879,0
2026-07-02 15:51:27.053365,2.847341,8.147879,1.415299,-0.002971,1.418524,-0.002971,8.147879,0
2026-07-02 15:51:27.055274,2.849979,8.147879,1.415299,-0.002971,1.418524,-0.002971,8.147879,0
2026-07-02 15:51:27.057870,2.852350,8.147879,1.415299,-0.002971,1.413342,-0.002971,8.147879,0
2026-07-02 15:51:27.057870,2.854889,8.147879,1.415299,-0.002971,1.418524,-0.002971,8.147879,0
2026-07-02 15:51:27.063175,2.857275,8.142696,1.415299,-0.008152,1.413342,-0.008152,8.142696,0
2026-07-02 15:51:27.067461,2.859781,8.147879,1.415299,-0.002971,1.418524,-0.002971,8.147879,0
2026-07-02 15:51:27.067990,2.863787,8.147879,1.415299,-0.002971,1.413342,-0.002971,8.147879,0
2026-07-02 15:51:27.067990,2.866175,8.147879,1.415299,-0.008152,1.413342,-0.008152,8.147879,0
2026-07-02 15:51:27.067990,2.868534,8.147879,1.415299,-0.002971,1.413342,-0.002971,8.147879,0
2026-07-02 15:51:27.076245,2.870986,8.147879,1.415299,-0.002971,1.413342,-0.002971,8.147879,0
2026-07-02 15:51:27.076245,2.873461,8.147879,1.415299,-0.002971,1.418524,-0.002971,8.147879,0
2026-07-02 15:51:27.076245,2.875871,8.142696,1.415299,-0.002971,1.413342,-0.002971,8.142696,0
2026-07-02 15:51:27.083533,2.878285,8.147879,1.415299,-0.002971,1.418524,-0.002971,8.147879,0
2026-07-02 15:51:27.086386,2.880625,8.147879,1.415299,-0.002971,1.413342,-0.002971,8.147879,0
2026-07-02 15:51:27.086386,2.883064,8.147879,1.415299,-0.002971,1.413342,-0.002971,8.147879,0
2026-07-02 15:51:27.090286,2.885463,8.147879,1.415299,-0.002971,1.418524,-0.002971,8.147879,0
2026-07-02 15:51:27.090286,2.887872,8.147879,1.415299,-0.002971,1.413342,-0.002971,8.147879,0
2026-07-02 15:51:27.090286,2.890280,8.147879,1.415299,-0.002971,1.413342,-0.002971,8.147879,0
2026-07-02 15:51:27.097377,2.892621,8.147879,1.415299,-0.002971,1.413342,-0.002971,8.147879,0
2026-07-02 15:51:27.100256,2.895023,8.147879,1.415299,-0.002971,1.413342,-0.002971,8.147879,0
2026-07-02 15:51:27.102267,2.897442,8.147879,1.415299,-0.002971,1.418524,-0.002971,8.147879,0
2026-07-02 15:51:27.104882,2.899829,8.147879,1.415299,-0.002971,1.418524,-0.002971,8.147879,0
2026-07-02 15:51:27.107612,2.902268,8.147879,1.415299,-0.002971,1.418524,-0.002971,8.147879,0
2026-07-02 15:51:27.107612,2.904735,8.147879,1.415299,-0.002971,1.413342,-0.002971,8.147879,0
2026-07-02 15:51:27.107612,2.907146,8.147879,1.415299,-0.002971,1.413342,-0.002971,8.147879,0
2026-07-02 15:51:27.107612,2.909597,8.147879,1.415299,-0.002971,1.418524,-0.002971,8.147879,0
2026-07-02 15:51:27.118010,2.912068,8.147879,1.415299,-0.002971,1.418524,-0.002971,8.147879,0
2026-07-02 15:51:27.118897,2.914530,8.147879,1.415299,-0.002971,1.413342,-0.002971,8.147879,0
2026-07-02 15:51:27.120914,2.916923,8.147879,1.415299,-0.002971,1.413342,-0.002971,8.147879,0
2026-07-02 15:51:27.125129,2.919538,8.147879,1.415299,-0.002971,1.413342,-0.002971,8.147879,0
2026-07-02 15:51:27.128167,2.921998,8.147879,1.415299,-0.002971,1.418524,-0.002971,8.147879,0
2026-07-02 15:51:27.129259,2.924520,8.147879,1.415299,-0.002971,1.413342,-0.002971,8.147879,0
2026-07-02 15:51:27.131926,2.927082,8.147879,1.415299,-0.002971,1.413342,-0.002971,8.147879,0
2026-07-02 15:51:27.135685,2.929515,8.147879,1.415299,-0.002971,1.413342,-0.002971,8.147879,0
2026-07-02 15:51:27.137699,2.931924,8.147879,1.415299,-0.002971,1.418524,-0.002971,8.147879,0
2026-07-02 15:51:27.138592,2.934316,8.147879,1.415299,-0.002971,1.413342,-0.002971,8.147879,0
2026-07-02 15:51:27.141586,2.936729,8.142696,1.415299,-0.002971,1.413342,-0.002971,8.142696,0
2026-07-02 15:51:27.143989,2.939246,8.147879,1.415299,-0.002971,1.413342,-0.002971,8.147879,0
2026-07-02 15:51:27.143989,2.941648,8.147879,1.415299,-0.002971,1.413342,-0.002971,8.147879,0
2026-07-02 15:51:27.148740,2.944061,8.147879,1.415299,-0.002971,1.418524,-0.002971,8.147879,0
2026-07-02 15:51:27.151258,2.946456,8.147879,1.415299,-0.002971,1.413342,-0.002971,8.147879,0
2026-07-02 15:51:27.153459,2.948785,8.147879,1.415299,-0.002971,1.413342,-0.002971,8.147879,0
2026-07-02 15:51:27.156224,2.951137,8.147879,1.415299,-0.002971,1.413342,-0.002971,8.147879,0
2026-07-02 15:51:27.158920,2.953545,8.147879,1.415299,-0.002971,1.413342,-0.002971,8.147879,0
2026-07-02 15:51:27.158920,2.955972,8.147879,1.415299,-0.002971,1.413342,-0.002971,8.147879,0
2026-07-02 15:51:27.164181,2.958297,8.147879,1.415299,-0.002971,1.418524,-0.002971,8.147879,0
2026-07-02 15:51:27.166651,2.960894,8.147879,1.415299,-0.008152,1.418524,-0.008152,8.147879,0
2026-07-02 15:51:27.169233,2.963339,8.142696,1.415299,-0.002971,1.413342,-0.002971,8.142696,0
2026-07-02 15:51:27.170740,2.965686,8.147879,1.415299,-0.002971,1.413342,-0.002971,8.147879,0
2026-07-02 15:51:27.175354,2.968708,8.147879,1.415299,-0.002971,1.413342,-0.002971,8.147879,0
2026-07-02 15:51:27.177349,2.971556,8.147879,1.415299,-0.002971,1.413342,-0.002971,8.147879,0
2026-07-02 15:51:27.179375,2.973946,8.147879,1.415299,-0.002971,1.413342,-0.002971,8.147879,0
2026-07-02 15:51:27.181386,2.976361,8.142696,1.415299,-0.002971,1.418524,-0.002971,8.142696,0
2026-07-02 15:51:27.184065,2.979139,8.147879,1.415299,-0.002971,1.418524,-0.002971,8.147879,0
2026-07-02 15:51:27.187649,2.981584,8.147879,1.415299,-0.002971,1.418524,-0.002971,8.147879,0
2026-07-02 15:51:27.187649,2.983979,8.142696,1.415299,-0.002971,1.413342,-0.002971,8.142696,0
2026-07-02 15:51:27.191381,2.986378,8.147879,1.415299,-0.002971,1.413342,-0.002971,8.147879,0
2026-07-02 15:51:27.191381,2.988761,8.147879,1.415299,-0.002971,1.413342,-0.002971,8.147879,0
2026-07-02 15:51:27.197401,2.991179,8.147879,1.415299,-0.002971,1.413342,-0.002971,8.147879,0
2026-07-02 15:51:27.197401,2.993728,8.147879,1.415299,-0.002971,1.418524,-0.002971,8.147879,0
2026-07-02 15:51:27.197401,2.996226,8.147879,1.415299,-0.002971,1.413342,-0.002971,8.147879,0
2026-07-02 15:51:27.197401,2.998758,8.147879,1.415299,-0.002971,1.413342,-0.002971,8.147879,0
2026-07-02 15:51:27.207515,3.001198,8.147879,1.415299,-0.002971,1.413342,-0.002971,8.147879,0
2026-07-02 15:51:27.207515,3.003905,8.147879,1.415299,-0.002971,1.413342,-0.002971,8.147879,0
2026-07-02 15:51:27.207515,3.006427,8.147879,1.415299,-0.002971,1.418524,-0.002971,8.147879,0
2026-07-02 15:51:27.207515,3.008875,8.147879,1.415299,-0.002971,1.413342,-0.002971,8.147879,0
2026-07-02 15:51:27.207515,3.011301,8.147879,1.415299,-0.002971,1.413342,-0.002971,8.147879,0
2026-07-02 15:51:27.217615,3.013669,8.147879,1.415299,-0.002971,1.418524,-0.002971,8.147879,0
2026-07-02 15:51:27.217615,3.016267,8.142696,1.415299,-0.002971,1.418524,-0.002971,8.142696,0
2026-07-02 15:51:27.217615,3.018749,8.147879,1.415299,-0.008152,1.413342,-0.008152,8.147879,0
2026-07-02 15:51:27.217615,3.021078,8.147879,1.415299,-0.002971,1.418524,-0.002971,8.147879,0
2026-07-02 15:51:27.228212,3.023385,8.147879,1.415299,-0.002971,1.413342,-0.002971,8.147879,0
2026-07-02 15:51:27.231241,3.025775,8.147879,1.415299,-0.002971,1.413342,-0.002971,8.147879,0
2026-07-02 15:51:27.233252,3.028210,8.147879,1.415299,-0.002971,1.413342,-0.002971,8.147879,0
2026-07-02 15:51:27.235432,3.030651,8.147879,1.415299,-0.002971,1.413342,-0.002971,8.147879,0
2026-07-02 15:51:27.238096,3.033122,8.147879,1.415299,-0.002971,1.418524,-0.002971,8.147879,0
2026-07-02 15:51:27.240004,3.035433,8.147879,1.415299,-0.002971,1.413342,-0.002971,8.147879,0
2026-07-02 15:51:27.240004,3.037847,8.142696,1.415299,-0.002971,1.413342,-0.002971,8.142696,0
2026-07-02 15:51:27.240004,3.040322,8.147879,1.415299,-0.002971,1.413342,-0.002971,8.147879,0
2026-07-02 15:51:27.248196,3.042649,8.147879,1.415299,-0.002971,1.413342,-0.002971,8.147879,0
2026-07-02 15:51:27.248196,3.044998,8.147879,1.415299,-0.002971,1.418524,-0.002971,8.147879,0
2026-07-02 15:51:27.248196,3.047412,8.147879,1.415299,-0.002971,1.413342,-0.002971,8.147879,0
2026-07-02 15:51:27.248196,3.049831,8.147879,1.415299,-0.002971,1.413342,-0.002971,8.147879,0
2026-07-02 15:51:27.258170,3.052215,8.147879,1.415299,-0.008152,1.413342,-0.008152,8.147879,0
2026-07-02 15:51:27.258170,3.054655,8.147879,1.415299,-0.002971,1.413342,-0.002971,8.147879,0
2026-07-02 15:51:27.258170,3.057032,8.147879,1.415299,-0.002971,1.418524,-0.002971,8.147879,0
2026-07-02 15:51:27.258170,3.059399,8.147879,1.415299,-0.002971,1.418524,-0.002971,8.147879,0
2026-07-02 15:51:27.258170,3.061742,8.147879,1.415299,-0.002971,1.413342,-0.002971,8.147879,0
2026-07-02 15:51:27.269502,3.064113,8.147879,1.415299,-0.002971,1.418524,-0.002971,8.147879,0
2026-07-02 15:51:27.271989,3.067247,8.147879,1.415299,-0.002971,1.418524,-0.002971,8.147879,0
2026-07-02 15:51:27.274002,3.070083,8.147879,1.415299,-0.002971,1.418524,-0.002971,8.147879,0
2026-07-02 15:51:27.278526,3.072739,8.147879,1.415299,-0.002971,1.413342,-0.002971,8.147879,0
2026-07-02 15:51:27.278526,3.075092,8.147879,1.415299,-0.002971,1.418524,-0.002971,8.147879,0
2026-07-02 15:51:27.278526,3.077544,8.147879,1.415299,-0.002971,1.413342,-0.002971,8.147879,0
2026-07-02 15:51:27.278526,3.079933,8.147879,1.415299,-0.002971,1.418524,-0.002971,8.147879,0
2026-07-02 15:51:27.287156,3.082350,8.147879,1.415299,-0.002971,1.418524,-0.002971,8.147879,0
2026-07-02 15:51:27.291659,3.085035,8.147879,1.415299,-0.002971,1.418524,-0.002971,8.147879,0
2026-07-02 15:51:27.292613,3.088136,8.147879,1.415299,-0.002971,1.413342,-0.002971,8.147879,0
2026-07-02 15:51:27.297009,3.092269,8.147879,1.415299,-0.002971,1.413342,-0.002971,8.147879,0
2026-07-02 15:51:27.300366,3.094679,8.147879,1.415299,-0.002971,1.418524,-0.002971,8.147879,0
2026-07-02 15:51:27.301001,3.097127,8.142696,1.415299,-0.002971,1.413342,-0.002971,8.142696,0
2026-07-02 15:51:27.305808,3.099531,8.147879,1.415299,-0.002971,1.413342,-0.002971,8.147879,0
2026-07-02 15:51:27.308069,3.101995,8.147879,1.415299,-0.002971,1.418524,-0.002971,8.147879,0
2026-07-02 15:51:27.309077,3.104346,8.147879,1.415299,-0.002971,1.413342,-0.002971,8.147879,0
2026-07-02 15:51:27.312013,3.106798,8.147879,1.415299,-0.002971,1.418524,-0.002971,8.147879,0
2026-07-02 15:51:27.313508,3.109226,8.147879,1.415299,-0.002971,1.418524,-0.002971,8.147879,0
2026-07-02 15:51:27.313508,3.111699,8.147879,1.415299,-0.002971,1.413342,-0.002971,8.147879,0
2026-07-02 15:51:27.319349,3.114093,8.147879,1.415299,-0.002971,1.413342,-0.002971,8.147879,0
2026-07-02 15:51:27.321132,3.116429,8.147879,1.415299,-0.002971,1.413342,-0.002971,8.147879,0
2026-07-02 15:51:27.323142,3.118875,8.142696,1.415299,-0.002971,1.418524,-0.002971,8.142696,0
2026-07-02 15:51:27.325293,3.121265,8.147879,1.415299,-0.002971,1.413342,-0.002971,8.147879,0
2026-07-02 15:51:27.329357,3.123675,8.147879,1.415299,-0.002971,1.418524,-0.002971,8.147879,0
2026-07-02 15:51:27.331546,3.126045,8.147879,1.415299,-0.002971,1.418524,-0.002971,8.147879,0
2026-07-02 15:51:27.331546,3.128400,8.147879,1.415299,-0.002971,1.413342,-0.002971,8.147879,0
2026-07-02 15:51:27.335045,3.130763,8.147879,1.415299,-0.008152,1.413342,-0.008152,8.147879,0
2026-07-02 15:51:27.337240,3.133193,8.147879,1.415299,-0.002971,1.413342,-0.002971,8.147879,0
2026-07-02 15:51:27.340444,3.135667,8.147879,1.415299,-0.002971,1.418524,-0.002971,8.147879,0
2026-07-02 15:51:27.340444,3.138115,8.147879,1.415299,-0.002971,1.413342,-0.002971,8.147879,0
2026-07-02 15:51:27.345303,3.140602,8.147879,1.415299,-0.002971,1.418524,-0.002971,8.147879,0
2026-07-02 15:51:27.345303,3.142970,8.147879,1.415299,-0.002971,1.413342,-0.002971,8.147879,0
2026-07-02 15:51:27.350889,3.145434,8.147879,1.415299,-0.002971,1.413342,-0.002971,8.147879,0
2026-07-02 15:51:27.352236,3.147939,8.147879,1.415299,-0.002971,1.418524,-0.002971,8.147879,0
2026-07-02 15:51:27.354434,3.150290,8.147879,1.415299,-0.002971,1.413342,-0.002971,8.147879,0
2026-07-02 15:51:27.356843,3.152670,8.147879,1.415299,-0.002971,1.413342,-0.002971,8.147879,0
2026-07-02 15:51:27.360807,3.155060,8.142696,1.415299,-0.002971,1.413342,-0.002971,8.142696,0
2026-07-02 15:51:27.362144,3.157439,8.147879,1.415299,-0.002971,1.418524,-0.002971,8.147879,0
2026-07-02 15:51:27.365754,3.159877,8.147879,1.415299,-0.002971,1.413342,-0.002971,8.147879,0
2026-07-02 15:51:27.368368,3.162388,8.147879,1.415299,-0.008152,1.418524,-0.008152,8.147879,0
2026-07-02 15:51:27.370821,3.164786,8.147879,1.415299,-0.002971,1.413342,-0.002971,8.147879,0
2026-07-02 15:51:27.372525,3.167235,8.147879,1.415299,-0.002971,1.418524,-0.002971,8.147879,0
2026-07-02 15:51:27.372525,3.169695,8.147879,1.415299,-0.002971,1.413342,-0.002971,8.147879,0
2026-07-02 15:51:27.372525,3.172065,8.147879,1.415299,-0.002971,1.413342,-0.002971,8.147879,0
2026-07-02 15:51:27.380323,3.174591,8.147879,1.415299,-0.002971,1.418524,-0.002971,8.147879,0
2026-07-02 15:51:27.381164,3.176936,8.147879,1.415299,-0.002971,1.418524,-0.002971,8.147879,0
2026-07-02 15:51:27.383714,3.179296,8.147879,1.415299,-0.002971,1.418524,-0.002971,8.147879,0
2026-07-02 15:51:27.387639,3.181737,8.147879,1.415299,-0.002971,1.413342,-0.002971,8.147879,0
2026-07-02 15:51:27.387639,3.184175,8.147879,1.415299,-0.002971,1.413342,-0.002971,8.147879,0
2026-07-02 15:51:27.391556,3.186693,8.147879,1.415299,-0.002971,1.418524,-0.002971,8.147879,0
2026-07-02 15:51:27.393880,3.189153,8.147879,1.415299,-0.002971,1.418524,-0.002971,8.147879,0
2026-07-02 15:51:27.393880,3.191634,8.147879,1.415299,-0.002971,1.413342,-0.002971,8.147879,0
2026-07-02 15:51:27.398674,3.193977,8.147879,1.415299,-0.002971,1.418524,-0.002971,8.147879,0
2026-07-02 15:51:27.401485,3.196338,8.147879,1.415299,-0.002971,1.413342,-0.002971,8.147879,0
2026-07-02 15:51:27.401485,3.198796,8.142696,1.415299,-0.002971,1.418524,-0.002971,8.142696,0
2026-07-02 15:51:27.401485,3.201188,8.147879,1.415299,-0.002971,1.418524,-0.002971,8.147879,0
2026-07-02 15:51:27.401485,3.203553,8.147879,1.415299,-0.002971,1.418524,-0.002971,8.147879,0
2026-07-02 15:51:27.411975,3.206026,8.147879,1.415299,-0.002971,1.413342,-0.002971,8.147879,0
2026-07-02 15:51:27.411975,3.208467,8.147879,1.415299,-0.002971,1.413342,-0.002971,8.147879,0
2026-07-02 15:51:27.416085,3.211604,8.147879,1.415299,-0.002971,1.413342,-0.002971,8.147879,0
2026-07-02 15:51:27.419914,3.215124,8.147879,1.415299,-0.002971,1.413342,-0.002971,8.147879,0
2026-07-02 15:51:27.421665,3.217525,8.147879,1.415299,-0.002971,1.413342,-0.002971,8.147879,0
2026-07-02 15:51:27.425108,3.219937,8.147879,1.415299,-0.002971,1.413342,-0.002971,8.147879,0
2026-07-02 15:51:27.426630,3.222355,8.147879,1.415299,-0.002971,1.413342,-0.002971,8.147879,0
2026-07-02 15:51:27.426630,3.224729,8.147879,1.415299,-0.002971,1.418524,-0.002971,8.147879,0
2026-07-02 15:51:27.432151,3.227225,8.147879,1.415299,-0.002971,1.418524,-0.002971,8.147879,0
2026-07-02 15:51:27.433980,3.229688,8.147879,1.415299,-0.002971,1.413342,-0.002971,8.147879,0
2026-07-02 15:51:27.435990,3.232110,8.147879,1.415299,-0.002971,1.413342,-0.002971,8.147879,0
2026-07-02 15:51:27.440835,3.234835,8.147879,1.415299,-0.002971,1.413342,-0.002971,8.147879,0
2026-07-02 15:51:27.442513,3.237469,8.147879,1.415299,-0.002971,1.413342,-0.002971,8.147879,0
2026-07-02 15:51:27.444119,3.239861,8.147879,1.415299,-0.002971,1.413342,-0.002971,8.147879,0
2026-07-02 15:51:27.444119,3.242328,8.147879,1.415299,-0.002971,1.418524,-0.002971,8.147879,0
2026-07-02 15:51:27.444119,3.245147,8.147879,1.415299,-0.002971,1.413342,-0.002971,8.147879,0
2026-07-02 15:51:27.452075,3.247523,8.147879,1.415299,-0.002971,1.413342,-0.002971,8.147879,0
2026-07-02 15:51:27.452075,3.249948,8.147879,1.415299,-0.002971,1.418524,-0.002971,8.147879,0
2026-07-02 15:51:27.457029,3.252319,8.147879,1.415299,-0.008152,1.413342,-0.008152,8.147879,0
2026-07-02 15:51:27.457029,3.254671,8.147879,1.415299,-0.002971,1.413342,-0.002971,8.147879,0
2026-07-02 15:51:27.462848,3.256998,8.147879,1.415299,-0.002971,1.413342,-0.002971,8.147879,0
2026-07-02 15:51:27.462848,3.259307,8.147879,1.415299,-0.002971,1.413342,-0.002971,8.147879,0
2026-07-02 15:51:27.462848,3.261655,8.147879,1.415299,-0.002971,1.418524,-0.002971,8.147879,0
2026-07-02 15:51:27.462848,3.264009,8.147879,1.415299,-0.002971,1.418524,-0.002971,8.147879,0
2026-07-02 15:51:27.472546,3.266384,8.147879,1.415299,-0.002971,1.418524,-0.002971,8.147879,0
2026-07-02 15:51:27.473191,3.268794,8.147879,1.415299,-0.002971,1.418524,-0.002971,8.147879,0
2026-07-02 15:51:27.475362,3.271224,8.147879,1.415299,-0.002971,1.418524,-0.002971,8.147879,0
2026-07-02 15:51:27.475362,3.273684,8.147879,1.415299,-0.002971,1.413342,-0.002971,8.147879,0
2026-07-02 15:51:27.475362,3.276207,8.142696,1.415299,-0.002971,1.418524,-0.002971,8.142696,0
2026-07-02 15:51:27.482757,3.279041,8.147879,1.415299,-0.002971,1.413342,-0.002971,8.147879,0
2026-07-02 15:51:27.482757,3.281409,8.147879,1.415299,-0.002971,1.413342,-0.002971,8.147879,0
2026-07-02 15:51:27.482757,3.283751,8.147879,1.415299,-0.002971,1.413342,-0.002971,8.147879,0
2026-07-02 15:51:27.482757,3.286064,8.147879,1.415299,-0.002971,1.418524,-0.002971,8.147879,0
2026-07-02 15:51:27.493110,3.288435,8.147879,1.415299,-0.008152,1.418524,-0.008152,8.147879,0
2026-07-02 15:51:27.493110,3.290761,8.147879,1.415299,-0.002971,1.413342,-0.002971,8.147879,0
2026-07-02 15:51:27.493110,3.293107,8.153061,1.415299,-0.002971,1.413342,-0.002971,8.153061,0
2026-07-02 15:51:27.493110,3.295546,8.147879,1.415299,-0.002971,1.418524,-0.002971,8.147879,0
2026-07-02 15:51:27.503202,3.297912,8.142696,1.415299,-0.002971,1.413342,-0.002971,8.142696,0
2026-07-02 15:51:27.503202,3.300286,8.147879,1.415299,-0.002971,1.418524,-0.002971,8.147879,0
2026-07-02 15:51:27.503202,3.302630,8.147879,1.415299,-0.002971,1.418524,-0.002971,8.147879,0
2026-07-02 15:51:27.503202,3.304972,8.147879,1.415299,-0.008152,1.413342,-0.008152,8.147879,0
2026-07-02 15:51:27.513341,3.307315,8.147879,1.415299,-0.002971,1.418524,-0.002971,8.147879,0
2026-07-02 15:51:27.513341,3.310034,8.147879,1.415299,-0.002971,1.418524,-0.002971,8.147879,0
2026-07-02 15:51:27.513341,3.312428,8.147879,1.415299,-0.002971,1.413342,-0.002971,8.147879,0
2026-07-02 15:51:27.513341,3.314771,8.147879,1.415299,-0.002971,1.418524,-0.002971,8.147879,0
2026-07-02 15:51:27.513341,3.317042,8.147879,1.415299,-0.002971,1.413342,-0.002971,8.147879,0
2026-07-02 15:51:27.525602,3.319399,8.147879,1.415299,-0.002971,1.413342,-0.002971,8.147879,0
2026-07-02 15:51:27.527272,3.322213,8.147879,1.415299,-0.002971,1.413342,-0.002971,8.147879,0
2026-07-02 15:51:27.529284,3.325145,8.147879,1.415299,-0.002971,1.413342,-0.002971,8.147879,0
2026-07-02 15:51:27.533885,3.327831,8.147879,1.415299,-0.002971,1.413342,-0.002971,8.147879,0
2026-07-02 15:51:27.533885,3.330511,8.147879,1.415299,-0.002971,1.418524,-0.002971,8.147879,0
2026-07-02 15:51:27.533885,3.332907,8.147879,1.415299,-0.002971,1.418524,-0.002971,8.147879,0
2026-07-02 15:51:27.533885,3.335276,8.147879,1.415299,-0.002971,1.413342,-0.002971,8.147879,0
2026-07-02 15:51:27.543288,3.337893,8.147879,1.415299,-0.002971,1.413342,-0.002971,8.147879,0
2026-07-02 15:51:27.544298,3.340615,8.147879,1.415299,-0.002971,1.413342,-0.002971,8.147879,0
2026-07-02 15:51:27.544298,3.342972,8.142696,1.415299,-0.002971,1.418524,-0.002971,8.142696,0
2026-07-02 15:51:27.550151,3.346030,8.147879,1.415299,-0.002971,1.413342,-0.002971,8.147879,0
2026-07-02 15:51:27.554424,3.348399,8.147879,1.415299,-0.002971,1.413342,-0.002971,8.147879,0
2026-07-02 15:51:27.554424,3.351413,8.147879,1.415299,-0.002971,1.418524,-0.002971,8.147879,0
2026-07-02 15:51:27.559183,3.354436,8.147879,1.415299,-0.002971,1.418524,-0.002971,8.147879,0
2026-07-02 15:51:27.559183,3.357016,8.142696,1.415299,-0.002971,1.413342,-0.002971,8.142696,0
2026-07-02 15:51:27.564516,3.359465,8.147879,1.415299,-0.002971,1.413342,-0.002971,8.147879,0
2026-07-02 15:51:27.567290,3.361838,8.147879,1.415299,-0.002971,1.418524,-0.002971,8.147879,0
2026-07-02 15:51:27.570867,3.364706,8.147879,1.415299,-0.002971,1.418524,-0.002971,8.147879,0
2026-07-02 15:51:27.570867,3.367084,8.147879,1.415299,-0.002971,1.413342,-0.002971,8.147879,0
2026-07-02 15:51:27.576189,3.369446,8.147879,1.415299,-0.002971,1.413342,-0.002971,8.147879,0
2026-07-02 15:51:27.577367,3.372782,8.147879,1.415299,-0.002971,1.413342,-0.002971,8.147879,0
2026-07-02 15:51:27.582861,3.375861,8.147879,1.415299,-0.002971,1.413342,-0.002971,8.147879,0
2026-07-02 15:51:27.594704,3.380452,8.147879,1.415299,-0.002971,1.418524,-0.002971,8.147879,0
2026-07-02 15:51:27.595948,3.391157,8.147879,1.415299,-0.002971,1.413342,-0.002971,8.147879,0
2026-07-02 15:51:27.599357,3.394389,8.147879,1.415299,-0.002971,1.418524,-0.002971,8.147879,0
2026-07-02 15:51:27.602527,3.397897,8.142696,1.415299,-0.002971,1.413342,-0.002971,8.142696,0
2026-07-02 15:51:27.607969,3.401063,8.147879,1.415299,-0.002971,1.418524,-0.002971,8.147879,0
2026-07-02 15:51:27.610981,3.406184,8.153061,1.415299,-0.002971,1.413342,-0.002971,8.153061,0
2026-07-02 15:51:27.621473,3.409520,8.147879,1.415299,-0.002971,1.413342,-0.002971,8.147879,0
2026-07-02 15:51:27.625766,3.419382,8.147879,1.415299,-0.002971,1.418524,-0.002971,8.147879,0
2026-07-02 15:51:27.627598,3.422140,8.147879,1.415299,-0.002971,1.418524,-0.002971,8.147879,0
2026-07-02 15:51:27.629016,3.424493,8.147879,1.415299,-0.002971,1.418524,-0.002971,8.147879,0
2026-07-02 15:51:27.631636,3.427280,8.147879,1.415299,-0.002971,1.413342,-0.002971,8.147879,0
2026-07-02 15:51:27.635853,3.429676,8.147879,1.415299,-0.002971,1.418524,-0.002971,8.147879,0
2026-07-02 15:51:27.637741,3.432366,8.147879,1.415299,-0.002971,1.413342,-0.002971,8.147879,0
2026-07-02 15:51:27.637741,3.434700,8.147879,1.415299,-0.002971,1.413342,-0.002971,8.147879,0
2026-07-02 15:51:27.641727,3.437834,8.147879,1.415299,-0.002971,1.413342,-0.002971,8.147879,0
2026-07-02 15:51:27.647254,3.440188,8.147879,1.415299,-0.002971,1.418524,-0.002971,8.147879,0
2026-07-02 15:51:27.650218,3.444452,8.147879,1.415299,-0.002971,1.418524,-0.002971,8.147879,0
2026-07-02 15:51:27.652041,3.447861,8.147879,1.415299,-0.002971,1.418524,-0.002971,8.147879,0
2026-07-02 15:51:27.656316,3.450262,8.147879,1.415299,-0.002971,1.418524,-0.002971,8.147879,0
2026-07-02 15:51:27.656316,3.452979,8.147879,1.415299,-0.002971,1.418524,-0.002971,8.147879,0
2026-07-02 15:51:27.656316,3.455307,8.147879,1.415299,-0.002971,1.413342,-0.002971,8.147879,0
2026-07-02 15:51:27.656316,3.457651,8.142696,1.415299,-0.002971,1.413342,-0.002971,8.142696,0
2026-07-02 15:51:27.666631,3.460378,8.147879,1.415299,-0.002971,1.413342,-0.002971,8.147879,0
2026-07-02 15:51:27.667773,3.463197,8.147879,1.415299,-0.002971,1.418524,-0.002971,8.147879,0
2026-07-02 15:51:27.671315,3.465556,8.147879,1.415299,-0.002971,1.418524,-0.002971,8.147879,0
2026-07-02 15:51:27.671315,3.467925,8.147879,1.415299,-0.008152,1.413342,-0.008152,8.147879,0
2026-07-02 15:51:27.674717,3.470281,8.147879,1.415299,-0.002971,1.413342,-0.002971,8.147879,0
2026-07-02 15:51:27.678285,3.473150,8.147879,1.415299,-0.002971,1.413342,-0.002971,8.147879,0
2026-07-02 15:51:27.683069,3.476475,8.147879,1.415299,-0.002971,1.413342,-0.002971,8.147879,0
2026-07-02 15:51:27.683069,3.479733,8.147879,1.415299,-0.002971,1.413342,-0.002971,8.147879,0
2026-07-02 15:51:27.687187,3.482064,8.147879,1.415299,-0.002971,1.418524,-0.002971,8.147879,0
2026-07-02 15:51:27.689018,3.484431,8.147879,1.415299,-0.002971,1.418524,-0.002971,8.147879,0
2026-07-02 15:51:27.691227,3.486732,8.147879,1.415299,-0.002971,1.418524,-0.002971,8.147879,0
2026-07-02 15:51:27.691227,3.489053,8.147879,1.415299,-0.002971,1.418524,-0.002971,8.147879,0
2026-07-02 15:51:27.702274,3.491357,8.147879,1.415299,-0.002971,1.413342,-0.002971,8.147879,0
2026-07-02 15:51:27.705137,3.499087,8.147879,1.415299,-0.002971,1.418524,-0.002971,8.147879,0
2026-07-02 15:51:27.711429,3.501779,8.147879,1.415299,-0.002971,1.418524,-0.002971,8.147879,0
2026-07-02 15:51:27.715078,3.508265,8.147879,1.415299,-0.002971,1.413342,-0.002971,8.147879,0
2026-07-02 15:51:27.717396,3.511451,8.147879,1.415299,-0.002971,1.413342,-0.002971,8.147879,0
2026-07-02 15:51:27.718394,3.513816,8.147879,1.415299,-0.002971,1.418524,-0.002971,8.147879,0
2026-07-02 15:51:27.720406,3.516160,8.147879,1.415299,-0.002971,1.413342,-0.002971,8.147879,0
2026-07-02 15:51:27.724112,3.518504,8.147879,1.415299,-0.002971,1.413342,-0.002971,8.147879,0
2026-07-02 15:51:27.725222,3.520941,8.147879,1.415299,-0.002971,1.413342,-0.002971,8.147879,0
2026-07-02 15:51:27.725222,3.523323,8.147879,1.415299,-0.002971,1.418524,-0.002971,8.147879,0
2026-07-02 15:51:27.731622,3.525651,8.147879,1.415299,-0.002971,1.418524,-0.002971,8.147879,0
2026-07-02 15:51:27.731622,3.527965,8.147879,1.415299,-0.002971,1.418524,-0.002971,8.147879,0
2026-07-02 15:51:27.735241,3.530497,8.147879,1.415299,-0.002971,1.418524,-0.002971,8.147879,0
2026-07-02 15:51:27.735241,3.532806,8.147879,1.415299,-0.002971,1.413342,-0.002971,8.147879,0
2026-07-02 15:51:27.739935,3.535243,8.142696,1.415299,-0.002971,1.418524,-0.002971,8.142696,0
2026-07-02 15:51:27.739935,3.537656,8.147879,1.415299,-0.002971,1.413342,-0.002971,8.147879,0
2026-07-02 15:51:27.746031,3.540002,8.147879,1.415299,-0.008152,1.413342,-0.008152,8.147879,0
2026-07-02 15:51:27.747159,3.542352,8.142696,1.415299,-0.002971,1.418524,-0.002971,8.142696,0
2026-07-02 15:51:27.750031,3.544823,8.147879,1.415299,-0.002971,1.413342,-0.002971,8.147879,0
2026-07-02 15:51:27.753195,3.547178,8.147879,1.415299,-0.002971,1.418524,-0.002971,8.147879,0
2026-07-02 15:51:27.755566,3.549564,8.147879,1.415299,-0.002971,1.413342,-0.002971,8.147879,0
2026-07-02 15:51:27.755566,3.552059,8.147879,1.415299,-0.002971,1.418524,-0.002971,8.147879,0
2026-07-02 15:51:27.759094,3.554665,8.147879,1.415299,-0.002971,1.413342,-0.002971,8.147879,0
2026-07-02 15:51:27.759094,3.557052,8.147879,1.415299,-0.002971,1.413342,-0.002971,8.147879,0
2026-07-02 15:51:27.759094,3.559399,8.142696,1.415299,-0.002971,1.413342,-0.002971,8.142696,0
2026-07-02 15:51:27.765761,3.561755,8.142696,1.415299,-0.008152,1.413342,-0.008152,8.142696,0
2026-07-02 15:51:27.768407,3.564126,8.142696,1.415299,-0.002971,1.413342,-0.002971,8.142696,0
2026-07-02 15:51:27.771712,3.566493,8.147879,1.415299,-0.002971,1.413342,-0.002971,8.147879,0
2026-07-02 15:51:27.771712,3.568942,8.147879,1.415299,-0.002971,1.418524,-0.002971,8.147879,0
2026-07-02 15:51:27.776520,3.571308,8.147879,1.415299,-0.002971,1.413342,-0.002971,8.147879,0
2026-07-02 15:51:27.777970,3.573705,8.147879,1.415299,-0.002971,1.413342,-0.002971,8.147879,0
2026-07-02 15:51:27.780828,3.576065,8.147879,1.415299,-0.002971,1.413342,-0.002971,8.147879,0
2026-07-02 15:51:27.783836,3.578528,8.147879,1.415299,-0.002971,1.413342,-0.002971,8.147879,0
2026-07-02 15:51:27.786184,3.581089,8.147879,1.415299,-0.002971,1.413342,-0.002971,8.147879,0
2026-07-02 15:51:27.788157,3.583478,8.147879,1.415299,-0.002971,1.418524,-0.002971,8.147879,0
2026-07-02 15:51:27.788157,3.585959,8.147879,1.415299,-0.002971,1.418524,-0.002971,8.147879,0
2026-07-02 15:51:27.788157,3.588300,8.147879,1.415299,-0.002971,1.413342,-0.002971,8.147879,0
2026-07-02 15:51:27.796330,3.590734,8.147879,1.415299,-0.002971,1.418524,-0.002971,8.147879,0
2026-07-02 15:51:27.797380,3.593098,8.147879,1.415299,-0.002971,1.418524,-0.002971,8.147879,0
2026-07-02 15:51:27.800078,3.595579,8.147879,1.415299,-0.002971,1.413342,-0.002971,8.147879,0
2026-07-02 15:51:27.800078,3.597958,8.147879,1.415299,-0.002971,1.418524,-0.002971,8.147879,0
2026-07-02 15:51:27.800078,3.600372,8.142696,1.415299,-0.002971,1.413342,-0.002971,8.142696,0
2026-07-02 15:51:27.808349,3.602771,8.147879,1.415299,-0.002971,1.413342,-0.002971,8.147879,0
2026-07-02 15:51:27.810640,3.605183,8.153061,1.410120,-0.002971,1.413342,-0.002971,8.153061,0
2026-07-02 15:51:27.813616,3.607756,8.147879,1.415299,-0.002971,1.413342,-0.002971,8.147879,0
2026-07-02 15:51:27.814662,3.610182,8.147879,1.415299,-0.002971,1.413342,-0.002971,8.147879,0
2026-07-02 15:51:27.816973,3.612588,8.147879,1.415299,-0.002971,1.413342,-0.002971,8.147879,0
2026-07-02 15:51:27.816973,3.614964,8.147879,1.415299,-0.002971,1.413342,-0.002971,8.147879,0
2026-07-02 15:51:27.816973,3.617321,8.147879,1.415299,-0.002971,1.418524,-0.002971,8.147879,0
2026-07-02 15:51:27.816973,3.619669,8.147879,1.415299,-0.002971,1.418524,-0.002971,8.147879,0
2026-07-02 15:51:27.827295,3.622005,8.147879,1.415299,-0.002971,1.413342,-0.002971,8.147879,0
2026-07-02 15:51:27.827295,3.624352,8.147879,1.415299,-0.002971,1.418524,-0.002971,8.147879,0
2026-07-02 15:51:27.831885,3.626749,8.147879,1.415299,-0.002971,1.418524,-0.002971,8.147879,0
2026-07-02 15:51:27.835571,3.629122,8.147879,1.415299,-0.002971,1.413342,-0.002971,8.147879,0
2026-07-02 15:51:27.838345,3.631842,8.147879,1.415299,-0.002971,1.418524,-0.002971,8.147879,0
2026-07-02 15:51:27.839246,3.634555,8.147879,1.415299,-0.002971,1.418524,-0.002971,8.147879,0
2026-07-02 15:51:27.841256,3.636955,8.147879,1.415299,-0.002971,1.413342,-0.002971,8.147879,0
2026-07-02 15:51:27.844329,3.639435,8.147879,1.415299,-0.002971,1.413342,-0.002971,8.147879,0
2026-07-02 15:51:27.848027,3.641808,8.147879,1.415299,-0.002971,1.413342,-0.002971,8.147879,0
2026-07-02 15:51:27.849954,3.644367,8.147879,1.415299,-0.002971,1.413342,-0.002971,8.147879,0
2026-07-02 15:51:27.849954,3.646762,8.147879,1.415299,-0.002971,1.413342,-0.002971,8.147879,0
2026-07-02 15:51:27.849954,3.649117,8.147879,1.415299,-0.002971,1.413342,-0.002971,8.147879,0
2026-07-02 15:51:27.855925,3.651420,8.147879,1.415299,-0.002971,1.413342,-0.002971,8.147879,0
2026-07-02 15:51:27.858899,3.653776,8.147879,1.415299,-0.002971,1.418524,-0.002971,8.147879,0
2026-07-02 15:51:27.858899,3.656171,8.147879,1.415299,-0.002971,1.413342,-0.002971,8.147879,0
2026-07-02 15:51:27.858899,3.658535,8.147879,1.415299,-0.002971,1.413342,-0.002971,8.147879,0
2026-07-02 15:51:27.865549,3.660872,8.147879,1.415299,-0.002971,1.413342,-0.002971,8.147879,0
2026-07-02 15:51:27.869489,3.663214,8.142696,1.415299,-0.002971,1.418524,-0.002971,8.142696,0
2026-07-02 15:51:27.870377,3.665691,8.153061,1.415299,-0.002971,1.418524,-0.002971,8.153061,0
2026-07-02 15:51:27.872389,3.668045,8.147879,1.415299,-0.002971,1.413342,-0.002971,8.147879,0
2026-07-02 15:51:27.875540,3.671205,8.147879,1.415299,-0.002971,1.418524,-0.002971,8.147879,0
2026-07-02 15:51:27.879179,3.673649,8.147879,1.415299,-0.002971,1.413342,-0.002971,8.147879,0
2026-07-02 15:51:27.881878,3.676002,8.147879,1.415299,-0.002971,1.413342,-0.002971,8.147879,0
2026-07-02 15:51:27.881878,3.678350,8.147879,1.415299,-0.002971,1.418524,-0.002971,8.147879,0
2026-07-02 15:51:27.881878,3.680810,8.147879,1.415299,-0.002971,1.413342,-0.002971,8.147879,0
2026-07-02 15:51:27.887806,3.683146,8.147879,1.415299,-0.002971,1.413342,-0.002971,8.147879,0
2026-07-02 15:51:27.889559,3.685495,8.147879,1.415299,-0.002971,1.413342,-0.002971,8.147879,0
2026-07-02 15:51:27.889559,3.688017,8.147879,1.415299,-0.002971,1.413342,-0.002971,8.147879,0
2026-07-02 15:51:27.889559,3.690385,8.147879,1.415299,-0.002971,1.418524,-0.002971,8.147879,0
2026-07-02 15:51:27.889559,3.692727,8.147879,1.415299,-0.002971,1.418524,-0.002971,8.147879,0
2026-07-02 15:51:27.900540,3.695059,8.147879,1.415299,-0.002971,1.413342,-0.002971,8.147879,0
2026-07-02 15:51:27.902110,3.697423,8.147879,1.415299,-0.002971,1.413342,-0.002971,8.147879,0
2026-07-02 15:51:27.904039,3.699773,8.147879,1.415299,-0.002971,1.418524,-0.002971,8.147879,0
2026-07-02 15:51:27.904039,3.702147,8.147879,1.415299,-0.002971,1.413342,-0.002971,8.147879,0
2026-07-02 15:51:27.911654,3.704489,8.147879,1.415299,-0.002971,1.413342,-0.002971,8.147879,0
2026-07-02 15:51:27.912368,3.708058,8.147879,1.415299,-0.002971,1.413342,-0.002971,8.147879,0
2026-07-02 15:51:27.916404,3.710545,8.147879,1.415299,-0.002971,1.413342,-0.002971,8.147879,0
2026-07-02 15:51:27.921277,3.713089,8.147879,1.415299,-0.002971,1.418524,-0.002971,8.147879,0
2026-07-02 15:51:27.921277,3.717930,8.147879,1.415299,-0.002971,1.413342,-0.002971,8.147879,0
2026-07-02 15:51:27.921277,3.720293,8.147879,1.415299,-0.008152,1.418524,-0.008152,8.147879,0
2026-07-02 15:51:27.921277,3.722674,8.147879,1.415299,-0.002971,1.413342,-0.002971,8.147879,0
2026-07-02 15:51:27.930747,3.725066,8.147879,1.415299,-0.002971,1.418524,-0.002971,8.147879,0
2026-07-02 15:51:27.931759,3.727426,8.147879,1.415299,-0.002971,1.418524,-0.002971,8.147879,0
2026-07-02 15:51:27.933770,3.729831,8.147879,1.415299,-0.002971,1.418524,-0.002971,8.147879,0
2026-07-02 15:51:27.936964,3.732215,8.147879,1.415299,-0.002971,1.418524,-0.002971,8.147879,0
2026-07-02 15:51:27.940826,3.734673,8.147879,1.415299,-0.002971,1.418524,-0.002971,8.147879,0
2026-07-02 15:51:27.942839,3.738230,8.147879,1.415299,-0.002971,1.413342,-0.002971,8.147879,0
2026-07-02 15:51:27.944728,3.740678,8.147879,1.415299,-0.002971,1.413342,-0.002971,8.147879,0
2026-07-02 15:51:27.944728,3.743042,8.147879,1.415299,-0.002971,1.413342,-0.002971,8.147879,0
2026-07-02 15:51:27.951138,3.745484,8.147879,1.415299,-0.002971,1.418524,-0.002971,8.147879,0
2026-07-02 15:51:27.951858,3.747839,8.147879,1.415299,-0.002971,1.413342,-0.002971,8.147879,0
2026-07-02 15:51:27.951858,3.750313,8.147879,1.415299,-0.002971,1.413342,-0.002971,8.147879,0
2026-07-02 15:51:27.958290,3.752631,8.147879,1.415299,-0.008152,1.413342,-0.008152,8.147879,0
2026-07-02 15:51:27.958290,3.755025,8.147879,1.415299,-0.002971,1.418524,-0.002971,8.147879,0
2026-07-02 15:51:27.962051,3.757428,8.147879,1.415299,-0.002971,1.418524,-0.002971,8.147879,0
2026-07-02 15:51:27.966850,3.760373,8.147879,1.415299,-0.002971,1.413342,-0.002971,8.147879,0
2026-07-02 15:51:27.968315,3.763357,8.147879,1.415299,-0.002971,1.413342,-0.002971,8.147879,0
2026-07-02 15:51:27.971766,3.765732,8.147879,1.415299,-0.002971,1.418524,-0.002971,8.147879,0
2026-07-02 15:51:27.974933,3.768463,8.147879,1.415299,-0.002971,1.413342,-0.002971,8.147879,0
2026-07-02 15:51:27.976728,3.771385,8.147879,1.415299,-0.002971,1.418524,-0.002971,8.147879,0
2026-07-02 15:51:27.978439,3.773753,8.147879,1.415299,-0.002971,1.418524,-0.002971,8.147879,0
2026-07-02 15:51:27.981878,3.776107,8.142696,1.415299,-0.002971,1.418524,-0.002971,8.142696,0
2026-07-02 15:51:27.982829,3.778564,8.147879,1.415299,-0.002971,1.413342,-0.002971,8.147879,0
2026-07-02 15:51:27.982829,3.780952,8.147879,1.415299,-0.002971,1.413342,-0.002971,8.147879,0
2026-07-02 15:51:27.982829,3.783309,8.147879,1.415299,-0.002971,1.413342,-0.002971,8.147879,0
2026-07-02 15:51:27.982829,3.785711,8.147879,1.415299,-0.002971,1.418524,-0.002971,8.147879,0
2026-07-02 15:51:27.992214,3.788092,8.147879,1.415299,-0.002971,1.413342,-0.002971,8.147879,0
2026-07-02 15:51:27.995210,3.790521,8.147879,1.415299,-0.002971,1.413342,-0.002971,8.147879,0
2026-07-02 15:51:27.998583,3.792864,8.147879,1.415299,-0.008152,1.418524,-0.008152,8.147879,0
2026-07-02 15:51:28.000360,3.795283,8.147879,1.415299,-0.002971,1.413342,-0.002971,8.147879,0
2026-07-02 15:51:28.004465,3.798441,8.147879,1.415299,-0.002971,1.418524,-0.002971,8.147879,0
2026-07-02 15:51:28.006056,3.801368,8.147879,1.415299,-0.002971,1.418524,-0.002971,8.147879,0
2026-07-02 15:51:28.006056,3.803806,8.147879,1.415299,-0.002971,1.413342,-0.002971,8.147879,0
2026-07-02 15:51:28.012495,3.806831,8.147879,1.415299,-0.002971,1.413342,-0.002971,8.147879,0
2026-07-02 15:51:28.013386,3.809493,8.147879,1.415299,-0.002971,1.418524,-0.002971,8.147879,0
2026-07-02 15:51:28.013386,3.811848,8.147879,1.415299,-0.002971,1.418524,-0.002971,8.147879,0
2026-07-02 15:51:28.013386,3.814205,8.147879,1.415299,-0.002971,1.413342,-0.002971,8.147879,0
2026-07-02 15:51:28.025006,3.816905,8.147879,1.415299,-0.002971,1.418524,-0.002971,8.147879,0
2026-07-02 15:51:28.028175,3.821916,8.147879,1.415299,-0.002971,1.413342,-0.002971,8.147879,0
2026-07-02 15:51:28.028934,3.825079,8.147879,1.415299,-0.002971,1.413342,-0.002971,8.147879,0
2026-07-02 15:51:28.033114,3.827464,8.147879,1.415299,-0.002971,1.413342,-0.002971,8.147879,0
2026-07-02 15:51:28.033114,3.829837,8.147879,1.415299,-0.002971,1.418524,-0.002971,8.147879,0
2026-07-02 15:51:28.033114,3.832190,8.147879,1.415299,-0.002971,1.413342,-0.002971,8.147879,0
2026-07-02 15:51:28.033114,3.834583,8.147879,1.415299,-0.002971,1.413342,-0.002971,8.147879,0
2026-07-02 15:51:28.044679,3.837197,8.142696,1.415299,-0.002971,1.413342,-0.002971,8.142696,0
2026-07-02 15:51:28.045630,3.841156,8.147879,1.415299,-0.002971,1.413342,-0.002971,8.147879,0
2026-07-02 15:51:28.049582,3.843876,8.147879,1.415299,-0.002971,1.418524,-0.002971,8.147879,0
2026-07-02 15:51:28.052809,3.846252,8.147879,1.415299,-0.002971,1.413342,-0.002971,8.147879,0
2026-07-02 15:51:28.058163,3.849545,8.147879,1.415299,-0.002971,1.413342,-0.002971,8.147879,0
2026-07-02 15:51:28.059436,3.854744,8.147879,1.415299,-0.002971,1.418524,-0.002971,8.147879,0
2026-07-02 15:51:28.063106,3.857105,8.147879,1.415299,-0.002971,1.413342,-0.002971,8.147879,0
2026-07-02 15:51:28.068143,3.859604,8.147879,1.415299,-0.002971,1.418524,-0.002971,8.147879,0
2026-07-02 15:51:28.068143,3.864830,8.147879,1.415299,-0.008152,1.413342,-0.008152,8.147879,0
2026-07-02 15:51:28.073122,3.868003,8.147879,1.415299,-0.002971,1.413342,-0.002971,8.147879,0
2026-07-02 15:51:28.076632,3.870457,8.147879,1.415299,-0.002971,1.413342,-0.002971,8.147879,0
2026-07-02 15:51:28.078732,3.873448,8.147879,1.415299,-0.002971,1.418524,-0.002971,8.147879,0
2026-07-02 15:51:28.081241,3.876490,8.147879,1.415299,-0.008152,1.418524,-0.008152,8.147879,0
2026-07-02 15:51:28.084812,3.879434,8.147879,1.415299,-0.002971,1.418524,-0.002971,8.147879,0
2026-07-02 15:51:28.086826,3.881921,8.147879,1.415299,-0.002971,1.413342,-0.002971,8.147879,0
2026-07-02 15:51:28.088838,3.884321,8.147879,1.415299,-0.002971,1.413342,-0.002971,8.147879,0
2026-07-02 15:51:28.091674,3.886739,8.147879,1.415299,-0.002971,1.413342,-0.002971,8.147879,0
2026-07-02 15:51:28.095053,3.889155,8.147879,1.415299,-0.002971,1.418524,-0.002971,8.147879,0
2026-07-02 15:51:28.095053,3.891533,8.147879,1.415299,-0.002971,1.418524,-0.002971,8.147879,0
2026-07-02 15:51:28.095053,3.893995,8.147879,1.415299,-0.002971,1.413342,-0.002971,8.147879,0
2026-07-02 15:51:28.102759,3.896465,8.142696,1.415299,-0.002971,1.418524,-0.002971,8.142696,0
2026-07-02 15:51:28.105165,3.898945,8.142696,1.410120,-0.002971,1.413342,-0.002971,8.142696,0
2026-07-02 15:51:28.105165,3.901544,8.147879,1.415299,-0.002971,1.413342,-0.002971,8.147879,0
2026-07-02 15:51:28.108457,3.903907,8.147879,1.420479,-0.002971,1.413342,-0.002971,8.147879,0
2026-07-02 15:51:28.112472,3.906403,8.147879,1.415299,-0.002971,1.413342,-0.002971,8.147879,0
2026-07-02 15:51:28.114480,3.908731,8.147879,1.415299,-0.002971,1.418524,-0.002971,8.147879,0
2026-07-02 15:51:28.116854,3.911286,8.147879,1.415299,-0.002971,1.413342,-0.002971,8.147879,0
2026-07-02 15:51:28.116854,3.913733,8.147879,1.415299,-0.002971,1.418524,-0.002971,8.147879,0
2026-07-02 15:51:28.121260,3.916039,8.147879,1.415299,-0.002971,1.418524,-0.002971,8.147879,0
2026-07-02 15:51:28.122688,3.918455,8.147879,1.415299,-0.008152,1.418524,-0.008152,8.147879,0
2026-07-02 15:51:28.126473,3.920780,8.147879,1.415299,-0.002971,1.413342,-0.002971,8.147879,0
2026-07-02 15:51:28.127969,3.923200,8.147879,1.415299,-0.002971,1.413342,-0.002971,8.147879,0
2026-07-02 15:51:28.127969,3.925639,8.147879,1.415299,-0.002971,1.413342,-0.002971,8.147879,0
2026-07-02 15:51:28.132250,3.928092,8.147879,1.415299,-0.002971,1.418524,-0.002971,8.147879,0
2026-07-02 15:51:28.136223,3.930511,8.147879,1.415299,-0.002971,1.413342,-0.002971,8.147879,0
2026-07-02 15:51:28.136223,3.932912,8.147879,1.415299,-0.002971,1.413342,-0.002971,8.147879,0
2026-07-02 15:51:28.136223,3.935425,8.147879,1.415299,-0.002971,1.413342,-0.002971,8.147879,0
2026-07-02 15:51:28.136223,3.937830,8.147879,1.415299,-0.008152,1.418524,-0.008152,8.147879,0
2026-07-02 15:51:28.136223,3.940254,8.147879,1.415299,-0.002971,1.413342,-0.002971,8.147879,0
2026-07-02 15:51:28.148190,3.942676,8.147879,1.415299,-0.002971,1.413342,-0.002971,8.147879,0
2026-07-02 15:51:28.150389,3.945464,8.147879,1.415299,-0.002971,1.418524,-0.002971,8.147879,0
2026-07-02 15:51:28.150389,3.947882,8.147879,1.415299,-0.002971,1.413342,-0.002971,8.147879,0
2026-07-02 15:51:28.154473,3.950270,8.147879,1.415299,-0.002971,1.418524,-0.002971,8.147879,0
2026-07-02 15:51:28.158796,3.952673,8.147879,1.415299,-0.002971,1.413342,-0.002971,8.147879,0
2026-07-02 15:51:28.159514,3.955256,8.147879,1.415299,-0.002971,1.413342,-0.002971,8.147879,0
2026-07-02 15:51:28.159514,3.957678,8.147879,1.415299,-0.002971,1.413342,-0.002971,8.147879,0
2026-07-02 15:51:28.165631,3.960127,8.147879,1.415299,-0.002971,1.418524,-0.002971,8.147879,0
2026-07-02 15:51:28.168238,3.962631,8.147879,1.415299,-0.002971,1.413342,-0.002971,8.147879,0
2026-07-02 15:51:28.168238,3.965062,8.147879,1.415299,-0.002971,1.413342,-0.002971,8.147879,0
2026-07-02 15:51:28.173575,3.967433,8.147879,1.415299,-0.002971,1.413342,-0.002971,8.147879,0
2026-07-02 15:51:28.173575,3.969886,8.147879,1.415299,-0.002971,1.413342,-0.002971,8.147879,0
2026-07-02 15:51:28.177368,3.972274,8.147879,1.415299,-0.008152,1.413342,-0.008152,8.147879,0
2026-07-02 15:51:28.177368,3.974648,8.147879,1.415299,-0.002971,1.413342,-0.002971,8.147879,0
2026-07-02 15:51:28.182580,3.977061,8.147879,1.415299,-0.002971,1.418524,-0.002971,8.147879,0
2026-07-02 15:51:28.182580,3.979479,8.147879,1.415299,-0.002971,1.413342,-0.002971,8.147879,0
2026-07-02 15:51:28.187046,3.981853,8.147879,1.415299,-0.002971,1.418524,-0.002971,8.147879,0
2026-07-02 15:51:28.187046,3.984331,8.147879,1.415299,-0.002971,1.413342,-0.002971,8.147879,0
2026-07-02 15:51:28.191035,3.986770,8.147879,1.415299,-0.002971,1.413342,-0.002971,8.147879,0
2026-07-02 15:51:28.195223,3.989205,8.147879,1.415299,-0.002971,1.413342,-0.002971,8.147879,0
2026-07-02 15:51:28.197233,3.991744,8.147879,1.415299,-0.002971,1.413342,-0.002971,8.147879,0
2026-07-02 15:51:28.198369,3.994096,8.147879,1.415299,-0.002971,1.413342,-0.002971,8.147879,0
2026-07-02 15:51:28.201369,3.996626,8.142696,1.415299,-0.002971,1.418524,-0.002971,8.142696,0
2026-07-02 15:51:28.201369,3.999009,8.147879,1.415299,-0.002971,1.418524,-0.002971,8.147879,0
2026-07-02 15:51:28.207476,4.001384,8.147879,1.415299,-0.002971,1.418524,-0.002971,8.147879,0
2026-07-02 15:51:28.208494,4.004083,8.147879,1.415299,-0.002971,1.418524,-0.002971,8.147879,0
2026-07-02 15:51:28.208494,4.006531,8.147879,1.415299,-0.002971,1.413342,-0.002971,8.147879,0
2026-07-02 15:51:28.208494,4.008888,8.147879,1.415299,-0.002971,1.413342,-0.002971,8.147879,0
2026-07-02 15:51:28.217544,4.011240,8.147879,1.415299,-0.002971,1.413342,-0.002971,8.147879,0
2026-07-02 15:51:28.218228,4.013814,8.147879,1.415299,-0.002971,1.413342,-0.002971,8.147879,0
2026-07-02 15:51:28.221949,4.016195,8.147879,1.415299,-0.002971,1.413342,-0.002971,8.147879,0
2026-07-02 15:51:28.223257,4.018561,8.147879,1.415299,-0.002971,1.413342,-0.002971,8.147879,0
2026-07-02 15:51:28.223257,4.020900,8.147879,1.415299,-0.002971,1.418524,-0.002971,8.147879,0
2026-07-02 15:51:28.229894,4.023281,8.147879,1.415299,-0.002971,1.418524,-0.002971,8.147879,0
2026-07-02 15:51:28.232274,4.026382,8.147879,1.415299,-0.002971,1.418524,-0.002971,8.147879,0
2026-07-02 15:51:28.233643,4.028875,8.147879,1.415299,-0.002971,1.413342,-0.002971,8.147879,0
2026-07-02 15:51:28.236121,4.031377,8.147879,1.415299,-0.002971,1.418524,-0.002971,8.147879,0
2026-07-02 15:51:28.236121,4.033801,8.147879,1.415299,-0.002971,1.418524,-0.002971,8.147879,0
2026-07-02 15:51:28.241247,4.036239,8.147879,1.415299,-0.002971,1.413342,-0.002971,8.147879,0
2026-07-02 15:51:28.241247,4.038656,8.147879,1.415299,-0.002971,1.413342,-0.002971,8.147879,0
2026-07-02 15:51:28.246477,4.041063,8.147879,1.415299,-0.002971,1.418524,-0.002971,8.147879,0
2026-07-02 15:51:28.248839,4.043513,8.147879,1.415299,-0.002971,1.413342,-0.002971,8.147879,0
2026-07-02 15:51:28.250728,4.045905,8.147879,1.415299,-0.002971,1.413342,-0.002971,8.147879,0
2026-07-02 15:51:28.250728,4.048393,8.147879,1.415299,-0.002971,1.418524,-0.002971,8.147879,0
2026-07-02 15:51:28.256609,4.050841,8.147879,1.415299,-0.002971,1.413342,-0.002971,8.147879,0
2026-07-02 15:51:28.257498,4.053188,8.147879,1.415299,-0.002971,1.413342,-0.002971,8.147879,0
2026-07-02 15:51:28.257498,4.055755,8.147879,1.415299,-0.002971,1.413342,-0.002971,8.147879,0
2026-07-02 15:51:28.257498,4.058182,8.147879,1.415299,-0.008152,1.418524,-0.008152,8.147879,0
2026-07-02 15:51:28.266649,4.060604,8.147879,1.415299,-0.002971,1.418524,-0.002971,8.147879,0
2026-07-02 15:51:28.267342,4.063234,8.142696,1.415299,-0.002971,1.413342,-0.002971,8.142696,0
2026-07-02 15:51:28.267342,4.065727,8.147879,1.415299,-0.002971,1.413342,-0.002971,8.147879,0
2026-07-02 15:51:28.274010,4.068149,8.147879,1.415299,-0.002971,1.418524,-0.002971,8.147879,0
2026-07-02 15:51:28.274010,4.070471,8.147879,1.415299,-0.002971,1.418524,-0.002971,8.147879,0
2026-07-02 15:51:28.276871,4.073027,8.147879,1.415299,-0.002971,1.413342,-0.002971,8.147879,0
2026-07-02 15:51:28.276871,4.075496,8.147879,1.415299,-0.002971,1.413342,-0.002971,8.147879,0
2026-07-02 15:51:28.276871,4.077858,8.147879,1.415299,-0.002971,1.413342,-0.002971,8.147879,0
2026-07-02 15:51:28.276871,4.080369,8.147879,1.415299,-0.002971,1.413342,-0.002971,8.147879,0
2026-07-02 15:51:28.287924,4.082780,8.147879,1.415299,-0.002971,1.418524,-0.002971,8.147879,0
2026-07-02 15:51:28.287924,4.085286,8.147879,1.415299,-0.002971,1.413342,-0.002971,8.147879,0
2026-07-02 15:51:28.293037,4.087767,8.147879,1.415299,-0.002971,1.413342,-0.002971,8.147879,0
2026-07-02 15:51:28.295048,4.090228,8.147879,1.415299,-0.002971,1.413342,-0.002971,8.147879,0
2026-07-02 15:51:28.297057,4.092630,8.147879,1.415299,-0.002971,1.418524,-0.002971,8.147879,0
2026-07-02 15:51:28.297057,4.095063,8.147879,1.415299,-0.002971,1.413342,-0.002971,8.147879,0
2026-07-02 15:51:28.297057,4.097517,8.147879,1.415299,-0.002971,1.418524,-0.002971,8.147879,0
2026-07-02 15:51:28.297057,4.099920,8.147879,1.415299,-0.002971,1.413342,-0.002971,8.147879,0
2026-07-02 15:51:28.307308,4.102264,8.147879,1.415299,-0.002971,1.418524,-0.002971,8.147879,0
2026-07-02 15:51:28.307308,4.104727,8.147879,1.415299,-0.002971,1.413342,-0.002971,8.147879,0
2026-07-02 15:51:28.307308,4.107149,8.147879,1.415299,-0.002971,1.413342,-0.002971,8.147879,0
2026-07-02 15:51:28.307308,4.109550,8.147879,1.415299,-0.002971,1.413342,-0.002971,8.147879,0
2026-07-02 15:51:28.318093,4.111971,8.147879,1.415299,-0.002971,1.413342,-0.002971,8.147879,0
2026-07-02 15:51:28.320105,4.114398,8.147879,1.415299,-0.002971,1.413342,-0.002971,8.147879,0
2026-07-02 15:51:28.322117,4.116867,8.147879,1.415299,-0.002971,1.413342,-0.002971,8.147879,0
2026-07-02 15:51:28.322117,4.119300,8.147879,1.415299,-0.002971,1.413342,-0.002971,8.147879,0
2026-07-02 15:51:28.327570,4.121728,8.147879,1.415299,-0.002971,1.413342,-0.002971,8.147879,0
2026-07-02 15:51:28.327570,4.124172,8.147879,1.415299,-0.002971,1.413342,-0.002971,8.147879,0
2026-07-02 15:51:28.332461,4.126579,8.147879,1.415299,-0.002971,1.413342,-0.002971,8.147879,0
2026-07-02 15:51:28.333069,4.129522,8.147879,1.415299,-0.002971,1.413342,-0.002971,8.147879,0
2026-07-02 15:51:28.337932,4.131878,8.142696,1.415299,-0.002971,1.418524,-0.002971,8.142696,0
2026-07-02 15:51:28.337932,4.134285,8.147879,1.415299,-0.002971,1.413342,-0.002971,8.147879,0
2026-07-02 15:51:28.337932,4.136683,8.147879,1.415299,-0.002971,1.413342,-0.002971,8.147879,0
2026-07-02 15:51:28.337932,4.139047,8.147879,1.415299,-0.008152,1.418524,-0.008152,8.147879,0
2026-07-02 15:51:28.347239,4.141385,8.147879,1.415299,-0.002971,1.413342,-0.002971,8.147879,0
2026-07-02 15:51:28.348919,4.143720,8.147879,1.415299,-0.002971,1.418524,-0.002971,8.147879,0
2026-07-02 15:51:28.351945,4.147428,8.147879,1.415299,-0.002971,1.418524,-0.002971,8.147879,0
2026-07-02 15:51:28.351945,4.150034,8.147879,1.415299,-0.002971,1.413342,-0.002971,8.147879,0
2026-07-02 15:51:28.356558,4.152390,8.142696,1.415299,-0.002971,1.413342,-0.002971,8.142696,0
2026-07-02 15:51:28.359483,4.155128,8.142696,1.415299,-0.002971,1.413342,-0.002971,8.142696,0
2026-07-02 15:51:28.361495,4.157493,8.147879,1.415299,-0.002971,1.413342,-0.002971,8.147879,0
2026-07-02 15:51:28.361495,4.159819,8.147879,1.415299,-0.002971,1.413342,-0.002971,8.147879,0
2026-07-02 15:51:28.368765,4.162195,8.147879,1.415299,-0.002971,1.413342,-0.002971,8.147879,0
2026-07-02 15:51:28.369787,4.165104,8.147879,1.415299,-0.002971,1.413342,-0.002971,8.147879,0
2026-07-02 15:51:28.369787,4.167413,8.147879,1.415299,-0.002971,1.413342,-0.002971,8.147879,0
2026-07-02 15:51:28.374674,4.169737,8.147879,1.415299,-0.008152,1.413342,-0.008152,8.147879,0
2026-07-02 15:51:28.376330,4.172137,8.147879,1.415299,-0.002971,1.413342,-0.002971,8.147879,0
2026-07-02 15:51:28.380368,4.174484,8.147879,1.415299,-0.002971,1.413342,-0.002971,8.147879,0
2026-07-02 15:51:28.381219,4.176932,8.147879,1.415299,-0.002971,1.413342,-0.002971,8.147879,0
2026-07-02 15:51:28.383527,4.179496,8.147879,1.415299,-0.002971,1.413342,-0.002971,8.147879,0
2026-07-02 15:51:28.386615,4.181935,8.147879,1.415299,-0.002971,1.413342,-0.002971,8.147879,0
2026-07-02 15:51:28.390222,4.184280,8.147879,1.415299,-0.002971,1.413342,-0.002971,8.147879,0
2026-07-02 15:51:28.390222,4.186638,8.147879,1.415299,-0.002971,1.418524,-0.002971,8.147879,0
2026-07-02 15:51:28.390222,4.188968,8.147879,1.415299,-0.002971,1.413342,-0.002971,8.147879,0
2026-07-02 15:51:28.390222,4.191321,8.147879,1.415299,-0.002971,1.418524,-0.002971,8.147879,0
2026-07-02 15:51:28.398308,4.193675,8.147879,1.415299,-0.002971,1.413342,-0.002971,8.147879,0
2026-07-02 15:51:28.400650,4.196098,8.142696,1.415299,-0.002971,1.413342,-0.002971,8.142696,0
2026-07-02 15:51:28.403136,4.198482,8.147879,1.415299,-0.002971,1.413342,-0.002971,8.147879,0
2026-07-02 15:51:28.405429,4.200784,8.147879,1.415299,-0.002971,1.413342,-0.002971,8.147879,0
2026-07-02 15:51:28.407437,4.203054,8.147879,1.415299,-0.002971,1.413342,-0.002971,8.147879,0
2026-07-02 15:51:28.409734,4.205715,8.147879,1.415299,-0.002971,1.418524,-0.002971,8.147879,0
2026-07-02 15:51:28.412688,4.208022,8.142696,1.415299,-0.002971,1.413342,-0.002971,8.142696,0
2026-07-02 15:51:28.415208,4.210355,8.147879,1.415299,-0.002971,1.418524,-0.002971,8.147879,0
2026-07-02 15:51:28.415208,4.212846,8.147879,1.415299,-0.002971,1.413342,-0.002971,8.147879,0
2026-07-02 15:51:28.420192,4.215280,8.147879,1.415299,-0.002971,1.418524,-0.002971,8.147879,0
2026-07-02 15:51:28.422277,4.217614,8.147879,1.415299,-0.002971,1.418524,-0.002971,8.147879,0
2026-07-02 15:51:28.425375,4.219916,8.147879,1.415299,-0.002971,1.413342,-0.002971,8.147879,0
2026-07-02 15:51:28.425375,4.222254,8.147879,1.415299,-0.002971,1.413342,-0.002971,8.147879,0
2026-07-02 15:51:28.430248,4.224548,8.147879,1.415299,-0.002971,1.418524,-0.002971,8.147879,0
2026-07-02 15:51:28.432377,4.226815,8.147879,1.415299,-0.002971,1.413342,-0.002971,8.147879,0
2026-07-02 15:51:28.432924,4.229094,8.147879,1.415299,-0.002971,1.413342,-0.002971,8.147879,0
2026-07-02 15:51:28.432924,4.231566,8.147879,1.415299,-0.002971,1.418524,-0.002971,8.147879,0
2026-07-02 15:51:28.440461,4.234442,8.147879,1.415299,-0.002971,1.418524,-0.002971,8.147879,0
2026-07-02 15:51:28.441175,4.237155,8.147879,1.415299,-0.002971,1.413342,-0.002971,8.147879,0
2026-07-02 15:51:28.441175,4.239508,8.147879,1.415299,-0.002971,1.418524,-0.002971,8.147879,0
2026-07-02 15:51:28.446157,4.242087,8.147879,1.415299,-0.002971,1.413342,-0.002971,8.147879,0
2026-07-02 15:51:28.450632,4.244583,8.147879,1.415299,-0.002971,1.418524,-0.002971,8.147879,0
2026-07-02 15:51:28.451577,4.246959,8.147879,1.415299,-0.002971,1.413342,-0.002971,8.147879,0
2026-07-02 15:51:28.453587,4.249250,8.147879,1.415299,-0.002971,1.413342,-0.002971,8.147879,0
2026-07-02 15:51:28.453587,4.251627,8.147879,1.415299,-0.002971,1.418524,-0.002971,8.147879,0
2026-07-02 15:51:28.458234,4.253955,8.147879,1.415299,-0.002971,1.413342,-0.002971,8.147879,0
2026-07-02 15:51:28.461014,4.256278,8.147879,1.415299,-0.002971,1.413342,-0.002971,8.147879,0
2026-07-02 15:51:28.461014,4.258670,8.147879,1.415299,-0.002971,1.413342,-0.002971,8.147879,0
2026-07-02 15:51:28.461014,4.260960,8.142696,1.415299,-0.002971,1.413342,-0.002971,8.142696,0
2026-07-02 15:51:28.461014,4.263199,8.147879,1.415299,-0.008152,1.418524,-0.008152,8.147879,0
2026-07-02 15:51:28.471046,4.265705,8.147879,1.415299,-0.002971,1.413342,-0.002971,8.147879,0
2026-07-02 15:51:28.471046,4.268044,8.147879,1.415299,-0.002971,1.413342,-0.002971,8.147879,0
2026-07-02 15:51:28.475185,4.270381,8.147879,1.415299,-0.002971,1.418524,-0.002971,8.147879,0
2026-07-02 15:51:28.476908,4.272618,8.147879,1.415299,-0.002971,1.413342,-0.002971,8.147879,0
2026-07-02 15:51:28.476908,4.274912,8.142696,1.415299,-0.002971,1.413342,-0.002971,8.142696,0
2026-07-02 15:51:28.482793,4.277291,8.142696,1.415299,-0.002971,1.413342,-0.002971,8.142696,0
2026-07-02 15:51:28.483632,4.279647,8.147879,1.415299,-0.002971,1.418524,-0.002971,8.147879,0
2026-07-02 15:51:28.486835,4.282046,8.147879,1.415299,-0.002971,1.413342,-0.002971,8.147879,0
2026-07-02 15:51:28.486835,4.284407,8.147879,1.415299,-0.008152,1.413342,-0.008152,8.147879,0
2026-07-02 15:51:28.491724,4.286737,8.147879,1.415299,-0.002971,1.413342,-0.002971,8.147879,0
2026-07-02 15:51:28.491724,4.289101,8.147879,1.415299,-0.002971,1.413342,-0.002971,8.147879,0
2026-07-02 15:51:28.491724,4.291459,8.147879,1.415299,-0.002971,1.418524,-0.002971,8.147879,0
2026-07-02 15:51:28.491724,4.293785,8.147879,1.415299,-0.002971,1.418524,-0.002971,8.147879,0
2026-07-02 15:51:28.501957,4.296080,8.147879,1.415299,-0.008152,1.413342,-0.008152,8.147879,0
2026-07-02 15:51:28.501957,4.298317,8.147879,1.415299,-0.002971,1.413342,-0.002971,8.147879,0
2026-07-02 15:51:28.501957,4.300598,8.147879,1.415299,-0.002971,1.418524,-0.002971,8.147879,0
2026-07-02 15:51:28.501957,4.302903,8.147879,1.415299,-0.002971,1.413342,-0.002971,8.147879,0
2026-07-02 15:51:28.501957,4.305210,8.147879,1.415299,-0.002971,1.413342,-0.002971,8.147879,0
2026-07-02 15:51:28.511983,4.307549,8.147879,1.415299,-0.002971,1.418524,-0.002971,8.147879,0
2026-07-02 15:51:28.511983,4.309886,8.147879,1.415299,-0.002971,1.418524,-0.002971,8.147879,0
2026-07-02 15:51:28.511983,4.312169,8.147879,1.415299,-0.002971,1.418524,-0.002971,8.147879,0
2026-07-02 15:51:28.511983,4.314543,8.147879,1.415299,-0.002971,1.413342,-0.002971,8.147879,0
2026-07-02 15:51:28.522180,4.316807,8.142696,1.415299,-0.002971,1.418524,-0.002971,8.142696,0
2026-07-02 15:51:28.523681,4.319070,8.147879,1.415299,-0.002971,1.413342,-0.002971,8.147879,0
2026-07-02 15:51:28.523681,4.321309,8.153061,1.415299,-0.002971,1.413342,-0.002971,8.153061,0
2026-07-02 15:51:28.523681,4.323612,8.147879,1.415299,-0.002971,1.413342,-0.002971,8.147879,0
2026-07-02 15:51:28.523681,4.325864,8.147879,1.415299,-0.002971,1.413342,-0.002971,8.147879,0
2026-07-02 15:51:28.532550,4.328206,8.147879,1.415299,-0.002971,1.413342,-0.002971,8.147879,0
2026-07-02 15:51:28.535250,4.330562,8.147879,1.415299,-0.002971,1.413342,-0.002971,8.147879,0
2026-07-02 15:51:28.535250,4.332951,8.147879,1.415299,-0.002971,1.413342,-0.002971,8.147879,0
2026-07-02 15:51:28.535250,4.335239,8.147879,1.415299,-0.002971,1.418524,-0.002971,8.147879,0
2026-07-02 15:51:28.543857,4.337784,8.147879,1.415299,-0.002971,1.413342,-0.002971,8.147879,0
2026-07-02 15:51:28.544544,4.340376,8.147879,1.415299,-0.002971,1.413342,-0.002971,8.147879,0
2026-07-02 15:51:28.547534,4.343250,8.147879,1.415299,-0.002971,1.413342,-0.002971,8.147879,0
2026-07-02 15:51:28.547534,4.345575,8.147879,1.415299,-0.002971,1.418524,-0.002971,8.147879,0
2026-07-02 15:51:28.552877,4.347885,8.147879,1.415299,-0.002971,1.413342,-0.002971,8.147879,0
2026-07-02 15:51:28.552877,4.350100,8.147879,1.415299,-0.002971,1.413342,-0.002971,8.147879,0
2026-07-02 15:51:28.552877,4.352425,8.147879,1.415299,-0.002971,1.413342,-0.002971,8.147879,0
2026-07-02 15:51:28.552877,4.354755,8.147879,1.415299,-0.002971,1.413342,-0.002971,8.147879,0
2026-07-02 15:51:28.563020,4.357080,8.147879,1.415299,-0.002971,1.413342,-0.002971,8.147879,0
2026-07-02 15:51:28.563020,4.359592,8.147879,1.415299,-0.002971,1.413342,-0.002971,8.147879,0
2026-07-02 15:51:28.563020,4.361894,8.142696,1.415299,-0.002971,1.413342,-0.002971,8.142696,0
2026-07-02 15:51:28.563020,4.364236,8.147879,1.415299,-0.002971,1.413342,-0.002971,8.147879,0
2026-07-02 15:51:28.563020,4.366473,8.147879,1.415299,-0.002971,1.413342,-0.002971,8.147879,0
2026-07-02 15:51:28.573288,4.368808,8.147879,1.415299,-0.002971,1.413342,-0.002971,8.147879,0
2026-07-02 15:51:28.575474,4.371124,8.147879,1.415299,-0.002971,1.413342,-0.002971,8.147879,0
2026-07-02 15:51:28.575474,4.373396,8.147879,1.415299,-0.002971,1.413342,-0.002971,8.147879,0
2026-07-02 15:51:28.575474,4.375685,8.147879,1.415299,-0.002971,1.413342,-0.002971,8.147879,0
2026-07-02 15:51:28.583765,4.377871,8.147879,1.415299,-0.002971,1.418524,-0.002971,8.147879,0
2026-07-02 15:51:28.583765,4.380095,8.147879,1.415299,-0.002971,1.413342,-0.002971,8.147879,0
2026-07-02 15:51:28.583765,4.382362,8.147879,1.415299,-0.002971,1.418524,-0.002971,8.147879,0
2026-07-02 15:51:28.583765,4.384674,8.147879,1.415299,-0.002971,1.418524,-0.002971,8.147879,0
2026-07-02 15:51:28.583765,4.386936,8.147879,1.415299,-0.002971,1.413342,-0.002971,8.147879,0
2026-07-02 15:51:28.593807,4.389271,8.147879,1.415299,-0.002971,1.413342,-0.002971,8.147879,0
2026-07-02 15:51:28.593807,4.391636,8.147879,1.415299,-0.002971,1.413342,-0.002971,8.147879,0
2026-07-02 15:51:28.593807,4.393962,8.147879,1.415299,-0.002971,1.418524,-0.002971,8.147879,0
2026-07-02 15:51:28.593807,4.396285,8.147879,1.415299,-0.002971,1.413342,-0.002971,8.147879,0
2026-07-02 15:51:28.604534,4.398662,8.147879,1.415299,-0.002971,1.413342,-0.002971,8.147879,0
2026-07-02 15:51:28.608457,4.401266,8.147879,1.415299,-0.002971,1.413342,-0.002971,8.147879,0
2026-07-02 15:51:28.609128,4.404772,8.147879,1.415299,-0.002971,1.418524,-0.002971,8.147879,0
2026-07-02 15:51:28.611308,4.407124,8.147879,1.415299,-0.002971,1.413342,-0.002971,8.147879,0
2026-07-02 15:51:28.614330,4.409453,8.147879,1.415299,-0.002971,1.418524,-0.002971,8.147879,0
2026-07-02 15:51:28.614330,4.411822,8.147879,1.415299,-0.002971,1.413342,-0.002971,8.147879,0
2026-07-02 15:51:28.621436,4.415018,8.147879,1.415299,-0.002971,1.413342,-0.002971,8.147879,0
2026-07-02 15:51:28.623738,4.417693,8.147879,1.415299,-0.002971,1.413342,-0.002971,8.147879,0
2026-07-02 15:51:28.625543,4.420268,8.147879,1.415299,-0.002971,1.413342,-0.002971,8.147879,0
2026-07-02 15:51:28.628660,4.424093,8.147879,1.415299,-0.002971,1.418524,-0.002971,8.147879,0
2026-07-02 15:51:28.632839,4.426544,8.147879,1.415299,-0.002971,1.413342,-0.002971,8.147879,0
2026-07-02 15:51:28.639753,4.429116,8.147879,1.415299,-0.002971,1.413342,-0.002971,8.147879,0
2026-07-02 15:51:28.642780,4.437858,8.147879,1.415299,-0.002971,1.413342,-0.002971,8.147879,0
2026-07-02 15:51:28.646917,4.440584,8.147879,1.415299,-0.002971,1.413342,-0.002971,8.147879,0
2026-07-02 15:51:28.648928,4.443298,8.147879,1.415299,-0.002971,1.413342,-0.002971,8.147879,0
2026-07-02 15:51:28.652945,4.447136,8.147879,1.415299,-0.002971,1.413342,-0.002971,8.147879,0
2026-07-02 15:51:28.656960,4.449783,8.147879,1.415299,-0.002971,1.413342,-0.002971,8.147879,0
2026-07-02 15:51:28.660977,4.453374,8.147879,1.415299,-0.002971,1.413342,-0.002971,8.147879,0
2026-07-02 15:51:28.664278,4.458684,8.147879,1.415299,-0.002971,1.418524,-0.002971,8.147879,0
2026-07-02 15:51:28.679227,4.461341,8.147879,1.415299,-0.002971,1.418524,-0.002971,8.147879,0
2026-07-02 15:51:28.682223,4.475948,8.142696,1.415299,-0.002971,1.418524,-0.002971,8.142696,0
2026-07-02 15:51:28.686285,4.480143,8.147879,1.415299,-0.002971,1.418524,-0.002971,8.147879,0
2026-07-02 15:51:28.686285,4.482642,8.142696,1.415299,-0.002971,1.413342,-0.002971,8.142696,0
2026-07-02 15:51:28.691398,4.484962,8.147879,1.415299,-0.002971,1.418524,-0.002971,8.147879,0
2026-07-02 15:51:28.693089,4.488107,8.142696,1.420479,-0.002971,1.418524,-0.002971,8.142696,0
2026-07-02 15:51:28.694736,4.490462,8.147879,1.415299,-0.002971,1.413342,-0.002971,8.147879,0
2026-07-02 15:51:28.697429,4.492812,8.147879,1.415299,-0.002971,1.413342,-0.002971,8.147879,0
2026-07-02 15:51:28.697429,4.495985,8.142696,1.415299,-0.002971,1.413342,-0.002971,8.142696,0
2026-07-02 15:51:28.702635,4.498356,8.147879,1.415299,-0.002971,1.413342,-0.002971,8.147879,0
2026-07-02 15:51:28.704964,4.500671,8.147879,1.415299,-0.002971,1.413342,-0.002971,8.147879,0
2026-07-02 15:51:28.708598,4.502974,8.147879,1.415299,-0.002971,1.418524,-0.002971,8.147879,0
2026-07-02 15:51:28.712156,4.505945,8.147879,1.415299,-0.002971,1.418524,-0.002971,8.147879,0
2026-07-02 15:51:28.713227,4.509010,8.147879,1.415299,-0.002971,1.418524,-0.002971,8.147879,0
2026-07-02 15:51:28.717394,4.511739,8.147879,1.415299,-0.002971,1.418524,-0.002971,8.147879,0
2026-07-02 15:51:28.717394,4.514104,8.147879,1.415299,-0.002971,1.413342,-0.002971,8.147879,0
2026-07-02 15:51:28.717394,4.516410,8.147879,1.415299,-0.002971,1.413342,-0.002971,8.147879,0
2026-07-02 15:51:28.724806,4.518723,8.147879,1.415299,-0.002971,1.418524,-0.002971,8.147879,0
2026-07-02 15:51:28.724806,4.521197,8.147879,1.415299,-0.002971,1.413342,-0.002971,8.147879,0
2026-07-02 15:51:28.730313,4.523552,8.147879,1.415299,-0.002971,1.413342,-0.002971,8.147879,0
2026-07-02 15:51:28.733736,4.527624,8.147879,1.415299,-0.002971,1.413342,-0.002971,8.147879,0
2026-07-02 15:51:28.736432,4.530989,8.147879,1.415299,-0.002971,1.413342,-0.002971,8.147879,0
2026-07-02 15:51:28.737550,4.533440,8.147879,1.415299,-0.002971,1.413342,-0.002971,8.147879,0
2026-07-02 15:51:28.740198,4.535799,8.147879,1.415299,-0.002971,1.413342,-0.002971,8.147879,0
2026-07-02 15:51:28.740198,4.538198,8.147879,1.415299,-0.002971,1.418524,-0.002971,8.147879,0
2026-07-02 15:51:28.745341,4.540640,8.147879,1.415299,-0.002971,1.413342,-0.002971,8.147879,0
2026-07-02 15:51:28.747765,4.542987,8.147879,1.415299,-0.002971,1.413342,-0.002971,8.147879,0
2026-07-02 15:51:28.750458,4.545491,8.147879,1.415299,-0.002971,1.413342,-0.002971,8.147879,0
2026-07-02 15:51:28.753320,4.548564,8.147879,1.415299,-0.002971,1.418524,-0.002971,8.147879,0
2026-07-02 15:51:28.755478,4.550898,8.147879,1.415299,-0.002971,1.418524,-0.002971,8.147879,0
2026-07-02 15:51:28.760883,4.553280,8.147879,1.415299,-0.002971,1.413342,-0.002971,8.147879,0
2026-07-02 15:51:28.763929,4.558496,8.147879,1.415299,-0.002971,1.418524,-0.002971,8.147879,0
2026-07-02 15:51:28.766930,4.560868,8.147879,1.415299,-0.002971,1.413342,-0.002971,8.147879,0
2026-07-02 15:51:28.768969,4.563346,8.147879,1.415299,-0.002971,1.413342,-0.002971,8.147879,0
2026-07-02 15:51:28.770436,4.566128,8.147879,1.415299,-0.002971,1.413342,-0.002971,8.147879,0
2026-07-02 15:51:28.777174,4.568515,8.147879,1.415299,-0.002971,1.418524,-0.002971,8.147879,0
2026-07-02 15:51:28.784921,4.577302,8.147879,1.415299,-0.002971,1.418524,-0.002971,8.147879,0
2026-07-02 15:51:28.797898,4.582045,8.147879,1.415299,-0.002971,1.413342,-0.002971,8.147879,0
2026-07-02 15:51:28.797898,4.598897,8.147879,1.415299,-0.002971,1.418524,-0.002971,8.147879,0
2026-07-02 15:51:28.808088,4.603206,8.147879,1.415299,-0.002971,1.418524,-0.002971,8.147879,0
2026-07-02 15:51:28.808088,4.610091,8.147879,1.415299,-0.002971,1.413342,-0.002971,8.147879,0
2026-07-02 15:51:28.818434,4.614567,8.147879,1.415299,-0.002971,1.418524,-0.002971,8.147879,0
2026-07-02 15:51:28.818434,4.617897,8.147879,1.415299,-0.002971,1.413342,-0.002971,8.147879,0
2026-07-02 15:51:28.828654,4.621594,8.142696,1.415299,-0.002971,1.418524,-0.002971,8.142696,0
2026-07-02 15:51:28.832928,4.625720,8.147879,1.415299,-0.002971,1.413342,-0.002971,8.147879,0
2026-07-02 15:51:28.832928,4.630936,8.147879,1.415299,-0.002971,1.418524,-0.002971,8.147879,0
2026-07-02 15:51:28.842986,4.634346,8.147879,1.415299,-0.002971,1.413342,-0.002971,8.147879,0
2026-07-02 15:51:28.842986,4.640132,8.147879,1.415299,-0.002971,1.418524,-0.002971,8.147879,0
2026-07-02 15:51:28.849261,4.643496,8.147879,1.415299,-0.002971,1.418524,-0.002971,8.147879,0
2026-07-02 15:51:28.855556,4.650322,8.147879,1.415299,-0.002971,1.413342,-0.002971,8.147879,0
2026-07-02 15:51:28.859356,4.653395,8.147879,1.415299,-0.002971,1.418524,-0.002971,8.147879,0
2026-07-02 15:51:28.859356,4.657892,8.142696,1.415299,-0.002971,1.418524,-0.002971,8.142696,0
2026-07-02 15:51:28.859356,4.660858,8.147879,1.415299,-0.002971,1.418524,-0.002971,8.147879,0
2026-07-02 15:51:28.869475,4.664225,8.147879,1.415299,-0.002971,1.413342,-0.002971,8.147879,0
2026-07-02 15:51:28.872064,4.667193,8.147879,1.415299,-0.002971,1.413342,-0.002971,8.147879,0
2026-07-02 15:51:28.875264,4.669738,8.147879,1.415299,-0.002971,1.413342,-0.002971,8.147879,0
2026-07-02 15:51:28.877016,4.672161,8.147879,1.415299,-0.002971,1.413342,-0.002971,8.147879,0
2026-07-02 15:51:28.879540,4.674940,8.147879,1.415299,-0.002971,1.413342,-0.002971,8.147879,0
2026-07-02 15:51:28.883072,4.677373,8.147879,1.415299,-0.002971,1.418524,-0.002971,8.147879,0
2026-07-02 15:51:28.884068,4.679779,8.147879,1.415299,-0.002971,1.418524,-0.002971,8.147879,0
2026-07-02 15:51:28.886587,4.682207,8.147879,1.415299,-0.002971,1.413342,-0.002971,8.147879,0
2026-07-02 15:51:28.889618,4.684665,8.147879,1.415299,-0.002971,1.413342,-0.002971,8.147879,0
2026-07-02 15:51:28.891428,4.687309,8.147879,1.415299,-0.002971,1.413342,-0.002971,8.147879,0
2026-07-02 15:51:28.894643,4.689886,8.147879,1.415299,-0.002971,1.418524,-0.002971,8.147879,0
2026-07-02 15:51:28.897670,4.692387,8.147879,1.415299,-0.002971,1.418524,-0.002971,8.147879,0
2026-07-02 15:51:28.901003,4.694880,8.147879,1.415299,-0.002971,1.413342,-0.002971,8.147879,0
2026-07-02 15:51:28.903280,4.697285,8.147879,1.415299,-0.002971,1.413342,-0.002971,8.147879,0
2026-07-02 15:51:28.905715,4.699758,8.147879,1.415299,-0.002971,1.418524,-0.002971,8.147879,0
2026-07-02 15:51:28.908153,4.702178,8.147879,1.415299,-0.002971,1.413342,-0.002971,8.147879,0
2026-07-02 15:51:28.909809,4.704519,8.147879,1.415299,-0.002971,1.413342,-0.002971,8.147879,0
2026-07-02 15:51:28.912811,4.706937,8.147879,1.415299,-0.002971,1.418524,-0.002971,8.147879,0
2026-07-02 15:51:28.914142,4.709385,8.147879,1.415299,-0.002971,1.418524,-0.002971,8.147879,0
2026-07-02 15:51:28.916153,4.711797,8.147879,1.415299,-0.002971,1.413342,-0.002971,8.147879,0
2026-07-02 15:51:28.920127,4.714327,8.147879,1.415299,-0.002971,1.413342,-0.002971,8.147879,0
2026-07-02 15:51:28.920948,4.716675,8.147879,1.415299,-0.002971,1.413342,-0.002971,8.147879,0
2026-07-02 15:51:28.920948,4.719225,8.147879,1.415299,-0.002971,1.413342,-0.002971,8.147879,0
2026-07-02 15:51:28.920948,4.721654,8.147879,1.415299,-0.002971,1.413342,-0.002971,8.147879,0
2026-07-02 15:51:28.930145,4.724105,8.147879,1.415299,-0.002971,1.413342,-0.002971,8.147879,0
2026-07-02 15:51:28.932968,4.726550,8.147879,1.415299,-0.002971,1.418524,-0.002971,8.147879,0
2026-07-02 15:51:28.933481,4.729600,8.147879,1.415299,-0.002971,1.413342,-0.002971,8.147879,0
2026-07-02 15:51:28.936612,4.732506,8.153061,1.415299,-0.002971,1.413342,-0.002971,8.153061,0
2026-07-02 15:51:28.942012,4.734854,8.147879,1.415299,-0.002971,1.413342,-0.002971,8.147879,0
2026-07-02 15:51:28.945232,4.738796,8.147879,1.415299,-0.002971,1.413342,-0.002971,8.147879,0
2026-07-02 15:51:28.946040,4.742189,8.147879,1.415299,-0.002971,1.413342,-0.002971,8.147879,0
2026-07-02 15:51:28.950813,4.744613,8.147879,1.415299,-0.002971,1.418524,-0.002971,8.147879,0
2026-07-02 15:51:28.950813,4.747228,8.147879,1.415299,-0.008152,1.413342,-0.008152,8.147879,0
2026-07-02 15:51:28.955635,4.749674,8.147879,1.415299,-0.002971,1.413342,-0.002971,8.147879,0
2026-07-02 15:51:28.958530,4.752275,8.147879,1.415299,-0.002971,1.413342,-0.002971,8.147879,0
2026-07-02 15:51:28.961083,4.754793,8.147879,1.415299,-0.002971,1.418524,-0.002971,8.147879,0
2026-07-02 15:51:28.962738,4.757421,8.147879,1.415299,-0.002971,1.413342,-0.002971,8.147879,0
2026-07-02 15:51:28.962738,4.759861,8.147879,1.415299,-0.002971,1.418524,-0.002971,8.147879,0
2026-07-02 15:51:28.966542,4.762249,8.147879,1.415299,-0.002971,1.413342,-0.002971,8.147879,0
2026-07-02 15:51:28.969267,4.764633,8.147879,1.415299,-0.002971,1.413342,-0.002971,8.147879,0
2026-07-02 15:51:28.971852,4.767087,8.147879,1.415299,-0.002971,1.413342,-0.002971,8.147879,0
2026-07-02 15:51:28.973863,4.769494,8.147879,1.415299,-0.002971,1.418524,-0.002971,8.147879,0
2026-07-02 15:51:28.977886,4.771916,8.147879,1.415299,-0.002971,1.413342,-0.002971,8.147879,0
2026-07-02 15:51:28.978896,4.774320,8.147879,1.415299,-0.002971,1.413342,-0.002971,8.147879,0
2026-07-02 15:51:28.981300,4.776708,8.142696,1.415299,-0.002971,1.413342,-0.002971,8.142696,0
2026-07-02 15:51:28.983836,4.779041,8.147879,1.415299,-0.002971,1.413342,-0.002971,8.147879,0
2026-07-02 15:51:28.983836,4.781502,8.147879,1.415299,-0.002971,1.418524,-0.002971,8.147879,0
2026-07-02 15:51:28.983836,4.783899,8.147879,1.415299,-0.002971,1.413342,-0.002971,8.147879,0
2026-07-02 15:51:28.992275,4.786340,8.147879,1.415299,-0.002971,1.413342,-0.002971,8.147879,0
2026-07-02 15:51:28.993076,4.788784,8.147879,1.415299,-0.002971,1.413342,-0.002971,8.147879,0
2026-07-02 15:51:28.993076,4.791193,8.147879,1.415299,-0.002971,1.418524,-0.002971,8.147879,0
2026-07-02 15:51:28.998571,4.793782,8.147879,1.415299,-0.002971,1.418524,-0.002971,8.147879,0
2026-07-02 15:51:29.002088,4.796141,8.147879,1.415299,-0.002971,1.413342,-0.002971,8.147879,0
2026-07-02 15:51:29.002088,4.798610,8.147879,1.415299,-0.002971,1.413342,-0.002971,8.147879,0
2026-07-02 15:51:29.002088,4.801057,8.147879,1.415299,-0.002971,1.413342,-0.002971,8.147879,0
2026-07-02 15:51:29.007713,4.803438,8.147879,1.415299,-0.002971,1.413342,-0.002971,8.147879,0
2026-07-02 15:51:29.007713,4.805762,8.147879,1.415299,-0.002971,1.413342,-0.002971,8.147879,0
2026-07-02 15:51:29.014356,4.808209,8.147879,1.415299,-0.002971,1.413342,-0.002971,8.147879,0
2026-07-02 15:51:29.017135,4.811654,8.147879,1.415299,-0.002971,1.418524,-0.002971,8.147879,0
2026-07-02 15:51:29.019166,4.814116,8.147879,1.415299,-0.002971,1.418524,-0.002971,8.147879,0
2026-07-02 15:51:29.022486,4.816492,8.147879,1.415299,-0.002971,1.413342,-0.002971,8.147879,0
2026-07-02 15:51:29.025259,4.818866,8.142696,1.415299,-0.008152,1.413342,-0.008152,8.142696,0
2026-07-02 15:51:29.027438,4.822522,8.142696,1.415299,-0.002971,1.418524,-0.002971,8.142696,0
2026-07-02 15:51:29.029333,4.825096,8.147879,1.415299,-0.002971,1.418524,-0.002971,8.147879,0
2026-07-02 15:51:29.033126,4.829031,8.147879,1.415299,-0.002971,1.413342,-0.002971,8.147879,0
2026-07-02 15:51:29.037598,4.831413,8.147879,1.415299,-0.002971,1.413342,-0.002971,8.147879,0
2026-07-02 15:51:29.041616,4.834294,8.147879,1.415299,-0.002971,1.418524,-0.002971,8.147879,0
2026-07-02 15:51:29.043627,4.838601,8.147879,1.415299,-0.002971,1.418524,-0.002971,8.147879,0
2026-07-02 15:51:29.045636,4.840960,8.147879,1.415299,-0.002971,1.413342,-0.002971,8.147879,0
2026-07-02 15:51:29.049657,4.843476,8.147879,1.415299,-0.002971,1.418524,-0.002971,8.147879,0
2026-07-02 15:51:29.051847,4.846408,8.147879,1.415299,-0.002971,1.413342,-0.002971,8.147879,0
2026-07-02 15:51:29.053859,4.848823,8.147879,1.415299,-0.002971,1.413342,-0.002971,8.147879,0
2026-07-02 15:51:29.057880,4.851281,8.147879,1.415299,-0.002971,1.413342,-0.002971,8.147879,0
2026-07-02 15:51:29.057880,4.854115,8.147879,1.415299,-0.002971,1.413342,-0.002971,8.147879,0
2026-07-02 15:51:29.062062,4.856500,8.147879,1.415299,-0.002971,1.413342,-0.002971,8.147879,0
2026-07-02 15:51:29.062062,4.858866,8.147879,1.415299,-0.002971,1.413342,-0.002971,8.147879,0
2026-07-02 15:51:29.062062,4.861315,8.147879,1.415299,-0.002971,1.413342,-0.002971,8.147879,0
2026-07-02 15:51:29.062062,4.863731,8.147879,1.415299,-0.002971,1.413342,-0.002971,8.147879,0
2026-07-02 15:51:29.072230,4.866179,8.147879,1.415299,-0.002971,1.413342,-0.002971,8.147879,0
2026-07-02 15:51:29.072230,4.868702,8.147879,1.415299,-0.002971,1.413342,-0.002971,8.147879,0
2026-07-02 15:51:29.072230,4.871099,8.147879,1.415299,-0.002971,1.413342,-0.002971,8.147879,0
2026-07-02 15:51:29.079366,4.873531,8.147879,1.415299,-0.002971,1.418524,-0.002971,8.147879,0
2026-07-02 15:51:29.079366,4.875851,8.147879,1.415299,-0.002971,1.413342,-0.002971,8.147879,0
2026-07-02 15:51:29.083327,4.878243,8.147879,1.415299,-0.002971,1.418524,-0.002971,8.147879,0
2026-07-02 15:51:29.084812,4.880630,8.147879,1.415299,-0.002971,1.418524,-0.002971,8.147879,0
2026-07-02 15:51:29.087329,4.882987,8.147879,1.415299,-0.002971,1.413342,-0.002971,8.147879,0
2026-07-02 15:51:29.091353,4.885399,8.153061,1.415299,-0.002971,1.413342,-0.002971,8.153061,0
2026-07-02 15:51:29.093838,4.887851,8.147879,1.415299,-0.002971,1.418524,-0.002971,8.147879,0
2026-07-02 15:51:29.093838,4.890250,8.147879,1.415299,-0.002971,1.418524,-0.002971,8.147879,0
2026-07-02 15:51:29.093838,4.892656,8.147879,1.415299,-0.008152,1.413342,-0.008152,8.147879,0
2026-07-02 15:51:29.099550,4.895056,8.142696,1.415299,-0.002971,1.418524,-0.002971,8.142696,0
2026-07-02 15:51:29.103171,4.897401,8.147879,1.415299,-0.002971,1.418524,-0.002971,8.147879,0
2026-07-02 15:51:29.103171,4.899722,8.147879,1.415299,-0.002971,1.413342,-0.002971,8.147879,0
2026-07-02 15:51:29.103171,4.902140,8.147879,1.415299,-0.002971,1.413342,-0.002971,8.147879,0
2026-07-02 15:51:29.109660,4.904543,8.147879,1.415299,-0.002971,1.418524,-0.002971,8.147879,0
2026-07-02 15:51:29.109660,4.906918,8.147879,1.415299,-0.002971,1.413342,-0.002971,8.147879,0
2026-07-02 15:51:29.113198,4.909296,8.147879,1.415299,-0.002971,1.413342,-0.002971,8.147879,0
2026-07-02 15:51:29.113198,4.911765,8.147879,1.415299,-0.002971,1.413342,-0.002971,8.147879,0
2026-07-02 15:51:29.113198,4.914153,8.147879,1.415299,-0.002971,1.418524,-0.002971,8.147879,0
2026-07-02 15:51:29.113198,4.916532,8.147879,1.415299,-0.002971,1.413342,-0.002971,8.147879,0
2026-07-02 15:51:29.123297,4.918938,8.147879,1.415299,-0.002971,1.413342,-0.002971,8.147879,0
2026-07-02 15:51:29.123297,4.921237,8.147879,1.415299,-0.002971,1.413342,-0.002971,8.147879,0
2026-07-02 15:51:29.123297,4.923656,8.147879,1.415299,-0.002971,1.413342,-0.002971,8.147879,0
2026-07-02 15:51:29.123297,4.925986,8.147879,1.415299,-0.002971,1.418524,-0.002971,8.147879,0
2026-07-02 15:51:29.133441,4.928383,8.147879,1.415299,-0.002971,1.413342,-0.002971,8.147879,0
2026-07-02 15:51:29.133441,4.930810,8.147879,1.415299,-0.002971,1.418524,-0.002971,8.147879,0
2026-07-02 15:51:29.133441,4.933304,8.147879,1.415299,-0.002971,1.413342,-0.002971,8.147879,0
2026-07-02 15:51:29.133441,4.935762,8.147879,1.415299,-0.002971,1.413342,-0.002971,8.147879,0
2026-07-02 15:51:29.143636,4.938250,8.147879,1.415299,-0.002971,1.413342,-0.002971,8.147879,0
2026-07-02 15:51:29.143636,4.940763,8.147879,1.415299,-0.002971,1.418524,-0.002971,8.147879,0
2026-07-02 15:51:29.143636,4.943416,8.147879,1.415299,-0.002971,1.413342,-0.002971,8.147879,0
2026-07-02 15:51:29.143636,4.946518,8.147879,1.415299,-0.002971,1.413342,-0.002971,8.147879,0
2026-07-02 15:51:29.153736,4.948975,8.147879,1.415299,-0.002971,1.413342,-0.002971,8.147879,0
2026-07-02 15:51:29.153736,4.951840,8.147879,1.415299,-0.002971,1.418524,-0.002971,8.147879,0
2026-07-02 15:51:29.153736,4.954402,8.147879,1.415299,-0.002971,1.413342,-0.002971,8.147879,0
2026-07-02 15:51:29.162331,4.956873,8.147879,1.415299,-0.002971,1.413342,-0.002971,8.147879,0
2026-07-02 15:51:29.164100,4.959288,8.147879,1.415299,-0.002971,1.413342,-0.002971,8.147879,0
2026-07-02 15:51:29.164100,4.963849,8.147879,1.415299,-0.002971,1.418524,-0.002971,8.147879,0
2026-07-02 15:51:29.164100,4.966345,8.147879,1.415299,-0.002971,1.413342,-0.002971,8.147879,0
2026-07-02 15:51:29.174222,4.968800,8.147879,1.415299,-0.002971,1.418524,-0.002971,8.147879,0
2026-07-02 15:51:29.174222,4.971509,8.147879,1.415299,-0.002971,1.413342,-0.002971,8.147879,0
2026-07-02 15:51:29.179824,4.973963,8.147879,1.415299,-0.002971,1.413342,-0.002971,8.147879,0
2026-07-02 15:51:29.181388,4.976433,8.147879,1.415299,-0.002971,1.418524,-0.002971,8.147879,0
2026-07-02 15:51:29.183949,4.979000,8.147879,1.415299,-0.008152,1.418524,-0.008152,8.147879,0
2026-07-02 15:51:29.183949,4.982358,8.147879,1.415299,-0.002971,1.418524,-0.002971,8.147879,0
2026-07-02 15:51:29.183949,4.984758,8.147879,1.415299,-0.002971,1.413342,-0.002971,8.147879,0
2026-07-02 15:51:29.194079,4.988144,8.147879,1.415299,-0.002971,1.418524,-0.002971,8.147879,0
2026-07-02 15:51:29.194079,4.990651,8.147879,1.415299,-0.002971,1.418524,-0.002971,8.147879,0
2026-07-02 15:51:29.194079,4.993142,8.147879,1.415299,-0.002971,1.413342,-0.002971,8.147879,0
2026-07-02 15:51:29.194079,4.995885,8.142696,1.415299,-0.002971,1.418524,-0.002971,8.142696,0
2026-07-02 15:51:29.204234,4.998357,8.147879,1.415299,-0.002971,1.413342,-0.002971,8.147879,0
