horodatage,temps_s,AIN0,AIN1,AIN2,AIN3,courant,position,trigger
2026-07-02 15:49:27.614061,0.000001,6.002672,1.415299,-0.002971,1.418524,-0.002971,6.002672,0
2026-07-02 15:49:27.614061,0.002911,5.997490,1.415299,-0.002971,1.413342,-0.002971,5.997490,0
2026-07-02 15:49:27.619248,0.005556,6.007853,1.415299,-0.002971,1.418524,-0.002971,6.007853,0
2026-07-02 15:49:27.624012,0.008224,6.007853,1.415299,-0.002971,1.413342,-0.002971,6.007853,0
2026-07-02 15:49:27.625174,0.011771,6.007853,1.415299,-0.002971,1.413342,-0.002971,6.007853,0
2026-07-02 15:49:27.629080,0.014445,5.997490,1.415299,-0.002971,1.418524,-0.002971,5.997490,0
2026-07-02 15:49:27.631663,0.017054,5.997490,1.410120,-0.002971,1.418524,-0.002971,5.997490,0
2026-07-02 15:49:27.634595,0.019704,5.997490,1.420479,-0.002971,1.418524,-0.002971,5.997490,0
2026-07-02 15:49:27.641995,0.023378,6.002672,1.415299,-0.002971,1.418524,-0.002971,6.002672,0
2026-07-02 15:49:27.644434,0.029839,5.997490,1.415299,-0.002971,1.413342,-0.002971,5.997490,0
2026-07-02 15:49:27.647804,0.032949,6.002672,1.415299,-0.002971,1.413342,-0.002971,6.002672,0
2026-07-02 15:49:27.655119,0.035693,6.007853,1.415299,-0.002971,1.413342,-0.002971,6.007853,0
2026-07-02 15:49:27.660874,0.043174,5.992308,1.410120,-0.002971,1.418524,-0.002971,5.992308,0
2026-07-02 15:49:27.663548,0.048304,6.002672,1.415299,-0.008152,1.413342,-0.008152,6.002672,0
2026-07-02 15:49:27.666417,0.051145,5.992308,1.415299,-0.002971,1.413342,-0.002971,5.992308,0
2026-07-02 15:49:27.669155,0.053965,5.997490,1.415299,-0.002971,1.418524,-0.002971,5.997490,0
2026-07-02 15:49:27.669155,0.056647,6.007853,1.415299,-0.008152,1.413342,-0.008152,6.007853,0
2026-07-02 15:49:27.673595,0.059135,5.997490,1.415299,-0.002971,1.413342,-0.002971,5.997490,0
2026-07-02 15:49:27.677297,0.061768,5.992308,1.415299,-0.002971,1.418524,-0.002971,5.992308,0
2026-07-02 15:49:27.677297,0.064515,6.002672,1.415299,-0.002971,1.418524,-0.002971,6.002672,0
2026-07-02 15:49:27.677297,0.067063,6.007853,1.415299,-0.002971,1.413342,-0.002971,6.007853,0
2026-07-02 15:49:27.677297,0.069497,6.007853,1.415299,-0.002971,1.418524,-0.002971,6.007853,0
2026-07-02 15:49:27.685330,0.072064,6.002672,1.415299,-0.002971,1.418524,-0.002971,6.002672,0
2026-07-02 15:49:27.685330,0.074530,5.997490,1.415299,-0.002971,1.413342,-0.002971,5.997490,0
2026-07-02 15:49:27.685330,0.076988,6.002672,1.415299,-0.002971,1.418524,-0.002971,6.002672,0
2026-07-02 15:49:27.685330,0.079519,6.002672,1.415299,-0.008152,1.413342,-0.008152,6.002672,0
2026-07-02 15:49:27.695605,0.082015,6.002672,1.415299,-0.008152,1.418524,-0.008152,6.002672,0
2026-07-02 15:49:27.698711,0.084643,6.007853,1.415299,-0.002971,1.418524,-0.002971,6.007853,0
2026-07-02 15:49:27.698711,0.087327,6.007853,1.415299,-0.002971,1.418524,-0.002971,6.007853,0
2026-07-02 15:49:27.705101,0.090109,6.007853,1.415299,-0.002971,1.413342,-0.002971,6.007853,0
2026-07-02 15:49:27.711292,0.092651,5.997490,1.415299,-0.002971,1.413342,-0.002971,5.997490,0
2026-07-02 15:49:27.715033,0.099141,5.992308,1.415299,-0.002971,1.418524,-0.002971,5.992308,0
2026-07-02 15:49:27.718938,0.103616,6.002672,1.420479,-0.008152,1.413342,-0.008152,6.002672,0
2026-07-02 15:49:27.721086,0.106246,6.007853,1.415299,-0.002971,1.413342,-0.002971,6.007853,0
2026-07-02 15:49:27.725447,0.108843,6.007853,1.415299,-0.008152,1.418524,-0.008152,6.007853,0
2026-07-02 15:49:27.729009,0.113002,6.002672,1.415299,-0.002971,1.418524,-0.002971,6.002672,0
2026-07-02 15:49:27.733621,0.116421,5.997490,1.415299,-0.002971,1.413342,-0.002971,5.997490,0
2026-07-02 15:49:27.735948,0.120883,6.002672,1.415299,-0.002971,1.413342,-0.002971,6.002672,0
2026-07-02 15:49:27.737300,0.123587,6.002672,1.415299,-0.008152,1.413342,-0.008152,6.002672,0
2026-07-02 15:49:27.741954,0.126225,6.007853,1.415299,-0.008152,1.413342,-0.008152,6.007853,0
2026-07-02 15:49:27.743161,0.129401,5.997490,1.415299,-0.002971,1.413342,-0.002971,5.997490,0
2026-07-02 15:49:27.750766,0.133389,6.002672,1.415299,-0.002971,1.413342,-0.002971,6.002672,0
2026-07-02 15:49:27.753985,0.137859,5.997490,1.415299,-0.002971,1.418524,-0.002971,5.997490,0
2026-07-02 15:49:27.761042,0.141324,5.997490,1.415299,-0.002971,1.418524,-0.002971,5.997490,0
2026-07-02 15:49:27.765122,0.148852,5.997490,1.415299,-0.002971,1.413342,-0.002971,5.997490,0
2026-07-02 15:49:27.771142,0.155641,5.997490,1.415299,-0.002971,1.413342,-0.002971,5.997490,0
2026-07-02 15:49:27.773158,0.158269,5.997490,1.410120,-0.002971,1.413342,-0.002971,5.997490,0
2026-07-02 15:49:27.775734,0.160597,6.002672,1.415299,-0.002971,1.413342,-0.002971,6.002672,0
2026-07-02 15:49:27.778520,0.163474,5.997490,1.415299,-0.002971,1.418524,-0.002971,5.997490,0
2026-07-02 15:49:27.780531,0.165859,5.997490,1.415299,-0.002971,1.413342,-0.002971,5.997490,0
2026-07-02 15:49:27.782715,0.168122,6.002672,1.415299,-0.008152,1.418524,-0.008152,6.002672,0
2026-07-02 15:49:27.782715,0.172194,5.992308,1.415299,-0.002971,1.413342,-0.002971,5.992308,0
2026-07-02 15:49:27.782715,0.174536,5.992308,1.415299,-0.002971,1.413342,-0.002971,5.992308,0
2026-07-02 15:49:27.782715,0.176815,5.997490,1.415299,-0.002971,1.418524,-0.002971,5.997490,0
2026-07-02 15:49:27.793050,0.180041,6.002672,1.415299,-0.002971,1.418524,-0.002971,6.002672,0
2026-07-02 15:49:27.793050,0.182895,5.997490,1.410120,-0.002971,1.413342,-0.002971,5.997490,0
2026-07-02 15:49:27.793050,0.185278,6.002672,1.415299,-0.008152,1.413342,-0.008152,6.002672,0
2026-07-02 15:49:27.803147,0.187978,5.997490,1.415299,-0.002971,1.413342,-0.002971,5.997490,0
2026-07-02 15:49:27.803147,0.190445,6.007853,1.415299,-0.002971,1.418524,-0.002971,6.007853,0
2026-07-02 15:49:27.803147,0.192747,6.002672,1.415299,-0.002971,1.413342,-0.002971,6.002672,0
2026-07-02 15:49:27.803147,0.196049,6.002672,1.415299,-0.002971,1.418524,-0.002971,6.002672,0
2026-07-02 15:49:27.813288,0.198464,6.002672,1.415299,-0.002971,1.418524,-0.002971,6.002672,0
2026-07-02 15:49:27.813288,0.200662,6.002672,1.420479,-0.002971,1.413342,-0.002971,6.002672,0
2026-07-02 15:49:27.816942,0.202947,6.002672,1.415299,-0.002971,1.413342,-0.002971,6.002672,0
2026-07-02 15:49:27.818433,0.205234,6.007853,1.415299,-0.002971,1.413342,-0.002971,6.007853,0
2026-07-02 15:49:27.818433,0.207617,5.992308,1.415299,-0.002971,1.413342,-0.002971,5.992308,0
2026-07-02 15:49:27.823402,0.209847,6.007853,1.415299,-0.002971,1.413342,-0.002971,6.007853,0
2026-07-02 15:49:27.823402,0.212445,5.997490,1.415299,-0.002971,1.413342,-0.002971,5.997490,0
2026-07-02 15:49:27.823402,0.214746,6.002672,1.415299,-0.002971,1.413342,-0.002971,6.002672,0
2026-07-02 15:49:27.823402,0.217016,6.002672,1.415299,-0.002971,1.418524,-0.002971,6.002672,0
2026-07-02 15:49:27.833507,0.219330,5.997490,1.415299,-0.002971,1.413342,-0.002971,5.997490,0
2026-07-02 15:49:27.833507,0.221681,6.002672,1.415299,-0.002971,1.418524,-0.002971,6.002672,0
2026-07-02 15:49:27.833507,0.224005,6.007853,1.415299,-0.002971,1.413342,-0.002971,6.007853,0
2026-07-02 15:49:27.833507,0.226281,6.002672,1.415299,-0.002971,1.413342,-0.002971,6.002672,0
2026-07-02 15:49:27.843598,0.229498,6.002672,1.415299,-0.002971,1.418524,-0.002971,6.002672,0
2026-07-02 15:49:27.843598,0.231943,6.002672,1.415299,-0.002971,1.413342,-0.002971,6.002672,0
2026-07-02 15:49:27.843598,0.234216,6.002672,1.415299,-0.002971,1.418524,-0.002971,6.002672,0
2026-07-02 15:49:27.852567,0.237257,6.002672,1.415299,-0.008152,1.418524,-0.008152,6.002672,0
2026-07-02 15:49:27.852909,0.239720,6.002672,1.415299,-0.002971,1.418524,-0.002971,6.002672,0
2026-07-02 15:49:27.852909,0.242096,6.002672,1.415299,-0.002971,1.413342,-0.002971,6.002672,0
2026-07-02 15:49:27.859261,0.244381,6.002672,1.415299,-0.002971,1.413342,-0.002971,6.002672,0
2026-07-02 15:49:27.859261,0.246685,6.007853,1.415299,-0.002971,1.413342,-0.002971,6.007853,0
2026-07-02 15:49:27.862421,0.248958,5.997490,1.415299,-0.002971,1.418524,-0.002971,5.997490,0
2026-07-02 15:49:27.866663,0.251238,6.007853,1.415299,-0.002971,1.413342,-0.002971,6.007853,0
2026-07-02 15:49:27.867644,0.254725,6.002672,1.415299,-0.008152,1.418524,-0.008152,6.002672,0
2026-07-02 15:49:27.867644,0.257087,6.002672,1.415299,-0.002971,1.413342,-0.002971,6.002672,0
2026-07-02 15:49:27.874860,0.259364,5.997490,1.410120,-0.002971,1.413342,-0.002971,5.997490,0
2026-07-02 15:49:27.874860,0.262683,6.007853,1.415299,-0.002971,1.413342,-0.002971,6.007853,0
2026-07-02 15:49:27.874860,0.264934,5.997490,1.415299,-0.002971,1.413342,-0.002971,5.997490,0
2026-07-02 15:49:27.882011,0.267164,6.002672,1.415299,-0.002971,1.413342,-0.002971,6.002672,0
2026-07-02 15:49:27.883682,0.269409,6.002672,1.415299,-0.002971,1.418524,-0.002971,6.002672,0
2026-07-02 15:49:27.883682,0.273410,6.007853,1.415299,-0.002971,1.418524,-0.002971,6.007853,0
2026-07-02 15:49:27.890742,0.275762,6.002672,1.415299,-0.002971,1.413342,-0.002971,6.002672,0
2026-07-02 15:49:27.891883,0.278181,6.002672,1.415299,-0.002971,1.413342,-0.002971,6.002672,0
2026-07-02 15:49:27.891883,0.280863,6.007853,1.415299,-0.002971,1.413342,-0.002971,6.007853,0
2026-07-02 15:49:27.891883,0.283126,6.002672,1.415299,-0.002971,1.418524,-0.002971,6.002672,0
2026-07-02 15:49:27.899864,0.285387,5.997490,1.415299,-0.002971,1.413342,-0.002971,5.997490,0
2026-07-02 15:49:27.899864,0.287755,5.992308,1.415299,-0.002971,1.418524,-0.002971,5.992308,0
2026-07-02 15:49:27.899864,0.290041,6.002672,1.415299,-0.002971,1.413342,-0.002971,6.002672,0
2026-07-02 15:49:27.906945,0.292246,6.002672,1.415299,-0.002971,1.413342,-0.002971,6.002672,0
2026-07-02 15:49:27.908361,0.294507,6.002672,1.410120,-0.002971,1.413342,-0.002971,6.002672,0
2026-07-02 15:49:27.908361,0.296916,6.002672,1.415299,-0.002971,1.413342,-0.002971,6.002672,0
2026-07-02 15:49:27.908361,0.299363,6.002672,1.415299,-0.002971,1.413342,-0.002971,6.002672,0
2026-07-02 15:49:27.915457,0.301791,6.007853,1.415299,-0.008152,1.413342,-0.008152,6.007853,0
2026-07-02 15:49:27.915457,0.304290,5.992308,1.410120,-0.002971,1.413342,-0.002971,5.992308,0
2026-07-02 15:49:27.915457,0.306648,6.007853,1.415299,-0.002971,1.413342,-0.002971,6.007853,0
2026-07-02 15:49:27.923501,0.308993,6.002672,1.415299,-0.008152,1.418524,-0.008152,6.002672,0
2026-07-02 15:49:27.923501,0.311350,6.007853,1.415299,-0.002971,1.418524,-0.002971,6.007853,0
2026-07-02 15:49:27.923501,0.313695,6.002672,1.415299,-0.002971,1.418524,-0.002971,6.002672,0
2026-07-02 15:49:27.923501,0.316016,6.007853,1.415299,-0.008152,1.418524,-0.008152,6.007853,0
2026-07-02 15:49:27.923501,0.318323,6.002672,1.415299,-0.002971,1.413342,-0.002971,6.002672,0
2026-07-02 15:49:27.933839,0.320678,6.002672,1.415299,-0.002971,1.413342,-0.002971,6.002672,0
2026-07-02 15:49:27.933839,0.323011,6.007853,1.415299,-0.008152,1.418524,-0.008152,6.007853,0
2026-07-02 15:49:27.933839,0.325219,6.002672,1.415299,-0.002971,1.413342,-0.002971,6.002672,0
2026-07-02 15:49:27.933839,0.327451,6.002672,1.415299,-0.008152,1.413342,-0.008152,6.002672,0
2026-07-02 15:49:27.943922,0.329760,6.002672,1.415299,-0.002971,1.413342,-0.002971,6.002672,0
2026-07-02 15:49:27.943922,0.332087,6.002672,1.415299,-0.008152,1.418524,-0.008152,6.002672,0
2026-07-02 15:49:27.943922,0.334525,6.002672,1.415299,-0.008152,1.413342,-0.008152,6.002672,0
2026-07-02 15:49:27.943922,0.336961,6.002672,1.415299,-0.002971,1.413342,-0.002971,6.002672,0
2026-07-02 15:49:27.954056,0.339318,6.002672,1.415299,-0.002971,1.418524,-0.002971,6.002672,0
2026-07-02 15:49:27.954056,0.342501,6.002672,1.415299,-0.002971,1.413342,-0.002971,6.002672,0
2026-07-02 15:49:27.954056,0.345894,6.002672,1.415299,-0.002971,1.413342,-0.002971,6.002672,0
2026-07-02 15:49:27.954056,0.348403,6.007853,1.415299,-0.002971,1.413342,-0.002971,6.007853,0
2026-07-02 15:49:27.964147,0.350826,6.007853,1.415299,-0.002971,1.418524,-0.002971,6.007853,0
2026-07-02 15:49:27.966164,0.353493,5.997490,1.415299,-0.002971,1.418524,-0.002971,5.997490,0
2026-07-02 15:49:27.966164,0.355998,6.007853,1.415299,-0.002971,1.418524,-0.002971,6.007853,0
2026-07-02 15:49:27.966164,0.358371,6.002672,1.415299,-0.008152,1.418524,-0.008152,6.002672,0
2026-07-02 15:49:27.973712,0.361292,6.002672,1.415299,-0.002971,1.413342,-0.002971,6.002672,0
2026-07-02 15:49:27.973712,0.363747,6.002672,1.415299,-0.008152,1.413342,-0.008152,6.002672,0
2026-07-02 15:49:27.973712,0.366145,6.002672,1.415299,-0.008152,1.418524,-0.008152,6.002672,0
2026-07-02 15:49:27.983785,0.368612,6.002672,1.415299,-0.002971,1.418524,-0.002971,6.002672,0
2026-07-02 15:49:27.983785,0.371019,6.002672,1.415299,-0.008152,1.413342,-0.008152,6.002672,0
2026-07-02 15:49:27.983785,0.373406,6.007853,1.415299,-0.008152,1.413342,-0.008152,6.007853,0
2026-07-02 15:49:27.983785,0.375804,6.002672,1.415299,-0.002971,1.418524,-0.002971,6.002672,0
2026-07-02 15:49:27.994770,0.379132,6.007853,1.415299,-0.008152,1.413342,-0.008152,6.007853,0
2026-07-02 15:49:27.997738,0.382997,6.002672,1.415299,-0.008152,1.413342,-0.008152,6.002672,0
2026-07-02 15:49:27.999897,0.385606,6.002672,1.415299,-0.008152,1.413342,-0.008152,6.002672,0
2026-07-02 15:49:28.002468,0.388287,5.997490,1.415299,-0.002971,1.413342,-0.002971,5.997490,0
2026-07-02 15:49:28.008298,0.390941,6.007853,1.415299,-0.008152,1.413342,-0.008152,6.007853,0
2026-07-02 15:49:28.011507,0.397341,6.002672,1.415299,-0.002971,1.418524,-0.002971,6.002672,0
2026-07-02 15:49:28.015268,0.400001,6.002672,1.415299,-0.002971,1.413342,-0.002971,6.002672,0
2026-07-02 15:49:28.017565,0.402965,6.002672,1.415299,-0.002971,1.413342,-0.002971,6.002672,0
2026-07-02 15:49:28.020093,0.405864,6.002672,1.415299,-0.002971,1.418524,-0.002971,6.002672,0
2026-07-02 15:49:28.022698,0.408489,6.007853,1.415299,-0.002971,1.418524,-0.002971,6.007853,0
2026-07-02 15:49:28.026359,0.411136,5.997490,1.415299,-0.002971,1.413342,-0.002971,5.997490,0
2026-07-02 15:49:28.027917,0.413822,5.997490,1.415299,-0.002971,1.418524,-0.002971,5.997490,0
2026-07-02 15:49:28.030590,0.416419,6.002672,1.415299,-0.008152,1.413342,-0.008152,6.002672,0
2026-07-02 15:49:28.040027,0.419067,6.002672,1.415299,-0.008152,1.418524,-0.008152,6.002672,0
2026-07-02 15:49:28.048179,0.428997,6.002672,1.415299,-0.002971,1.418524,-0.002971,6.002672,0
2026-07-02 15:49:28.052686,0.435305,6.002672,1.415299,-0.008152,1.418524,-0.008152,6.002672,0
2026-07-02 15:49:28.055550,0.440087,5.997490,1.415299,-0.002971,1.413342,-0.002971,5.997490,0
2026-07-02 15:49:28.055550,0.443154,5.997490,1.415299,-0.008152,1.413342,-0.008152,5.997490,0
2026-07-02 15:49:28.055550,0.445555,6.007853,1.415299,-0.002971,1.418524,-0.002971,6.007853,0
2026-07-02 15:49:28.055550,0.447855,5.997490,1.415299,-0.002971,1.413342,-0.002971,5.997490,0
2026-07-02 15:49:28.055550,0.450281,6.002672,1.415299,-0.002971,1.418524,-0.002971,6.002672,0
2026-07-02 15:49:28.066683,0.452674,6.002672,1.415299,-0.008152,1.413342,-0.008152,6.002672,0
2026-07-02 15:49:28.066683,0.455332,6.002672,1.415299,-0.002971,1.413342,-0.002971,6.002672,0
2026-07-02 15:49:28.066683,0.457723,5.997490,1.415299,-0.002971,1.413342,-0.002971,5.997490,0
2026-07-02 15:49:28.073739,0.460097,6.007853,1.415299,-0.008152,1.413342,-0.008152,6.007853,0
2026-07-02 15:49:28.075745,0.462464,6.002672,1.415299,-0.008152,1.413342,-0.008152,6.002672,0
2026-07-02 15:49:28.075745,0.464828,5.997490,1.415299,-0.002971,1.413342,-0.002971,5.997490,0
2026-07-02 15:49:28.075745,0.467188,6.002672,1.415299,-0.002971,1.418524,-0.002971,6.002672,0
2026-07-02 15:49:28.075745,0.469602,6.002672,1.415299,-0.008152,1.413342,-0.008152,6.002672,0
2026-07-02 15:49:28.085788,0.471965,6.002672,1.415299,-0.008152,1.418524,-0.008152,6.002672,0
2026-07-02 15:49:28.085788,0.477951,5.992308,1.415299,-0.002971,1.413342,-0.002971,5.992308,0
2026-07-02 15:49:28.095927,0.483743,6.002672,1.415299,-0.002971,1.413342,-0.002971,6.002672,0
2026-07-02 15:49:28.095927,0.486356,6.002672,1.420479,-0.008152,1.413342,-0.008152,6.002672,0
2026-07-02 15:49:28.095927,0.488801,5.997490,1.415299,-0.008152,1.418524,-0.008152,5.997490,0
2026-07-02 15:49:28.105965,0.491230,5.997490,1.415299,-0.002971,1.418524,-0.002971,5.997490,0
2026-07-02 15:49:28.105965,0.493558,6.007853,1.420479,-0.002971,1.418524,-0.002971,6.007853,0
2026-07-02 15:49:28.105965,0.496086,6.002672,1.415299,-0.002971,1.413342,-0.002971,6.002672,0
2026-07-02 15:49:28.105965,0.498472,6.007853,1.415299,-0.002971,1.418524,-0.002971,6.007853,0
2026-07-02 15:49:28.116053,0.501134,6.002672,1.415299,-0.002971,1.418524,-0.002971,6.002672,0
2026-07-02 15:49:28.116053,0.504579,5.992308,1.410120,-0.002971,1.413342,-0.002971,5.992308,0
2026-07-02 15:49:28.116053,0.507022,5.997490,1.415299,-0.002971,1.418524,-0.002971,5.997490,0
2026-07-02 15:49:28.116053,0.509424,5.997490,1.415299,-0.002971,1.413342,-0.002971,5.997490,0
2026-07-02 15:49:28.126214,0.512236,6.002672,1.415299,-0.002971,1.418524,-0.002971,6.002672,0
2026-07-02 15:49:28.126214,0.514608,6.007853,1.415299,-0.002971,1.418524,-0.002971,6.007853,0
2026-07-02 15:49:28.126214,0.517007,6.002672,1.415299,-0.002971,1.418524,-0.002971,6.002672,0
2026-07-02 15:49:28.126214,0.519418,5.997490,1.415299,-0.002971,1.418524,-0.002971,5.997490,0
2026-07-02 15:49:28.136353,0.521798,6.002672,1.415299,-0.008152,1.418524,-0.008152,6.002672,0
2026-07-02 15:49:28.136353,0.524282,6.007853,1.415299,-0.002971,1.418524,-0.002971,6.007853,0
2026-07-02 15:49:28.136353,0.526653,6.002672,1.415299,-0.002971,1.413342,-0.002971,6.002672,0
2026-07-02 15:49:28.136353,0.528998,6.002672,1.415299,-0.002971,1.413342,-0.002971,6.002672,0
2026-07-02 15:49:28.146419,0.531430,6.002672,1.415299,-0.002971,1.413342,-0.002971,6.002672,0
2026-07-02 15:49:28.151072,0.533904,6.002672,1.415299,-0.002971,1.413342,-0.002971,6.002672,0
2026-07-02 15:49:28.154054,0.538306,6.007853,1.415299,-0.008152,1.413342,-0.008152,6.007853,0
2026-07-02 15:49:28.157781,0.541797,6.002672,1.415299,-0.008152,1.413342,-0.008152,6.002672,0
2026-07-02 15:49:28.161115,0.545527,6.007853,1.415299,-0.002971,1.418524,-0.002971,6.007853,0
2026-07-02 15:49:28.164483,0.548375,5.997490,1.415299,-0.002971,1.413342,-0.002971,5.997490,0
2026-07-02 15:49:28.168157,0.551678,5.992308,1.415299,-0.002971,1.413342,-0.002971,5.992308,0
2026-07-02 15:49:28.172214,0.555745,5.997490,1.410120,-0.002971,1.413342,-0.002971,5.997490,0
2026-07-02 15:49:28.174924,0.560195,5.992308,1.410120,-0.002971,1.413342,-0.002971,5.992308,0
2026-07-02 15:49:28.177457,0.562601,5.997490,1.415299,-0.002971,1.413342,-0.002971,5.997490,0
2026-07-02 15:49:28.179746,0.565090,5.997490,1.415299,-0.002971,1.418524,-0.002971,5.997490,0
2026-07-02 15:49:28.179746,0.567488,6.002672,1.415299,-0.002971,1.418524,-0.002971,6.002672,0
2026-07-02 15:49:28.179746,0.569905,5.992308,1.410120,-0.002971,1.418524,-0.002971,5.992308,0
2026-07-02 15:49:28.186854,0.572282,6.002672,1.415299,-0.002971,1.418524,-0.002971,6.002672,0
2026-07-02 15:49:28.186854,0.574716,5.997490,1.415299,-0.002971,1.418524,-0.002971,5.997490,0
2026-07-02 15:49:28.192434,0.577124,5.997490,1.415299,-0.002971,1.413342,-0.002971,5.997490,0
2026-07-02 15:49:28.198934,0.579824,6.002672,1.415299,-0.002971,1.413342,-0.002971,6.002672,0
2026-07-02 15:49:28.204253,0.587769,6.002672,1.415299,-0.008152,1.413342,-0.008152,6.002672,0
2026-07-02 15:49:28.213232,0.592420,6.002672,1.415299,-0.002971,1.413342,-0.002971,6.002672,0
2026-07-02 15:49:28.219264,0.600807,6.002672,1.415299,-0.002971,1.418524,-0.002971,6.002672,0
2026-07-02 15:49:28.222640,0.607301,6.007853,1.415299,-0.008152,1.413342,-0.008152,6.007853,0
2026-07-02 15:49:28.230548,0.610824,6.002672,1.415299,-0.002971,1.413342,-0.002971,6.002672,0
2026-07-02 15:49:28.232558,0.618375,6.007853,1.420479,-0.002971,1.418524,-0.002971,6.007853,0
2026-07-02 15:49:28.232558,0.620939,6.007853,1.415299,-0.002971,1.418524,-0.002971,6.007853,0
2026-07-02 15:49:28.237499,0.623414,6.007853,1.415299,-0.008152,1.418524,-0.008152,6.007853,0
2026-07-02 15:49:28.237499,0.625844,5.997490,1.415299,-0.002971,1.418524,-0.002971,5.997490,0
2026-07-02 15:49:28.237499,0.628249,6.002672,1.415299,-0.002971,1.413342,-0.002971,6.002672,0
2026-07-02 15:49:28.237499,0.630647,6.007853,1.415299,-0.002971,1.413342,-0.002971,6.007853,0
2026-07-02 15:49:28.247580,0.633035,6.002672,1.415299,-0.002971,1.418524,-0.002971,6.002672,0
2026-07-02 15:49:28.247580,0.635446,5.992308,1.415299,-0.002971,1.418524,-0.002971,5.992308,0
2026-07-02 15:49:28.247580,0.637876,5.992308,1.415299,-0.002971,1.413342,-0.002971,5.992308,0
2026-07-02 15:49:28.247580,0.640297,6.007853,1.415299,-0.008152,1.418524,-0.008152,6.007853,0
2026-07-02 15:49:28.257641,0.642684,6.007853,1.415299,-0.002971,1.413342,-0.002971,6.007853,0
2026-07-02 15:49:28.260531,0.645488,5.997490,1.410120,-0.002971,1.413342,-0.002971,5.997490,0
2026-07-02 15:49:28.260531,0.648160,6.007853,1.415299,-0.002971,1.418524,-0.002971,6.007853,0
2026-07-02 15:49:28.265544,0.650653,6.002672,1.415299,-0.008152,1.413342,-0.008152,6.002672,0
2026-07-02 15:49:28.268062,0.653369,6.007853,1.415299,-0.008152,1.413342,-0.008152,6.007853,0
2026-07-02 15:49:28.268062,0.656374,6.002672,1.415299,-0.002971,1.413342,-0.002971,6.002672,0
2026-07-02 15:49:28.275429,0.660027,6.002672,1.415299,-0.002971,1.418524,-0.002971,6.002672,0
2026-07-02 15:49:28.283613,0.665303,6.007853,1.415299,-0.002971,1.413342,-0.002971,6.007853,0
2026-07-02 15:49:28.291920,0.674078,6.002672,1.415299,-0.008152,1.413342,-0.008152,6.002672,0
2026-07-02 15:49:28.291920,0.679595,6.007853,1.415299,-0.008152,1.413342,-0.008152,6.007853,0
2026-07-02 15:49:28.291920,0.682749,6.007853,1.415299,-0.002971,1.413342,-0.002971,6.007853,0
2026-07-02 15:49:28.300669,0.686039,6.002672,1.415299,-0.002971,1.413342,-0.002971,6.002672,0
2026-07-02 15:49:28.300669,0.690887,6.007853,1.415299,-0.002971,1.413342,-0.002971,6.007853,0
2026-07-02 15:49:28.308830,0.693216,6.002672,1.415299,-0.002971,1.413342,-0.002971,6.002672,0
2026-07-02 15:49:28.308830,0.695958,6.007853,1.415299,-0.002971,1.413342,-0.002971,6.007853,0
2026-07-02 15:49:28.308830,0.699131,6.002672,1.415299,-0.002971,1.418524,-0.002971,6.002672,0
2026-07-02 15:49:28.316912,0.701381,6.002672,1.415299,-0.002971,1.413342,-0.002971,6.002672,0
2026-07-02 15:49:28.316912,0.704163,5.997490,1.415299,-0.002971,1.413342,-0.002971,5.997490,0
2026-07-02 15:49:28.325291,0.707145,6.007853,1.415299,-0.008152,1.413342,-0.008152,6.007853,0
2026-07-02 15:49:28.333381,0.719093,5.997490,1.415299,-0.002971,1.413342,-0.002971,5.997490,0
2026-07-02 15:49:28.333381,0.722045,6.002672,1.415299,-0.008152,1.418524,-0.008152,6.002672,0
2026-07-02 15:49:28.342573,0.724408,6.002672,1.415299,-0.008152,1.413342,-0.008152,6.002672,0
2026-07-02 15:49:28.358178,0.733266,5.997490,1.415299,-0.002971,1.413342,-0.002971,5.997490,0
2026-07-02 15:49:28.375278,0.751201,6.007853,1.415299,-0.002971,1.418524,-0.002971,6.007853,0
2026-07-02 15:49:28.394911,0.765705,6.002672,1.415299,-0.008152,1.413342,-0.008152,6.002672,0
2026-07-02 15:49:28.433061,0.782313,5.992308,1.410120,-0.002971,1.413342,-0.002971,5.992308,0
2026-07-02 15:49:28.448474,0.824355,6.002672,1.415299,-0.002971,1.418524,-0.002971,6.002672,0
2026-07-02 15:49:28.448474,0.838845,5.997490,1.415299,-0.002971,1.413342,-0.002971,5.997490,0
2026-07-02 15:49:28.456706,0.842631,6.002672,1.415299,-0.002971,1.418524,-0.002971,6.002672,0
2026-07-02 15:49:28.456706,0.845650,6.002672,1.415299,-0.008152,1.413342,-0.008152,6.002672,0
2026-07-02 15:49:28.456706,0.847973,5.992308,1.415299,-0.002971,1.418524,-0.002971,5.992308,0
2026-07-02 15:49:28.464786,0.850348,5.992308,1.415299,-0.002971,1.413342,-0.002971,5.992308,0
2026-07-02 15:49:28.466389,0.853456,5.992308,1.415299,-0.002971,1.413342,-0.002971,5.992308,0
2026-07-02 15:49:28.469465,0.855816,6.002672,1.415299,-0.002971,1.413342,-0.002971,6.002672,0
2026-07-02 15:49:28.474716,0.858048,5.997490,1.415299,-0.002971,1.413342,-0.002971,5.997490,0
2026-07-02 15:49:28.477296,0.862478,6.002672,1.415299,-0.002971,1.418524,-0.002971,6.002672,0
2026-07-02 15:49:28.477296,0.864891,6.002672,1.415299,-0.002971,1.418524,-0.002971,6.002672,0
2026-07-02 15:49:28.481332,0.867172,6.002672,1.415299,-0.002971,1.413342,-0.002971,6.002672,0
2026-07-02 15:49:28.483078,0.869713,6.002672,1.415299,-0.002971,1.413342,-0.002971,6.002672,0
2026-07-02 15:49:28.483078,0.872976,6.007853,1.415299,-0.002971,1.413342,-0.002971,6.007853,0
2026-07-02 15:49:28.489641,0.875298,6.007853,1.415299,-0.002971,1.418524,-0.002971,6.007853,0
2026-07-02 15:49:28.492311,0.877925,6.002672,1.415299,-0.002971,1.418524,-0.002971,6.002672,0
2026-07-02 15:49:28.492311,0.880446,6.007853,1.415299,-0.008152,1.413342,-0.008152,6.007853,0
2026-07-02 15:49:28.497865,0.884067,5.992308,1.415299,-0.002971,1.418524,-0.002971,5.992308,0
2026-07-02 15:49:28.501975,0.886371,5.997490,1.415299,-0.002971,1.418524,-0.002971,5.997490,0
2026-07-02 15:49:28.513951,0.889585,6.002672,1.415299,-0.002971,1.418524,-0.002971,6.002672,0
2026-07-02 15:49:28.516799,0.901561,6.002672,1.415299,-0.002971,1.418524,-0.002971,6.002672,0
2026-07-02 15:49:28.516799,0.907155,6.002672,1.415299,-0.008152,1.418524,-0.008152,6.002672,0
2026-07-02 15:49:28.525045,0.909505,5.997490,1.415299,-0.002971,1.418524,-0.002971,5.997490,0
2026-07-02 15:49:28.525045,0.912169,5.997490,1.415299,-0.002971,1.413342,-0.002971,5.997490,0
2026-07-02 15:49:28.525045,0.914583,6.007853,1.415299,-0.002971,1.413342,-0.002971,6.007853,0
2026-07-02 15:49:28.525045,0.916923,6.002672,1.415299,-0.002971,1.413342,-0.002971,6.002672,0
2026-07-02 15:49:28.533576,0.919143,6.002672,1.415299,-0.002971,1.413342,-0.002971,6.002672,0
2026-07-02 15:49:28.533576,0.921393,5.997490,1.415299,-0.002971,1.418524,-0.002971,5.997490,0
2026-07-02 15:49:28.533576,0.923659,6.002672,1.415299,-0.008152,1.418524,-0.008152,6.002672,0
2026-07-02 15:49:28.533576,0.925873,5.992308,1.415299,-0.002971,1.413342,-0.002971,5.992308,0
2026-07-02 15:49:28.542708,0.928152,6.002672,1.415299,-0.002971,1.413342,-0.002971,6.002672,0
2026-07-02 15:49:28.542708,0.930516,6.002672,1.415299,-0.002971,1.413342,-0.002971,6.002672,0
2026-07-02 15:49:28.542708,0.932726,6.002672,1.415299,-0.002971,1.413342,-0.002971,6.002672,0
2026-07-02 15:49:28.550277,0.934895,5.997490,1.415299,-0.002971,1.413342,-0.002971,5.997490,0
2026-07-02 15:49:28.550277,0.937476,6.002672,1.415299,-0.002971,1.413342,-0.002971,6.002672,0
2026-07-02 15:49:28.554281,0.939875,6.002672,1.415299,-0.002971,1.413342,-0.002971,6.002672,0
2026-07-02 15:49:28.554281,0.942106,6.002672,1.415299,-0.002971,1.418524,-0.002971,6.002672,0
2026-07-02 15:49:28.558609,0.944306,6.002672,1.415299,-0.002971,1.418524,-0.002971,6.002672,0
2026-07-02 15:49:28.558609,0.946583,5.992308,1.410120,-0.002971,1.413342,-0.002971,5.992308,0
2026-07-02 15:49:28.558609,0.948835,5.997490,1.415299,-0.002971,1.413342,-0.002971,5.997490,0
2026-07-02 15:49:28.566822,0.951159,6.002672,1.415299,-0.002971,1.413342,-0.002971,6.002672,0
2026-07-02 15:49:28.569739,0.954906,6.007853,1.415299,-0.008152,1.413342,-0.008152,6.007853,0
2026-07-02 15:49:28.569739,0.957147,6.002672,1.415299,-0.002971,1.418524,-0.002971,6.002672,0
2026-07-02 15:49:28.575224,0.959394,6.007853,1.415299,-0.002971,1.413342,-0.002971,6.007853,0
2026-07-02 15:49:28.575224,0.962541,6.002672,1.415299,-0.002971,1.413342,-0.002971,6.002672,0
2026-07-02 15:49:28.575224,0.964840,6.002672,1.415299,-0.002971,1.413342,-0.002971,6.002672,0
2026-07-02 15:49:28.575224,0.967128,6.002672,1.415299,-0.002971,1.413342,-0.002971,6.002672,0
2026-07-02 15:49:28.583562,0.969333,6.002672,1.415299,-0.008152,1.413342,-0.008152,6.002672,0
2026-07-02 15:49:28.583562,0.971614,6.002672,1.415299,-0.002971,1.413342,-0.002971,6.002672,0
2026-07-02 15:49:28.583562,0.973940,6.002672,1.415299,-0.008152,1.413342,-0.008152,6.002672,0
2026-07-02 15:49:28.591279,0.976183,6.007853,1.415299,-0.008152,1.418524,-0.008152,6.007853,0
2026-07-02 15:49:28.591929,0.978981,6.002672,1.415299,-0.002971,1.413342,-0.002971,6.002672,0
2026-07-02 15:49:28.591929,0.981326,5.997490,1.410120,-0.002971,1.413342,-0.002971,5.997490,0
2026-07-02 15:49:28.591929,0.983649,6.002672,1.410120,-0.002971,1.418524,-0.002971,6.002672,0
2026-07-02 15:49:28.600261,0.985892,6.007853,1.415299,-0.008152,1.413342,-0.008152,6.007853,0
2026-07-02 15:49:28.600261,0.988172,6.002672,1.415299,-0.002971,1.413342,-0.002971,6.002672,0
2026-07-02 15:49:28.600261,0.990559,6.007853,1.415299,-0.002971,1.413342,-0.002971,6.007853,0
2026-07-02 15:49:28.607991,0.992923,6.002672,1.415299,-0.002971,1.413342,-0.002971,6.002672,0
2026-07-02 15:49:28.608434,0.995493,5.992308,1.415299,-0.002971,1.413342,-0.002971,5.992308,0
2026-07-02 15:49:28.608434,0.998015,6.002672,1.415299,-0.008152,1.413342,-0.008152,6.002672,0
2026-07-02 15:49:28.608434,1.000258,6.007853,1.415299,-0.002971,1.418524,-0.002971,6.007853,0
2026-07-02 15:49:28.616934,1.002573,5.997490,1.415299,-0.002971,1.413342,-0.002971,5.997490,0
2026-07-02 15:49:28.619915,1.004955,5.997490,1.415299,-0.002971,1.413342,-0.002971,5.997490,0
2026-07-02 15:49:28.619915,1.007259,5.997490,1.415299,-0.002971,1.413342,-0.002971,5.997490,0
2026-07-02 15:49:28.625248,1.009609,6.002672,1.415299,-0.002971,1.418524,-0.002971,6.002672,0
2026-07-02 15:49:28.625248,1.012390,5.997490,1.415299,-0.002971,1.418524,-0.002971,5.997490,0
2026-07-02 15:49:28.625248,1.014788,5.997490,1.415299,-0.002971,1.413342,-0.002971,5.997490,0
2026-07-02 15:49:28.625248,1.017204,6.007853,1.415299,-0.008152,1.413342,-0.008152,6.007853,0
2026-07-02 15:49:28.633615,1.019586,6.007853,1.415299,-0.002971,1.413342,-0.002971,6.007853,0
2026-07-02 15:49:28.633615,1.021931,5.997490,1.415299,-0.002971,1.413342,-0.002971,5.997490,0
2026-07-02 15:49:28.633615,1.024437,6.002672,1.415299,-0.002971,1.418524,-0.002971,6.002672,0
2026-07-02 15:49:28.641927,1.026876,5.997490,1.415299,-0.002971,1.413342,-0.002971,5.997490,0
2026-07-02 15:49:28.641927,1.029302,5.992308,1.415299,-0.002971,1.413342,-0.002971,5.992308,0
2026-07-02 15:49:28.641927,1.031825,6.002672,1.415299,-0.002971,1.418524,-0.002971,6.002672,0
2026-07-02 15:49:28.650224,1.034311,6.002672,1.415299,-0.002971,1.418524,-0.002971,6.002672,0
2026-07-02 15:49:28.650224,1.037414,5.992308,1.415299,-0.002971,1.413342,-0.002971,5.992308,0
2026-07-02 15:49:28.650224,1.039992,6.007853,1.415299,-0.008152,1.418524,-0.008152,6.007853,0
2026-07-02 15:49:28.658006,1.042498,6.007853,1.415299,-0.002971,1.413342,-0.002971,6.007853,0
2026-07-02 15:49:28.660095,1.045704,6.002672,1.415299,-0.008152,1.413342,-0.008152,6.002672,0
2026-07-02 15:49:28.660095,1.048102,5.997490,1.415299,-0.002971,1.418524,-0.002971,5.997490,0
2026-07-02 15:49:28.660095,1.050370,6.002672,1.415299,-0.008152,1.413342,-0.008152,6.002672,0
2026-07-02 15:49:28.667109,1.052581,6.002672,1.415299,-0.008152,1.413342,-0.008152,6.002672,0
2026-07-02 15:49:28.670118,1.054964,6.002672,1.415299,-0.002971,1.418524,-0.002971,6.002672,0
2026-07-02 15:49:28.670118,1.057369,6.002672,1.415299,-0.002971,1.418524,-0.002971,6.002672,0
2026-07-02 15:49:28.674707,1.059702,5.997490,1.415299,-0.002971,1.418524,-0.002971,5.997490,0
2026-07-02 15:49:28.675296,1.062357,5.997490,1.415299,-0.002971,1.413342,-0.002971,5.997490,0
2026-07-02 15:49:28.675296,1.064918,6.002672,1.415299,-0.008152,1.413342,-0.008152,6.002672,0
2026-07-02 15:49:28.683063,1.067383,6.002672,1.415299,-0.002971,1.413342,-0.002971,6.002672,0
2026-07-02 15:49:28.683651,1.070701,6.007853,1.415299,-0.002971,1.418524,-0.002971,6.007853,0
2026-07-02 15:49:28.683651,1.073211,6.002672,1.415299,-0.002971,1.413342,-0.002971,6.002672,0
2026-07-02 15:49:28.683651,1.075594,6.002672,1.415299,-0.002971,1.413342,-0.002971,6.002672,0
2026-07-02 15:49:28.691906,1.077949,6.002672,1.415299,-0.002971,1.413342,-0.002971,6.002672,0
2026-07-02 15:49:28.691906,1.080524,6.007853,1.420479,-0.008152,1.413342,-0.008152,6.007853,0
2026-07-02 15:49:28.691906,1.083029,6.002672,1.415299,-0.002971,1.413342,-0.002971,6.002672,0
2026-07-02 15:49:28.700277,1.085893,5.997490,1.415299,-0.002971,1.413342,-0.002971,5.997490,0
2026-07-02 15:49:28.700277,1.088588,6.002672,1.415299,-0.002971,1.413342,-0.002971,6.002672,0
2026-07-02 15:49:28.700277,1.090881,6.007853,1.415299,-0.008152,1.418524,-0.008152,6.007853,0
2026-07-02 15:49:28.708479,1.093043,6.002672,1.415299,-0.008152,1.413342,-0.008152,6.002672,0
2026-07-02 15:49:28.708479,1.095666,6.002672,1.415299,-0.002971,1.418524,-0.002971,6.002672,0
2026-07-02 15:49:28.708479,1.098183,5.997490,1.415299,-0.002971,1.418524,-0.002971,5.997490,0
2026-07-02 15:49:28.708479,1.100371,6.002672,1.415299,-0.008152,1.418524,-0.008152,6.002672,0
2026-07-02 15:49:28.717328,1.102553,6.002672,1.415299,-0.002971,1.413342,-0.002971,6.002672,0
2026-07-02 15:49:28.717328,1.104866,6.002672,1.415299,-0.002971,1.413342,-0.002971,6.002672,0
2026-07-02 15:49:28.717328,1.107218,6.002672,1.415299,-0.002971,1.413342,-0.002971,6.002672,0
2026-07-02 15:49:28.725269,1.109466,6.002672,1.415299,-0.002971,1.413342,-0.002971,6.002672,0
2026-07-02 15:49:28.725269,1.112356,5.997490,1.410120,-0.002971,1.413342,-0.002971,5.997490,0
2026-07-02 15:49:28.725269,1.114744,5.997490,1.415299,-0.002971,1.413342,-0.002971,5.997490,0
2026-07-02 15:49:28.725269,1.116974,6.007853,1.415299,-0.002971,1.418524,-0.002971,6.007853,0
2026-07-02 15:49:28.733643,1.119141,5.992308,1.415299,-0.002971,1.413342,-0.002971,5.992308,0
2026-07-02 15:49:28.733643,1.121913,6.002672,1.415299,-0.008152,1.413342,-0.008152,6.002672,0
2026-07-02 15:49:28.733643,1.124263,6.002672,1.415299,-0.002971,1.413342,-0.002971,6.002672,0
2026-07-02 15:49:28.741975,1.126510,6.007853,1.415299,-0.002971,1.413342,-0.002971,6.007853,0
2026-07-02 15:49:28.741975,1.129412,6.007853,1.415299,-0.002971,1.413342,-0.002971,6.007853,0
2026-07-02 15:49:28.741975,1.131785,5.997490,1.415299,-0.002971,1.413342,-0.002971,5.997490,0
2026-07-02 15:49:28.741975,1.134022,5.997490,1.415299,-0.002971,1.413342,-0.002971,5.997490,0
2026-07-02 15:49:28.750332,1.136340,5.992308,1.410120,-0.002971,1.418524,-0.002971,5.992308,0
2026-07-02 15:49:28.750332,1.138700,6.002672,1.415299,-0.002971,1.413342,-0.002971,6.002672,0
2026-07-02 15:49:28.750332,1.141130,6.002672,1.415299,-0.002971,1.418524,-0.002971,6.002672,0
2026-07-02 15:49:28.758518,1.143423,5.997490,1.415299,-0.002971,1.413342,-0.002971,5.997490,0
2026-07-02 15:49:28.758518,1.146566,6.007853,1.415299,-0.002971,1.418524,-0.002971,6.007853,0
2026-07-02 15:49:28.758518,1.148909,6.002672,1.415299,-0.002971,1.418524,-0.002971,6.002672,0
2026-07-02 15:49:28.766871,1.152427,6.002672,1.415299,-0.008152,1.413342,-0.008152,6.002672,0
2026-07-02 15:49:28.766871,1.155462,6.007853,1.415299,-0.002971,1.413342,-0.002971,6.007853,0
2026-07-02 15:49:28.770757,1.157710,6.002672,1.415299,-0.002971,1.413342,-0.002971,6.002672,0
2026-07-02 15:49:28.775394,1.160072,6.002672,1.415299,-0.002971,1.418524,-0.002971,6.002672,0
2026-07-02 15:49:28.775394,1.162812,6.007853,1.415299,-0.002971,1.418524,-0.002971,6.007853,0
2026-07-02 15:49:28.775394,1.165129,5.997490,1.415299,-0.002971,1.413342,-0.002971,5.997490,0
2026-07-02 15:49:28.775394,1.167440,6.002672,1.415299,-0.002971,1.413342,-0.002971,6.002672,0
2026-07-02 15:49:28.783558,1.169699,5.992308,1.415299,-0.002971,1.418524,-0.002971,5.992308,0
2026-07-02 15:49:28.783558,1.172179,5.997490,1.410120,-0.002971,1.418524,-0.002971,5.997490,0
2026-07-02 15:49:28.783558,1.174471,6.002672,1.415299,-0.002971,1.418524,-0.002971,6.002672,0
2026-07-02 15:49:28.791761,1.176688,6.007853,1.415299,-0.002971,1.413342,-0.002971,6.007853,0
2026-07-02 15:49:28.791761,1.179204,6.002672,1.415299,-0.002971,1.413342,-0.002971,6.002672,0
2026-07-02 15:49:28.791761,1.181538,6.007853,1.415299,-0.008152,1.413342,-0.008152,6.007853,0
2026-07-02 15:49:28.791761,1.183768,5.997490,1.415299,-0.002971,1.413342,-0.002971,5.997490,0
2026-07-02 15:49:28.800165,1.186025,6.002672,1.415299,-0.002971,1.413342,-0.002971,6.002672,0
2026-07-02 15:49:28.800165,1.188529,6.002672,1.415299,-0.002971,1.418524,-0.002971,6.002672,0
2026-07-02 15:49:28.800165,1.191048,6.002672,1.415299,-0.008152,1.413342,-0.008152,6.002672,0
2026-07-02 15:49:28.808713,1.193317,6.002672,1.415299,-0.002971,1.413342,-0.002971,6.002672,0
2026-07-02 15:49:28.808713,1.195960,6.002672,1.415299,-0.002971,1.413342,-0.002971,6.002672,0
2026-07-02 15:49:28.808713,1.198229,6.002672,1.415299,-0.002971,1.418524,-0.002971,6.002672,0
2026-07-02 15:49:28.808713,1.200504,6.007853,1.415299,-0.008152,1.418524,-0.008152,6.007853,0
2026-07-02 15:49:28.817212,1.202716,6.002672,1.415299,-0.002971,1.418524,-0.002971,6.002672,0
2026-07-02 15:49:28.817212,1.205512,5.992308,1.415299,-0.002971,1.418524,-0.002971,5.992308,0
2026-07-02 15:49:28.825120,1.208916,6.002672,1.415299,-0.008152,1.413342,-0.008152,6.002672,0
2026-07-02 15:49:28.825120,1.214298,6.002672,1.415299,-0.002971,1.413342,-0.002971,6.002672,0
2026-07-02 15:49:28.825120,1.216570,6.002672,1.415299,-0.002971,1.413342,-0.002971,6.002672,0
2026-07-02 15:49:28.833667,1.218797,5.997490,1.415299,-0.002971,1.418524,-0.002971,5.997490,0
2026-07-02 15:49:28.833667,1.221055,6.002672,1.415299,-0.008152,1.418524,-0.008152,6.002672,0
2026-07-02 15:49:28.833667,1.223333,6.007853,1.415299,-0.002971,1.413342,-0.002971,6.007853,0
2026-07-02 15:49:28.841721,1.226366,6.002672,1.415299,-0.008152,1.418524,-0.008152,6.002672,0
2026-07-02 15:49:28.841721,1.230809,6.002672,1.415299,-0.002971,1.418524,-0.002971,6.002672,0
2026-07-02 15:49:28.841721,1.233014,5.997490,1.415299,-0.002971,1.418524,-0.002971,5.997490,0
2026-07-02 15:49:28.850240,1.235251,5.997490,1.415299,-0.002971,1.413342,-0.002971,5.997490,0
2026-07-02 15:49:28.850240,1.237741,6.002672,1.415299,-0.002971,1.413342,-0.002971,6.002672,0
2026-07-02 15:49:28.850240,1.240028,6.002672,1.415299,-0.002971,1.413342,-0.002971,6.002672,0
2026-07-02 15:49:28.850240,1.242287,6.002672,1.415299,-0.002971,1.413342,-0.002971,6.002672,0
2026-07-02 15:49:28.858561,1.244645,6.007853,1.415299,-0.002971,1.413342,-0.002971,6.007853,0
2026-07-02 15:49:28.858561,1.246919,6.002672,1.415299,-0.008152,1.418524,-0.008152,6.002672,0
2026-07-02 15:49:28.858561,1.249231,6.007853,1.415299,-0.008152,1.418524,-0.008152,6.007853,0
2026-07-02 15:49:28.866845,1.251531,6.002672,1.415299,-0.002971,1.413342,-0.002971,6.002672,0
2026-07-02 15:49:28.866845,1.253998,6.002672,1.415299,-0.002971,1.413342,-0.002971,6.002672,0
2026-07-02 15:49:28.871350,1.256270,5.997490,1.410120,-0.002971,1.413342,-0.002971,5.997490,0
2026-07-02 15:49:28.871350,1.258645,6.002672,1.415299,-0.002971,1.413342,-0.002971,6.002672,0
2026-07-02 15:49:28.875080,1.260899,6.002672,1.415299,-0.002971,1.413342,-0.002971,6.002672,0
2026-07-02 15:49:28.875080,1.263276,5.992308,1.415299,-0.002971,1.413342,-0.002971,5.992308,0
2026-07-02 15:49:28.875080,1.265518,5.997490,1.415299,-0.002971,1.413342,-0.002971,5.997490,0
2026-07-02 15:49:28.883061,1.267792,5.997490,1.415299,-0.002971,1.413342,-0.002971,5.997490,0
2026-07-02 15:49:28.885597,1.270566,6.002672,1.415299,-0.002971,1.413342,-0.002971,6.002672,0
2026-07-02 15:49:28.885597,1.272816,6.007853,1.415299,-0.002971,1.413342,-0.002971,6.007853,0
2026-07-02 15:49:28.885597,1.275132,6.002672,1.415299,-0.002971,1.418524,-0.002971,6.002672,0
2026-07-02 15:49:28.891808,1.277412,6.002672,1.415299,-0.008152,1.413342,-0.008152,6.002672,0
2026-07-02 15:49:28.891808,1.279697,6.002672,1.415299,-0.002971,1.413342,-0.002971,6.002672,0
2026-07-02 15:49:28.891808,1.281999,6.002672,1.415299,-0.002971,1.413342,-0.002971,6.002672,0
2026-07-02 15:49:28.891808,1.284202,6.002672,1.415299,-0.008152,1.413342,-0.008152,6.002672,0
2026-07-02 15:49:28.900279,1.286663,6.007853,1.415299,-0.002971,1.418524,-0.002971,6.007853,0
2026-07-02 15:49:28.900279,1.288979,6.007853,1.415299,-0.008152,1.418524,-0.008152,6.007853,0
2026-07-02 15:49:28.900279,1.291307,6.007853,1.415299,-0.008152,1.413342,-0.008152,6.007853,0
2026-07-02 15:49:28.908690,1.293516,5.992308,1.410120,-0.002971,1.413342,-0.002971,5.992308,0
2026-07-02 15:49:28.908690,1.295843,6.002672,1.415299,-0.002971,1.413342,-0.002971,6.002672,0
2026-07-02 15:49:28.908690,1.298130,6.002672,1.415299,-0.002971,1.413342,-0.002971,6.002672,0
2026-07-02 15:49:28.908690,1.300391,6.007853,1.415299,-0.008152,1.413342,-0.008152,6.007853,0
2026-07-02 15:49:28.917041,1.302589,6.007853,1.415299,-0.002971,1.413342,-0.002971,6.007853,0
2026-07-02 15:49:28.917041,1.304905,6.002672,1.415299,-0.002971,1.418524,-0.002971,6.002672,0
2026-07-02 15:49:28.917041,1.307296,6.002672,1.415299,-0.002971,1.418524,-0.002971,6.002672,0
2026-07-02 15:49:28.924662,1.309515,6.007853,1.410120,-0.002971,1.418524,-0.002971,6.007853,0
2026-07-02 15:49:28.925183,1.311815,6.002672,1.415299,-0.002971,1.413342,-0.002971,6.002672,0
2026-07-02 15:49:28.925183,1.314361,6.007853,1.415299,-0.002971,1.413342,-0.002971,6.007853,0
2026-07-02 15:49:28.925183,1.316789,6.007853,1.415299,-0.002971,1.418524,-0.002971,6.007853,0
2026-07-02 15:49:28.933685,1.319740,6.007853,1.415299,-0.008152,1.418524,-0.008152,6.007853,0
2026-07-02 15:49:28.933685,1.322325,5.997490,1.415299,-0.002971,1.413342,-0.002971,5.997490,0
2026-07-02 15:49:28.941885,1.324598,6.002672,1.415299,-0.008152,1.418524,-0.008152,6.002672,0
2026-07-02 15:49:28.941885,1.330128,5.997490,1.415299,-0.002971,1.413342,-0.002971,5.997490,0
2026-07-02 15:49:28.941885,1.332513,6.002672,1.415299,-0.008152,1.418524,-0.008152,6.002672,0
2026-07-02 15:49:28.950510,1.334776,5.997490,1.415299,-0.002971,1.413342,-0.002971,5.997490,0
2026-07-02 15:49:28.950510,1.337876,5.997490,1.415299,-0.002971,1.413342,-0.002971,5.997490,0
2026-07-02 15:49:28.950510,1.340169,6.002672,1.415299,-0.002971,1.418524,-0.002971,6.002672,0
2026-07-02 15:49:28.950510,1.342437,6.002672,1.415299,-0.002971,1.413342,-0.002971,6.002672,0
2026-07-02 15:49:28.958546,1.344669,5.997490,1.415299,-0.002971,1.418524,-0.002971,5.997490,0
2026-07-02 15:49:28.958546,1.346941,5.997490,1.415299,-0.002971,1.413342,-0.002971,5.997490,0
2026-07-02 15:49:28.958546,1.349249,6.007853,1.415299,-0.008152,1.413342,-0.008152,6.007853,0
2026-07-02 15:49:28.966879,1.351490,6.002672,1.415299,-0.008152,1.413342,-0.008152,6.002672,0
2026-07-02 15:49:28.966879,1.355581,6.007853,1.415299,-0.002971,1.413342,-0.002971,6.007853,0
2026-07-02 15:49:28.971894,1.357952,6.002672,1.415299,-0.008152,1.413342,-0.008152,6.002672,0
2026-07-02 15:49:28.975102,1.360266,6.002672,1.415299,-0.002971,1.413342,-0.002971,6.002672,0
2026-07-02 15:49:28.975102,1.363844,6.002672,1.415299,-0.002971,1.413342,-0.002971,6.002672,0
2026-07-02 15:49:28.975102,1.366090,5.997490,1.415299,-0.002971,1.418524,-0.002971,5.997490,0
2026-07-02 15:49:28.983539,1.368268,6.002672,1.415299,-0.002971,1.413342,-0.002971,6.002672,0
2026-07-02 15:49:28.983539,1.370837,5.992308,1.415299,-0.002971,1.413342,-0.002971,5.992308,0
2026-07-02 15:49:28.983539,1.373074,6.002672,1.415299,-0.008152,1.413342,-0.008152,6.002672,0
2026-07-02 15:49:28.983539,1.375425,6.002672,1.415299,-0.002971,1.413342,-0.002971,6.002672,0
2026-07-02 15:49:28.991744,1.377616,6.002672,1.415299,-0.002971,1.413342,-0.002971,6.002672,0
2026-07-02 15:49:28.991744,1.380060,5.997490,1.415299,-0.002971,1.413342,-0.002971,5.997490,0
2026-07-02 15:49:28.991744,1.382569,6.002672,1.415299,-0.002971,1.413342,-0.002971,6.002672,0
2026-07-02 15:49:29.000283,1.384754,6.002672,1.415299,-0.002971,1.418524,-0.002971,6.002672,0
2026-07-02 15:49:29.000283,1.389372,6.002672,1.415299,-0.002971,1.418524,-0.002971,6.002672,0
2026-07-02 15:49:29.007975,1.392734,6.002672,1.415299,-0.008152,1.413342,-0.008152,6.002672,0
2026-07-02 15:49:29.007975,1.395453,6.002672,1.415299,-0.002971,1.413342,-0.002971,6.002672,0
2026-07-02 15:49:29.007975,1.397723,6.007853,1.415299,-0.008152,1.418524,-0.008152,6.007853,0
2026-07-02 15:49:29.013481,1.399942,6.002672,1.415299,-0.002971,1.418524,-0.002971,6.002672,0
2026-07-02 15:49:29.017387,1.402292,6.002672,1.415299,-0.002971,1.413342,-0.002971,6.002672,0
2026-07-02 15:49:29.019619,1.404532,6.002672,1.415299,-0.002971,1.418524,-0.002971,6.002672,0
2026-07-02 15:49:29.019619,1.406739,6.007853,1.415299,-0.002971,1.418524,-0.002971,6.007853,0
2026-07-02 15:49:29.019619,1.408998,5.997490,1.415299,-0.002971,1.413342,-0.002971,5.997490,0
2026-07-02 15:49:29.025006,1.411214,6.002672,1.415299,-0.008152,1.413342,-0.008152,6.002672,0
2026-07-02 15:49:29.025006,1.413424,6.002672,1.415299,-0.002971,1.418524,-0.002971,6.002672,0
2026-07-02 15:49:29.025006,1.415668,5.992308,1.415299,-0.002971,1.413342,-0.002971,5.992308,0
2026-07-02 15:49:29.032983,1.417843,5.997490,1.415299,-0.002971,1.418524,-0.002971,5.997490,0
2026-07-02 15:49:29.033447,1.420066,5.992308,1.415299,-0.002971,1.413342,-0.002971,5.992308,0
2026-07-02 15:49:29.033447,1.422342,6.002672,1.415299,-0.002971,1.418524,-0.002971,6.002672,0
2026-07-02 15:49:29.033447,1.424630,6.007853,1.415299,-0.002971,1.418524,-0.002971,6.007853,0
2026-07-02 15:49:29.041286,1.426806,6.002672,1.415299,-0.008152,1.413342,-0.008152,6.002672,0
2026-07-02 15:49:29.042750,1.429450,6.007853,1.415299,-0.002971,1.418524,-0.002971,6.007853,0
2026-07-02 15:49:29.042750,1.431783,6.002672,1.415299,-0.002971,1.418524,-0.002971,6.002672,0
2026-07-02 15:49:29.042750,1.434040,6.002672,1.415299,-0.008152,1.413342,-0.008152,6.002672,0
2026-07-02 15:49:29.050646,1.436246,6.007853,1.415299,-0.008152,1.413342,-0.008152,6.007853,0
2026-07-02 15:49:29.050646,1.438667,5.997490,1.415299,-0.002971,1.418524,-0.002971,5.997490,0
2026-07-02 15:49:29.050646,1.441011,6.002672,1.415299,-0.002971,1.413342,-0.002971,6.002672,0
2026-07-02 15:49:29.058076,1.443248,6.002672,1.415299,-0.008152,1.418524,-0.008152,6.002672,0
2026-07-02 15:49:29.058076,1.445686,5.997490,1.415299,-0.002971,1.418524,-0.002971,5.997490,0
2026-07-02 15:49:29.058076,1.447980,6.007853,1.415299,-0.002971,1.418524,-0.002971,6.007853,0
2026-07-02 15:49:29.065348,1.450283,6.007853,1.415299,-0.002971,1.413342,-0.002971,6.007853,0
2026-07-02 15:49:29.067281,1.452580,6.007853,1.415299,-0.002971,1.418524,-0.002971,6.007853,0
2026-07-02 15:49:29.067281,1.454903,6.002672,1.415299,-0.002971,1.418524,-0.002971,6.002672,0
2026-07-02 15:49:29.072375,1.457187,6.002672,1.415299,-0.002971,1.418524,-0.002971,6.002672,0
2026-07-02 15:49:29.075188,1.459672,6.007853,1.415299,-0.002971,1.418524,-0.002971,6.007853,0
2026-07-02 15:49:29.075188,1.462305,5.997490,1.415299,-0.002971,1.413342,-0.002971,5.997490,0
2026-07-02 15:49:29.075188,1.464654,6.002672,1.415299,-0.002971,1.413342,-0.002971,6.002672,0
2026-07-02 15:49:29.075188,1.466916,5.997490,1.415299,-0.002971,1.418524,-0.002971,5.997490,0
2026-07-02 15:49:29.083039,1.469099,5.997490,1.415299,-0.002971,1.413342,-0.002971,5.997490,0
2026-07-02 15:49:29.083039,1.471388,6.007853,1.415299,-0.002971,1.418524,-0.002971,6.007853,0
2026-07-02 15:49:29.083039,1.473783,6.007853,1.415299,-0.002971,1.413342,-0.002971,6.007853,0
2026-07-02 15:49:29.091649,1.476233,5.992308,1.415299,-0.002971,1.418524,-0.002971,5.992308,0
2026-07-02 15:49:29.091649,1.478813,6.007853,1.415299,-0.002971,1.413342,-0.002971,6.007853,0
2026-07-02 15:49:29.091649,1.481226,6.007853,1.415299,-0.002971,1.413342,-0.002971,6.007853,0
2026-07-02 15:49:29.091649,1.483546,5.997490,1.415299,-0.002971,1.418524,-0.002971,5.997490,0
2026-07-02 15:49:29.099221,1.485880,6.002672,1.415299,-0.002971,1.413342,-0.002971,6.002672,0
2026-07-02 15:49:29.099221,1.488213,5.997490,1.415299,-0.002971,1.413342,-0.002971,5.997490,0
2026-07-02 15:49:29.099221,1.490634,5.997490,1.410120,-0.002971,1.418524,-0.002971,5.997490,0
2026-07-02 15:49:29.111260,1.493053,6.007853,1.415299,-0.002971,1.418524,-0.002971,6.007853,0
2026-07-02 15:49:29.113657,1.498635,5.992308,1.415299,-0.002971,1.413342,-0.002971,5.992308,0
2026-07-02 15:49:29.116464,1.501088,6.002672,1.415299,-0.002971,1.418524,-0.002971,6.002672,0
2026-07-02 15:49:29.121843,1.503893,6.002672,1.415299,-0.002971,1.413342,-0.002971,6.002672,0
2026-07-02 15:49:29.130685,1.509117,5.997490,1.415299,-0.002971,1.418524,-0.002971,5.997490,0
2026-07-02 15:49:29.136080,1.518365,6.002672,1.415299,-0.008152,1.418524,-0.008152,6.002672,0
2026-07-02 15:49:29.136916,1.523266,6.002672,1.415299,-0.002971,1.418524,-0.002971,6.002672,0
2026-07-02 15:49:29.140760,1.525869,6.002672,1.415299,-0.002971,1.413342,-0.002971,6.002672,0
2026-07-02 15:49:29.142552,1.528630,6.002672,1.415299,-0.008152,1.413342,-0.008152,6.002672,0
2026-07-02 15:49:29.144563,1.530986,6.002672,1.415299,-0.002971,1.413342,-0.002971,6.002672,0
2026-07-02 15:49:29.148594,1.533349,6.002672,1.415299,-0.008152,1.413342,-0.008152,6.002672,0
2026-07-02 15:49:29.150715,1.535736,5.992308,1.415299,-0.002971,1.413342,-0.002971,5.992308,0
2026-07-02 15:49:29.152729,1.538189,6.002672,1.415299,-0.008152,1.413342,-0.008152,6.002672,0
2026-07-02 15:49:29.153986,1.540568,6.007853,1.415299,-0.002971,1.413342,-0.002971,6.007853,0
2026-07-02 15:49:29.158813,1.542954,5.992308,1.415299,-0.008152,1.413342,-0.008152,5.992308,0
2026-07-02 15:49:29.161559,1.546375,5.997490,1.415299,-0.002971,1.418524,-0.002971,5.997490,0
2026-07-02 15:49:29.162178,1.548762,6.002672,1.415299,-0.002971,1.413342,-0.002971,6.002672,0
2026-07-02 15:49:29.166206,1.551155,6.007853,1.415299,-0.008152,1.413342,-0.008152,6.007853,0
2026-07-02 15:49:29.168586,1.553807,6.007853,1.415299,-0.002971,1.413342,-0.002971,6.007853,0
2026-07-02 15:49:29.169876,1.556081,5.992308,1.415299,-0.008152,1.418524,-0.008152,5.992308,0
2026-07-02 15:49:29.172903,1.558398,6.002672,1.415299,-0.002971,1.418524,-0.002971,6.002672,0
2026-07-02 15:49:29.175507,1.560743,6.007853,1.415299,-0.008152,1.413342,-0.008152,6.007853,0
2026-07-02 15:49:29.177009,1.563124,6.002672,1.415299,-0.002971,1.418524,-0.002971,6.002672,0
2026-07-02 15:49:29.180781,1.565553,6.002672,1.415299,-0.002971,1.413342,-0.002971,6.002672,0
2026-07-02 15:49:29.181892,1.568058,6.007853,1.420479,-0.002971,1.418524,-0.002971,6.007853,0
2026-07-02 15:49:29.184173,1.570395,6.002672,1.415299,-0.002971,1.418524,-0.002971,6.002672,0
2026-07-02 15:49:29.186694,1.572776,6.002672,1.415299,-0.002971,1.413342,-0.002971,6.002672,0
2026-07-02 15:49:29.190531,1.575173,6.007853,1.415299,-0.002971,1.418524,-0.002971,6.007853,0
2026-07-02 15:49:29.192097,1.577631,6.002672,1.415299,-0.002971,1.413342,-0.002971,6.002672,0
2026-07-02 15:49:29.194110,1.580033,6.002672,1.415299,-0.002971,1.418524,-0.002971,6.002672,0
2026-07-02 15:49:29.197827,1.582846,6.002672,1.415299,-0.002971,1.418524,-0.002971,6.002672,0
2026-07-02 15:49:29.201245,1.585599,6.007853,1.415299,-0.002971,1.413342,-0.002971,6.007853,0
2026-07-02 15:49:29.202006,1.588728,6.002672,1.410120,-0.008152,1.413342,-0.008152,6.002672,0
2026-07-02 15:49:29.204902,1.591040,5.997490,1.415299,-0.002971,1.413342,-0.002971,5.997490,0
2026-07-02 15:49:29.213530,1.593910,6.002672,1.415299,-0.002971,1.413342,-0.002971,6.002672,0
2026-07-02 15:49:29.219053,1.600727,5.997490,1.415299,-0.002971,1.418524,-0.002971,5.997490,0
2026-07-02 15:49:29.225043,1.606220,6.002672,1.415299,-0.002971,1.418524,-0.002971,6.002672,0
2026-07-02 15:49:29.230159,1.612249,5.997490,1.415299,-0.002971,1.413342,-0.002971,5.997490,0
2026-07-02 15:49:29.234177,1.618423,6.007853,1.415299,-0.002971,1.413342,-0.002971,6.007853,0
2026-07-02 15:49:29.242352,1.622778,6.002672,1.415299,-0.002971,1.418524,-0.002971,6.002672,0
2026-07-02 15:49:29.259835,1.631505,6.002672,1.415299,-0.008152,1.418524,-0.008152,6.002672,0
2026-07-02 15:49:29.268664,1.647621,5.997490,1.410120,-0.002971,1.413342,-0.002971,5.997490,0
2026-07-02 15:49:29.271289,1.656643,5.992308,1.415299,-0.002971,1.413342,-0.002971,5.992308,0
2026-07-02 15:49:29.276072,1.659389,5.997490,1.415299,-0.002971,1.413342,-0.002971,5.997490,0
2026-07-02 15:49:29.281981,1.663217,6.002672,1.415299,-0.008152,1.413342,-0.008152,6.002672,0
2026-07-02 15:49:29.286916,1.669720,6.002672,1.415299,-0.002971,1.413342,-0.002971,6.002672,0
2026-07-02 15:49:29.287794,1.674111,6.007853,1.415299,-0.002971,1.413342,-0.002971,6.007853,0
2026-07-02 15:49:29.292324,1.676520,6.007853,1.415299,-0.008152,1.413342,-0.008152,6.007853,0
2026-07-02 15:49:29.294338,1.680492,6.002672,1.415299,-0.002971,1.418524,-0.002971,6.002672,0
2026-07-02 15:49:29.299005,1.682776,5.992308,1.415299,-0.002971,1.418524,-0.002971,5.992308,0
2026-07-02 15:49:29.300781,1.686184,6.002672,1.415299,-0.008152,1.413342,-0.008152,6.002672,0
2026-07-02 15:49:29.302245,1.688555,6.007853,1.415299,-0.002971,1.413342,-0.002971,6.007853,0
2026-07-02 15:49:29.304987,1.690865,6.007853,1.415299,-0.008152,1.413342,-0.008152,6.007853,0
2026-07-02 15:49:29.309585,1.693118,5.997490,1.415299,-0.002971,1.413342,-0.002971,5.997490,0
2026-07-02 15:49:29.311033,1.696871,5.992308,1.415299,-0.002971,1.413342,-0.002971,5.992308,0
2026-07-02 15:49:29.313042,1.699204,6.007853,1.415299,-0.002971,1.413342,-0.002971,6.007853,0
2026-07-02 15:49:29.317065,1.701815,5.997490,1.415299,-0.002971,1.418524,-0.002971,5.997490,0
2026-07-02 15:49:29.319082,1.704162,6.002672,1.415299,-0.002971,1.413342,-0.002971,6.002672,0
2026-07-02 15:49:29.321703,1.706638,6.002672,1.415299,-0.002971,1.413342,-0.002971,6.002672,0
2026-07-02 15:49:29.323822,1.709163,5.997490,1.415299,-0.002971,1.413342,-0.002971,5.997490,0
2026-07-02 15:49:29.326462,1.711460,5.997490,1.415299,-0.002971,1.413342,-0.002971,5.997490,0
2026-07-02 15:49:29.329452,1.714018,5.997490,1.415299,-0.002971,1.413342,-0.002971,5.997490,0
2026-07-02 15:49:29.333482,1.717116,6.002672,1.415299,-0.002971,1.413342,-0.002971,6.002672,0
2026-07-02 15:49:29.335462,1.721233,6.002672,1.415299,-0.002971,1.418524,-0.002971,6.002672,0
2026-07-02 15:49:29.337480,1.723589,6.007853,1.415299,-0.008152,1.413342,-0.008152,6.007853,0
2026-07-02 15:49:29.342022,1.726555,6.002672,1.415299,-0.002971,1.413342,-0.002971,6.002672,0
2026-07-02 15:49:29.343653,1.729118,6.002672,1.415299,-0.002971,1.413342,-0.002971,6.002672,0
2026-07-02 15:49:29.345671,1.732318,5.997490,1.415299,-0.002971,1.418524,-0.002971,5.997490,0
2026-07-02 15:49:29.349698,1.734571,5.997490,1.415299,-0.002971,1.413342,-0.002971,5.997490,0
2026-07-02 15:49:29.351949,1.736935,6.007853,1.415299,-0.008152,1.413342,-0.008152,6.007853,0
2026-07-02 15:49:29.352717,1.739338,6.002672,1.415299,-0.002971,1.413342,-0.002971,6.002672,0
2026-07-02 15:49:29.355235,1.741691,6.002672,1.415299,-0.002971,1.418524,-0.002971,6.002672,0
2026-07-02 15:49:29.359037,1.744116,5.997490,1.415299,-0.002971,1.418524,-0.002971,5.997490,0
2026-07-02 15:49:29.363028,1.747346,5.997490,1.415299,-0.002971,1.418524,-0.002971,5.997490,0
2026-07-02 15:49:29.365047,1.750297,6.002672,1.415299,-0.008152,1.418524,-0.008152,6.002672,0
2026-07-02 15:49:29.368860,1.753502,5.997490,1.415299,-0.002971,1.413342,-0.002971,5.997490,0
2026-07-02 15:49:29.372241,1.756133,5.992308,1.415299,-0.002971,1.413342,-0.002971,5.992308,0
2026-07-02 15:49:29.375614,1.759434,6.007853,1.415299,-0.008152,1.418524,-0.008152,6.007853,0
2026-07-02 15:49:29.377782,1.762900,6.007853,1.415299,-0.002971,1.418524,-0.002971,6.007853,0
2026-07-02 15:49:29.378693,1.765308,5.997490,1.415299,-0.002971,1.413342,-0.002971,5.997490,0
2026-07-02 15:49:29.382726,1.767590,6.002672,1.415299,-0.008152,1.413342,-0.008152,6.002672,0
2026-07-02 15:49:29.384257,1.769809,6.007853,1.415299,-0.008152,1.413342,-0.008152,6.007853,0
2026-07-02 15:49:29.386954,1.772513,6.002672,1.415299,-0.002971,1.413342,-0.002971,6.002672,0
2026-07-02 15:49:29.388969,1.774730,5.997490,1.415299,-0.002971,1.413342,-0.002971,5.997490,0
2026-07-02 15:49:29.392278,1.777013,6.007853,1.415299,-0.002971,1.413342,-0.002971,6.007853,0
2026-07-02 15:49:29.394299,1.779386,6.007853,1.415299,-0.002971,1.418524,-0.002971,6.007853,0
2026-07-02 15:49:29.395885,1.781606,6.002672,1.415299,-0.008152,1.418524,-0.008152,6.002672,0
2026-07-02 15:49:29.397897,1.783893,6.002672,1.415299,-0.002971,1.413342,-0.002971,6.002672,0
2026-07-02 15:49:29.400559,1.786183,5.992308,1.415299,-0.002971,1.418524,-0.002971,5.992308,0
2026-07-02 15:49:29.403618,1.788506,6.002672,1.415299,-0.002971,1.413342,-0.002971,6.002672,0
2026-07-02 15:49:29.406512,1.790861,5.992308,1.415299,-0.002971,1.413342,-0.002971,5.992308,0
2026-07-02 15:49:29.409046,1.794677,6.002672,1.415299,-0.002971,1.413342,-0.002971,6.002672,0
2026-07-02 15:49:29.412690,1.797687,6.002672,1.415299,-0.002971,1.413342,-0.002971,6.002672,0
2026-07-02 15:49:29.414168,1.800266,6.002672,1.415299,-0.002971,1.418524,-0.002971,6.002672,0
2026-07-02 15:49:29.417828,1.802665,6.002672,1.415299,-0.002971,1.413342,-0.002971,6.002672,0
2026-07-02 15:49:29.420225,1.805059,6.002672,1.415299,-0.002971,1.418524,-0.002971,6.002672,0
2026-07-02 15:49:29.421163,1.807476,6.002672,1.415299,-0.002971,1.413342,-0.002971,6.002672,0
2026-07-02 15:49:29.425589,1.809872,6.007853,1.415299,-0.002971,1.413342,-0.002971,6.007853,0
2026-07-02 15:49:29.426969,1.812916,6.002672,1.415299,-0.002971,1.413342,-0.002971,6.002672,0
2026-07-02 15:49:29.430514,1.815389,6.002672,1.415299,-0.008152,1.413342,-0.008152,6.002672,0
2026-07-02 15:49:29.432100,1.817794,5.997490,1.415299,-0.002971,1.413342,-0.002971,5.997490,0
2026-07-02 15:49:29.435162,1.820269,6.007853,1.415299,-0.002971,1.413342,-0.002971,6.007853,0
2026-07-02 15:49:29.437836,1.822601,5.997490,1.415299,-0.002971,1.413342,-0.002971,5.997490,0
2026-07-02 15:49:29.439013,1.825088,6.002672,1.415299,-0.002971,1.413342,-0.002971,6.002672,0
2026-07-02 15:49:29.442461,1.827578,6.007853,1.415299,-0.008152,1.413342,-0.008152,6.007853,0
2026-07-02 15:49:29.445462,1.830008,6.007853,1.415299,-0.008152,1.413342,-0.008152,6.007853,0
2026-07-02 15:49:29.446404,1.832588,6.007853,1.415299,-0.002971,1.418524,-0.002971,6.007853,0
2026-07-02 15:49:29.449933,1.835000,6.002672,1.415299,-0.002971,1.413342,-0.002971,6.002672,0
2026-07-02 15:49:29.451520,1.837210,6.002672,1.415299,-0.002971,1.413342,-0.002971,6.002672,0
2026-07-02 15:49:29.455094,1.839767,6.007853,1.415299,-0.008152,1.418524,-0.008152,6.007853,0
2026-07-02 15:49:29.456811,1.842237,6.002672,1.415299,-0.008152,1.413342,-0.008152,6.002672,0
2026-07-02 15:49:29.459435,1.844686,6.002672,1.415299,-0.008152,1.418524,-0.008152,6.002672,0
2026-07-02 15:49:29.461351,1.847086,6.002672,1.415299,-0.002971,1.413342,-0.002971,6.002672,0
2026-07-02 15:49:29.464373,1.849474,6.002672,1.415299,-0.002971,1.418524,-0.002971,6.002672,0
2026-07-02 15:49:29.466953,1.851798,6.007853,1.415299,-0.002971,1.413342,-0.002971,6.007853,0
2026-07-02 15:49:29.470092,1.854428,6.007853,1.415299,-0.002971,1.413342,-0.002971,6.007853,0
2026-07-02 15:49:29.471822,1.857273,5.997490,1.415299,-0.002971,1.413342,-0.002971,5.997490,0
2026-07-02 15:49:29.474540,1.859754,6.002672,1.415299,-0.002971,1.418524,-0.002971,6.002672,0
2026-07-02 15:49:29.477667,1.862139,6.007853,1.415299,-0.008152,1.413342,-0.008152,6.007853,0
2026-07-02 15:49:29.477667,1.864956,6.002672,1.415299,-0.002971,1.413342,-0.002971,6.002672,0
2026-07-02 15:49:29.477667,1.867340,6.002672,1.415299,-0.008152,1.418524,-0.008152,6.002672,0
2026-07-02 15:49:29.484437,1.869576,6.002672,1.415299,-0.002971,1.413342,-0.002971,6.002672,0
2026-07-02 15:49:29.484437,1.872079,6.002672,1.415299,-0.002971,1.418524,-0.002971,6.002672,0
2026-07-02 15:49:29.484437,1.874520,6.002672,1.415299,-0.002971,1.413342,-0.002971,6.002672,0
2026-07-02 15:49:29.484437,1.877016,6.002672,1.415299,-0.008152,1.413342,-0.008152,6.002672,0
2026-07-02 15:49:29.494485,1.879340,6.007853,1.415299,-0.002971,1.418524,-0.002971,6.007853,0
2026-07-02 15:49:29.494485,1.881794,6.002672,1.415299,-0.008152,1.418524,-0.008152,6.002672,0
2026-07-02 15:49:29.494485,1.884360,5.992308,1.415299,-0.002971,1.413342,-0.002971,5.992308,0
2026-07-02 15:49:29.500074,1.886725,6.002672,1.415299,-0.002971,1.418524,-0.002971,6.002672,0
2026-07-02 15:49:29.500074,1.889072,5.992308,1.415299,-0.002971,1.413342,-0.002971,5.992308,0
2026-07-02 15:49:29.505520,1.891344,5.997490,1.415299,-0.002971,1.413342,-0.002971,5.997490,0
2026-07-02 15:49:29.505520,1.893686,6.002672,1.415299,-0.002971,1.413342,-0.002971,6.002672,0
2026-07-02 15:49:29.505520,1.896119,6.007853,1.415299,-0.002971,1.413342,-0.002971,6.007853,0
2026-07-02 15:49:29.505520,1.898548,6.002672,1.415299,-0.002971,1.413342,-0.002971,6.002672,0
2026-07-02 15:49:29.515259,1.900883,6.007853,1.415299,-0.002971,1.413342,-0.002971,6.007853,0
2026-07-02 15:49:29.515259,1.903226,6.002672,1.415299,-0.002971,1.413342,-0.002971,6.002672,0
2026-07-02 15:49:29.519833,1.905583,6.007853,1.415299,-0.002971,1.413342,-0.002971,6.007853,0
2026-07-02 15:49:29.522078,1.907866,6.002672,1.415299,-0.002971,1.418524,-0.002971,6.002672,0
2026-07-02 15:49:29.525744,1.910250,6.002672,1.415299,-0.002971,1.413342,-0.002971,6.002672,0
2026-07-02 15:49:29.527759,1.912958,6.002672,1.415299,-0.002971,1.413342,-0.002971,6.002672,0
2026-07-02 15:49:29.529776,1.915339,6.002672,1.415299,-0.002971,1.418524,-0.002971,6.002672,0
2026-07-02 15:49:29.533808,1.917663,6.002672,1.415299,-0.002971,1.413342,-0.002971,6.002672,0
2026-07-02 15:49:29.537224,1.920929,5.997490,1.415299,-0.002971,1.418524,-0.002971,5.997490,0
2026-07-02 15:49:29.539245,1.924868,6.007853,1.415299,-0.008152,1.418524,-0.008152,6.007853,0
2026-07-02 15:49:29.542344,1.927973,6.002672,1.415299,-0.002971,1.418524,-0.002971,6.002672,0
2026-07-02 15:49:29.545598,1.930980,5.997490,1.415299,-0.002971,1.413342,-0.002971,5.997490,0
2026-07-02 15:49:29.545598,1.933395,5.997490,1.415299,-0.002971,1.413342,-0.002971,5.997490,0
2026-07-02 15:49:29.545598,1.935794,6.002672,1.415299,-0.002971,1.413342,-0.002971,6.002672,0
2026-07-02 15:49:29.553879,1.938171,6.002672,1.415299,-0.002971,1.418524,-0.002971,6.002672,0
2026-07-02 15:49:29.555573,1.941609,6.007853,1.415299,-0.008152,1.418524,-0.008152,6.007853,0
2026-07-02 15:49:29.557618,1.943919,6.002672,1.415299,-0.008152,1.413342,-0.008152,6.002672,0
2026-07-02 15:49:29.557618,1.946238,5.997490,1.415299,-0.002971,1.413342,-0.002971,5.997490,0
2026-07-02 15:49:29.557618,1.948616,5.992308,1.415299,-0.002971,1.413342,-0.002971,5.992308,0
2026-07-02 15:49:29.566592,1.950979,5.992308,1.415299,-0.008152,1.413342,-0.008152,5.992308,0
2026-07-02 15:49:29.568087,1.954252,6.007853,1.415299,-0.002971,1.413342,-0.002971,6.007853,0
2026-07-02 15:49:29.570932,1.957167,5.997490,1.415299,-0.002971,1.413342,-0.002971,5.997490,0
2026-07-02 15:49:29.575013,1.959575,6.002672,1.415299,-0.002971,1.413342,-0.002971,6.002672,0
2026-07-02 15:49:29.575828,1.962501,5.997490,1.415299,-0.002971,1.418524,-0.002971,5.997490,0
2026-07-02 15:49:29.577913,1.964835,6.002672,1.415299,-0.008152,1.413342,-0.008152,6.002672,0
2026-07-02 15:49:29.582190,1.967218,5.997490,1.415299,-0.002971,1.418524,-0.002971,5.997490,0
2026-07-02 15:49:29.585219,1.969608,6.007853,1.415299,-0.002971,1.418524,-0.002971,6.007853,0
2026-07-02 15:49:29.585219,1.973637,6.007853,1.415299,-0.002971,1.413342,-0.002971,6.007853,0
2026-07-02 15:49:29.591938,1.976021,6.007853,1.415299,-0.002971,1.418524,-0.002971,6.007853,0
2026-07-02 15:49:29.593951,1.979120,6.007853,1.415299,-0.008152,1.413342,-0.008152,6.007853,0
2026-07-02 15:49:29.595711,1.981562,6.002672,1.415299,-0.008152,1.413342,-0.008152,6.002672,0
2026-07-02 15:49:29.599018,1.983936,6.002672,1.415299,-0.008152,1.413342,-0.008152,6.002672,0
2026-07-02 15:49:29.600432,1.986165,6.007853,1.415299,-0.002971,1.418524,-0.002971,6.007853,0
2026-07-02 15:49:29.601856,1.988496,6.002672,1.415299,-0.002971,1.418524,-0.002971,6.002672,0
2026-07-02 15:49:29.601856,1.990872,6.002672,1.415299,-0.008152,1.413342,-0.008152,6.002672,0
2026-07-02 15:49:29.608237,1.993422,6.002672,1.415299,-0.002971,1.418524,-0.002971,6.002672,0
2026-07-02 15:49:29.611254,1.995991,6.007853,1.415299,-0.002971,1.413342,-0.002971,6.007853,0
2026-07-02 15:49:29.613466,1.998406,6.002672,1.415299,-0.002971,1.413342,-0.002971,6.002672,0
2026-07-02 15:49:29.616259,2.000896,6.007853,1.415299,-0.008152,1.413342,-0.008152,6.007853,0
2026-07-02 15:49:29.616881,2.003930,6.002672,1.415299,-0.002971,1.418524,-0.002971,6.002672,0
2026-07-02 15:49:29.621745,2.006264,6.007853,1.415299,-0.002971,1.418524,-0.002971,6.007853,0
2026-07-02 15:49:29.625149,2.008881,6.002672,1.415299,-0.008152,1.413342,-0.008152,6.002672,0
2026-07-02 15:49:29.628099,2.012558,6.002672,1.415299,-0.008152,1.413342,-0.008152,6.002672,0
2026-07-02 15:49:29.629186,2.015466,6.002672,1.415299,-0.008152,1.413342,-0.008152,6.002672,0
2026-07-02 15:49:29.631022,2.017849,5.997490,1.410120,-0.002971,1.413342,-0.002971,5.997490,0
2026-07-02 15:49:29.634914,2.020155,5.992308,1.415299,-0.002971,1.413342,-0.002971,5.992308,0
2026-07-02 15:49:29.636451,2.022701,6.002672,1.415299,-0.002971,1.413342,-0.002971,6.002672,0
2026-07-02 15:49:29.638288,2.025022,6.002672,1.415299,-0.008152,1.413342,-0.008152,6.002672,0
2026-07-02 15:49:29.638288,2.027460,6.002672,1.415299,-0.002971,1.413342,-0.002971,6.002672,0
2026-07-02 15:49:29.645140,2.029783,6.002672,1.415299,-0.002971,1.418524,-0.002971,6.002672,0
2026-07-02 15:49:29.647952,2.032239,6.007853,1.415299,-0.002971,1.418524,-0.002971,6.007853,0
2026-07-02 15:49:29.651059,2.036563,6.007853,1.415299,-0.008152,1.413342,-0.008152,6.007853,0
2026-07-02 15:49:29.652408,2.039059,5.997490,1.415299,-0.002971,1.418524,-0.002971,5.997490,0
2026-07-02 15:49:29.656168,2.041431,6.002672,1.415299,-0.002971,1.418524,-0.002971,6.002672,0
2026-07-02 15:49:29.658179,2.043691,6.002672,1.415299,-0.002971,1.418524,-0.002971,6.002672,0
2026-07-02 15:49:29.660911,2.045917,5.997490,1.415299,-0.002971,1.418524,-0.002971,5.997490,0
2026-07-02 15:49:29.660911,2.048243,5.992308,1.415299,-0.002971,1.413342,-0.002971,5.992308,0
2026-07-02 15:49:29.660911,2.050535,6.002672,1.415299,-0.002971,1.418524,-0.002971,6.002672,0
2026-07-02 15:49:29.666476,2.052824,5.997490,1.415299,-0.002971,1.413342,-0.002971,5.997490,0
2026-07-02 15:49:29.670205,2.055217,6.007853,1.415299,-0.002971,1.418524,-0.002971,6.007853,0
2026-07-02 15:49:29.671482,2.057614,5.992308,1.415299,-0.002971,1.413342,-0.002971,5.992308,0
2026-07-02 15:49:29.675449,2.060119,6.007853,1.415299,-0.002971,1.418524,-0.002971,6.007853,0
2026-07-02 15:49:29.676876,2.062525,6.002672,1.415299,-0.002971,1.418524,-0.002971,6.002672,0
2026-07-02 15:49:29.676876,2.064858,5.992308,1.415299,-0.002971,1.413342,-0.002971,5.992308,0
2026-07-02 15:49:29.676876,2.067248,5.997490,1.415299,-0.002971,1.413342,-0.002971,5.997490,0
2026-07-02 15:49:29.676876,2.069636,6.002672,1.415299,-0.002971,1.413342,-0.002971,6.002672,0
2026-07-02 15:49:29.686987,2.072115,5.992308,1.415299,-0.002971,1.413342,-0.002971,5.992308,0
2026-07-02 15:49:29.686987,2.074479,6.007853,1.415299,-0.002971,1.413342,-0.002971,6.007853,0
2026-07-02 15:49:29.686987,2.076759,5.992308,1.415299,-0.002971,1.413342,-0.002971,5.992308,0
2026-07-02 15:49:29.686987,2.079081,6.002672,1.415299,-0.008152,1.418524,-0.008152,6.002672,0
2026-07-02 15:49:29.695249,2.081415,6.002672,1.415299,-0.002971,1.418524,-0.002971,6.002672,0
2026-07-02 15:49:29.698190,2.083742,6.002672,1.415299,-0.002971,1.418524,-0.002971,6.002672,0
2026-07-02 15:49:29.698190,2.085968,6.002672,1.415299,-0.008152,1.418524,-0.008152,6.002672,0
2026-07-02 15:49:29.698190,2.088183,6.007853,1.415299,-0.008152,1.418524,-0.008152,6.007853,0
2026-07-02 15:49:29.698190,2.090456,6.002672,1.415299,-0.002971,1.418524,-0.002971,6.002672,0
2026-07-02 15:49:29.707150,2.092681,6.007853,1.415299,-0.002971,1.413342,-0.002971,6.007853,0
2026-07-02 15:49:29.707150,2.094888,6.002672,1.415299,-0.002971,1.418524,-0.002971,6.002672,0
2026-07-02 15:49:29.707150,2.097249,6.002672,1.415299,-0.002971,1.413342,-0.002971,6.002672,0
2026-07-02 15:49:29.714552,2.099579,6.002672,1.415299,-0.002971,1.418524,-0.002971,6.002672,0
2026-07-02 15:49:29.714552,2.101841,6.002672,1.415299,-0.002971,1.418524,-0.002971,6.002672,0
2026-07-02 15:49:29.717217,2.104120,5.992308,1.415299,-0.002971,1.413342,-0.002971,5.992308,0
2026-07-02 15:49:29.717217,2.106554,6.002672,1.415299,-0.002971,1.413342,-0.002971,6.002672,0
2026-07-02 15:49:29.717217,2.108801,6.002672,1.415299,-0.002971,1.413342,-0.002971,6.002672,0
2026-07-02 15:49:29.725004,2.111054,6.002672,1.415299,-0.002971,1.413342,-0.002971,6.002672,0
2026-07-02 15:49:29.727750,2.113414,5.992308,1.415299,-0.002971,1.418524,-0.002971,5.992308,0
2026-07-02 15:49:29.729758,2.115752,6.002672,1.415299,-0.002971,1.418524,-0.002971,6.002672,0
2026-07-02 15:49:29.729758,2.118079,6.002672,1.415299,-0.002971,1.418524,-0.002971,6.002672,0
2026-07-02 15:49:29.734025,2.120296,6.002672,1.415299,-0.002971,1.413342,-0.002971,6.002672,0
2026-07-02 15:49:29.737523,2.122616,6.002672,1.415299,-0.002971,1.418524,-0.002971,6.002672,0
2026-07-02 15:49:29.737523,2.124979,6.002672,1.415299,-0.002971,1.413342,-0.002971,6.002672,0
2026-07-02 15:49:29.737523,2.127319,6.007853,1.415299,-0.002971,1.413342,-0.002971,6.007853,0
2026-07-02 15:49:29.737523,2.129640,6.002672,1.415299,-0.002971,1.418524,-0.002971,6.002672,0
2026-07-02 15:49:29.737523,2.131996,6.007853,1.415299,-0.008152,1.413342,-0.008152,6.007853,0
2026-07-02 15:49:29.747574,2.134471,6.002672,1.415299,-0.002971,1.413342,-0.002971,6.002672,0
2026-07-02 15:49:29.747574,2.136854,5.997490,1.415299,-0.002971,1.418524,-0.002971,5.997490,0
2026-07-02 15:49:29.747574,2.139236,5.997490,1.415299,-0.002971,1.418524,-0.002971,5.997490,0
2026-07-02 15:49:29.747574,2.141561,6.002672,1.415299,-0.002971,1.413342,-0.002971,6.002672,0
2026-07-02 15:49:29.761605,2.143846,6.002672,1.415299,-0.008152,1.418524,-0.008152,6.002672,0
2026-07-02 15:49:29.762629,2.148801,5.992308,1.415299,-0.002971,1.418524,-0.002971,5.992308,0
2026-07-02 15:49:29.765177,2.151272,6.007853,1.415299,-0.008152,1.413342,-0.008152,6.007853,0
2026-07-02 15:49:29.767989,2.153911,6.007853,1.415299,-0.008152,1.413342,-0.008152,6.007853,0
2026-07-02 15:49:29.772015,2.156414,6.002672,1.415299,-0.002971,1.413342,-0.002971,6.002672,0
2026-07-02 15:49:29.776965,2.159357,6.007853,1.415299,-0.008152,1.413342,-0.008152,6.007853,0
2026-07-02 15:49:29.779924,2.164273,6.002672,1.415299,-0.008152,1.418524,-0.008152,6.002672,0
2026-07-02 15:49:29.781084,2.167323,5.997490,1.415299,-0.002971,1.413342,-0.002971,5.997490,0
2026-07-02 15:49:29.785721,2.169964,6.002672,1.415299,-0.002971,1.413342,-0.002971,6.002672,0
2026-07-02 15:49:29.791603,2.174398,6.002672,1.415299,-0.002971,1.413342,-0.002971,6.002672,0
2026-07-02 15:49:29.804716,2.179017,6.007853,1.415299,-0.008152,1.418524,-0.008152,6.007853,0
2026-07-02 15:49:29.809047,2.193073,6.002672,1.415299,-0.002971,1.413342,-0.002971,6.002672,0
2026-07-02 15:49:29.811625,2.196278,6.002672,1.415299,-0.002971,1.418524,-0.002971,6.002672,0
2026-07-02 15:49:29.814990,2.199020,6.002672,1.415299,-0.002971,1.413342,-0.002971,6.002672,0
2026-07-02 15:49:29.817593,2.203459,5.997490,1.415299,-0.002971,1.413342,-0.002971,5.997490,0
2026-07-02 15:49:29.819349,2.205966,6.007853,1.415299,-0.008152,1.418524,-0.008152,6.007853,0
2026-07-02 15:49:29.823380,2.208340,6.002672,1.415299,-0.002971,1.413342,-0.002971,6.002672,0
2026-07-02 15:49:29.825994,2.210727,5.997490,1.415299,-0.002971,1.418524,-0.002971,5.997490,0
2026-07-02 15:49:29.828009,2.213097,6.002672,1.415299,-0.002971,1.418524,-0.002971,6.002672,0
2026-07-02 15:49:29.829769,2.215511,6.002672,1.415299,-0.002971,1.418524,-0.002971,6.002672,0
2026-07-02 15:49:29.831784,2.217876,5.997490,1.415299,-0.002971,1.418524,-0.002971,5.997490,0
2026-07-02 15:49:29.836003,2.220686,6.002672,1.415299,-0.008152,1.418524,-0.008152,6.002672,0
2026-07-02 15:49:29.836846,2.223199,5.997490,1.415299,-0.002971,1.418524,-0.002971,5.997490,0
2026-07-02 15:49:29.839872,2.225600,5.997490,1.415299,-0.002971,1.413342,-0.002971,5.997490,0
2026-07-02 15:49:29.842393,2.227975,6.002672,1.415299,-0.002971,1.413342,-0.002971,6.002672,0
2026-07-02 15:49:29.844406,2.230396,6.002672,1.415299,-0.002971,1.413342,-0.002971,6.002672,0
2026-07-02 15:49:29.846418,2.232786,6.002672,1.415299,-0.008152,1.413342,-0.008152,6.002672,0
2026-07-02 15:49:29.850187,2.235156,6.007853,1.415299,-0.002971,1.413342,-0.002971,6.007853,0
2026-07-02 15:49:29.852710,2.237597,6.002672,1.415299,-0.002971,1.413342,-0.002971,6.002672,0
2026-07-02 15:49:29.856741,2.240965,5.997490,1.415299,-0.002971,1.418524,-0.002971,5.997490,0
2026-07-02 15:49:29.860693,2.245011,6.002672,1.415299,-0.002971,1.413342,-0.002971,6.002672,0
2026-07-02 15:49:29.861941,2.248032,6.007853,1.415299,-0.002971,1.413342,-0.002971,6.007853,0
2026-07-02 15:49:29.861941,2.250404,6.007853,1.415299,-0.002971,1.413342,-0.002971,6.007853,0
2026-07-02 15:49:29.866565,2.252809,6.002672,1.415299,-0.002971,1.413342,-0.002971,6.002672,0
2026-07-02 15:49:29.866565,2.255128,6.007853,1.415299,-0.002971,1.418524,-0.002971,6.007853,0
2026-07-02 15:49:29.872084,2.257458,6.007853,1.415299,-0.008152,1.413342,-0.008152,6.007853,0
2026-07-02 15:49:29.875716,2.260939,6.002672,1.415299,-0.002971,1.413342,-0.002971,6.002672,0
2026-07-02 15:49:29.878264,2.263289,6.002672,1.415299,-0.002971,1.413342,-0.002971,6.002672,0
2026-07-02 15:49:29.879368,2.265686,5.992308,1.415299,-0.002971,1.413342,-0.002971,5.992308,0
2026-07-02 15:49:29.883856,2.268066,5.997490,1.415299,-0.002971,1.413342,-0.002971,5.997490,0
2026-07-02 15:49:29.886945,2.271651,6.002672,1.415299,-0.008152,1.413342,-0.008152,6.002672,0
2026-07-02 15:49:29.886945,2.274552,6.002672,1.415299,-0.002971,1.413342,-0.002971,6.002672,0
2026-07-02 15:49:29.891343,2.276945,6.002672,1.415299,-0.008152,1.413342,-0.008152,6.002672,0
2026-07-02 15:49:29.892681,2.279319,5.997490,1.415299,-0.002971,1.413342,-0.002971,5.997490,0
2026-07-02 15:49:29.892681,2.281717,6.002672,1.415299,-0.008152,1.413342,-0.008152,6.002672,0
2026-07-02 15:49:29.897976,2.284076,6.002672,1.415299,-0.002971,1.413342,-0.002971,6.002672,0
2026-07-02 15:49:29.901508,2.286469,6.002672,1.415299,-0.002971,1.413342,-0.002971,6.002672,0
2026-07-02 15:49:29.902313,2.288975,6.002672,1.415299,-0.002971,1.413342,-0.002971,6.002672,0
2026-07-02 15:49:29.902313,2.291373,6.002672,1.415299,-0.002971,1.413342,-0.002971,6.002672,0
2026-07-02 15:49:29.902313,2.293789,6.002672,1.415299,-0.002971,1.418524,-0.002971,6.002672,0
2026-07-02 15:49:29.902313,2.296190,5.997490,1.415299,-0.002971,1.418524,-0.002971,5.997490,0
2026-07-02 15:49:29.911644,2.298652,5.997490,1.415299,-0.002971,1.413342,-0.002971,5.997490,0
2026-07-02 15:49:29.911644,2.301235,6.002672,1.415299,-0.002971,1.413342,-0.002971,6.002672,0
2026-07-02 15:49:29.916901,2.303829,6.002672,1.415299,-0.002971,1.413342,-0.002971,6.002672,0
2026-07-02 15:49:29.916901,2.306348,6.007853,1.415299,-0.002971,1.418524,-0.002971,6.007853,0
2026-07-02 15:49:29.922751,2.308894,6.002672,1.415299,-0.002971,1.418524,-0.002971,6.002672,0
2026-07-02 15:49:29.924978,2.311220,5.997490,1.415299,-0.002971,1.413342,-0.002971,5.997490,0
2026-07-02 15:49:29.924978,2.313583,6.002672,1.415299,-0.002971,1.413342,-0.002971,6.002672,0
2026-07-02 15:49:29.924978,2.315826,6.002672,1.415299,-0.002971,1.413342,-0.002971,6.002672,0
2026-07-02 15:49:29.931993,2.318162,6.007853,1.415299,-0.008152,1.418524,-0.008152,6.007853,0
2026-07-02 15:49:29.931993,2.320677,5.997490,1.415299,-0.002971,1.413342,-0.002971,5.997490,0
2026-07-02 15:49:29.931993,2.323116,5.992308,1.415299,-0.002971,1.413342,-0.002971,5.992308,0
2026-07-02 15:49:29.931993,2.325540,6.007853,1.415299,-0.008152,1.413342,-0.008152,6.007853,0
2026-07-02 15:49:29.946919,2.327923,6.002672,1.415299,-0.008152,1.413342,-0.008152,6.002672,0
2026-07-02 15:49:29.950151,2.335284,6.007853,1.415299,-0.002971,1.418524,-0.002971,6.007853,0
2026-07-02 15:49:29.950151,2.338241,6.007853,1.415299,-0.002971,1.418524,-0.002971,6.007853,0
2026-07-02 15:49:29.950151,2.340916,5.997490,1.415299,-0.002971,1.413342,-0.002971,5.997490,0
2026-07-02 15:49:29.958085,2.343567,6.002672,1.415299,-0.002971,1.418524,-0.002971,6.002672,0
2026-07-02 15:49:29.960207,2.346195,5.992308,1.415299,-0.002971,1.418524,-0.002971,5.992308,0
2026-07-02 15:49:29.960207,2.348742,6.002672,1.415299,-0.008152,1.413342,-0.008152,6.002672,0
2026-07-02 15:49:29.960207,2.351359,6.002672,1.415299,-0.002971,1.418524,-0.002971,6.002672,0
2026-07-02 15:49:29.969521,2.354023,6.002672,1.415299,-0.002971,1.418524,-0.002971,6.002672,0
2026-07-02 15:49:29.970550,2.356684,5.992308,1.415299,-0.002971,1.413342,-0.002971,5.992308,0
2026-07-02 15:49:29.974652,2.359307,6.007853,1.415299,-0.008152,1.413342,-0.008152,6.007853,0
2026-07-02 15:49:29.977724,2.362126,5.997490,1.415299,-0.002971,1.413342,-0.002971,5.997490,0
2026-07-02 15:49:29.985667,2.365221,6.002672,1.415299,-0.002971,1.413342,-0.002971,6.002672,0
2026-07-02 15:49:29.988344,2.372977,6.007853,1.415299,-0.002971,1.418524,-0.002971,6.007853,0
2026-07-02 15:49:29.992421,2.375887,6.002672,1.415299,-0.002971,1.418524,-0.002971,6.002672,0
2026-07-02 15:49:29.992421,2.379550,6.007853,1.415299,-0.008152,1.418524,-0.008152,6.007853,0
2026-07-02 15:49:29.992421,2.382151,5.997490,1.415299,-0.002971,1.413342,-0.002971,5.997490,0
2026-07-02 15:49:29.992421,2.384860,6.007853,1.415299,-0.002971,1.418524,-0.002971,6.007853,0
2026-07-02 15:49:30.002470,2.387500,6.002672,1.415299,-0.002971,1.413342,-0.002971,6.002672,0
2026-07-02 15:49:30.004526,2.389999,6.002672,1.415299,-0.002971,1.418524,-0.002971,6.002672,0
2026-07-02 15:49:30.004526,2.392604,5.997490,1.415299,-0.002971,1.418524,-0.002971,5.997490,0
2026-07-02 15:49:30.011003,2.395429,6.007853,1.415299,-0.002971,1.413342,-0.002971,6.007853,0
2026-07-02 15:49:30.012030,2.398091,6.002672,1.415299,-0.002971,1.413342,-0.002971,6.002672,0
2026-07-02 15:49:30.016563,2.400657,6.007853,1.415299,-0.002971,1.418524,-0.002971,6.007853,0
2026-07-02 15:49:30.016563,2.403710,6.002672,1.415299,-0.008152,1.413342,-0.008152,6.002672,0
2026-07-02 15:49:30.016563,2.406380,6.002672,1.415299,-0.002971,1.418524,-0.002971,6.002672,0
2026-07-02 15:49:30.022699,2.409038,6.007853,1.415299,-0.002971,1.413342,-0.002971,6.007853,0
2026-07-02 15:49:30.025352,2.411984,6.007853,1.415299,-0.008152,1.418524,-0.008152,6.007853,0
2026-07-02 15:49:30.029911,2.414614,6.007853,1.415299,-0.002971,1.413342,-0.002971,6.007853,0
2026-07-02 15:49:30.032257,2.417296,6.002672,1.415299,-0.002971,1.418524,-0.002971,6.002672,0
2026-07-02 15:49:30.033684,2.420508,6.002672,1.415299,-0.002971,1.413342,-0.002971,6.002672,0
2026-07-02 15:49:30.033684,2.423218,6.002672,1.415299,-0.002971,1.418524,-0.002971,6.002672,0
2026-07-02 15:49:30.044784,2.425883,5.997490,1.415299,-0.002971,1.418524,-0.002971,5.997490,0
2026-07-02 15:49:30.051392,2.433350,6.002672,1.415299,-0.002971,1.413342,-0.002971,6.002672,0
2026-07-02 15:49:30.056640,2.438508,6.007853,1.415299,-0.002971,1.418524,-0.002971,6.007853,0
2026-07-02 15:49:30.058926,2.443764,6.002672,1.415299,-0.002971,1.418524,-0.002971,6.002672,0
2026-07-02 15:49:30.062193,2.447119,6.002672,1.415299,-0.002971,1.413342,-0.002971,6.002672,0
2026-07-02 15:49:30.065062,2.449733,6.007853,1.415299,-0.002971,1.418524,-0.002971,6.007853,0
2026-07-02 15:49:30.065062,2.452426,6.007853,1.415299,-0.002971,1.418524,-0.002971,6.007853,0
2026-07-02 15:49:30.065062,2.454858,6.007853,1.415299,-0.008152,1.418524,-0.008152,6.007853,0
2026-07-02 15:49:30.065062,2.457253,6.007853,1.415299,-0.002971,1.413342,-0.002971,6.007853,0
2026-07-02 15:49:30.074690,2.459637,6.007853,1.415299,-0.008152,1.418524,-0.008152,6.007853,0
2026-07-02 15:49:30.074690,2.462100,6.002672,1.415299,-0.002971,1.418524,-0.002971,6.002672,0
2026-07-02 15:49:30.077718,2.464546,6.002672,1.415299,-0.002971,1.413342,-0.002971,6.002672,0
2026-07-02 15:49:30.077718,2.466943,6.002672,1.415299,-0.002971,1.413342,-0.002971,6.002672,0
2026-07-02 15:49:30.082760,2.469443,5.997490,1.410120,-0.002971,1.413342,-0.002971,5.997490,0
2026-07-02 15:49:30.082760,2.471852,6.002672,1.415299,-0.002971,1.413342,-0.002971,6.002672,0
2026-07-02 15:49:30.082760,2.474241,5.997490,1.415299,-0.002971,1.418524,-0.002971,5.997490,0
2026-07-02 15:49:30.082760,2.476620,5.992308,1.415299,-0.002971,1.413342,-0.002971,5.992308,0
2026-07-02 15:49:30.092806,2.478923,6.002672,1.415299,-0.008152,1.413342,-0.008152,6.002672,0
2026-07-02 15:49:30.092806,2.481540,6.002672,1.415299,-0.002971,1.413342,-0.002971,6.002672,0
2026-07-02 15:49:30.092806,2.484296,5.997490,1.415299,-0.002971,1.413342,-0.002971,5.997490,0
2026-07-02 15:49:30.100242,2.486913,5.997490,1.415299,-0.002971,1.413342,-0.002971,5.997490,0
2026-07-02 15:49:30.105820,2.489585,5.997490,1.415299,-0.002971,1.418524,-0.002971,5.997490,0
2026-07-02 15:49:30.108650,2.497106,5.997490,1.415299,-0.002971,1.413342,-0.002971,5.997490,0
2026-07-02 15:49:30.114557,2.499931,6.002672,1.415299,-0.002971,1.418524,-0.002971,6.002672,0
2026-07-02 15:49:30.115888,2.502457,5.997490,1.415299,-0.002971,1.418524,-0.002971,5.997490,0
2026-07-02 15:49:30.115888,2.505078,5.992308,1.415299,-0.002971,1.413342,-0.002971,5.992308,0
2026-07-02 15:49:30.115888,2.507864,5.997490,1.415299,-0.008152,1.418524,-0.008152,5.997490,0
2026-07-02 15:49:30.126005,2.510488,6.007853,1.415299,-0.002971,1.413342,-0.002971,6.007853,0
2026-07-02 15:49:30.126005,2.513317,6.002672,1.415299,-0.002971,1.413342,-0.002971,6.002672,0
2026-07-02 15:49:30.126005,2.516077,6.002672,1.415299,-0.002971,1.413342,-0.002971,6.002672,0
2026-07-02 15:49:30.133663,2.518818,5.997490,1.415299,-0.002971,1.418524,-0.002971,5.997490,0
2026-07-02 15:49:30.134841,2.521395,6.007853,1.415299,-0.002971,1.413342,-0.002971,6.007853,0
2026-07-02 15:49:30.134841,2.524245,5.992308,1.415299,-0.002971,1.413342,-0.002971,5.992308,0
2026-07-02 15:49:30.134841,2.526877,6.002672,1.415299,-0.008152,1.418524,-0.008152,6.002672,0
2026-07-02 15:49:30.145400,2.529479,5.997490,1.410120,-0.002971,1.413342,-0.002971,5.997490,0
2026-07-02 15:49:30.150849,2.533734,5.997490,1.415299,-0.002971,1.413342,-0.002971,5.997490,0
2026-07-02 15:49:30.151559,2.538163,6.002672,1.415299,-0.002971,1.418524,-0.002971,6.002672,0
2026-07-02 15:49:30.154295,2.540840,5.997490,1.415299,-0.008152,1.413342,-0.008152,5.997490,0
2026-07-02 15:49:30.154295,2.543547,6.007853,1.415299,-0.002971,1.413342,-0.002971,6.007853,0
2026-07-02 15:49:30.159522,2.546130,6.002672,1.415299,-0.002971,1.413342,-0.002971,6.002672,0
2026-07-02 15:49:30.164653,2.548853,6.007853,1.415299,-0.002971,1.413342,-0.002971,6.007853,0
2026-07-02 15:49:30.166051,2.551966,6.002672,1.415299,-0.002971,1.413342,-0.002971,6.002672,0
2026-07-02 15:49:30.166051,2.554677,6.002672,1.415299,-0.002971,1.413342,-0.002971,6.002672,0
2026-07-02 15:49:30.166051,2.557446,6.002672,1.415299,-0.002971,1.413342,-0.002971,6.002672,0
2026-07-02 15:49:30.175003,2.559926,6.002672,1.415299,-0.002971,1.418524,-0.002971,6.002672,0
2026-07-02 15:49:30.175003,2.562551,6.002672,1.415299,-0.002971,1.413342,-0.002971,6.002672,0
2026-07-02 15:49:30.178195,2.565228,6.002672,1.415299,-0.002971,1.413342,-0.002971,6.002672,0
2026-07-02 15:49:30.178195,2.567785,6.002672,1.415299,-0.008152,1.418524,-0.008152,6.002672,0
2026-07-02 15:49:30.184570,2.570415,6.002672,1.415299,-0.002971,1.418524,-0.002971,6.002672,0
2026-07-02 15:49:30.184570,2.572968,6.002672,1.415299,-0.002971,1.413342,-0.002971,6.002672,0
2026-07-02 15:49:30.184570,2.575636,5.997490,1.415299,-0.002971,1.413342,-0.002971,5.997490,0
2026-07-02 15:49:30.195935,2.578679,6.002672,1.415299,-0.002971,1.418524,-0.002971,6.002672,0
2026-07-02 15:49:30.200518,2.583919,6.002672,1.415299,-0.002971,1.418524,-0.002971,6.002672,0
2026-07-02 15:49:30.201337,2.588421,6.002672,1.415299,-0.002971,1.418524,-0.002971,6.002672,0
2026-07-02 15:49:30.206181,2.591936,5.992308,1.415299,-0.002971,1.413342,-0.002971,5.992308,0
2026-07-02 15:49:30.208217,2.594531,5.992308,1.415299,-0.002971,1.413342,-0.002971,5.992308,0
2026-07-02 15:49:30.208217,2.597030,6.002672,1.415299,-0.002971,1.413342,-0.002971,6.002672,0
2026-07-02 15:49:30.214858,2.599736,6.007853,1.415299,-0.002971,1.413342,-0.002971,6.007853,0
2026-07-02 15:49:30.217234,2.602537,6.007853,1.415299,-0.002971,1.418524,-0.002971,6.007853,0
2026-07-02 15:49:30.217234,2.605228,6.002672,1.415299,-0.002971,1.418524,-0.002971,6.002672,0
2026-07-02 15:49:30.217234,2.607999,6.002672,1.415299,-0.008152,1.413342,-0.008152,6.002672,0
2026-07-02 15:49:30.230339,2.610739,6.002672,1.415299,-0.002971,1.413342,-0.002971,6.002672,0
2026-07-02 15:49:30.232372,2.617743,5.997490,1.415299,-0.002971,1.413342,-0.002971,5.997490,0
2026-07-02 15:49:30.237057,2.620685,6.002672,1.415299,-0.002971,1.413342,-0.002971,6.002672,0
2026-07-02 15:49:30.239065,2.624994,5.997490,1.415299,-0.002971,1.413342,-0.002971,5.997490,0
2026-07-02 15:49:30.242205,2.627698,6.007853,1.415299,-0.002971,1.413342,-0.002971,6.007853,0
2026-07-02 15:49:30.244222,2.630380,6.002672,1.415299,-0.008152,1.413342,-0.008152,6.002672,0
2026-07-02 15:49:30.244222,2.633103,5.997490,1.415299,-0.002971,1.413342,-0.002971,5.997490,0
2026-07-02 15:49:30.250351,2.635847,6.002672,1.415299,-0.002971,1.413342,-0.002971,6.002672,0
2026-07-02 15:49:30.252524,2.638472,6.002672,1.410120,-0.002971,1.418524,-0.002971,6.002672,0
2026-07-02 15:49:30.259302,2.641023,5.997490,1.415299,-0.002971,1.418524,-0.002971,5.997490,0
2026-07-02 15:49:30.261337,2.647422,6.007853,1.415299,-0.002971,1.418524,-0.002971,6.007853,0
2026-07-02 15:49:30.264652,2.650130,6.002672,1.415299,-0.008152,1.413342,-0.008152,6.002672,0
2026-07-02 15:49:30.266699,2.652855,6.007853,1.415299,-0.002971,1.413342,-0.002971,6.007853,0
2026-07-02 15:49:30.266699,2.655585,6.007853,1.415299,-0.008152,1.413342,-0.008152,6.007853,0
2026-07-02 15:49:30.266699,2.658339,6.002672,1.415299,-0.002971,1.413342,-0.002971,6.002672,0
2026-07-02 15:49:30.276313,2.661038,6.002672,1.415299,-0.008152,1.413342,-0.008152,6.002672,0
2026-07-02 15:49:30.278854,2.663710,6.002672,1.415299,-0.002971,1.413342,-0.002971,6.002672,0
2026-07-02 15:49:30.278854,2.666469,5.997490,1.415299,-0.002971,1.413342,-0.002971,5.997490,0
2026-07-02 15:49:30.278854,2.669228,6.007853,1.415299,-0.002971,1.418524,-0.002971,6.007853,0
2026-07-02 15:49:30.292061,2.671913,6.007853,1.420479,-0.008152,1.413342,-0.008152,6.007853,0
2026-07-02 15:49:30.298059,2.680038,5.997490,1.410120,-0.002971,1.413342,-0.002971,5.997490,0
2026-07-02 15:49:30.302741,2.686681,6.002672,1.415299,-0.002971,1.418524,-0.002971,6.002672,0
2026-07-02 15:49:30.305349,2.690339,5.997490,1.415299,-0.002971,1.413342,-0.002971,5.997490,0
2026-07-02 15:49:30.305349,2.692784,5.997490,1.415299,-0.002971,1.413342,-0.002971,5.997490,0
2026-07-02 15:49:30.305349,2.695017,5.992308,1.415299,-0.002971,1.418524,-0.002971,5.992308,0
2026-07-02 15:49:30.305349,2.697333,6.002672,1.415299,-0.002971,1.418524,-0.002971,6.002672,0
2026-07-02 15:49:30.305349,2.699541,5.997490,1.415299,-0.002971,1.413342,-0.002971,5.997490,0
2026-07-02 15:49:30.316000,2.701770,6.002672,1.415299,-0.008152,1.413342,-0.008152,6.002672,0
2026-07-02 15:49:30.316000,2.703937,6.007853,1.415299,-0.002971,1.413342,-0.002971,6.007853,0
2026-07-02 15:49:30.320927,2.706515,6.007853,1.415299,-0.002971,1.418524,-0.002971,6.007853,0
2026-07-02 15:49:30.322331,2.708959,6.002672,1.415299,-0.008152,1.413342,-0.008152,6.002672,0
2026-07-02 15:49:30.325348,2.711298,5.997490,1.415299,-0.002971,1.413342,-0.002971,5.997490,0
2026-07-02 15:49:30.327475,2.713569,5.992308,1.415299,-0.002971,1.418524,-0.002971,5.992308,0
2026-07-02 15:49:30.327475,2.715992,5.992308,1.410120,-0.002971,1.418524,-0.002971,5.992308,0
2026-07-02 15:49:30.327475,2.718247,6.002672,1.415299,-0.002971,1.413342,-0.002971,6.002672,0
2026-07-02 15:49:30.335410,2.720478,6.007853,1.415299,-0.002971,1.418524,-0.002971,6.007853,0
2026-07-02 15:49:30.335410,2.722791,5.997490,1.415299,-0.002971,1.413342,-0.002971,5.997490,0
2026-07-02 15:49:30.335410,2.725282,6.002672,1.415299,-0.002971,1.418524,-0.002971,6.002672,0
2026-07-02 15:49:30.335410,2.727656,6.007853,1.415299,-0.002971,1.418524,-0.002971,6.007853,0
2026-07-02 15:49:30.343884,2.730093,5.997490,1.415299,-0.002971,1.413342,-0.002971,5.997490,0
2026-07-02 15:49:30.346272,2.732392,6.007853,1.415299,-0.002971,1.413342,-0.002971,6.007853,0
2026-07-02 15:49:30.346272,2.734789,6.002672,1.415299,-0.002971,1.418524,-0.002971,6.002672,0
2026-07-02 15:49:30.346272,2.737230,6.007853,1.415299,-0.002971,1.418524,-0.002971,6.007853,0
2026-07-02 15:49:30.346272,2.739622,6.002672,1.415299,-0.002971,1.413342,-0.002971,6.002672,0
2026-07-02 15:49:30.356090,2.742062,5.997490,1.415299,-0.002971,1.413342,-0.002971,5.997490,0
2026-07-02 15:49:30.358609,2.744474,6.007853,1.415299,-0.002971,1.413342,-0.002971,6.007853,0
2026-07-02 15:49:30.358609,2.746933,6.002672,1.415299,-0.008152,1.413342,-0.008152,6.002672,0
2026-07-02 15:49:30.363010,2.749419,6.002672,1.415299,-0.002971,1.418524,-0.002971,6.002672,0
2026-07-02 15:49:30.366166,2.751681,5.997490,1.415299,-0.002971,1.413342,-0.002971,5.997490,0
2026-07-02 15:49:30.366166,2.753890,5.992308,1.415299,-0.002971,1.418524,-0.002971,5.992308,0
2026-07-02 15:49:30.366166,2.756222,6.002672,1.415299,-0.008152,1.413342,-0.008152,6.002672,0
2026-07-02 15:49:30.366166,2.758559,6.007853,1.415299,-0.008152,1.413342,-0.008152,6.007853,0
2026-07-02 15:49:30.375405,2.760951,5.992308,1.415299,-0.008152,1.418524,-0.008152,5.992308,0
2026-07-02 15:49:30.376435,2.763391,5.992308,1.415299,-0.002971,1.418524,-0.002971,5.992308,0
2026-07-02 15:49:30.379804,2.765863,6.007853,1.415299,-0.008152,1.418524,-0.008152,6.007853,0
2026-07-02 15:49:30.379804,2.768267,6.002672,1.415299,-0.002971,1.418524,-0.002971,6.002672,0
2026-07-02 15:49:30.379804,2.770691,6.002672,1.415299,-0.002971,1.413342,-0.002971,6.002672,0
2026-07-02 15:49:30.386752,2.773112,6.007853,1.415299,-0.002971,1.418524,-0.002971,6.007853,0
2026-07-02 15:49:30.389782,2.775485,6.007853,1.415299,-0.008152,1.418524,-0.008152,6.007853,0
2026-07-02 15:49:30.391790,2.777754,6.002672,1.415299,-0.008152,1.413342,-0.008152,6.002672,0
2026-07-02 15:49:30.391790,2.780057,6.002672,1.415299,-0.002971,1.413342,-0.002971,6.002672,0
2026-07-02 15:49:30.397089,2.782573,5.992308,1.415299,-0.002971,1.413342,-0.002971,5.992308,0
2026-07-02 15:49:30.397089,2.785197,6.007853,1.415299,-0.002971,1.413342,-0.002971,6.007853,0
2026-07-02 15:49:30.401245,2.787802,6.007853,1.415299,-0.008152,1.413342,-0.008152,6.007853,0
2026-07-02 15:49:30.401245,2.790467,6.002672,1.415299,-0.008152,1.418524,-0.008152,6.002672,0
2026-07-02 15:49:30.407119,2.793200,6.002672,1.415299,-0.002971,1.413342,-0.002971,6.002672,0
2026-07-02 15:49:30.407119,2.795794,6.007853,1.415299,-0.002971,1.418524,-0.002971,6.007853,0
2026-07-02 15:49:30.407119,2.798425,6.002672,1.415299,-0.002971,1.413342,-0.002971,6.002672,0
2026-07-02 15:49:30.416572,2.801218,6.002672,1.420479,-0.002971,1.418524,-0.002971,6.002672,0
2026-07-02 15:49:30.420915,2.803883,6.002672,1.415299,-0.002971,1.418524,-0.002971,6.002672,0
2026-07-02 15:49:30.424974,2.808616,6.007853,1.415299,-0.002971,1.413342,-0.002971,6.007853,0
2026-07-02 15:49:30.427813,2.812647,6.007853,1.420479,-0.002971,1.413342,-0.002971,6.007853,0
2026-07-02 15:49:30.429377,2.815367,6.002672,1.415299,-0.002971,1.418524,-0.002971,6.002672,0
2026-07-02 15:49:30.433814,2.818239,5.997490,1.415299,-0.002971,1.413342,-0.002971,5.997490,0
2026-07-02 15:49:30.435838,2.822273,6.002672,1.415299,-0.002971,1.413342,-0.002971,6.002672,0
2026-07-02 15:49:30.444698,2.824848,6.002672,1.415299,-0.002971,1.413342,-0.002971,6.002672,0
2026-07-02 15:49:30.454491,2.835687,6.002672,1.415299,-0.002971,1.413342,-0.002971,6.002672,0
2026-07-02 15:49:30.458175,2.842435,5.997490,1.415299,-0.002971,1.413342,-0.002971,5.997490,0
2026-07-02 15:49:30.461805,2.845687,5.997490,1.415299,-0.002971,1.413342,-0.002971,5.997490,0
2026-07-02 15:49:30.462727,2.849046,6.002672,1.415299,-0.002971,1.413342,-0.002971,6.002672,0
2026-07-02 15:49:30.466656,2.851708,5.997490,1.415299,-0.002971,1.413342,-0.002971,5.997490,0
2026-07-02 15:49:30.471286,2.854419,6.007853,1.415299,-0.008152,1.413342,-0.008152,6.007853,0
2026-07-02 15:49:30.474800,2.858663,5.992308,1.415299,-0.002971,1.413342,-0.002971,5.992308,0
2026-07-02 15:49:30.480359,2.862314,5.997490,1.415299,-0.002971,1.418524,-0.002971,5.997490,0
2026-07-02 15:49:30.483012,2.868289,6.002672,1.415299,-0.002971,1.413342,-0.002971,6.002672,0
2026-07-02 15:49:30.488296,2.871225,6.007853,1.415299,-0.002971,1.413342,-0.002971,6.007853,0
2026-07-02 15:49:30.491239,2.876017,6.002672,1.415299,-0.002971,1.413342,-0.002971,6.002672,0
2026-07-02 15:49:30.493041,2.878899,6.002672,1.415299,-0.002971,1.413342,-0.002971,6.002672,0
2026-07-02 15:49:30.495719,2.881640,6.007853,1.415299,-0.002971,1.413342,-0.002971,6.007853,0
2026-07-02 15:49:30.499887,2.884232,6.002672,1.415299,-0.002971,1.413342,-0.002971,6.002672,0
2026-07-02 15:49:30.501003,2.887211,6.007853,1.415299,-0.002971,1.413342,-0.002971,6.007853,0
2026-07-02 15:49:30.503932,2.889877,6.002672,1.415299,-0.002971,1.418524,-0.002971,6.002672,0
2026-07-02 15:49:30.507652,2.892448,6.002672,1.415299,-0.002971,1.413342,-0.002971,6.002672,0
2026-07-02 15:49:30.510105,2.895612,6.002672,1.415299,-0.002971,1.418524,-0.002971,6.002672,0
2026-07-02 15:49:30.512320,2.898236,5.992308,1.415299,-0.002971,1.413342,-0.002971,5.992308,0
2026-07-02 15:49:30.515097,2.900853,6.002672,1.415299,-0.002971,1.413342,-0.002971,6.002672,0
2026-07-02 15:49:30.518745,2.903818,6.002672,1.415299,-0.002971,1.413342,-0.002971,6.002672,0
2026-07-02 15:49:30.520540,2.906444,6.007853,1.415299,-0.002971,1.418524,-0.002971,6.007853,0
2026-07-02 15:49:30.522564,2.908986,6.002672,1.415299,-0.002971,1.418524,-0.002971,6.002672,0
2026-07-02 15:49:30.525501,2.911576,6.007853,1.420479,-0.002971,1.413342,-0.002971,6.007853,0
2026-07-02 15:49:30.529646,2.914298,6.002672,1.415299,-0.002971,1.418524,-0.002971,6.002672,0
2026-07-02 15:49:30.533362,2.917500,5.997490,1.415299,-0.002971,1.418524,-0.002971,5.997490,0
2026-07-02 15:49:30.534637,2.920537,5.992308,1.415299,-0.002971,1.413342,-0.002971,5.992308,0
2026-07-02 15:49:30.537490,2.923222,6.002672,1.415299,-0.002971,1.413342,-0.002971,6.002672,0
2026-07-02 15:49:30.546362,2.925898,6.007853,1.415299,-0.002971,1.418524,-0.002971,6.007853,0
2026-07-02 15:49:30.550766,2.934541,5.997490,1.415299,-0.002971,1.413342,-0.002971,5.997490,0
2026-07-02 15:49:30.551911,2.937857,5.992308,1.415299,-0.002971,1.418524,-0.002971,5.992308,0
2026-07-02 15:49:30.554464,2.940433,6.007853,1.415299,-0.008152,1.418524,-0.008152,6.007853,0
2026-07-02 15:49:30.558782,2.942987,6.002672,1.415299,-0.002971,1.418524,-0.002971,6.002672,0
2026-07-02 15:49:30.559430,2.946026,6.007853,1.415299,-0.002971,1.418524,-0.002971,6.007853,0
2026-07-02 15:49:30.559430,2.948682,5.997490,1.415299,-0.002971,1.413342,-0.002971,5.997490,0
2026-07-02 15:49:30.565585,2.951471,6.002672,1.415299,-0.002971,1.418524,-0.002971,6.002672,0
2026-07-02 15:49:30.570186,2.954174,6.002672,1.415299,-0.002971,1.413342,-0.002971,6.002672,0
2026-07-02 15:49:30.574237,2.959028,6.002672,1.415299,-0.008152,1.418524,-0.008152,6.002672,0
2026-07-02 15:49:30.575763,2.962687,5.992308,1.415299,-0.002971,1.418524,-0.002971,5.992308,0
2026-07-02 15:49:30.579306,2.965299,6.002672,1.415299,-0.008152,1.413342,-0.008152,6.002672,0
2026-07-02 15:49:30.581986,2.968057,6.007853,1.415299,-0.002971,1.413342,-0.002971,6.007853,0
2026-07-02 15:49:30.581986,2.970665,6.007853,1.415299,-0.002971,1.413342,-0.002971,6.007853,0
2026-07-02 15:49:30.581986,2.973279,5.992308,1.415299,-0.008152,1.413342,-0.008152,5.992308,0
2026-07-02 15:49:30.589447,2.975907,5.997490,1.415299,-0.002971,1.418524,-0.002971,5.997490,0
2026-07-02 15:49:30.591898,2.978851,6.002672,1.415299,-0.002971,1.413342,-0.002971,6.002672,0
2026-07-02 15:49:30.591898,2.981563,5.997490,1.410120,-0.002971,1.418524,-0.002971,5.997490,0
2026-07-02 15:49:30.600407,2.984203,6.007853,1.415299,-0.002971,1.418524,-0.002971,6.007853,0
2026-07-02 15:49:30.603617,2.987552,6.007853,1.415299,-0.002971,1.418524,-0.002971,6.007853,0
2026-07-02 15:49:30.605653,2.992220,5.997490,1.415299,-0.002971,1.413342,-0.002971,5.997490,0
2026-07-02 15:49:30.610088,2.995060,5.997490,1.415299,-0.002971,1.413342,-0.002971,5.997490,0
2026-07-02 15:49:30.610088,2.997599,6.002672,1.415299,-0.002971,1.413342,-0.002971,6.002672,0
2026-07-02 15:49:30.610088,3.000211,6.007853,1.415299,-0.002971,1.418524,-0.002971,6.007853,0
2026-07-02 15:49:30.610088,3.002833,6.002672,1.415299,-0.002971,1.413342,-0.002971,6.002672,0
2026-07-02 15:49:30.621468,3.005496,6.002672,1.415299,-0.002971,1.413342,-0.002971,6.002672,0
2026-07-02 15:49:30.622093,3.008726,6.002672,1.415299,-0.002971,1.413342,-0.002971,6.002672,0
2026-07-02 15:49:30.625377,3.011967,5.992308,1.415299,-0.002971,1.413342,-0.002971,5.992308,0
2026-07-02 15:49:30.625377,3.014612,5.992308,1.415299,-0.002971,1.418524,-0.002971,5.992308,0
2026-07-02 15:49:30.633335,3.017264,6.007853,1.415299,-0.002971,1.418524,-0.002971,6.007853,0
2026-07-02 15:49:30.635374,3.022079,6.002672,1.415299,-0.002971,1.418524,-0.002971,6.002672,0
2026-07-02 15:49:30.635374,3.024701,5.997490,1.415299,-0.002971,1.413342,-0.002971,5.997490,0
2026-07-02 15:49:30.640929,3.027382,6.002672,1.415299,-0.008152,1.413342,-0.008152,6.002672,0
2026-07-02 15:49:30.640929,3.029937,5.997490,1.410120,-0.002971,1.418524,-0.002971,5.997490,0
2026-07-02 15:49:30.640929,3.032582,5.997490,1.415299,-0.002971,1.413342,-0.002971,5.997490,0
2026-07-02 15:49:30.640929,3.035239,6.002672,1.415299,-0.002971,1.418524,-0.002971,6.002672,0
2026-07-02 15:49:30.651792,3.037861,6.002672,1.415299,-0.008152,1.413342,-0.008152,6.002672,0
2026-07-02 15:49:30.651792,3.040545,5.997490,1.415299,-0.002971,1.413342,-0.002971,5.997490,0
2026-07-02 15:49:30.658691,3.043196,5.997490,1.415299,-0.002971,1.418524,-0.002971,5.997490,0
2026-07-02 15:49:30.663179,3.045778,6.002672,1.415299,-0.002971,1.413342,-0.002971,6.002672,0
2026-07-02 15:49:30.666607,3.050672,6.002672,1.415299,-0.008152,1.413342,-0.008152,6.002672,0
2026-07-02 15:49:30.669067,3.053842,6.007853,1.415299,-0.008152,1.418524,-0.008152,6.007853,0
2026-07-02 15:49:30.672542,3.056477,5.997490,1.415299,-0.002971,1.413342,-0.002971,5.997490,0
2026-07-02 15:49:30.677823,3.061604,5.997490,1.415299,-0.002971,1.413342,-0.002971,5.997490,0
2026-07-02 15:49:30.677823,3.065692,6.002672,1.415299,-0.008152,1.418524,-0.008152,6.002672,0
2026-07-02 15:49:30.682140,3.068319,5.997490,1.415299,-0.002971,1.413342,-0.002971,5.997490,0
2026-07-02 15:49:30.682140,3.070899,6.007853,1.415299,-0.008152,1.413342,-0.008152,6.007853,0
2026-07-02 15:49:30.682140,3.073492,6.007853,1.415299,-0.008152,1.418524,-0.008152,6.007853,0
2026-07-02 15:49:30.682140,3.076174,5.997490,1.420479,-0.002971,1.413342,-0.002971,5.997490,0
2026-07-02 15:49:30.695557,3.078949,6.002672,1.415299,-0.002971,1.418524,-0.002971,6.002672,0
2026-07-02 15:49:30.697235,3.082952,6.007853,1.415299,-0.002971,1.413342,-0.002971,6.007853,0
2026-07-02 15:49:30.700315,3.085713,5.997490,1.415299,-0.002971,1.413342,-0.002971,5.997490,0
2026-07-02 15:49:30.702589,3.088361,6.002672,1.415299,-0.008152,1.418524,-0.008152,6.002672,0
2026-07-02 15:49:30.702589,3.091018,6.002672,1.415299,-0.008152,1.413342,-0.008152,6.002672,0
2026-07-02 15:49:30.708664,3.093697,6.007853,1.415299,-0.002971,1.418524,-0.002971,6.007853,0
2026-07-02 15:49:30.708664,3.096354,6.007853,1.415299,-0.002971,1.418524,-0.002971,6.007853,0
2026-07-02 15:49:30.714122,3.099014,6.007853,1.415299,-0.008152,1.413342,-0.008152,6.007853,0
2026-07-02 15:49:30.717046,3.101702,6.002672,1.415299,-0.002971,1.413342,-0.002971,6.002672,0
2026-07-02 15:49:30.717046,3.104321,6.002672,1.415299,-0.002971,1.418524,-0.002971,6.002672,0
2026-07-02 15:49:30.717046,3.106989,5.992308,1.410120,-0.002971,1.413342,-0.002971,5.992308,0
2026-07-02 15:49:30.725824,3.109611,6.002672,1.415299,-0.002971,1.418524,-0.002971,6.002672,0
2026-07-02 15:49:30.728822,3.114509,5.997490,1.415299,-0.002971,1.413342,-0.002971,5.997490,0
2026-07-02 15:49:30.731962,3.117191,5.997490,1.415299,-0.002971,1.413342,-0.002971,5.997490,0
2026-07-02 15:49:30.733741,3.120681,6.002672,1.415299,-0.002971,1.413342,-0.002971,6.002672,0
2026-07-02 15:49:30.733741,3.123582,6.002672,1.415299,-0.002971,1.413342,-0.002971,6.002672,0
2026-07-02 15:49:30.733741,3.126227,5.997490,1.415299,-0.002971,1.413342,-0.002971,5.997490,0
2026-07-02 15:49:30.743862,3.128882,6.002672,1.415299,-0.002971,1.413342,-0.002971,6.002672,0
2026-07-02 15:49:30.743862,3.131554,6.002672,1.415299,-0.008152,1.418524,-0.008152,6.002672,0
2026-07-02 15:49:30.747398,3.134210,6.002672,1.415299,-0.002971,1.418524,-0.002971,6.002672,0
2026-07-02 15:49:30.747398,3.137065,6.007853,1.415299,-0.002971,1.413342,-0.002971,6.007853,0
2026-07-02 15:49:30.755687,3.139706,5.997490,1.415299,-0.002971,1.413342,-0.002971,5.997490,0
2026-07-02 15:49:30.760618,3.144656,5.997490,1.415299,-0.002971,1.413342,-0.002971,5.997490,0
2026-07-02 15:49:30.760618,3.148371,6.002672,1.415299,-0.002971,1.418524,-0.002971,6.002672,0
2026-07-02 15:49:30.766628,3.151046,5.992308,1.410120,-0.002971,1.418524,-0.002971,5.992308,0
2026-07-02 15:49:30.766628,3.154208,6.007853,1.415299,-0.002971,1.413342,-0.002971,6.007853,0
2026-07-02 15:49:30.766628,3.156884,6.002672,1.415299,-0.002971,1.418524,-0.002971,6.002672,0
2026-07-02 15:49:30.774701,3.159509,6.002672,1.415299,-0.002971,1.413342,-0.002971,6.002672,0
2026-07-02 15:49:30.776031,3.162334,6.002672,1.415299,-0.002971,1.413342,-0.002971,6.002672,0
2026-07-02 15:49:30.776031,3.165033,6.002672,1.415299,-0.008152,1.418524,-0.008152,6.002672,0
2026-07-02 15:49:30.782705,3.167655,5.997490,1.415299,-0.002971,1.418524,-0.002971,5.997490,0
2026-07-02 15:49:30.787281,3.170431,6.007853,1.415299,-0.002971,1.413342,-0.002971,6.007853,0
2026-07-02 15:49:30.789304,3.175438,6.002672,1.415299,-0.008152,1.418524,-0.008152,6.002672,0
2026-07-02 15:49:30.789304,3.179171,5.992308,1.415299,-0.002971,1.413342,-0.002971,5.992308,0
2026-07-02 15:49:30.794815,3.181758,6.002672,1.415299,-0.002971,1.413342,-0.002971,6.002672,0
2026-07-02 15:49:30.794815,3.184560,6.002672,1.420479,-0.002971,1.413342,-0.002971,6.002672,0
2026-07-02 15:49:30.794815,3.187203,6.002672,1.415299,-0.008152,1.413342,-0.008152,6.002672,0
2026-07-02 15:49:30.805065,3.189861,5.997490,1.415299,-0.002971,1.413342,-0.002971,5.997490,0
2026-07-02 15:49:30.808792,3.194085,5.997490,1.415299,-0.002971,1.413342,-0.002971,5.997490,0
2026-07-02 15:49:30.810828,3.196678,6.002672,1.415299,-0.002971,1.418524,-0.002971,6.002672,0
2026-07-02 15:49:30.814195,3.199353,5.997490,1.415299,-0.002971,1.418524,-0.002971,5.997490,0
2026-07-02 15:49:30.820077,3.202025,6.002672,1.415299,-0.002971,1.418524,-0.002971,6.002672,0
2026-07-02 15:49:30.821381,3.207270,5.997490,1.415299,-0.002971,1.413342,-0.002971,5.997490,0
2026-07-02 15:49:30.825719,3.210297,6.002672,1.415299,-0.008152,1.413342,-0.008152,6.002672,0
2026-07-02 15:49:30.825719,3.213032,6.007853,1.415299,-0.002971,1.413342,-0.002971,6.007853,0
2026-07-02 15:49:30.829872,3.215634,5.997490,1.415299,-0.002971,1.413342,-0.002971,5.997490,0
2026-07-02 15:49:30.829872,3.218343,5.997490,1.415299,-0.002971,1.418524,-0.002971,5.997490,0
2026-07-02 15:49:30.835733,3.221031,6.007853,1.415299,-0.002971,1.418524,-0.002971,6.007853,0
2026-07-02 15:49:30.843999,3.223692,5.997490,1.415299,-0.002971,1.413342,-0.002971,5.997490,0
2026-07-02 15:49:30.845760,3.231177,6.002672,1.415299,-0.008152,1.413342,-0.008152,6.002672,0
2026-07-02 15:49:30.846437,3.233453,6.007853,1.415299,-0.008152,1.418524,-0.008152,6.007853,0
2026-07-02 15:49:30.846437,3.235650,5.997490,1.415299,-0.008152,1.418524,-0.008152,5.997490,0
2026-07-02 15:49:30.846437,3.237855,6.002672,1.415299,-0.008152,1.418524,-0.008152,6.002672,0
2026-07-02 15:49:30.846437,3.240083,6.002672,1.415299,-0.008152,1.413342,-0.008152,6.002672,0
2026-07-02 15:49:30.860313,3.242379,6.002672,1.415299,-0.008152,1.413342,-0.008152,6.002672,0
2026-07-02 15:49:30.860313,3.247851,6.007853,1.415299,-0.008152,1.413342,-0.008152,6.007853,0
2026-07-02 15:49:30.860313,3.250098,6.002672,1.415299,-0.008152,1.418524,-0.008152,6.002672,0
2026-07-02 15:49:30.869890,3.252269,6.007853,1.415299,-0.008152,1.413342,-0.008152,6.007853,0
2026-07-02 15:49:30.871669,3.257004,6.002672,1.415299,-0.002971,1.413342,-0.002971,6.002672,0
2026-07-02 15:49:30.871669,3.259256,6.002672,1.415299,-0.002971,1.418524,-0.002971,6.002672,0
2026-07-02 15:49:30.881128,3.262349,6.007853,1.415299,-0.008152,1.418524,-0.008152,6.007853,0
2026-07-02 15:49:30.883639,3.268834,6.002672,1.415299,-0.008152,1.413342,-0.008152,6.002672,0
2026-07-02 15:49:30.886171,3.271216,6.002672,1.415299,-0.008152,1.413342,-0.008152,6.002672,0
2026-07-02 15:49:30.888184,3.273617,6.002672,1.415299,-0.002971,1.418524,-0.002971,6.002672,0
2026-07-02 15:49:30.890200,3.276069,5.997490,1.410120,-0.002971,1.418524,-0.002971,5.997490,0
2026-07-02 15:49:30.890200,3.278326,5.992308,1.415299,-0.002971,1.413342,-0.002971,5.992308,0
2026-07-02 15:49:30.890200,3.280702,6.002672,1.415299,-0.002971,1.418524,-0.002971,6.002672,0
2026-07-02 15:49:30.896621,3.283122,5.997490,1.415299,-0.002971,1.418524,-0.002971,5.997490,0
2026-07-02 15:49:30.900649,3.285532,6.002672,1.415299,-0.002971,1.413342,-0.002971,6.002672,0
2026-07-02 15:49:30.903177,3.287922,6.002672,1.415299,-0.008152,1.413342,-0.008152,6.002672,0
2026-07-02 15:49:30.903177,3.290423,6.002672,1.415299,-0.008152,1.418524,-0.008152,6.002672,0
2026-07-02 15:49:30.906920,3.292858,6.002672,1.415299,-0.008152,1.413342,-0.008152,6.002672,0
2026-07-02 15:49:30.910419,3.295352,6.002672,1.415299,-0.008152,1.418524,-0.008152,6.002672,0
2026-07-02 15:49:30.912436,3.297796,6.002672,1.415299,-0.002971,1.418524,-0.002971,6.002672,0
2026-07-02 15:49:30.912436,3.300186,5.997490,1.415299,-0.002971,1.418524,-0.002971,5.997490,0
2026-07-02 15:49:30.917113,3.302681,6.002672,1.415299,-0.002971,1.413342,-0.002971,6.002672,0
2026-07-02 15:49:30.919127,3.305091,6.002672,1.415299,-0.002971,1.418524,-0.002971,6.002672,0
2026-07-02 15:49:30.921142,3.307575,6.002672,1.415299,-0.002971,1.418524,-0.002971,6.002672,0
2026-07-02 15:49:30.921142,3.309972,6.007853,1.415299,-0.002971,1.413342,-0.002971,6.007853,0
2026-07-02 15:49:30.927251,3.312377,6.007853,1.415299,-0.002971,1.413342,-0.002971,6.007853,0
2026-07-02 15:49:30.929268,3.314664,6.007853,1.415299,-0.002971,1.413342,-0.002971,6.007853,0
2026-07-02 15:49:30.931284,3.317029,6.002672,1.415299,-0.002971,1.418524,-0.002971,6.002672,0
2026-07-02 15:49:30.933295,3.319399,6.002672,1.415299,-0.002971,1.413342,-0.002971,6.002672,0
2026-07-02 15:49:30.933295,3.321736,6.007853,1.415299,-0.008152,1.418524,-0.008152,6.007853,0
2026-07-02 15:49:30.937547,3.324011,6.002672,1.415299,-0.002971,1.413342,-0.002971,6.002672,0
2026-07-02 15:49:30.937547,3.326375,6.007853,1.415299,-0.002971,1.413342,-0.002971,6.007853,0
2026-07-02 15:49:30.937547,3.328773,6.002672,1.415299,-0.002971,1.418524,-0.002971,6.002672,0
2026-07-02 15:49:30.937547,3.331076,6.007853,1.415299,-0.002971,1.413342,-0.002971,6.007853,0
2026-07-02 15:49:30.947773,3.333369,6.002672,1.415299,-0.002971,1.418524,-0.002971,6.002672,0
2026-07-02 15:49:30.947773,3.335790,6.007853,1.415299,-0.002971,1.413342,-0.002971,6.007853,0
2026-07-02 15:49:30.947773,3.338204,6.007853,1.415299,-0.002971,1.413342,-0.002971,6.007853,0
2026-07-02 15:49:30.947773,3.340634,6.002672,1.415299,-0.002971,1.413342,-0.002971,6.002672,0
2026-07-02 15:49:30.958067,3.343052,6.002672,1.415299,-0.002971,1.418524,-0.002971,6.002672,0
2026-07-02 15:49:30.960084,3.346401,6.007853,1.415299,-0.002971,1.413342,-0.002971,6.007853,0
2026-07-02 15:49:30.962612,3.348692,6.002672,1.415299,-0.002971,1.418524,-0.002971,6.002672,0
2026-07-02 15:49:30.962612,3.350961,6.002672,1.415299,-0.002971,1.413342,-0.002971,6.002672,0
2026-07-02 15:49:30.968520,3.353421,6.007853,1.415299,-0.002971,1.418524,-0.002971,6.007853,0
2026-07-02 15:49:30.968520,3.355953,6.002672,1.415299,-0.002971,1.413342,-0.002971,6.002672,0
2026-07-02 15:49:30.968520,3.358207,5.997490,1.415299,-0.002971,1.418524,-0.002971,5.997490,0
2026-07-02 15:49:30.968520,3.360432,6.002672,1.415299,-0.002971,1.413342,-0.002971,6.002672,0
2026-07-02 15:49:30.976135,3.362660,6.007853,1.415299,-0.002971,1.418524,-0.002971,6.007853,0
2026-07-02 15:49:30.978699,3.365072,6.002672,1.415299,-0.002971,1.413342,-0.002971,6.002672,0
2026-07-02 15:49:30.978699,3.367361,6.002672,1.415299,-0.002971,1.413342,-0.002971,6.002672,0
2026-07-02 15:49:30.984137,3.369870,6.002672,1.415299,-0.002971,1.418524,-0.002971,6.002672,0
2026-07-02 15:49:30.984137,3.372199,5.992308,1.415299,-0.002971,1.413342,-0.002971,5.992308,0
2026-07-02 15:49:30.989152,3.374627,5.992308,1.415299,-0.002971,1.413342,-0.002971,5.992308,0
2026-07-02 15:49:30.989152,3.377062,5.997490,1.415299,-0.002971,1.418524,-0.002971,5.997490,0
2026-07-02 15:49:30.989152,3.379437,6.002672,1.415299,-0.008152,1.418524,-0.008152,6.002672,0
2026-07-02 15:49:30.989152,3.381783,6.002672,1.415299,-0.002971,1.413342,-0.002971,6.002672,0
2026-07-02 15:49:30.989152,3.384128,6.002672,1.415299,-0.002971,1.413342,-0.002971,6.002672,0
2026-07-02 15:49:31.001597,3.386502,6.002672,1.415299,-0.008152,1.413342,-0.008152,6.002672,0
2026-07-02 15:49:31.001597,3.389341,6.002672,1.415299,-0.002971,1.413342,-0.002971,6.002672,0
2026-07-02 15:49:31.001597,3.391767,5.997490,1.415299,-0.002971,1.413342,-0.002971,5.997490,0
2026-07-02 15:49:31.008161,3.394159,6.002672,1.415299,-0.002971,1.413342,-0.002971,6.002672,0
2026-07-02 15:49:31.008161,3.396526,6.002672,1.415299,-0.002971,1.418524,-0.002971,6.002672,0
2026-07-02 15:49:31.008161,3.398815,6.007853,1.415299,-0.008152,1.413342,-0.008152,6.007853,0
2026-07-02 15:49:31.016320,3.401247,5.997490,1.415299,-0.008152,1.418524,-0.008152,5.997490,0
2026-07-02 15:49:31.018497,3.403793,6.002672,1.415299,-0.002971,1.413342,-0.002971,6.002672,0
2026-07-02 15:49:31.019423,3.406137,6.002672,1.415299,-0.002971,1.413342,-0.002971,6.002672,0
2026-07-02 15:49:31.021434,3.408518,6.002672,1.415299,-0.002971,1.413342,-0.002971,6.002672,0
2026-07-02 15:49:31.021434,3.410956,6.007853,1.415299,-0.002971,1.413342,-0.002971,6.007853,0
2026-07-02 15:49:31.028661,3.413481,6.002672,1.415299,-0.002971,1.418524,-0.002971,6.002672,0
2026-07-02 15:49:31.030026,3.416219,6.007853,1.415299,-0.002971,1.418524,-0.002971,6.007853,0
2026-07-02 15:49:31.030026,3.418569,5.992308,1.415299,-0.002971,1.418524,-0.002971,5.992308,0
2026-07-02 15:49:31.030026,3.420952,6.007853,1.415299,-0.008152,1.418524,-0.008152,6.007853,0
2026-07-02 15:49:31.030026,3.423381,5.992308,1.415299,-0.002971,1.413342,-0.002971,5.992308,0
2026-07-02 15:49:31.041673,3.425810,6.002672,1.415299,-0.002971,1.413342,-0.002971,6.002672,0
2026-07-02 15:49:31.041673,3.428743,6.007853,1.415299,-0.002971,1.418524,-0.002971,6.007853,0
2026-07-02 15:49:31.041673,3.430991,6.007853,1.415299,-0.002971,1.418524,-0.002971,6.007853,0
2026-07-02 15:49:31.041673,3.433240,6.002672,1.415299,-0.008152,1.413342,-0.008152,6.002672,0
2026-07-02 15:49:31.049006,3.435516,5.997490,1.415299,-0.002971,1.413342,-0.002971,5.997490,0
2026-07-02 15:49:31.049006,3.437766,6.002672,1.415299,-0.002971,1.413342,-0.002971,6.002672,0
2026-07-02 15:49:31.049006,3.439999,5.997490,1.415299,-0.002971,1.418524,-0.002971,5.997490,0
2026-07-02 15:49:31.049006,3.442253,6.002672,1.415299,-0.002971,1.413342,-0.002971,6.002672,0
2026-07-02 15:49:31.059086,3.444520,6.002672,1.415299,-0.002971,1.413342,-0.002971,6.002672,0
2026-07-02 15:49:31.061105,3.446838,6.002672,1.415299,-0.008152,1.413342,-0.008152,6.002672,0
2026-07-02 15:49:31.063122,3.449222,6.002672,1.415299,-0.002971,1.413342,-0.002971,6.002672,0
2026-07-02 15:49:31.065140,3.451602,6.002672,1.415299,-0.002971,1.413342,-0.002971,6.002672,0
2026-07-02 15:49:31.065140,3.453912,6.002672,1.415299,-0.002971,1.413342,-0.002971,6.002672,0
2026-07-02 15:49:31.069299,3.456328,6.002672,1.415299,-0.002971,1.418524,-0.002971,6.002672,0
2026-07-02 15:49:31.069299,3.458736,5.997490,1.415299,-0.002971,1.413342,-0.002971,5.997490,0
2026-07-02 15:49:31.076148,3.461128,6.007853,1.415299,-0.002971,1.418524,-0.002971,6.007853,0
2026-07-02 15:49:31.076148,3.463471,6.002672,1.415299,-0.002971,1.413342,-0.002971,6.002672,0
2026-07-02 15:49:31.079371,3.465847,6.007853,1.420479,-0.008152,1.418524,-0.008152,6.007853,0
2026-07-02 15:49:31.081386,3.468263,6.007853,1.415299,-0.002971,1.413342,-0.002971,6.007853,0
2026-07-02 15:49:31.084790,3.470647,6.002672,1.415299,-0.008152,1.418524,-0.008152,6.002672,0
2026-07-02 15:49:31.084790,3.473031,6.002672,1.415299,-0.002971,1.413342,-0.002971,6.002672,0
2026-07-02 15:49:31.089625,3.475485,6.007853,1.415299,-0.002971,1.413342,-0.002971,6.007853,0
2026-07-02 15:49:31.091316,3.477959,6.007853,1.415299,-0.008152,1.413342,-0.008152,6.007853,0
2026-07-02 15:49:31.093323,3.480323,6.002672,1.420479,-0.002971,1.418524,-0.002971,6.002672,0
2026-07-02 15:49:31.093323,3.482570,6.002672,1.415299,-0.002971,1.413342,-0.002971,6.002672,0
2026-07-02 15:49:31.099839,3.484810,6.007853,1.415299,-0.002971,1.418524,-0.002971,6.007853,0
2026-07-02 15:49:31.101878,3.487050,5.997490,1.415299,-0.002971,1.413342,-0.002971,5.997490,0
2026-07-02 15:49:31.101878,3.489346,6.007853,1.415299,-0.002971,1.418524,-0.002971,6.007853,0
2026-07-02 15:49:31.101878,3.491651,5.992308,1.415299,-0.002971,1.413342,-0.002971,5.992308,0
2026-07-02 15:49:31.101878,3.493944,6.002672,1.415299,-0.002971,1.413342,-0.002971,6.002672,0
2026-07-02 15:49:31.110114,3.496161,5.992308,1.415299,-0.002971,1.413342,-0.002971,5.992308,0
2026-07-02 15:49:31.110114,3.498397,5.997490,1.415299,-0.002971,1.418524,-0.002971,5.997490,0
2026-07-02 15:49:31.110114,3.500644,5.997490,1.415299,-0.002971,1.418524,-0.002971,5.997490,0
2026-07-02 15:49:31.110114,3.502873,6.002672,1.415299,-0.002971,1.413342,-0.002971,6.002672,0
2026-07-02 15:49:31.110114,3.505111,6.007853,1.415299,-0.008152,1.413342,-0.008152,6.007853,0
2026-07-02 15:49:31.125335,3.508090,6.007853,1.415299,-0.002971,1.413342,-0.002971,6.007853,0
2026-07-02 15:49:31.127952,3.513677,5.997490,1.415299,-0.008152,1.418524,-0.008152,5.997490,0
2026-07-02 15:49:31.131161,3.516416,6.002672,1.415299,-0.002971,1.413342,-0.002971,6.002672,0
2026-07-02 15:49:31.131161,3.518926,6.002672,1.415299,-0.002971,1.418524,-0.002971,6.002672,0
2026-07-02 15:49:31.131161,3.521650,6.007853,1.415299,-0.002971,1.418524,-0.002971,6.007853,0
2026-07-02 15:49:31.131161,3.524388,6.002672,1.415299,-0.002971,1.418524,-0.002971,6.002672,0
2026-07-02 15:49:31.141548,3.527140,5.997490,1.415299,-0.002971,1.418524,-0.002971,5.997490,0
2026-07-02 15:49:31.141548,3.529893,6.007853,1.415299,-0.002971,1.418524,-0.002971,6.007853,0
2026-07-02 15:49:31.141548,3.532665,6.002672,1.415299,-0.002971,1.413342,-0.002971,6.002672,0
2026-07-02 15:49:31.151050,3.535404,5.997490,1.415299,-0.002971,1.413342,-0.002971,5.997490,0
2026-07-02 15:49:31.155445,3.538233,6.007853,1.415299,-0.002971,1.413342,-0.002971,6.007853,0
2026-07-02 15:49:31.157468,3.543398,6.002672,1.415299,-0.002971,1.413342,-0.002971,6.002672,0
2026-07-02 15:49:31.160519,3.546078,6.002672,1.415299,-0.002971,1.418524,-0.002971,6.002672,0
2026-07-02 15:49:31.160519,3.548850,6.007853,1.415299,-0.002971,1.413342,-0.002971,6.007853,0
2026-07-02 15:49:31.167123,3.551598,6.002672,1.415299,-0.008152,1.413342,-0.008152,6.002672,0
2026-07-02 15:49:31.167123,3.554254,6.002672,1.415299,-0.008152,1.413342,-0.008152,6.002672,0
2026-07-02 15:49:31.170582,3.556979,6.002672,1.415299,-0.002971,1.418524,-0.002971,6.002672,0
2026-07-02 15:49:31.170582,3.559715,6.007853,1.415299,-0.002971,1.413342,-0.002971,6.007853,0
2026-07-02 15:49:31.176487,3.562404,6.002672,1.415299,-0.002971,1.413342,-0.002971,6.002672,0
2026-07-02 15:49:31.180769,3.565125,6.002672,1.415299,-0.002971,1.413342,-0.002971,6.002672,0
2026-07-02 15:49:31.186523,3.568015,5.997490,1.415299,-0.002971,1.413342,-0.002971,5.997490,0
2026-07-02 15:49:31.190940,3.575422,6.007853,1.415299,-0.008152,1.413342,-0.008152,6.007853,0
2026-07-02 15:49:31.190940,3.578448,5.997490,1.415299,-0.002971,1.413342,-0.002971,5.997490,0
2026-07-02 15:49:31.190940,3.581149,6.002672,1.415299,-0.002971,1.413342,-0.002971,6.002672,0
2026-07-02 15:49:31.190940,3.583932,5.997490,1.415299,-0.002971,1.413342,-0.002971,5.997490,0
2026-07-02 15:49:31.201757,3.587075,5.997490,1.415299,-0.002971,1.418524,-0.002971,5.997490,0
2026-07-02 15:49:31.201757,3.589694,6.002672,1.415299,-0.008152,1.418524,-0.008152,6.002672,0
2026-07-02 15:49:31.206011,3.592453,5.992308,1.415299,-0.002971,1.418524,-0.002971,5.992308,0
2026-07-02 15:49:31.212911,3.595514,6.002672,1.415299,-0.002971,1.413342,-0.002971,6.002672,0
2026-07-02 15:49:31.216450,3.600480,5.997490,1.415299,-0.002971,1.418524,-0.002971,5.997490,0
2026-07-02 15:49:31.217041,3.603684,5.992308,1.415299,-0.002971,1.413342,-0.002971,5.992308,0
2026-07-02 15:49:31.221018,3.606353,6.002672,1.415299,-0.008152,1.413342,-0.008152,6.002672,0
2026-07-02 15:49:31.222440,3.609378,5.997490,1.415299,-0.002971,1.413342,-0.002971,5.997490,0
2026-07-02 15:49:31.225704,3.612227,5.997490,1.415299,-0.008152,1.418524,-0.008152,5.997490,0
2026-07-02 15:49:31.225704,3.614949,6.007853,1.415299,-0.002971,1.418524,-0.002971,6.007853,0
2026-07-02 15:49:31.231293,3.617716,5.997490,1.415299,-0.002971,1.413342,-0.002971,5.997490,0
2026-07-02 15:49:31.231293,3.620484,6.007853,1.415299,-0.008152,1.418524,-0.008152,6.007853,0
2026-07-02 15:49:31.231293,3.623220,6.002672,1.415299,-0.002971,1.413342,-0.002971,6.002672,0
2026-07-02 15:49:31.241679,3.625965,6.002672,1.415299,-0.002971,1.413342,-0.002971,6.002672,0
2026-07-02 15:49:31.248630,3.630558,5.997490,1.415299,-0.002971,1.418524,-0.002971,5.997490,0
2026-07-02 15:49:31.252208,3.636583,6.007853,1.415299,-0.002971,1.413342,-0.002971,6.007853,0
2026-07-02 15:49:31.252948,3.639926,5.997490,1.415299,-0.002971,1.413342,-0.002971,5.997490,0
2026-07-02 15:49:31.252948,3.642628,6.002672,1.415299,-0.002971,1.413342,-0.002971,6.002672,0
2026-07-02 15:49:31.252948,3.645794,6.007853,1.415299,-0.008152,1.413342,-0.008152,6.007853,0
2026-07-02 15:49:31.262523,3.648548,6.007853,1.415299,-0.002971,1.413342,-0.002971,6.007853,0
2026-07-02 15:49:31.264579,3.651189,6.002672,1.415299,-0.002971,1.418524,-0.002971,6.002672,0
2026-07-02 15:49:31.267107,3.653916,5.997490,1.415299,-0.002971,1.413342,-0.002971,5.997490,0
2026-07-02 15:49:31.267107,3.656722,6.002672,1.415299,-0.008152,1.413342,-0.008152,6.002672,0
2026-07-02 15:49:31.276602,3.659374,6.002672,1.415299,-0.002971,1.413342,-0.002971,6.002672,0
2026-07-02 15:49:31.278685,3.664448,6.002672,1.415299,-0.002971,1.413342,-0.002971,6.002672,0
2026-07-02 15:49:31.278685,3.667059,6.002672,1.415299,-0.008152,1.418524,-0.008152,6.002672,0
2026-07-02 15:49:31.285657,3.670430,5.997490,1.415299,-0.002971,1.413342,-0.002971,5.997490,0
2026-07-02 15:49:31.285657,3.673285,6.002672,1.415299,-0.002971,1.418524,-0.002971,6.002672,0
2026-07-02 15:49:31.285657,3.676081,5.997490,1.415299,-0.002971,1.413342,-0.002971,5.997490,0
2026-07-02 15:49:31.296839,3.678736,6.007853,1.415299,-0.002971,1.413342,-0.002971,6.007853,0
2026-07-02 15:49:31.296839,3.684531,6.007853,1.415299,-0.002971,1.413342,-0.002971,6.007853,0
2026-07-02 15:49:31.296839,3.687204,6.002672,1.415299,-0.008152,1.413342,-0.008152,6.002672,0
2026-07-02 15:49:31.305559,3.689942,6.002672,1.415299,-0.002971,1.418524,-0.002971,6.002672,0
2026-07-02 15:49:31.310290,3.693926,6.007853,1.415299,-0.008152,1.413342,-0.008152,6.007853,0
2026-07-02 15:49:31.310290,3.698055,6.007853,1.415299,-0.002971,1.413342,-0.002971,6.007853,0
2026-07-02 15:49:31.317204,3.700990,6.007853,1.415299,-0.008152,1.413342,-0.008152,6.007853,0
2026-07-02 15:49:31.317830,3.704526,6.002672,1.415299,-0.002971,1.418524,-0.002971,6.002672,0
2026-07-02 15:49:31.317830,3.707231,5.992308,1.415299,-0.002971,1.413342,-0.002971,5.992308,0
2026-07-02 15:49:31.324908,3.709969,6.007853,1.415299,-0.008152,1.418524,-0.008152,6.007853,0
2026-07-02 15:49:31.324908,3.712612,6.002672,1.415299,-0.002971,1.418524,-0.002971,6.002672,0
2026-07-02 15:49:31.324908,3.715315,6.002672,1.415299,-0.002971,1.418524,-0.002971,6.002672,0
2026-07-02 15:49:31.324908,3.718050,6.007853,1.415299,-0.008152,1.418524,-0.008152,6.007853,0
2026-07-02 15:49:31.340423,3.720738,6.002672,1.415299,-0.008152,1.418524,-0.008152,6.002672,0
2026-07-02 15:49:31.343255,3.727627,6.007853,1.415299,-0.002971,1.413342,-0.002971,6.007853,0
2026-07-02 15:49:31.347404,3.730869,6.007853,1.415299,-0.002971,1.413342,-0.002971,6.007853,0
2026-07-02 15:49:31.348687,3.734576,6.007853,1.415299,-0.002971,1.413342,-0.002971,6.007853,0
2026-07-02 15:49:31.353377,3.737627,6.002672,1.415299,-0.002971,1.413342,-0.002971,6.002672,0
2026-07-02 15:49:31.355735,3.740968,6.007853,1.415299,-0.002971,1.413342,-0.002971,6.007853,0
2026-07-02 15:49:31.355735,3.743428,5.997490,1.415299,-0.002971,1.418524,-0.002971,5.997490,0
2026-07-02 15:49:31.355735,3.745790,6.002672,1.415299,-0.008152,1.413342,-0.008152,6.002672,0
2026-07-02 15:49:31.355735,3.748234,6.007853,1.415299,-0.002971,1.413342,-0.002971,6.007853,0
2026-07-02 15:49:31.365207,3.750626,6.007853,1.415299,-0.002971,1.418524,-0.002971,6.007853,0
2026-07-02 15:49:31.366426,3.753799,6.007853,1.415299,-0.002971,1.413342,-0.002971,6.007853,0
2026-07-02 15:49:31.366426,3.756183,6.002672,1.415299,-0.002971,1.418524,-0.002971,6.002672,0
2026-07-02 15:49:31.366426,3.758539,6.002672,1.415299,-0.002971,1.418524,-0.002971,6.002672,0
2026-07-02 15:49:31.375352,3.760911,6.002672,1.415299,-0.008152,1.413342,-0.008152,6.002672,0
2026-07-02 15:49:31.376866,3.763302,6.002672,1.415299,-0.008152,1.413342,-0.008152,6.002672,0
2026-07-02 15:49:31.376866,3.765559,6.002672,1.415299,-0.008152,1.413342,-0.008152,6.002672,0
2026-07-02 15:49:31.376866,3.767791,6.002672,1.415299,-0.002971,1.418524,-0.002971,6.002672,0
2026-07-02 15:49:31.376866,3.769955,6.002672,1.415299,-0.002971,1.413342,-0.002971,6.002672,0
2026-07-02 15:49:31.386376,3.772222,6.002672,1.415299,-0.002971,1.418524,-0.002971,6.002672,0
2026-07-02 15:49:31.388389,3.774537,6.007853,1.415299,-0.008152,1.418524,-0.008152,6.007853,0
2026-07-02 15:49:31.388389,3.776821,6.002672,1.415299,-0.008152,1.413342,-0.008152,6.002672,0
2026-07-02 15:49:31.388389,3.779262,6.007853,1.415299,-0.002971,1.413342,-0.002971,6.007853,0
2026-07-02 15:49:31.395978,3.781565,6.002672,1.415299,-0.002971,1.418524,-0.002971,6.002672,0
2026-07-02 15:49:31.397266,3.783839,5.992308,1.415299,-0.002971,1.413342,-0.002971,5.992308,0
2026-07-02 15:49:31.400631,3.786094,6.002672,1.415299,-0.002971,1.413342,-0.002971,6.002672,0
2026-07-02 15:49:31.401910,3.788542,6.002672,1.415299,-0.008152,1.418524,-0.008152,6.002672,0
2026-07-02 15:49:31.406042,3.790953,6.002672,1.415299,-0.002971,1.418524,-0.002971,6.002672,0
2026-07-02 15:49:31.408387,3.793344,5.992308,1.415299,-0.002971,1.418524,-0.002971,5.992308,0
2026-07-02 15:49:31.408387,3.795695,6.002672,1.415299,-0.002971,1.418524,-0.002971,6.002672,0
2026-07-02 15:49:31.408387,3.798048,6.002672,1.415299,-0.002971,1.418524,-0.002971,6.002672,0
2026-07-02 15:49:31.408387,3.800288,6.007853,1.415299,-0.002971,1.418524,-0.002971,6.007853,0
2026-07-02 15:49:31.416469,3.802515,6.002672,1.415299,-0.002971,1.413342,-0.002971,6.002672,0
2026-07-02 15:49:31.416469,3.805060,6.002672,1.415299,-0.002971,1.418524,-0.002971,6.002672,0
2026-07-02 15:49:31.416469,3.807729,6.002672,1.415299,-0.002971,1.413342,-0.002971,6.002672,0
2026-07-02 15:49:31.425868,3.810356,5.997490,1.415299,-0.002971,1.418524,-0.002971,5.997490,0
2026-07-02 15:49:31.428924,3.813006,6.002672,1.415299,-0.002971,1.418524,-0.002971,6.002672,0
2026-07-02 15:49:31.432966,3.817408,6.007853,1.415299,-0.002971,1.413342,-0.002971,6.007853,0
2026-07-02 15:49:31.433738,3.820393,5.992308,1.415299,-0.002971,1.413342,-0.002971,5.992308,0
2026-07-02 15:49:31.438003,3.823023,5.992308,1.415299,-0.002971,1.418524,-0.002971,5.992308,0
2026-07-02 15:49:31.441425,3.825658,6.007853,1.415299,-0.008152,1.413342,-0.008152,6.007853,0
2026-07-02 15:49:31.442591,3.829181,6.007853,1.415299,-0.002971,1.418524,-0.002971,6.007853,0
2026-07-02 15:49:31.449932,3.831936,6.007853,1.415299,-0.002971,1.413342,-0.002971,6.007853,0
2026-07-02 15:49:31.452474,3.838268,6.002672,1.415299,-0.002971,1.418524,-0.002971,6.002672,0
2026-07-02 15:49:31.452474,3.840904,6.002672,1.415299,-0.008152,1.413342,-0.008152,6.002672,0
2026-07-02 15:49:31.461677,3.843566,6.002672,1.415299,-0.002971,1.418524,-0.002971,6.002672,0
2026-07-02 15:49:31.463709,3.849177,5.992308,1.415299,-0.002971,1.413342,-0.002971,5.992308,0
2026-07-02 15:49:31.467559,3.851982,6.007853,1.415299,-0.002971,1.418524,-0.002971,6.007853,0
2026-07-02 15:49:31.468086,3.854815,5.992308,1.415299,-0.002971,1.413342,-0.002971,5.992308,0
2026-07-02 15:49:31.468086,3.857482,6.002672,1.415299,-0.002971,1.413342,-0.002971,6.002672,0
2026-07-02 15:49:31.468086,3.860164,6.002672,1.415299,-0.002971,1.418524,-0.002971,6.002672,0
2026-07-02 15:49:31.477097,3.862842,6.002672,1.415299,-0.002971,1.418524,-0.002971,6.002672,0
2026-07-02 15:49:31.477097,3.865502,6.002672,1.415299,-0.002971,1.418524,-0.002971,6.002672,0
2026-07-02 15:49:31.483728,3.868154,6.002672,1.415299,-0.002971,1.418524,-0.002971,6.002672,0
2026-07-02 15:49:31.485368,3.870792,6.002672,1.415299,-0.002971,1.413342,-0.002971,6.002672,0
2026-07-02 15:49:31.486946,3.873402,6.007853,1.415299,-0.008152,1.413342,-0.008152,6.007853,0
2026-07-02 15:49:31.486946,3.876050,5.992308,1.415299,-0.002971,1.418524,-0.002971,5.992308,0
2026-07-02 15:49:31.486946,3.878717,6.002672,1.415299,-0.002971,1.418524,-0.002971,6.002672,0
2026-07-02 15:49:31.486946,3.881388,5.997490,1.415299,-0.002971,1.418524,-0.002971,5.997490,0
2026-07-02 15:49:31.500969,3.884004,6.002672,1.415299,-0.002971,1.413342,-0.002971,6.002672,0
2026-07-02 15:49:31.502993,3.889382,5.997490,1.410120,-0.002971,1.413342,-0.002971,5.997490,0
2026-07-02 15:49:31.507237,3.892255,6.002672,1.415299,-0.008152,1.418524,-0.008152,6.002672,0
2026-07-02 15:49:31.507237,3.895387,6.002672,1.415299,-0.008152,1.418524,-0.008152,6.002672,0
2026-07-02 15:49:31.507237,3.897977,6.002672,1.415299,-0.002971,1.418524,-0.002971,6.002672,0
2026-07-02 15:49:31.507237,3.900631,6.007853,1.415299,-0.002971,1.413342,-0.002971,6.007853,0
2026-07-02 15:49:31.520289,3.903871,5.992308,1.415299,-0.002971,1.413342,-0.002971,5.992308,0
2026-07-02 15:49:31.521263,3.907560,6.002672,1.415299,-0.002971,1.418524,-0.002971,6.002672,0
2026-07-02 15:49:31.523753,3.910238,6.002672,1.415299,-0.002971,1.413342,-0.002971,6.002672,0
2026-07-02 15:49:31.530116,3.912918,6.002672,1.415299,-0.008152,1.418524,-0.008152,6.002672,0
2026-07-02 15:49:31.534916,3.918192,6.002672,1.415299,-0.002971,1.413342,-0.002971,6.002672,0
2026-07-02 15:49:31.538614,3.922108,6.007853,1.415299,-0.008152,1.413342,-0.008152,6.007853,0
2026-07-02 15:49:31.551133,3.926608,5.997490,1.415299,-0.002971,1.413342,-0.002971,5.997490,0
2026-07-02 15:49:31.562387,3.938383,6.002672,1.415299,-0.002971,1.413342,-0.002971,6.002672,0
2026-07-02 15:49:31.565302,3.949700,5.997490,1.415299,-0.002971,1.413342,-0.002971,5.997490,0
2026-07-02 15:49:31.575408,3.960043,6.007853,1.415299,-0.002971,1.413342,-0.002971,6.007853,0
2026-07-02 15:49:31.577415,3.964380,6.007853,1.415299,-0.002971,1.413342,-0.002971,6.007853,0
2026-07-02 15:49:31.577415,3.968869,6.007853,1.415299,-0.002971,1.418524,-0.002971,6.007853,0
2026-07-02 15:49:31.585496,3.972046,6.002672,1.415299,-0.002971,1.418524,-0.002971,6.002672,0
2026-07-02 15:49:31.587502,3.974455,6.002672,1.415299,-0.002971,1.413342,-0.002971,6.002672,0
2026-07-02 15:49:31.587502,3.977151,6.002672,1.415299,-0.002971,1.413342,-0.002971,6.002672,0
2026-07-02 15:49:31.587502,3.979539,6.007853,1.415299,-0.008152,1.413342,-0.008152,6.007853,0
2026-07-02 15:49:31.595524,3.981931,6.002672,1.415299,-0.002971,1.413342,-0.002971,6.002672,0
2026-07-02 15:49:31.595524,3.984318,6.007853,1.415299,-0.002971,1.413342,-0.002971,6.007853,0
2026-07-02 15:49:31.595524,3.987045,6.002672,1.415299,-0.008152,1.413342,-0.008152,6.002672,0
2026-07-02 15:49:31.595524,3.989478,6.002672,1.415299,-0.002971,1.413342,-0.002971,6.002672,0
2026-07-02 15:49:31.605658,3.991845,5.997490,1.415299,-0.002971,1.413342,-0.002971,5.997490,0
2026-07-02 15:49:31.605658,3.994209,6.002672,1.415299,-0.008152,1.418524,-0.008152,6.002672,0
2026-07-02 15:49:31.605658,3.996667,6.007853,1.415299,-0.002971,1.418524,-0.002971,6.007853,0
2026-07-02 15:49:31.605658,3.999104,6.007853,1.420479,-0.008152,1.413342,-0.008152,6.007853,0
2026-07-02 15:49:31.615732,4.001518,6.002672,1.415299,-0.008152,1.418524,-0.008152,6.002672,0
2026-07-02 15:49:31.619288,4.003910,6.002672,1.415299,-0.002971,1.413342,-0.002971,6.002672,0
2026-07-02 15:49:31.619288,4.006397,6.002672,1.415299,-0.002971,1.413342,-0.002971,6.002672,0
2026-07-02 15:49:31.619288,4.008784,5.997490,1.415299,-0.002971,1.413342,-0.002971,5.997490,0
2026-07-02 15:49:31.626712,4.011270,6.007853,1.415299,-0.002971,1.413342,-0.002971,6.007853,0
2026-07-02 15:49:31.633018,4.013940,6.002672,1.415299,-0.002971,1.418524,-0.002971,6.002672,0
2026-07-02 15:49:31.634421,4.020208,6.007853,1.415299,-0.008152,1.413342,-0.008152,6.007853,0
2026-07-02 15:49:31.641342,4.022874,6.002672,1.415299,-0.002971,1.418524,-0.002971,6.002672,0
2026-07-02 15:49:31.644749,4.028645,6.002672,1.415299,-0.002971,1.413342,-0.002971,6.002672,0
2026-07-02 15:49:31.649217,4.032915,6.002672,1.415299,-0.002971,1.418524,-0.002971,6.002672,0
2026-07-02 15:49:31.652715,4.036681,6.007853,1.415299,-0.002971,1.418524,-0.002971,6.007853,0
2026-07-02 15:49:31.654738,4.040364,6.002672,1.415299,-0.002971,1.413342,-0.002971,6.002672,0
2026-07-02 15:49:31.658246,4.042859,6.007853,1.415299,-0.002971,1.413342,-0.002971,6.007853,0
2026-07-02 15:49:31.659652,4.045792,6.002672,1.415299,-0.002971,1.413342,-0.002971,6.002672,0
2026-07-02 15:49:31.661668,4.048229,6.002672,1.415299,-0.002971,1.413342,-0.002971,6.002672,0
2026-07-02 15:49:31.661668,4.050768,6.002672,1.415299,-0.002971,1.418524,-0.002971,6.002672,0
2026-07-02 15:49:31.667091,4.053350,6.002672,1.415299,-0.008152,1.418524,-0.008152,6.002672,0
2026-07-02 15:49:31.670662,4.055724,5.992308,1.415299,-0.002971,1.413342,-0.002971,5.992308,0
2026-07-02 15:49:31.672785,4.058101,6.002672,1.415299,-0.002971,1.413342,-0.002971,6.002672,0
2026-07-02 15:49:31.675832,4.060647,6.002672,1.415299,-0.002971,1.418524,-0.002971,6.002672,0
2026-07-02 15:49:31.678200,4.063072,6.002672,1.415299,-0.008152,1.418524,-0.008152,6.002672,0
2026-07-02 15:49:31.678200,4.065681,5.997490,1.415299,-0.002971,1.418524,-0.002971,5.997490,0
2026-07-02 15:49:31.678200,4.068170,6.002672,1.415299,-0.002971,1.413342,-0.002971,6.002672,0
2026-07-02 15:49:31.678200,4.070679,6.002672,1.415299,-0.008152,1.413342,-0.008152,6.002672,0
2026-07-02 15:49:31.688233,4.073176,6.002672,1.415299,-0.008152,1.418524,-0.008152,6.002672,0
2026-07-02 15:49:31.688233,4.075652,6.007853,1.415299,-0.002971,1.413342,-0.002971,6.007853,0
2026-07-02 15:49:31.688233,4.078223,6.002672,1.415299,-0.002971,1.418524,-0.002971,6.002672,0
2026-07-02 15:49:31.694367,4.080736,6.002672,1.415299,-0.002971,1.418524,-0.002971,6.002672,0
2026-07-02 15:49:31.698394,4.083215,5.997490,1.415299,-0.002971,1.418524,-0.002971,5.997490,0
2026-07-02 15:49:31.702494,4.087234,5.997490,1.415299,-0.002971,1.413342,-0.002971,5.997490,0
2026-07-02 15:49:31.703569,4.089732,6.002672,1.415299,-0.008152,1.413342,-0.008152,6.002672,0
2026-07-02 15:49:31.703569,4.092180,6.002672,1.415299,-0.002971,1.418524,-0.002971,6.002672,0
2026-07-02 15:49:31.709017,4.094594,6.002672,1.415299,-0.002971,1.413342,-0.002971,6.002672,0
2026-07-02 15:49:31.709017,4.096977,6.002672,1.415299,-0.002971,1.413342,-0.002971,6.002672,0
2026-07-02 15:49:31.709017,4.099519,5.992308,1.415299,-0.002971,1.413342,-0.002971,5.992308,0
2026-07-02 15:49:31.709017,4.102040,6.002672,1.415299,-0.002971,1.413342,-0.002971,6.002672,0
2026-07-02 15:49:31.718604,4.104534,6.002672,1.415299,-0.002971,1.418524,-0.002971,6.002672,0
2026-07-02 15:49:31.718604,4.106924,6.002672,1.415299,-0.002971,1.418524,-0.002971,6.002672,0
2026-07-02 15:49:31.718604,4.109316,5.997490,1.415299,-0.002971,1.413342,-0.002971,5.997490,0
2026-07-02 15:49:31.718604,4.111720,5.997490,1.415299,-0.008152,1.418524,-0.008152,5.997490,0
2026-07-02 15:49:31.728729,4.114211,6.002672,1.415299,-0.002971,1.418524,-0.002971,6.002672,0
2026-07-02 15:49:31.728729,4.116495,6.002672,1.415299,-0.002971,1.413342,-0.002971,6.002672,0
2026-07-02 15:49:31.733897,4.118847,6.007853,1.415299,-0.002971,1.418524,-0.002971,6.007853,0
2026-07-02 15:49:31.736409,4.121202,6.002672,1.415299,-0.002971,1.418524,-0.002971,6.002672,0
2026-07-02 15:49:31.738802,4.123598,6.002672,1.415299,-0.002971,1.413342,-0.002971,6.002672,0
2026-07-02 15:49:31.739631,4.126093,6.007853,1.415299,-0.008152,1.413342,-0.008152,6.007853,0
2026-07-02 15:49:31.739631,4.128553,6.002672,1.415299,-0.002971,1.418524,-0.002971,6.002672,0
2026-07-02 15:49:31.739631,4.130961,5.992308,1.415299,-0.002971,1.413342,-0.002971,5.992308,0
2026-07-02 15:49:31.739631,4.133360,5.997490,1.415299,-0.002971,1.413342,-0.002971,5.997490,0
2026-07-02 15:49:31.749924,4.135673,5.997490,1.415299,-0.002971,1.418524,-0.002971,5.997490,0
2026-07-02 15:49:31.749924,4.138094,6.007853,1.415299,-0.002971,1.418524,-0.002971,6.007853,0
2026-07-02 15:49:31.749924,4.140657,6.007853,1.415299,-0.002971,1.418524,-0.002971,6.007853,0
2026-07-02 15:49:31.749924,4.143160,6.002672,1.415299,-0.008152,1.418524,-0.008152,6.002672,0
2026-07-02 15:49:31.759167,4.145665,5.997490,1.415299,-0.002971,1.418524,-0.002971,5.997490,0
2026-07-02 15:49:31.761875,4.148008,6.002672,1.415299,-0.002971,1.418524,-0.002971,6.002672,0
2026-07-02 15:49:31.763887,4.150400,6.002672,1.415299,-0.002971,1.418524,-0.002971,6.002672,0
2026-07-02 15:49:31.763887,4.152808,6.002672,1.415299,-0.002971,1.413342,-0.002971,6.002672,0
2026-07-02 15:49:31.769483,4.155369,6.007853,1.415299,-0.002971,1.413342,-0.002971,6.007853,0
2026-07-02 15:49:31.769483,4.157769,6.002672,1.415299,-0.008152,1.413342,-0.008152,6.002672,0
2026-07-02 15:49:31.769483,4.160086,5.997490,1.415299,-0.002971,1.413342,-0.002971,5.997490,0
2026-07-02 15:49:31.777578,4.162352,6.002672,1.415299,-0.002971,1.413342,-0.002971,6.002672,0
2026-07-02 15:49:31.779611,4.164658,6.002672,1.415299,-0.002971,1.418524,-0.002971,6.002672,0
2026-07-02 15:49:31.781113,4.167007,6.002672,1.415299,-0.002971,1.418524,-0.002971,6.002672,0
2026-07-02 15:49:31.781113,4.169340,6.002672,1.415299,-0.002971,1.418524,-0.002971,6.002672,0
2026-07-02 15:49:31.781113,4.171771,6.007853,1.415299,-0.002971,1.413342,-0.002971,6.007853,0
2026-07-02 15:49:31.788770,4.174253,6.007853,1.415299,-0.008152,1.413342,-0.008152,6.007853,0
2026-07-02 15:49:31.791910,4.176744,6.007853,1.415299,-0.008152,1.413342,-0.008152,6.007853,0
2026-07-02 15:49:31.793361,4.179475,6.002672,1.415299,-0.008152,1.418524,-0.008152,6.002672,0
2026-07-02 15:49:31.795883,4.181914,6.007853,1.420479,-0.002971,1.413342,-0.002971,6.007853,0
2026-07-02 15:49:31.795883,4.184348,5.997490,1.410120,-0.002971,1.413342,-0.002971,5.997490,0
2026-07-02 15:49:31.800160,4.186685,6.007853,1.415299,-0.008152,1.413342,-0.008152,6.007853,0
2026-07-02 15:49:31.803238,4.189107,6.007853,1.415299,-0.002971,1.413342,-0.002971,6.007853,0
2026-07-02 15:49:31.803238,4.191532,6.002672,1.415299,-0.002971,1.413342,-0.002971,6.002672,0
2026-07-02 15:49:31.803238,4.193859,6.002672,1.415299,-0.002971,1.413342,-0.002971,6.002672,0
2026-07-02 15:49:31.810285,4.196128,5.997490,1.415299,-0.002971,1.413342,-0.002971,5.997490,0
2026-07-02 15:49:31.810285,4.198556,6.002672,1.415299,-0.002971,1.418524,-0.002971,6.002672,0
2026-07-02 15:49:31.810285,4.200876,6.002672,1.415299,-0.002971,1.413342,-0.002971,6.002672,0
2026-07-02 15:49:31.810285,4.203224,6.002672,1.415299,-0.002971,1.413342,-0.002971,6.002672,0
2026-07-02 15:49:31.820443,4.205758,5.997490,1.415299,-0.002971,1.413342,-0.002971,5.997490,0
2026-07-02 15:49:31.821470,4.208048,6.002672,1.415299,-0.002971,1.413342,-0.002971,6.002672,0
2026-07-02 15:49:31.823479,4.210308,5.992308,1.415299,-0.002971,1.413342,-0.002971,5.992308,0
2026-07-02 15:49:31.826554,4.212657,5.992308,1.415299,-0.002971,1.418524,-0.002971,5.992308,0
2026-07-02 15:49:31.830528,4.215107,6.002672,1.415299,-0.002971,1.418524,-0.002971,6.002672,0
2026-07-02 15:49:31.830528,4.217764,6.002672,1.415299,-0.002971,1.418524,-0.002971,6.002672,0
2026-07-02 15:49:31.833439,4.220025,6.002672,1.415299,-0.002971,1.413342,-0.002971,6.002672,0
2026-07-02 15:49:31.833439,4.222374,6.002672,1.415299,-0.002971,1.418524,-0.002971,6.002672,0
2026-07-02 15:49:31.833439,4.224703,5.997490,1.415299,-0.002971,1.418524,-0.002971,5.997490,0
2026-07-02 15:49:31.840978,4.227023,6.007853,1.415299,-0.002971,1.413342,-0.002971,6.007853,0
2026-07-02 15:49:31.840978,4.229315,6.002672,1.415299,-0.002971,1.413342,-0.002971,6.002672,0
2026-07-02 15:49:31.840978,4.231808,6.007853,1.415299,-0.002971,1.413342,-0.002971,6.007853,0
2026-07-02 15:49:31.847811,4.234110,6.002672,1.415299,-0.002971,1.418524,-0.002971,6.002672,0
2026-07-02 15:49:31.851156,4.236517,6.002672,1.415299,-0.008152,1.413342,-0.008152,6.002672,0
2026-07-02 15:49:31.852917,4.239076,6.007853,1.415299,-0.002971,1.413342,-0.002971,6.007853,0
2026-07-02 15:49:31.855435,4.241537,6.007853,1.415299,-0.002971,1.413342,-0.002971,6.007853,0
2026-07-02 15:49:31.857953,4.243974,6.007853,1.415299,-0.002971,1.418524,-0.002971,6.007853,0
2026-07-02 15:49:31.861218,4.246287,5.997490,1.415299,-0.002971,1.418524,-0.002971,5.997490,0
2026-07-02 15:49:31.861218,4.248560,6.002672,1.415299,-0.002971,1.413342,-0.002971,6.002672,0
2026-07-02 15:49:31.861218,4.250955,5.997490,1.415299,-0.002971,1.413342,-0.002971,5.997490,0
2026-07-02 15:49:31.866758,4.253389,6.007853,1.415299,-0.008152,1.413342,-0.008152,6.007853,0
2026-07-02 15:49:31.870071,4.255667,5.997490,1.415299,-0.002971,1.413342,-0.002971,5.997490,0
2026-07-02 15:49:31.871610,4.257983,6.002672,1.415299,-0.002971,1.413342,-0.002971,6.002672,0
2026-07-02 15:49:31.871610,4.260322,5.997490,1.415299,-0.002971,1.413342,-0.002971,5.997490,0
2026-07-02 15:49:31.877800,4.262783,6.002672,1.415299,-0.002971,1.413342,-0.002971,6.002672,0
2026-07-02 15:49:31.877800,4.265186,6.007853,1.415299,-0.002971,1.413342,-0.002971,6.007853,0
2026-07-02 15:49:31.883834,4.267607,6.002672,1.415299,-0.002971,1.413342,-0.002971,6.002672,0
2026-07-02 15:49:31.885591,4.271754,6.002672,1.415299,-0.002971,1.413342,-0.002971,6.002672,0
2026-07-02 15:49:31.889162,4.274515,6.002672,1.415299,-0.008152,1.413342,-0.008152,6.002672,0
2026-07-02 15:49:31.892053,4.276936,6.002672,1.415299,-0.002971,1.418524,-0.002971,6.002672,0
2026-07-02 15:49:31.893211,4.279344,6.007853,1.415299,-0.002971,1.418524,-0.002971,6.007853,0
2026-07-02 15:49:31.895222,4.281624,5.992308,1.415299,-0.002971,1.413342,-0.002971,5.992308,0
2026-07-02 15:49:31.899240,4.284006,5.997490,1.415299,-0.002971,1.418524,-0.002971,5.997490,0
2026-07-02 15:49:31.901754,4.286374,5.997490,1.415299,-0.002971,1.413342,-0.002971,5.997490,0
2026-07-02 15:49:31.903763,4.289229,6.007853,1.415299,-0.008152,1.413342,-0.008152,6.007853,0
2026-07-02 15:49:31.905770,4.291612,6.002672,1.415299,-0.002971,1.413342,-0.002971,6.002672,0
2026-07-02 15:49:31.907779,4.294034,6.002672,1.415299,-0.002971,1.418524,-0.002971,6.002672,0
2026-07-02 15:49:31.909787,4.296471,5.997490,1.415299,-0.002971,1.418524,-0.002971,5.997490,0
2026-07-02 15:49:31.915810,4.298731,6.002672,1.415299,-0.002971,1.418524,-0.002971,6.002672,0
2026-07-02 15:49:31.917813,4.304520,6.007853,1.415299,-0.002971,1.418524,-0.002971,6.007853,0
2026-07-02 15:49:31.921823,4.306740,6.002672,1.415299,-0.002971,1.413342,-0.002971,6.002672,0
2026-07-02 15:49:31.923843,4.309043,6.002672,1.415299,-0.002971,1.413342,-0.002971,6.002672,0
2026-07-02 15:49:31.923843,4.311618,5.997490,1.415299,-0.002971,1.418524,-0.002971,5.997490,0
2026-07-02 15:49:31.927364,4.313837,6.002672,1.415299,-0.002971,1.413342,-0.002971,6.002672,0
2026-07-02 15:49:31.931396,4.316282,6.007853,1.415299,-0.002971,1.413342,-0.002971,6.007853,0
2026-07-02 15:49:31.931396,4.318717,6.002672,1.415299,-0.002971,1.418524,-0.002971,6.002672,0
2026-07-02 15:49:31.936093,4.320996,6.002672,1.415299,-0.002971,1.413342,-0.002971,6.002672,0
2026-07-02 15:49:31.936093,4.323269,5.997490,1.410120,-0.002971,1.413342,-0.002971,5.997490,0
2026-07-02 15:49:31.936093,4.325669,5.997490,1.415299,-0.002971,1.413342,-0.002971,5.997490,0
2026-07-02 15:49:31.942408,4.328101,6.002672,1.415299,-0.002971,1.413342,-0.002971,6.002672,0
2026-07-02 15:49:31.944425,4.330526,5.992308,1.415299,-0.002971,1.418524,-0.002971,5.992308,0
2026-07-02 15:49:31.946441,4.332903,6.007853,1.415299,-0.002971,1.413342,-0.002971,6.007853,0
2026-07-02 15:49:31.948457,4.335295,6.002672,1.415299,-0.002971,1.413342,-0.002971,6.002672,0
2026-07-02 15:49:31.952126,4.337739,5.997490,1.415299,-0.002971,1.418524,-0.002971,5.997490,0
2026-07-02 15:49:31.952126,4.340141,6.002672,1.415299,-0.002971,1.418524,-0.002971,6.002672,0
2026-07-02 15:49:31.952126,4.342529,5.992308,1.415299,-0.002971,1.413342,-0.002971,5.992308,0
2026-07-02 15:49:31.952126,4.344921,6.002672,1.415299,-0.008152,1.418524,-0.008152,6.002672,0
2026-07-02 15:49:31.962548,4.347432,6.002672,1.415299,-0.002971,1.413342,-0.002971,6.002672,0
2026-07-02 15:49:31.962548,4.350289,5.997490,1.410120,-0.002971,1.413342,-0.002971,5.997490,0
2026-07-02 15:49:31.962548,4.352693,6.007853,1.415299,-0.002971,1.413342,-0.002971,6.007853,0
2026-07-02 15:49:31.962548,4.355096,6.002672,1.415299,-0.002971,1.413342,-0.002971,6.002672,0
2026-07-02 15:49:31.962548,4.357541,6.002672,1.415299,-0.008152,1.418524,-0.008152,6.002672,0
2026-07-02 15:49:31.973689,4.360008,5.992308,1.415299,-0.002971,1.413342,-0.002971,5.992308,0
2026-07-02 15:49:31.977721,4.362527,6.002672,1.415299,-0.002971,1.413342,-0.002971,6.002672,0
2026-07-02 15:49:31.977721,4.364889,6.002672,1.415299,-0.002971,1.413342,-0.002971,6.002672,0
2026-07-02 15:49:31.977721,4.367282,6.002672,1.415299,-0.008152,1.413342,-0.008152,6.002672,0
2026-07-02 15:49:31.983167,4.369673,6.002672,1.415299,-0.002971,1.413342,-0.002971,6.002672,0
2026-07-02 15:49:31.983167,4.372205,6.007853,1.415299,-0.008152,1.413342,-0.008152,6.007853,0
2026-07-02 15:49:31.989617,4.374603,6.002672,1.415299,-0.002971,1.418524,-0.002971,6.002672,0
2026-07-02 15:49:31.989617,4.377024,6.002672,1.415299,-0.002971,1.418524,-0.002971,6.002672,0
2026-07-02 15:49:31.993855,4.379473,5.997490,1.415299,-0.002971,1.413342,-0.002971,5.997490,0
2026-07-02 15:49:31.995320,4.381886,6.002672,1.415299,-0.002971,1.418524,-0.002971,6.002672,0
2026-07-02 15:49:31.999342,4.384267,6.002672,1.415299,-0.002971,1.413342,-0.002971,6.002672,0
2026-07-02 15:49:32.000327,4.386702,6.002672,1.415299,-0.002971,1.413342,-0.002971,6.002672,0
2026-07-02 15:49:32.003549,4.389165,6.002672,1.415299,-0.008152,1.418524,-0.008152,6.002672,0
2026-07-02 15:49:32.003549,4.391505,6.002672,1.415299,-0.002971,1.413342,-0.002971,6.002672,0
2026-07-02 15:49:32.003549,4.393919,5.997490,1.415299,-0.002971,1.413342,-0.002971,5.997490,0
2026-07-02 15:49:32.003549,4.396325,5.997490,1.415299,-0.002971,1.418524,-0.002971,5.997490,0
2026-07-02 15:49:32.013730,4.398707,5.997490,1.415299,-0.002971,1.418524,-0.002971,5.997490,0
2026-07-02 15:49:32.017625,4.401349,5.997490,1.415299,-0.002971,1.413342,-0.002971,5.997490,0
2026-07-02 15:49:32.019656,4.406315,6.002672,1.415299,-0.002971,1.413342,-0.002971,6.002672,0
2026-07-02 15:49:32.023983,4.409034,5.992308,1.410120,-0.002971,1.413342,-0.002971,5.992308,0
2026-07-02 15:49:32.026197,4.412509,5.992308,1.415299,-0.002971,1.413342,-0.002971,5.992308,0
2026-07-02 15:49:32.029102,4.415073,6.002672,1.415299,-0.002971,1.413342,-0.002971,6.002672,0
2026-07-02 15:49:32.031131,4.417631,6.002672,1.415299,-0.002971,1.413342,-0.002971,6.002672,0
2026-07-02 15:49:32.033630,4.420572,6.002672,1.415299,-0.008152,1.418524,-0.008152,6.002672,0
2026-07-02 15:49:32.033630,4.423401,5.997490,1.415299,-0.002971,1.418524,-0.002971,5.997490,0
2026-07-02 15:49:32.033630,4.426130,5.997490,1.415299,-0.002971,1.413342,-0.002971,5.997490,0
2026-07-02 15:49:32.046701,4.428774,6.007853,1.415299,-0.002971,1.418524,-0.002971,6.007853,0
2026-07-02 15:49:32.052483,4.433810,6.007853,1.415299,-0.002971,1.418524,-0.002971,6.007853,0
2026-07-02 15:49:32.059466,4.439589,6.002672,1.415299,-0.008152,1.418524,-0.008152,6.002672,0
2026-07-02 15:49:32.061483,4.447767,6.007853,1.420479,-0.002971,1.413342,-0.002971,6.007853,0
2026-07-02 15:49:32.066358,4.450486,5.997490,1.415299,-0.002971,1.413342,-0.002971,5.997490,0
2026-07-02 15:49:32.066358,4.454005,5.997490,1.415299,-0.002971,1.413342,-0.002971,5.997490,0
2026-07-02 15:49:32.072547,4.456739,6.002672,1.415299,-0.002971,1.413342,-0.002971,6.002672,0
2026-07-02 15:49:32.072547,4.459710,5.992308,1.415299,-0.002971,1.413342,-0.002971,5.992308,0
2026-07-02 15:49:32.072547,4.462171,6.002672,1.415299,-0.002971,1.413342,-0.002971,6.002672,0
2026-07-02 15:49:32.077862,4.464602,6.007853,1.415299,-0.002971,1.418524,-0.002971,6.007853,0
2026-07-02 15:49:32.081912,4.466974,6.007853,1.415299,-0.008152,1.413342,-0.008152,6.007853,0
2026-07-02 15:49:32.081912,4.469323,6.002672,1.415299,-0.002971,1.418524,-0.002971,6.002672,0
2026-07-02 15:49:32.081912,4.471724,5.997490,1.415299,-0.002971,1.418524,-0.002971,5.997490,0
2026-07-02 15:49:32.081912,4.474256,6.007853,1.415299,-0.008152,1.413342,-0.008152,6.007853,0
2026-07-02 15:49:32.090488,4.476622,6.002672,1.410120,-0.002971,1.413342,-0.002971,6.002672,0
2026-07-02 15:49:32.092238,4.478993,6.002672,1.415299,-0.008152,1.413342,-0.008152,6.002672,0
2026-07-02 15:49:32.092238,4.481417,6.007853,1.415299,-0.008152,1.418524,-0.008152,6.007853,0
2026-07-02 15:49:32.092238,4.483979,6.002672,1.415299,-0.008152,1.418524,-0.008152,6.002672,0
2026-07-02 15:49:32.092238,4.486426,6.002672,1.415299,-0.002971,1.413342,-0.002971,6.002672,0
2026-07-02 15:49:32.104134,4.488799,6.002672,1.415299,-0.002971,1.413342,-0.002971,6.002672,0
2026-07-02 15:49:32.104134,4.491447,6.002672,1.415299,-0.002971,1.413342,-0.002971,6.002672,0
2026-07-02 15:49:32.109063,4.494088,6.002672,1.415299,-0.002971,1.413342,-0.002971,6.002672,0
2026-07-02 15:49:32.111086,4.496607,6.002672,1.415299,-0.008152,1.413342,-0.008152,6.002672,0
2026-07-02 15:49:32.115815,4.499331,6.002672,1.415299,-0.002971,1.418524,-0.002971,6.002672,0
2026-07-02 15:49:32.118039,4.503580,5.997490,1.415299,-0.002971,1.418524,-0.002971,5.997490,0
2026-07-02 15:49:32.121658,4.506241,5.997490,1.415299,-0.002971,1.413342,-0.002971,5.997490,0
2026-07-02 15:49:32.123172,4.508917,6.002672,1.415299,-0.002971,1.418524,-0.002971,6.002672,0
2026-07-02 15:49:32.126714,4.512089,6.002672,1.415299,-0.002971,1.413342,-0.002971,6.002672,0
2026-07-02 15:49:32.128735,4.514756,6.002672,1.415299,-0.002971,1.413342,-0.002971,6.002672,0
2026-07-02 15:49:32.133394,4.517394,6.007853,1.415299,-0.002971,1.418524,-0.002971,6.007853,0
2026-07-02 15:49:32.134490,4.520535,6.002672,1.415299,-0.002971,1.413342,-0.002971,6.002672,0
2026-07-02 15:49:32.136524,4.523195,5.997490,1.410120,-0.002971,1.413342,-0.002971,5.997490,0
2026-07-02 15:49:32.139887,4.525962,6.007853,1.415299,-0.008152,1.413342,-0.008152,6.007853,0
2026-07-02 15:49:32.146322,4.528656,6.002672,1.415299,-0.002971,1.413342,-0.002971,6.002672,0
2026-07-02 15:49:32.150078,4.533516,5.997490,1.410120,-0.002971,1.413342,-0.002971,5.997490,0
2026-07-02 15:49:32.152557,4.537349,6.002672,1.415299,-0.008152,1.413342,-0.008152,6.002672,0
2026-07-02 15:49:32.155599,4.540028,6.002672,1.415299,-0.002971,1.413342,-0.002971,6.002672,0
2026-07-02 15:49:32.157619,4.542760,5.992308,1.415299,-0.002971,1.418524,-0.002971,5.992308,0
2026-07-02 15:49:32.160644,4.545419,6.007853,1.420479,-0.002971,1.418524,-0.002971,6.007853,0
2026-07-02 15:49:32.162666,4.548108,6.002672,1.415299,-0.002971,1.413342,-0.002971,6.002672,0
2026-07-02 15:49:32.166495,4.550751,6.002672,1.415299,-0.008152,1.413342,-0.008152,6.002672,0
2026-07-02 15:49:32.168519,4.553781,6.002672,1.415299,-0.008152,1.413342,-0.008152,6.002672,0
2026-07-02 15:49:32.170544,4.556530,6.002672,1.415299,-0.002971,1.413342,-0.002971,6.002672,0
2026-07-02 15:49:32.173216,4.559279,6.002672,1.415299,-0.002971,1.413342,-0.002971,6.002672,0
2026-07-02 15:49:32.177299,4.561955,5.997490,1.415299,-0.002971,1.418524,-0.002971,5.997490,0
2026-07-02 15:49:32.178564,4.564494,5.992308,1.415299,-0.002971,1.413342,-0.002971,5.992308,0
2026-07-02 15:49:32.182231,4.566993,6.002672,1.415299,-0.002971,1.413342,-0.002971,6.002672,0
2026-07-02 15:49:32.183933,4.569683,5.992308,1.415299,-0.002971,1.418524,-0.002971,5.992308,0
2026-07-02 15:49:32.185964,4.572867,5.997490,1.415299,-0.002971,1.413342,-0.002971,5.997490,0
2026-07-02 15:49:32.191012,4.575574,6.007853,1.415299,-0.002971,1.418524,-0.002971,6.007853,0
2026-07-02 15:49:32.193040,4.578791,6.002672,1.415299,-0.002971,1.418524,-0.002971,6.002672,0
2026-07-02 15:49:32.196139,4.581537,6.002672,1.415299,-0.002971,1.413342,-0.002971,6.002672,0
2026-07-02 15:49:32.200204,4.584261,6.002672,1.415299,-0.002971,1.413342,-0.002971,6.002672,0
2026-07-02 15:49:32.202228,4.587464,6.007853,1.415299,-0.002971,1.413342,-0.002971,6.007853,0
2026-07-02 15:49:32.209314,4.590211,5.997490,1.415299,-0.002971,1.418524,-0.002971,5.997490,0
2026-07-02 15:49:32.211331,4.596495,5.997490,1.410120,-0.002971,1.418524,-0.002971,5.997490,0
2026-07-02 15:49:32.214445,4.599056,6.002672,1.415299,-0.002971,1.418524,-0.002971,6.002672,0
2026-07-02 15:49:32.216465,4.601681,6.002672,1.415299,-0.008152,1.413342,-0.008152,6.002672,0
2026-07-02 15:49:32.217854,4.604453,6.002672,1.415299,-0.002971,1.418524,-0.002971,6.002672,0
2026-07-02 15:49:32.221929,4.606997,6.007853,1.415299,-0.002971,1.418524,-0.002971,6.007853,0
2026-07-02 15:49:32.223951,4.609674,6.002672,1.415299,-0.002971,1.413342,-0.002971,6.002672,0
2026-07-02 15:49:32.223951,4.612317,5.997490,1.410120,-0.002971,1.413342,-0.002971,5.997490,0
2026-07-02 15:49:32.230296,4.614923,5.997490,1.415299,-0.002971,1.418524,-0.002971,5.997490,0
2026-07-02 15:49:32.231319,4.617594,6.002672,1.415299,-0.002971,1.418524,-0.002971,6.002672,0
2026-07-02 15:49:32.234372,4.620410,6.002672,1.415299,-0.002971,1.418524,-0.002971,6.002672,0
2026-07-02 15:49:32.237479,4.623146,6.002672,1.420479,-0.002971,1.413342,-0.002971,6.002672,0
2026-07-02 15:49:32.241514,4.625910,5.992308,1.415299,-0.002971,1.413342,-0.002971,5.992308,0
2026-07-02 15:49:32.243555,4.628754,6.002672,1.415299,-0.002971,1.413342,-0.002971,6.002672,0
2026-07-02 15:49:32.249421,4.631350,6.002672,1.415299,-0.002971,1.413342,-0.002971,6.002672,0
2026-07-02 15:49:32.253485,4.637935,5.997490,1.410120,-0.002971,1.418524,-0.002971,5.997490,0
2026-07-02 15:49:32.254997,4.640760,6.002672,1.415299,-0.002971,1.413342,-0.002971,6.002672,0
2026-07-02 15:49:32.257852,4.643332,6.002672,1.415299,-0.002971,1.413342,-0.002971,6.002672,0
2026-07-02 15:49:32.259865,4.646137,6.002672,1.415299,-0.002971,1.413342,-0.002971,6.002672,0
2026-07-02 15:49:32.264160,4.648816,6.002672,1.415299,-0.002971,1.413342,-0.002971,6.002672,0
2026-07-02 15:49:32.266041,4.651599,5.997490,1.415299,-0.002971,1.418524,-0.002971,5.997490,0
2026-07-02 15:49:32.268066,4.654260,5.997490,1.415299,-0.002971,1.413342,-0.002971,5.997490,0
2026-07-02 15:49:32.270090,4.656995,6.002672,1.415299,-0.002971,1.413342,-0.002971,6.002672,0
2026-07-02 15:49:32.274991,4.659717,5.997490,1.415299,-0.002971,1.413342,-0.002971,5.997490,0
2026-07-02 15:49:32.274991,4.662329,6.002672,1.415299,-0.002971,1.413342,-0.002971,6.002672,0
2026-07-02 15:49:32.277990,4.665015,6.002672,1.415299,-0.008152,1.413342,-0.008152,6.002672,0
2026-07-02 15:49:32.281664,4.667794,6.007853,1.415299,-0.008152,1.413342,-0.008152,6.007853,0
2026-07-02 15:49:32.288316,4.670437,5.997490,1.415299,-0.002971,1.413342,-0.002971,5.997490,0
2026-07-02 15:49:32.290335,4.675516,6.002672,1.415299,-0.002971,1.413342,-0.002971,6.002672,0
2026-07-02 15:49:32.294382,4.678760,5.997490,1.415299,-0.002971,1.413342,-0.002971,5.997490,0
2026-07-02 15:49:32.295903,4.681878,6.007853,1.415299,-0.002971,1.413342,-0.002971,6.007853,0
2026-07-02 15:49:32.297936,4.684626,6.002672,1.415299,-0.002971,1.413342,-0.002971,6.002672,0
2026-07-02 15:49:32.302787,4.687331,6.002672,1.415299,-0.002971,1.413342,-0.002971,6.002672,0
2026-07-02 15:49:32.304806,4.690009,5.997490,1.415299,-0.002971,1.413342,-0.002971,5.997490,0
2026-07-02 15:49:32.308346,4.692770,5.992308,1.410120,-0.002971,1.413342,-0.002971,5.992308,0
2026-07-02 15:49:32.312862,4.697614,6.002672,1.415299,-0.002971,1.418524,-0.002971,6.002672,0
2026-07-02 15:49:32.312862,4.700268,6.002672,1.415299,-0.002971,1.413342,-0.002971,6.002672,0
2026-07-02 15:49:32.320390,4.702961,6.007853,1.415299,-0.002971,1.413342,-0.002971,6.007853,0
2026-07-02 15:49:32.322415,4.709440,6.002672,1.415299,-0.002971,1.413342,-0.002971,6.002672,0
2026-07-02 15:49:32.327425,4.712309,5.997490,1.415299,-0.002971,1.418524,-0.002971,5.997490,0
2026-07-02 15:49:32.327425,4.715044,6.002672,1.415299,-0.002971,1.413342,-0.002971,6.002672,0
2026-07-02 15:49:32.333319,4.717778,6.002672,1.415299,-0.002971,1.418524,-0.002971,6.002672,0
2026-07-02 15:49:32.335341,4.720566,6.007853,1.415299,-0.002971,1.413342,-0.002971,6.007853,0
2026-07-02 15:49:32.338138,4.723318,6.007853,1.415299,-0.002971,1.413342,-0.002971,6.007853,0
2026-07-02 15:49:32.340159,4.726024,6.002672,1.415299,-0.002971,1.413342,-0.002971,6.002672,0
2026-07-02 15:49:32.343923,4.728692,6.002672,1.415299,-0.002971,1.413342,-0.002971,6.002672,0
2026-07-02 15:49:32.345959,4.731420,6.002672,1.415299,-0.002971,1.413342,-0.002971,6.002672,0
2026-07-02 15:49:32.351546,4.734171,6.002672,1.415299,-0.002971,1.413342,-0.002971,6.002672,0
2026-07-02 15:49:32.353567,4.739488,5.997490,1.415299,-0.002971,1.413342,-0.002971,5.997490,0
2026-07-02 15:49:32.353567,4.742084,5.997490,1.415299,-0.002971,1.418524,-0.002971,5.997490,0
2026-07-02 15:49:32.362077,4.744675,6.002672,1.415299,-0.002971,1.413342,-0.002971,6.002672,0
2026-07-02 15:49:32.365404,4.749336,5.997490,1.415299,-0.002971,1.413342,-0.002971,5.997490,0
2026-07-02 15:49:32.370132,4.753116,6.002672,1.415299,-0.008152,1.418524,-0.008152,6.002672,0
2026-07-02 15:49:32.372161,4.758176,6.002672,1.415299,-0.008152,1.413342,-0.008152,6.002672,0
2026-07-02 15:49:32.374183,4.760979,6.007853,1.415299,-0.002971,1.418524,-0.002971,6.007853,0
2026-07-02 15:49:32.378528,4.764037,6.002672,1.415299,-0.008152,1.413342,-0.008152,6.002672,0
2026-07-02 15:49:32.382033,4.766409,6.002672,1.415299,-0.008152,1.418524,-0.008152,6.002672,0
2026-07-02 15:49:32.384048,4.769963,6.002672,1.415299,-0.002971,1.413342,-0.002971,6.002672,0
2026-07-02 15:49:32.388077,4.772656,6.002672,1.415299,-0.008152,1.418524,-0.008152,6.002672,0
2026-07-02 15:49:32.390091,4.775387,6.002672,1.415299,-0.002971,1.413342,-0.002971,6.002672,0
2026-07-02 15:49:32.394485,4.779413,6.002672,1.415299,-0.002971,1.413342,-0.002971,6.002672,0
2026-07-02 15:49:32.396493,4.782959,6.002672,1.415299,-0.002971,1.418524,-0.002971,6.002672,0
2026-07-02 15:49:32.402268,4.787801,5.997490,1.415299,-0.002971,1.418524,-0.002971,5.997490,0
2026-07-02 15:49:32.402268,4.790312,5.992308,1.415299,-0.002971,1.413342,-0.002971,5.992308,0
2026-07-02 15:49:32.408399,4.792809,5.992308,1.410120,-0.002971,1.413342,-0.002971,5.992308,0
2026-07-02 15:49:32.411048,4.795778,6.002672,1.415299,-0.008152,1.413342,-0.008152,6.002672,0
2026-07-02 15:49:32.413065,4.798178,5.997490,1.415299,-0.002971,1.418524,-0.002971,5.997490,0
2026-07-02 15:49:32.415081,4.800685,5.997490,1.415299,-0.002971,1.413342,-0.002971,5.997490,0
2026-07-02 15:49:32.418461,4.803142,6.002672,1.415299,-0.002971,1.413342,-0.002971,6.002672,0
2026-07-02 15:49:32.420476,4.805666,5.997490,1.415299,-0.002971,1.418524,-0.002971,5.997490,0
2026-07-02 15:49:32.422488,4.808121,6.002672,1.415299,-0.002971,1.413342,-0.002971,6.002672,0
2026-07-02 15:49:32.424498,4.810526,5.992308,1.415299,-0.002971,1.418524,-0.002971,5.992308,0
2026-07-02 15:49:32.426716,4.812909,5.992308,1.415299,-0.002971,1.413342,-0.002971,5.992308,0
2026-07-02 15:49:32.428722,4.815321,6.002672,1.415299,-0.008152,1.413342,-0.008152,6.002672,0
2026-07-02 15:49:32.430733,4.817731,5.997490,1.415299,-0.002971,1.413342,-0.002971,5.997490,0
2026-07-02 15:49:32.433922,4.820135,6.007853,1.415299,-0.008152,1.418524,-0.008152,6.007853,0
2026-07-02 15:49:32.436771,4.822491,5.997490,1.415299,-0.002971,1.413342,-0.002971,5.997490,0
2026-07-02 15:49:32.438783,4.824899,6.002672,1.415299,-0.002971,1.418524,-0.002971,6.002672,0
2026-07-02 15:49:32.440796,4.827301,6.007853,1.415299,-0.008152,1.418524,-0.008152,6.007853,0
2026-07-02 15:49:32.440796,4.829641,6.002672,1.415299,-0.002971,1.418524,-0.002971,6.002672,0
2026-07-02 15:49:32.440796,4.832165,6.002672,1.415299,-0.002971,1.418524,-0.002971,6.002672,0
2026-07-02 15:49:32.448995,4.834540,5.992308,1.415299,-0.002971,1.413342,-0.002971,5.992308,0
2026-07-02 15:49:32.451998,4.837018,5.997490,1.415299,-0.002971,1.418524,-0.002971,5.997490,0
2026-07-02 15:49:32.454017,4.839439,5.992308,1.415299,-0.002971,1.418524,-0.002971,5.992308,0
2026-07-02 15:49:32.456031,4.841824,5.992308,1.415299,-0.008152,1.413342,-0.008152,5.992308,0
2026-07-02 15:49:32.459078,4.844213,6.007853,1.415299,-0.008152,1.413342,-0.008152,6.007853,0
2026-07-02 15:49:32.461098,4.846661,6.007853,1.415299,-0.002971,1.418524,-0.002971,6.007853,0
2026-07-02 15:49:32.463113,4.849099,6.007853,1.415299,-0.002971,1.413342,-0.002971,6.007853,0
2026-07-02 15:49:32.465127,4.851516,6.002672,1.415299,-0.008152,1.418524,-0.008152,6.002672,0
2026-07-02 15:49:32.469837,4.854070,6.007853,1.415299,-0.002971,1.413342,-0.002971,6.007853,0
2026-07-02 15:49:32.469837,4.857251,5.992308,1.415299,-0.002971,1.413342,-0.002971,5.992308,0
2026-07-02 15:49:32.475054,4.860074,6.002672,1.415299,-0.002971,1.418524,-0.002971,6.002672,0
2026-07-02 15:49:32.477908,4.862690,5.992308,1.415299,-0.002971,1.413342,-0.002971,5.992308,0
2026-07-02 15:49:32.479657,4.865261,6.002672,1.415299,-0.008152,1.413342,-0.008152,6.002672,0
2026-07-02 15:49:32.483675,4.867470,5.997490,1.415299,-0.002971,1.413342,-0.002971,5.997490,0
2026-07-02 15:49:32.485689,4.870924,6.007853,1.415299,-0.002971,1.413342,-0.002971,6.007853,0
2026-07-02 15:49:32.487704,4.873690,6.002672,1.415299,-0.008152,1.418524,-0.008152,6.002672,0
2026-07-02 15:49:32.497278,4.876705,6.002672,1.415299,-0.002971,1.413342,-0.002971,6.002672,0
2026-07-02 15:49:32.499294,4.885051,6.002672,1.415299,-0.008152,1.413342,-0.008152,6.002672,0
2026-07-02 15:49:32.503323,4.888199,5.997490,1.415299,-0.002971,1.413342,-0.002971,5.997490,0
2026-07-02 15:49:32.507345,4.891275,6.002672,1.415299,-0.002971,1.413342,-0.002971,6.002672,0
2026-07-02 15:49:32.510161,4.895397,6.002672,1.415299,-0.002971,1.418524,-0.002971,6.002672,0
2026-07-02 15:49:32.510161,4.897793,6.002672,1.415299,-0.002971,1.418524,-0.002971,6.002672,0
2026-07-02 15:49:32.513962,4.900124,6.002672,1.415299,-0.002971,1.418524,-0.002971,6.002672,0
2026-07-02 15:49:32.515974,4.902515,6.002672,1.415299,-0.002971,1.418524,-0.002971,6.002672,0
2026-07-02 15:49:32.522338,4.904837,6.002672,1.415299,-0.002971,1.413342,-0.002971,6.002672,0
2026-07-02 15:49:32.526263,4.910592,5.997490,1.415299,-0.002971,1.413342,-0.002971,5.997490,0
2026-07-02 15:49:32.528278,4.913793,6.007853,1.415299,-0.008152,1.413342,-0.008152,6.007853,0
2026-07-02 15:49:32.530725,4.916212,6.007853,1.415299,-0.002971,1.413342,-0.002971,6.007853,0
2026-07-02 15:49:32.532735,4.918622,6.007853,1.415299,-0.002971,1.413342,-0.002971,6.007853,0
2026-07-02 15:49:32.537931,4.921789,6.007853,1.415299,-0.002971,1.413342,-0.002971,6.007853,0
2026-07-02 15:49:32.542132,4.925555,6.002672,1.415299,-0.008152,1.413342,-0.008152,6.002672,0
2026-07-02 15:49:32.545156,4.929590,6.007853,1.415299,-0.008152,1.413342,-0.008152,6.007853,0
2026-07-02 15:49:32.549009,4.932732,6.007853,1.415299,-0.008152,1.413342,-0.008152,6.007853,0
2026-07-02 15:49:32.555833,4.936146,6.002672,1.415299,-0.002971,1.418524,-0.002971,6.002672,0
2026-07-02 15:49:32.559858,4.943461,5.992308,1.410120,-0.002971,1.413342,-0.002971,5.992308,0
2026-07-02 15:49:32.561890,4.947105,6.002672,1.415299,-0.002971,1.413342,-0.002971,6.002672,0
2026-07-02 15:49:32.562833,4.949594,5.997490,1.410120,-0.002971,1.413342,-0.002971,5.997490,0
2026-07-02 15:49:32.566938,4.951805,6.002672,1.415299,-0.002971,1.413342,-0.002971,6.002672,0
2026-07-02 15:49:32.567530,4.954259,6.007853,1.415299,-0.008152,1.413342,-0.008152,6.007853,0
2026-07-02 15:49:32.572856,4.956566,5.997490,1.410120,-0.002971,1.418524,-0.002971,5.997490,0
2026-07-02 15:49:32.574943,4.960556,6.002672,1.415299,-0.002971,1.418524,-0.002971,6.002672,0
2026-07-02 15:49:32.578062,4.962874,5.997490,1.415299,-0.002971,1.418524,-0.002971,5.997490,0
2026-07-02 15:49:32.579637,4.965195,5.992308,1.415299,-0.002971,1.413342,-0.002971,5.992308,0
2026-07-02 15:49:32.583738,4.967476,6.002672,1.415299,-0.002971,1.413342,-0.002971,6.002672,0
2026-07-02 15:49:32.583738,4.970979,6.002672,1.415299,-0.002971,1.418524,-0.002971,6.002672,0
2026-07-02 15:49:32.583738,4.973362,6.002672,1.415299,-0.002971,1.413342,-0.002971,6.002672,0
2026-07-02 15:49:32.592607,4.976202,6.002672,1.415299,-0.002971,1.418524,-0.002971,6.002672,0
2026-07-02 15:49:32.593613,4.980389,6.002672,1.415299,-0.002971,1.418524,-0.002971,6.002672,0
2026-07-02 15:49:32.593613,4.982693,6.007853,1.415299,-0.002971,1.413342,-0.002971,6.007853,0
2026-07-02 15:49:32.599807,4.985029,6.007853,1.415299,-0.008152,1.413342,-0.008152,6.007853,0
2026-07-02 15:49:32.602410,4.987223,6.002672,1.415299,-0.002971,1.418524,-0.002971,6.002672,0
2026-07-02 15:49:32.602410,4.989699,6.002672,1.415299,-0.002971,1.413342,-0.002971,6.002672,0
2026-07-02 15:49:32.606710,4.992022,6.002672,1.415299,-0.002971,1.413342,-0.002971,6.002672,0
2026-07-02 15:49:32.607986,4.994387,6.002672,1.415299,-0.002971,1.413342,-0.002971,6.002672,0
2026-07-02 15:49:32.609997,4.996805,6.007853,1.415299,-0.002971,1.418524,-0.002971,6.007853,0
2026-07-02 15:49:32.609997,4.999154,6.002672,1.415299,-0.008152,1.413342,-0.008152,6.002672,0
